stop_id;route_number
10005;32
10007;29
10007;30
10008;15
10009;587
10010;157
10011;224
10012;193
10013;588
10014;550
10015;33
10016;21
10016;910
10016;920
10016;930
10016;940
10016;950
10019;121
10019;253
10019;811
10021;35
10021;951
10022;302
10030;303
10030;304
10033;792
10034;792
10036;104
10036;171
10036;465
10036;471
10037;484
10037;485
10038;152
10038;887
10039;508
10040;284
10040;417
10040;466
10041;233
10056;792
10057;792
10058;792
10059;792
10083;792
10084;792
10085;792
10086;792
10102;121
10102;202
10102;253
10102;302
10102;35
10102;36
10102;466
10102;838
10102;910
10102;920
10102;930
10102;940
10102;950
10102;951
10103;121
10103;18
10103;19
10103;20
10103;202
10103;253
10103;27
10103;302
10103;36
10103;466
10103;811
10103;838
10103;910
10103;920
10103;930
10103;940
10103;950
10104;121
10104;202
10104;253
10104;910
10104;920
10104;940
10104;950
10106;121
10106;202
10106;253
10106;910
10106;920
10106;940
10106;950
10107;121
10107;253
10107;920
10108;121
10108;253
10108;920
10109;121
10109;253
10109;920
10110;121
10110;253
10110;920
10111;121
10111;253
10111;920
10112;121
10112;202
10112;253
10112;910
10112;920
10112;940
10112;950
10117;23
10117;35
10117;811
10117;930
10117;940
10117;951
10119;104
10119;105
10119;171
10119;285
10119;35
10119;374
10119;465
10119;471
10119;484
10119;485
10119;72
10119;811
10121;234
10121;302
10121;41
10121;42
10121;44
10121;45
10121;46
10121;811
10121;951
10123;34
10123;35
10123;36
10123;39
10123;466
10123;811
10123;838
10124;234
10124;34
10124;39
10124;41
10124;42
10124;44
10124;45
10124;46
10126;302
10126;35
10126;36
10126;466
10126;838
10126;930
10126;951
10128;302
10128;35
10128;36
10128;466
10128;811
10128;838
10128;951
10130;41
10130;42
10131;46
10132;34
10133;44
10134;517
10134;681
10134;879
10134;950
10135;517
10135;681
10135;811
10135;879
10135;950
10136;45
10145;10
10145;253
10145;302
10145;951
10146;10
10146;121
10146;253
10146;302
10146;35
10146;811
10146;951
10147;10
10147;253
10147;302
10147;951
10148;10
10148;121
10148;253
10148;302
10148;35
10148;811
10148;951
10149;10
10150;10
10151;10
10152;10
10153;10
10154;10
10155;10
10156;10
10157;10
10158;10
10160;10
10161;10
10162;10
10163;10
10164;10
10165;10
10166;10
10167;10
10168;10
10169;10
10170;10
10171;10
10172;10
10173;10
10175;10
10177;10
10177;17
10177;202
10177;24
10177;25
10177;480
10177;486
10177;5
10177;510
10177;6
10177;650
10177;671
10177;690
10177;7
10177;873
10177;977
10178;10
10178;202
10178;24
10178;25
10178;480
10178;486
10178;5
10178;510
10178;6
10178;650
10178;7
10178;945
10178;946
10178;977
10182;10
10182;202
10182;24
10182;25
10182;480
10182;486
10182;5
10182;510
10182;6
10182;650
10182;7
10182;945
10182;977
10199;17
10199;202
10199;24
10199;25
10199;480
10199;486
10199;5
10199;510
10199;6
10199;650
10199;671
10199;690
10199;7
10199;873
10199;977
10207;729
10207;792
10208;729
10208;792
10209;729
10209;792
10210;202
10211;691
10211;811
10211;940
10211;950
10212;729
10212;792
10213;680
10213;681
10214;729
10214;792
10215;470
10215;910
10215;950
10216;729
10216;792
10217;729
10217;792
10218;729
10218;792
10219;729
10219;792
10220;729
10220;792
10221;729
10221;792
10222;729
10222;792
10223;729
10223;792
10224;234
10224;470
10224;680
10224;681
10224;691
10224;910
10224;940
10224;950
10225;18
10225;19
10225;20
10225;811
10226;234
10226;470
10226;680
10226;681
10226;691
10226;910
10226;940
10226;950
10227;470
10227;681
10227;691
10227;910
10227;940
10227;950
10228;234
10228;470
10228;680
10228;681
10228;691
10228;910
10228;940
10228;950
10229;23
10229;234
10229;680
10230;729
10230;792
10231;104
10231;105
10231;171
10231;18
10231;19
10231;20
10231;23
10231;234
10231;27
10231;285
10231;374
10231;465
10231;470
10231;471
10231;484
10231;485
10231;680
10231;681
10231;691
10231;72
10231;811
10231;910
10231;940
10231;950
10232;701
10232;729
10232;792
10233;18
10233;19
10233;20
10233;27
10233;681
10233;811
10234;701
10234;729
10234;792
10235;104
10235;105
10235;171
10235;23
10235;234
10235;285
10235;374
10235;465
10235;470
10235;471
10235;484
10235;485
10235;680
10235;691
10235;72
10235;910
10235;940
10235;950
10236;729
10236;792
10240;104
10240;105
10240;15
10240;152
10240;157
10240;171
10240;18
10240;19
10240;193
10240;20
10240;21
10240;224
10240;23
10240;233
10240;27
10240;285
10240;29
10240;30
10240;32
10240;33
10240;374
10240;465
10240;471
10240;484
10240;485
10240;508
10240;550
10240;587
10240;588
10240;72
10240;887
10241;15
10241;152
10241;157
10241;193
10241;224
10241;233
10241;29
10241;30
10241;32
10241;33
10241;508
10241;550
10241;587
10241;588
10241;887
10242;18
10242;19
10242;20
10242;21
10242;23
10242;27
10243;729
10243;792
10244;729
10244;792
10245;729
10245;792
10246;15
10246;152
10246;18
10246;19
10246;20
10246;21
10246;508
10246;550
10246;587
10246;588
10246;681
10246;887
10246;910
10246;950
10247;15
10247;152
10247;157
10247;18
10247;19
10247;20
10247;27
10247;508
10247;550
10247;587
10247;588
10247;681
10247;811
10247;887
10247;910
10247;950
10248;15
10248;152
10248;18
10248;19
10248;20
10248;21
10248;508
10248;550
10248;587
10248;588
10248;681
10248;887
10248;910
10248;950
10251;15
10251;152
10251;157
10251;18
10251;19
10251;20
10251;27
10251;508
10251;550
10251;587
10251;588
10251;681
10251;811
10251;887
10251;910
10251;950
10252;108
10252;124
10252;156
10252;16
10252;18
10252;19
10252;21
10252;490
10252;522
10252;556
10252;588
10252;681
10252;823
10252;84
10252;89
10252;92
10252;950
10254;15
10254;20
10254;681
10255;108
10255;18
10255;19
10255;490
10255;523
10255;524
10255;575
10255;579
10255;92
10255;950
10257;15
10257;20
10257;520
10257;575
10257;681
10257;811
10257;950
10259;15
10259;681
10259;811
10259;950
10260;792
10262;15
10262;21
10262;681
10262;950
10263;792
10264;792
10265;792
10267;729
10267;792
10268;729
10268;792
10269;729
10269;792
10270;681
10270;950
10271;681
10271;811
10271;950
10272;681
10272;950
10273;681
10273;811
10273;950
10274;681
10274;950
10275;681
10275;811
10275;950
10276;108
10276;92
10278;792
10280;517
10280;681
10280;879
10280;950
10281;517
10281;681
10281;811
10281;879
10281;950
10282;15
10282;681
10282;950
10283;517
10283;681
10283;811
10283;879
10283;950
10285;15
10285;681
10285;811
10285;950
10286;681
10286;950
10287;681
10287;811
10287;950
10289;517
10289;681
10289;811
10289;879
10289;950
10290;517
10290;681
10290;879
10290;950
10291;792
10292;517
10292;681
10292;879
10292;950
10293;21
10295;21
10298;108
10298;92
10300;490
10300;89
10304;522
10306;124
10306;524
10308;156
10308;556
10310;523
10310;823
10312;16
10312;520
10312;575
10312;84
10321;470
10321;680
10321;681
10321;691
10321;910
10321;930
10321;940
10321;950
10322;470
10322;680
10322;681
10322;691
10322;910
10322;930
10322;940
10322;950
10323;49
10323;681
10323;940
10324;680
10324;811
10324;951
10327;811
10327;951
10329;930
10329;951
10330;202
10330;691
10330;910
10330;930
10330;940
10330;950
10332;930
10332;951
10333;930
10333;951
10336;930
10336;951
10338;930
10338;951
10349;951
10350;811
10350;951
10353;49
10353;811
10356;302
10356;34
10356;35
10356;36
10356;39
10356;41
10356;42
10356;44
10356;45
10356;46
10356;466
10356;49
10356;838
10357;302
10357;34
10357;35
10357;36
10357;39
10357;41
10357;42
10357;44
10357;45
10357;46
10357;466
10357;49
10357;838
10358;302
10358;34
10358;35
10358;36
10358;39
10358;41
10358;42
10358;44
10358;45
10358;46
10358;466
10358;49
10358;838
10359;302
10359;35
10359;49
10361;34
10361;36
10361;39
10361;41
10361;42
10361;44
10361;45
10361;46
10361;466
10361;838
10363;117
10363;153
10363;214
10363;249
10363;302
10363;367
10363;418
10363;44
10363;45
10363;49
10363;54
10363;57
10363;58
10363;59
10363;60
10363;64
10363;662
10363;699
10364;117
10364;153
10364;214
10364;249
10364;302
10364;367
10364;418
10364;44
10364;45
10364;54
10364;57
10364;58
10364;59
10364;60
10364;64
10364;662
10364;699
10365;117
10365;153
10365;214
10365;249
10365;302
10365;367
10365;418
10365;44
10365;45
10365;49
10365;54
10365;57
10365;58
10365;59
10365;60
10365;64
10365;662
10365;699
10366;117
10366;153
10366;214
10366;249
10366;302
10366;367
10366;418
10366;44
10366;45
10366;54
10366;57
10366;58
10366;59
10366;60
10366;64
10366;662
10366;699
10367;117
10367;153
10367;214
10367;249
10367;302
10367;367
10367;418
10367;44
10367;45
10367;54
10367;57
10367;58
10367;59
10367;60
10367;64
10367;662
10367;699
10368;117
10368;153
10368;214
10368;249
10368;302
10368;367
10368;418
10368;44
10368;45
10368;54
10368;57
10368;58
10368;59
10368;60
10368;64
10368;662
10368;699
10369;117
10369;153
10369;214
10369;249
10369;302
10369;367
10369;418
10369;44
10369;45
10369;54
10369;57
10369;58
10369;59
10369;60
10369;64
10369;662
10369;699
10370;117
10370;153
10370;154
10370;214
10370;249
10370;302
10370;367
10370;54
10370;57
10370;58
10370;59
10370;60
10370;64
10370;662
10370;699
10371;117
10371;153
10371;154
10371;214
10371;249
10371;302
10371;367
10371;54
10371;57
10371;58
10371;59
10371;60
10371;64
10371;662
10371;699
10384;811
10384;951
10385;951
10386;811
10386;951
10387;951
10388;811
10388;951
10389;951
10390;811
10390;951
10391;951
10413;121
10413;951
10415;121
10415;253
10415;920
10415;930
10415;951
10418;121
10418;253
10418;912
10418;951
10418;963
10421;121
10421;912
10421;920
10421;930
10421;951
10421;963
10424;121
10424;912
10424;920
10424;930
10424;951
10425;121
10425;912
10425;920
10425;930
10425;951
10425;963
10426;253
10426;930
10426;951
10428;253
10428;930
10428;951
10430;253
10430;930
10430;951
10449;253
10451;253
10453;253
10454;515
10454;534
10455;543
10456;498
10457;168
10457;930
10459;102
10459;504
10460;503
10460;513
10460;599
10462;501
10462;502
10463;364
10464;154
10465;253
10467;253
10469;53
10470;475
10471;564
10473;560
10491;147
10491;335
10491;434
10492;477
10492;577
10492;77
10493;240
10494;148
10494;426
10494;78
10496;253
10496;951
10502;311
10502;551
10502;945
10502;946
10503;311
10503;486
10503;517
10503;551
10503;681
10503;879
10503;945
10503;946
10504;311
10504;517
10504;551
10504;681
10504;879
10504;945
10504;946
10505;486
10505;517
10505;551
10505;681
10505;879
10506;486
10506;517
10506;681
10506;879
10507;486
10507;517
10507;551
10507;681
10507;879
10512;486
10512;517
10512;551
10512;681
10512;879
10514;517
10514;551
10514;681
10514;879
10517;311
10517;945
10517;946
10518;311
10518;945
10518;946
10519;311
10519;945
10519;946
10520;311
10520;945
10520;946
10521;311
10521;945
10521;946
10522;311
10522;945
10522;946
10523;311
10523;945
10523;946
10524;311
10524;945
10524;946
10525;311
10525;945
10526;311
10526;945
10527;311
10527;945
10527;946
10528;311
10528;945
10528;946
10529;311
10529;945
10529;946
10530;311
10530;945
10530;946
10531;311
10531;945
10531;946
10532;311
10532;945
10532;946
10533;311
10533;945
10533;946
10534;311
10534;945
10534;946
10543;486
10544;486
10545;486
10554;202
10554;910
10554;940
10554;950
10559;25
10561;25
10561;517
10561;522
10561;671
10561;873
10561;877
10562;25
10562;517
10562;522
10562;671
10562;873
10562;877
10563;25
10564;25
10565;25
10566;25
10567;25
10568;25
10569;25
10570;25
10571;25
10574;34
10574;39
10574;418
10574;466
10574;838
10575;34
10575;39
10575;418
10575;466
10575;838
10576;34
10576;39
10576;418
10576;466
10576;838
10577;34
10577;39
10577;418
10577;466
10577;838
10578;34
10578;39
10578;418
10578;466
10578;838
10579;34
10579;39
10579;418
10579;466
10579;838
10580;39
10580;418
10580;466
10580;838
10581;39
10581;418
10581;466
10581;838
10582;418
10582;466
10583;418
10583;466
10584;418
10584;466
10585;418
10585;466
10586;418
10586;466
10597;232
10597;233
10597;353
10597;491
10597;818
10598;232
10598;233
10598;353
10598;491
10598;818
10605;232
10605;233
10605;353
10605;818
10606;232
10606;233
10606;353
10606;818
10611;108
10611;124
10611;156
10611;157
10611;27
10611;522
10611;550
10611;556
10611;587
10611;588
10611;823
10611;84
10611;89
10611;92
10612;108
10612;152
10612;490
10612;508
10612;550
10612;587
10612;887
10612;910
10612;92
10613;152
10613;508
10613;910
10615;108
10615;152
10615;156
10615;157
10615;27
10615;490
10615;508
10615;887
10615;910
10615;92
10616;108
10616;152
10616;490
10616;508
10616;887
10616;910
10616;92
10617;108
10617;152
10617;156
10617;157
10617;27
10617;490
10617;508
10617;691
10617;887
10617;910
10617;92
10618;108
10618;152
10618;156
10618;157
10618;27
10618;508
10618;691
10618;887
10618;910
10618;92
10622;775
10623;775
10625;108
10625;152
10625;156
10625;157
10625;200
10625;27
10625;508
10625;539
10625;691
10625;887
10625;910
10625;92
10626;108
10626;152
10626;156
10626;157
10626;27
10626;508
10626;691
10626;887
10626;910
10626;92
10628;108
10628;152
10628;156
10628;157
10628;200
10628;27
10628;508
10628;539
10628;691
10628;887
10628;910
10628;92
10629;108
10629;152
10629;156
10629;157
10629;200
10629;27
10629;508
10629;539
10629;691
10629;887
10629;910
10629;92
10630;152
10630;156
10630;157
10630;200
10630;27
10630;508
10630;539
10630;691
10630;887
10630;910
10630;92
10631;152
10631;156
10631;157
10631;200
10631;27
10631;508
10631;539
10631;691
10631;887
10631;910
10631;92
10632;152
10632;156
10632;157
10632;200
10632;27
10632;508
10632;539
10632;691
10632;887
10632;910
10632;92
10633;152
10633;200
10633;508
10633;539
10633;691
10633;887
10633;910
10633;92
10634;152
10634;200
10634;508
10634;539
10634;691
10634;887
10634;910
10634;92
10635;152
10635;200
10635;508
10635;539
10635;691
10635;887
10635;910
10635;92
10636;152
10636;200
10636;508
10636;539
10636;691
10636;887
10636;910
10636;92
10637;152
10637;200
10637;508
10637;539
10637;691
10637;887
10637;910
10638;152
10638;200
10638;508
10638;539
10638;691
10638;887
10638;910
10638;92
10639;152
10639;200
10639;508
10639;539
10639;691
10639;887
10639;910
10640;152
10640;200
10640;508
10640;539
10640;691
10640;887
10640;910
10641;152
10641;200
10641;508
10641;539
10641;691
10641;887
10641;910
10642;152
10642;200
10642;508
10642;539
10642;691
10642;887
10642;910
10644;697
10644;705
10644;806
10644;858
10645;697
10645;705
10645;806
10645;858
10646;693
10646;694
10646;743
10646;770
10647;693
10647;694
10647;743
10647;770
10648;697
10648;713
10648;714
10648;715
10648;795
10648;806
10649;697
10649;713
10649;714
10649;715
10649;795
10649;806
10651;152
10651;200
10651;485
10651;508
10651;539
10651;691
10651;887
10651;910
10652;152
10652;200
10652;485
10652;508
10652;539
10652;691
10652;887
10652;910
10653;152
10653;200
10653;508
10653;516
10653;539
10653;610
10653;691
10653;823
10653;828
10653;877
10653;879
10653;887
10653;891
10653;910
10654;152
10654;200
10654;516
10654;539
10654;691
10654;887
10654;910
10655;152
10655;200
10655;508
10655;516
10655;539
10655;610
10655;691
10655;823
10655;828
10655;877
10655;879
10655;887
10655;891
10655;910
10656;152
10656;200
10656;508
10656;516
10656;539
10656;610
10656;691
10656;823
10656;828
10656;877
10656;879
10656;887
10656;891
10656;910
10657;152
10657;200
10657;508
10657;516
10657;539
10657;610
10657;691
10657;823
10657;828
10657;877
10657;879
10657;887
10657;891
10657;910
10659;200
10659;202
10659;204
10659;206
10659;510
10659;697
10659;806
10659;858
10659;910
10660;152
10660;200
10660;202
10660;204
10660;206
10660;353
10660;508
10660;510
10660;691
10660;697
10660;806
10660;808
10660;828
10660;858
10660;887
10660;891
10660;910
10661;152
10661;200
10661;202
10661;204
10661;206
10661;353
10661;508
10661;510
10661;691
10661;697
10661;806
10661;808
10661;858
10661;887
10661;891
10661;910
10662;152
10662;200
10662;202
10662;204
10662;206
10662;353
10662;508
10662;510
10662;691
10662;697
10662;806
10662;808
10662;858
10662;887
10662;891
10662;910
10663;152
10663;200
10663;202
10663;204
10663;206
10663;353
10663;508
10663;510
10663;691
10663;697
10663;806
10663;808
10663;858
10663;887
10663;891
10663;910
10664;152
10664;200
10664;202
10664;204
10664;206
10664;353
10664;508
10664;510
10664;691
10664;697
10664;806
10664;808
10664;858
10664;887
10664;891
10664;910
10665;152
10665;200
10665;202
10665;204
10665;206
10665;353
10665;508
10665;510
10665;691
10665;697
10665;806
10665;808
10665;858
10665;887
10665;891
10665;910
10666;200
10666;202
10666;204
10666;206
10666;508
10666;697
10666;806
10666;808
10666;858
10666;887
10667;200
10667;202
10667;204
10667;206
10667;508
10667;697
10667;806
10667;808
10667;858
10667;887
10668;200
10668;202
10668;204
10668;206
10668;508
10668;697
10668;806
10668;808
10668;858
10668;887
10669;200
10669;202
10669;204
10669;206
10669;508
10669;697
10669;806
10669;808
10669;858
10669;887
10670;200
10670;202
10670;204
10670;206
10670;508
10670;697
10670;806
10670;808
10670;858
10670;887
10671;200
10671;202
10671;204
10671;206
10671;508
10671;697
10671;806
10671;808
10671;858
10671;887
10672;697
10672;806
10672;858
10672;887
10673;202
10673;204
10673;206
10673;697
10673;806
10673;858
10674;200
10674;202
10674;204
10674;206
10674;508
10674;697
10674;806
10674;808
10674;858
10675;200
10675;202
10675;204
10675;206
10675;508
10675;697
10675;806
10675;808
10675;858
10676;200
10676;202
10676;204
10676;206
10676;508
10676;697
10676;806
10676;808
10676;858
10677;200
10677;202
10677;204
10677;206
10677;508
10677;697
10677;806
10677;808
10677;858
10678;485
10678;508
10678;610
10678;823
10678;828
10678;877
10678;879
10678;891
10679;200
10679;202
10679;204
10679;206
10679;508
10679;697
10679;806
10679;808
10679;858
10681;743
10681;770
10682;743
10682;770
10685;776
10685;986
10685;987
10685;989
10686;776
10686;986
10686;987
10686;989
10687;508
10687;808
10689;770
10690;770
10691;701
10691;709
10692;701
10692;709
10693;776
10693;778
10693;986
10693;987
10694;776
10694;778
10694;986
10694;987
10695;508
10695;808
10700;508
10700;808
10701;508
10701;808
10703;508
10703;707
10703;799
10703;804
10703;808
10703;814
10704;508
10704;808
10705;508
10706;508
10707;508
10707;808
10708;508
10708;808
10709;508
10710;508
10711;508
10711;729
10711;775
10711;776
10711;792
10711;794
10711;808
10712;508
10712;729
10712;775
10712;776
10712;792
10712;794
10712;808
10713;508
10713;729
10713;775
10713;776
10713;792
10713;794
10713;808
10713;814
10714;508
10714;729
10714;775
10714;776
10714;792
10714;794
10714;808
10714;814
10715;508
10715;729
10715;775
10715;776
10715;792
10715;794
10715;808
10715;814
10716;770
10717;508
10717;707
10717;789
10717;799
10717;804
10717;808
10717;814
10717;829
10718;508
10718;707
10718;789
10718;799
10718;804
10718;808
10718;814
10718;829
10719;508
10719;707
10719;789
10719;799
10719;804
10719;808
10719;814
10719;829
10720;508
10720;707
10720;789
10720;799
10720;804
10720;808
10720;814
10720;829
10721;508
10721;707
10721;799
10721;804
10721;808
10721;814
10721;829
10722;508
10722;707
10722;789
10722;799
10722;804
10722;808
10722;814
10722;829
10725;770
10726;508
10726;707
10726;799
10726;804
10726;814
10727;770
10728;770
10729;727
10729;788
10729;858
10730;727
10730;788
10730;858
10731;808
10732;808
10733;808
10734;808
10735;808
10736;808
10737;808
10738;808
10739;808
10740;808
10741;808
10742;808
10743;808
10744;808
10745;808
10746;808
10747;808
10748;808
10749;775
10750;775
10751;743
10751;770
10752;743
10752;770
10753;770
10754;770
10755;808
10756;808
10757;808
10758;808
10759;697
10759;705
10759;707
10759;806
10759;858
10762;508
10762;697
10762;806
10762;808
10762;858
10775;697
10775;705
10775;707
10775;806
10775;858
10776;697
10776;705
10776;707
10776;806
10776;858
10777;697
10777;705
10777;707
10777;806
10777;858
10779;697
10779;705
10779;707
10779;806
10779;858
10780;697
10780;705
10780;707
10780;806
10780;858
10781;789
10781;829
10782;789
10782;829
10783;697
10783;705
10783;707
10783;806
10783;858
10784;697
10784;705
10784;707
10784;806
10784;858
10785;697
10785;705
10785;707
10785;806
10785;858
10786;697
10786;705
10786;707
10786;806
10786;858
10787;697
10787;705
10787;707
10787;806
10787;858
10788;697
10788;705
10788;707
10788;806
10788;858
10789;697
10789;705
10789;707
10789;806
10789;858
10791;697
10791;705
10791;806
10791;858
10792;697
10792;705
10792;806
10792;858
10793;697
10793;705
10793;806
10793;858
10794;697
10794;705
10794;709
10794;712
10794;806
10794;858
10795;697
10795;705
10795;709
10795;712
10795;806
10795;858
10796;697
10796;705
10796;709
10796;712
10796;806
10796;858
10797;697
10797;705
10797;709
10797;712
10797;806
10797;858
10798;697
10798;705
10798;709
10798;712
10798;806
10798;858
10799;697
10799;705
10799;709
10799;712
10799;806
10799;858
10800;697
10800;705
10800;709
10800;806
10800;858
10801;697
10801;701
10801;705
10801;709
10801;806
10801;858
10802;697
10802;701
10802;705
10802;709
10802;806
10802;858
10803;697
10803;701
10803;705
10803;709
10803;806
10803;858
10804;697
10804;701
10804;705
10804;712
10804;806
10804;858
10806;697
10806;701
10806;705
10806;709
10806;806
10806;858
10807;697
10807;701
10807;705
10807;709
10807;806
10807;858
10808;697
10808;701
10808;705
10808;712
10808;806
10808;858
10809;697
10809;701
10809;705
10809;712
10809;806
10809;858
10810;697
10810;701
10810;705
10810;712
10810;806
10810;858
10812;697
10812;701
10812;705
10812;712
10812;806
10812;858
10813;697
10813;701
10813;806
10813;858
10814;697
10814;701
10814;712
10814;806
10814;858
10815;697
10815;701
10815;712
10815;806
10815;858
10816;697
10816;701
10816;712
10816;806
10816;858
10817;697
10817;701
10817;712
10817;806
10817;858
10818;697
10818;701
10818;712
10818;806
10818;858
10819;697
10819;701
10819;712
10819;806
10819;858
10820;697
10820;701
10820;712
10820;806
10820;858
10821;697
10821;701
10821;712
10821;806
10821;858
10822;697
10822;701
10822;712
10822;722
10822;806
10822;858
10823;697
10823;701
10823;712
10823;722
10823;806
10823;858
10824;697
10824;705
10824;806
10824;858
10825;697
10825;701
10825;705
10825;712
10825;806
10825;858
10826;697
10826;701
10826;712
10826;722
10826;806
10826;858
10827;697
10827;701
10827;712
10827;722
10827;806
10827;858
10828;697
10828;701
10828;712
10828;722
10828;806
10828;858
10829;697
10829;701
10829;712
10829;722
10829;806
10829;858
10830;697
10830;701
10830;712
10830;722
10830;806
10830;858
10831;697
10831;701
10831;712
10831;722
10831;806
10831;858
10832;697
10832;701
10832;712
10832;722
10832;806
10832;858
10833;697
10833;701
10833;712
10833;722
10833;806
10833;858
10834;697
10834;701
10834;712
10834;722
10834;806
10834;858
10835;697
10835;701
10835;712
10835;722
10835;806
10835;858
10838;697
10838;701
10838;712
10838;722
10838;806
10838;858
10839;697
10839;701
10839;712
10839;722
10839;806
10839;858
10840;697
10840;701
10840;712
10840;722
10840;806
10840;858
10841;697
10841;701
10841;712
10841;722
10841;806
10841;858
10842;697
10842;701
10842;712
10842;722
10842;806
10842;858
10843;697
10843;701
10843;712
10843;722
10843;806
10843;858
10844;697
10844;701
10844;712
10844;722
10844;806
10844;858
10845;697
10845;701
10845;712
10845;722
10845;806
10845;858
10846;697
10846;701
10846;712
10846;722
10846;806
10846;858
10847;697
10847;701
10847;712
10847;722
10847;806
10847;858
10848;697
10848;701
10848;712
10848;719
10848;722
10848;806
10848;858
10849;697
10849;701
10849;712
10849;722
10849;806
10849;858
10852;697
10852;712
10852;713
10852;715
10852;722
10852;795
10852;806
10852;858
10853;697
10853;712
10853;713
10853;715
10853;722
10853;795
10853;806
10853;858
10860;714
10860;715
10860;858
10862;714
10862;715
10862;858
10864;714
10864;715
10864;858
10865;701
10865;712
10865;713
10865;719
10865;721
10865;722
10865;724
10865;727
10865;763
10865;770
10865;780
10865;781
10865;782
10865;783
10865;784
10865;785
10865;786
10865;795
10865;798
10865;858
10866;714
10866;715
10866;858
10867;701
10867;712
10867;713
10867;719
10867;721
10867;722
10867;724
10867;727
10867;763
10867;770
10867;780
10867;781
10867;782
10867;783
10867;784
10867;785
10867;786
10867;795
10867;798
10867;858
10868;701
10868;712
10868;713
10868;719
10868;721
10868;722
10868;724
10868;727
10868;763
10868;770
10868;780
10868;781
10868;782
10868;783
10868;784
10868;785
10868;786
10868;795
10868;798
10868;858
10869;719
10869;727
10869;770
10869;780
10869;781
10869;782
10869;786
10869;798
10869;858
10870;701
10870;712
10870;713
10870;719
10870;721
10870;722
10870;724
10870;727
10870;763
10870;770
10870;780
10870;781
10870;782
10870;783
10870;784
10870;785
10870;786
10870;795
10870;798
10870;858
10871;727
10871;770
10871;780
10871;781
10871;798
10871;858
10872;701
10872;712
10872;713
10872;719
10872;721
10872;722
10872;724
10872;727
10872;763
10872;770
10872;780
10872;781
10872;782
10872;783
10872;784
10872;785
10872;786
10872;795
10872;798
10872;858
10873;727
10873;770
10873;780
10873;781
10873;798
10873;858
10874;701
10874;727
10874;770
10874;780
10874;781
10874;782
10874;786
10874;798
10874;858
10875;727
10875;770
10875;780
10875;781
10875;798
10875;858
10876;727
10876;770
10876;780
10876;781
10876;798
10876;858
10877;727
10877;770
10877;780
10877;781
10877;798
10877;858
10878;727
10878;770
10878;780
10878;781
10878;798
10878;858
10879;727
10879;770
10879;780
10879;781
10879;798
10879;858
10880;727
10880;770
10880;780
10880;781
10880;798
10880;858
10881;727
10881;770
10881;780
10881;781
10881;798
10881;858
10882;727
10882;770
10882;780
10882;781
10882;798
10882;858
10883;727
10883;770
10883;780
10883;781
10883;798
10883;858
10884;727
10884;770
10884;780
10884;781
10884;798
10884;858
10886;727
10886;770
10886;780
10886;781
10886;798
10886;858
10887;770
10888;727
10888;770
10888;780
10888;781
10888;798
10888;858
10889;770
10891;770
10892;770
10893;770
10894;770
10895;770
10896;770
10897;743
10897;770
10898;770
10899;743
10899;770
10900;770
10901;693
10901;743
10901;770
10902;743
10902;770
10903;701
10903;712
10903;713
10903;719
10903;721
10903;722
10903;724
10903;727
10903;763
10903;770
10903;780
10903;781
10903;782
10903;783
10903;784
10903;785
10903;786
10903;795
10903;798
10903;858
10904;743
10904;770
10905;697
10905;701
10905;705
10905;806
10905;858
10906;693
10906;743
10906;770
10907;697
10907;701
10907;712
10907;722
10907;806
10907;858
10908;697
10908;701
10908;712
10908;722
10908;806
10908;858
10909;200
10909;508
10909;808
10915;776
10915;986
10915;987
10915;989
10916;776
10916;986
10916;987
10916;989
10917;729
10917;775
10917;776
10917;792
10917;794
10918;729
10918;775
10918;776
10918;792
10918;794
10922;775
10923;775
10924;775
10925;775
10926;775
10927;775
10928;775
10929;775
10930;775
10931;775
10932;729
10932;775
10932;776
10932;792
10932;794
10932;799
10932;804
10933;729
10933;775
10933;776
10933;792
10933;794
10933;799
10933;804
10934;775
10935;775
10936;693
10936;743
10936;770
10937;693
10937;743
10937;770
10938;693
10938;694
10938;743
10938;770
10939;693
10939;694
10939;743
10939;770
10940;743
10940;770
10940;783
10941;693
10941;694
10941;743
10941;770
10942;729
10942;775
10942;776
10942;792
10942;794
10943;729
10943;775
10943;776
10943;792
10943;794
10943;799
10943;804
10944;729
10944;775
10944;776
10944;792
10944;794
10944;799
10944;804
10945;729
10945;775
10945;776
10945;792
10945;794
10945;799
10945;804
10946;729
10946;775
10946;776
10946;792
10946;794
10946;799
10946;804
10947;729
10947;775
10947;776
10947;792
10947;794
10948;729
10948;775
10948;776
10948;792
10948;794
10949;729
10949;775
10949;776
10949;792
10949;794
10950;729
10950;775
10950;776
10950;792
10950;794
10951;729
10951;775
10951;776
10951;792
10951;794
10952;789
10952;829
10953;789
10953;829
10956;729
10956;775
10956;776
10956;792
10956;794
10957;729
10957;775
10957;776
10957;792
10957;794
10958;729
10958;775
10958;776
10958;792
10958;794
10959;729
10959;775
10959;776
10959;792
10959;794
10960;729
10960;775
10960;776
10960;792
10960;794
10961;729
10961;775
10961;776
10961;792
10961;794
10962;729
10962;775
10962;776
10962;792
10962;794
10963;729
10963;775
10963;776
10963;792
10963;794
10964;729
10964;775
10964;776
10964;792
10964;794
10965;729
10965;775
10965;776
10965;792
10965;794
10966;729
10966;775
10966;792
10967;729
10967;775
10967;792
10968;729
10968;775
10968;792
10969;729
10969;775
10969;792
10970;775
10971;775
10972;775
10973;775
10974;729
10974;775
10975;729
10975;775
10976;775
10977;775
10978;775
10979;775
10980;775
10981;775
10982;775
10983;775
10984;775
10985;775
10986;775
10987;775
10988;775
10989;775
10990;775
10991;775
10992;775
10993;775
10994;775
10995;775
10996;775
10997;775
10998;775
10999;775
11000;775
11001;775
11002;775
11003;775
11004;775
11005;775
11006;775
11007;775
11008;775
11009;775
11010;775
11011;775
11012;775
11013;775
11014;775
11015;775
11016;775
11017;775
11018;775
11019;775
11020;775
11020;778
11021;775
11022;775
11022;778
11023;775
11023;778
11024;775
11024;778
11025;775
11025;778
11026;775
11026;778
11027;775
11027;778
11028;775
11028;778
11029;775
11029;778
11030;775
11030;778
11031;775
11031;778
11032;775
11032;778
11033;775
11033;778
11034;775
11034;778
11035;775
11035;778
11037;775
11037;778
11038;775
11038;778
11039;775
11039;778
11040;775
11040;778
11041;775
11041;778
11042;775
11042;778
11043;775
11043;778
11044;775
11045;775
11045;778
11046;775
11047;775
11047;778
11048;776
11048;778
11048;986
11048;987
11049;775
11050;776
11050;778
11050;986
11050;987
11051;775
11052;775
11053;776
11053;778
11053;986
11053;987
11054;776
11054;778
11054;986
11054;987
11055;776
11055;778
11055;986
11055;987
11056;776
11056;778
11056;986
11056;987
11057;776
11057;778
11057;986
11057;987
11058;776
11058;778
11058;986
11058;987
11059;776
11059;778
11059;986
11059;987
11060;776
11060;778
11060;986
11060;987
11061;776
11061;778
11061;986
11061;987
11062;776
11062;778
11062;986
11062;987
11063;776
11063;778
11063;986
11063;987
11064;776
11064;778
11064;986
11064;987
11065;776
11065;778
11065;986
11065;987
11066;776
11066;778
11066;986
11066;987
11067;776
11067;778
11067;986
11067;987
11068;776
11068;778
11068;986
11068;987
11069;776
11069;778
11069;986
11069;987
11070;776
11070;778
11070;986
11070;987
11071;776
11071;778
11071;986
11071;987
11072;776
11072;778
11072;829
11072;986
11072;987
11072;989
11073;776
11073;778
11073;986
11073;987
11074;776
11074;986
11074;987
11074;989
11075;776
11075;778
11075;986
11075;987
11076;776
11076;986
11076;987
11076;989
11077;776
11077;778
11077;829
11077;986
11077;987
11077;989
11078;776
11078;986
11078;987
11078;989
11079;776
11079;986
11079;987
11079;989
11080;776
11080;986
11080;987
11080;989
11081;776
11081;986
11081;987
11081;989
11082;776
11082;986
11082;987
11082;989
11083;776
11083;986
11083;987
11083;989
11084;776
11084;986
11084;987
11084;989
11085;776
11085;986
11085;987
11085;989
11086;776
11086;986
11086;987
11086;989
11087;776
11087;986
11087;987
11087;989
11088;776
11088;986
11088;987
11088;989
11089;776
11089;986
11089;987
11089;989
11090;776
11090;986
11090;987
11090;989
11091;776
11091;986
11091;987
11091;989
11092;776
11092;986
11092;987
11092;989
11093;776
11093;986
11093;987
11093;989
11094;775
11095;776
11095;986
11095;987
11095;989
11096;776
11096;778
11096;986
11096;987
11097;776
11097;986
11097;987
11097;989
11098;775
11098;778
11099;776
11099;986
11099;987
11099;989
11100;775
11101;776
11101;986
11101;987
11101;989
11102;776
11102;986
11102;987
11102;989
11103;775
11104;729
11104;775
11104;776
11104;792
11104;794
11105;776
11106;775
11107;775
11108;776
11108;986
11108;987
11108;989
11109;776
11110;776
11111;729
11111;775
11111;776
11111;792
11111;794
11112;775
11113;775
11114;776
11115;775
11116;775
11117;775
11118;776
11118;778
11118;986
11118;987
11119;776
11119;778
11119;986
11119;987
11120;776
11120;986
11120;987
11120;989
11121;776
11121;986
11121;987
11121;989
11122;729
11122;775
11122;776
11122;792
11122;794
11123;729
11123;775
11123;776
11123;792
11123;794
11124;775
11125;775
11126;775
11127;775
11128;776
11129;776
11130;776
11131;776
11132;776
11133;776
11134;776
11135;776
11136;776
11137;776
11138;776
11139;776
11140;776
11141;776
11142;775
11143;775
11144;775
11145;775
11146;776
11147;776
11148;776
11148;778
11148;986
11148;987
11149;776
11149;778
11149;986
11149;987
11150;776
11150;778
11150;986
11150;987
11151;776
11151;778
11151;986
11151;987
11152;776
11152;778
11152;986
11152;987
11153;776
11153;778
11153;986
11153;987
11154;776
11154;778
11154;986
11154;987
11155;776
11155;778
11155;986
11155;987
11156;776
11156;778
11156;986
11156;987
11157;776
11157;778
11157;986
11157;987
11158;775
11159;775
11160;775
11161;775
11162;775
11162;778
11163;775
11163;778
11164;775
11164;778
11165;775
11166;729
11167;729
11168;729
11169;729
11170;729
11171;729
11172;729
11173;729
11174;729
11175;729
11176;729
11177;729
11178;729
11179;729
11180;729
11181;729
11182;729
11182;792
11183;729
11183;792
11190;701
11191;701
11192;701
11193;701
11194;701
11195;701
11196;701
11197;701
11198;701
11199;701
11200;701
11201;701
11202;701
11203;701
11204;692
11204;701
11205;701
11205;707
11206;701
11207;692
11207;701
11207;707
11208;707
11208;709
11209;701
11209;707
11209;712
11210;701
11210;709
11210;712
11211;701
11211;709
11211;712
11212;701
11212;709
11212;712
11213;701
11213;709
11213;712
11214;701
11214;709
11214;712
11215;701
11215;709
11215;712
11216;709
11216;712
11217;709
11217;712
11218;701
11218;709
11218;712
11219;701
11219;709
11219;712
11220;701
11220;709
11220;712
11221;701
11221;709
11221;712
11222;701
11222;709
11222;712
11223;701
11223;709
11223;712
11224;701
11224;709
11225;701
11225;709
11226;701
11226;709
11227;701
11227;709
11228;701
11228;709
11229;701
11229;709
11230;701
11230;709
11231;701
11231;709
11232;729
11232;775
11232;792
11233;729
11233;775
11233;792
11234;729
11235;729
11236;729
11237;729
11238;729
11239;729
11240;775
11240;778
11241;775
11241;778
11242;729
11243;729
11247;775
11248;775
11249;775
11249;778
11250;508
11250;729
11250;775
11250;776
11250;792
11250;794
11250;808
11250;814
11251;701
11251;729
11251;792
11252;707
11252;729
11252;775
11252;776
11252;789
11252;792
11252;794
11252;799
11252;804
11252;829
11253;707
11253;729
11253;775
11253;776
11253;789
11253;792
11253;794
11253;799
11253;804
11253;829
11254;707
11254;729
11254;775
11254;776
11254;789
11254;792
11254;794
11254;799
11254;804
11254;829
11255;707
11255;729
11255;775
11255;776
11255;789
11255;792
11255;794
11255;799
11255;804
11255;829
11256;808
11257;808
11258;707
11258;729
11258;775
11258;776
11258;789
11258;792
11258;794
11258;799
11258;804
11258;808
11258;829
11259;707
11259;729
11259;775
11259;776
11259;789
11259;792
11259;794
11259;799
11259;804
11259;808
11259;829
11260;707
11260;729
11260;775
11260;776
11260;789
11260;792
11260;794
11260;799
11260;804
11260;808
11260;829
11261;707
11261;729
11261;775
11261;776
11261;789
11261;792
11261;794
11261;799
11261;804
11261;808
11261;829
11262;808
11263;808
11264;707
11264;729
11264;775
11264;776
11264;789
11264;792
11264;794
11264;799
11264;804
11264;808
11264;814
11264;829
11265;707
11265;729
11265;775
11265;776
11265;789
11265;792
11265;794
11265;799
11265;804
11265;808
11265;814
11265;829
11266;707
11266;729
11266;775
11266;776
11266;789
11266;792
11266;794
11266;799
11266;804
11266;808
11266;814
11266;829
11267;707
11267;729
11267;775
11267;776
11267;789
11267;792
11267;794
11267;799
11267;804
11267;808
11267;814
11267;829
11268;808
11269;808
11270;707
11270;729
11270;775
11270;776
11270;789
11270;792
11270;794
11270;799
11270;804
11270;808
11270;814
11270;829
11271;707
11271;729
11271;775
11271;776
11271;789
11271;792
11271;794
11271;799
11271;804
11271;808
11271;814
11271;829
11280;707
11281;707
11282;707
11283;707
11284;707
11285;707
11286;707
11287;707
11288;707
11289;707
11290;707
11291;707
11294;776
11294;986
11294;987
11294;989
11298;775
11299;775
11301;729
11301;792
11302;707
11303;707
11304;707
11305;707
11306;707
11307;707
11308;707
11309;707
11310;707
11311;707
11313;705
11313;712
11314;705
11314;712
11316;705
11316;712
11317;712
11318;707
11319;705
11319;712
11320;712
11321;707
11322;707
11323;707
11324;707
11325;707
11326;712
11327;712
11328;775
11330;712
11331;712
11332;776
11332;986
11332;987
11332;989
11334;712
11335;712
11338;707
11339;707
11345;701
11345;709
11346;701
11346;709
11348;712
11350;712
11352;712
11354;712
11355;712
11358;712
11359;712
11362;701
11362;709
11363;701
11363;709
11364;701
11364;709
11365;701
11365;709
11367;705
11367;712
11368;713
11368;714
11368;715
11369;705
11369;712
11370;710
11370;722
11371;710
11371;722
11372;710
11372;722
11373;710
11373;722
11374;710
11374;722
11375;710
11375;722
11376;710
11376;722
11377;710
11377;722
11378;710
11378;722
11379;710
11379;722
11380;710
11380;722
11381;710
11381;722
11382;710
11382;722
11383;710
11383;722
11384;710
11384;722
11385;710
11385;722
11386;710
11386;722
11387;710
11387;722
11388;710
11388;722
11389;710
11389;722
11390;707
11391;710
11391;722
11392;776
11392;778
11392;829
11392;986
11392;987
11392;989
11393;776
11393;778
11393;829
11393;986
11393;987
11393;989
11394;701
11394;729
11394;792
11395;701
11395;729
11395;792
11396;721
11396;763
11396;785
11396;786
11397;721
11397;763
11397;785
11397;786
11398;719
11398;721
11398;763
11398;784
11398;785
11398;786
11399;721
11399;763
11399;784
11399;785
11399;786
11400;719
11400;721
11400;763
11400;784
11400;785
11400;786
11401;721
11401;763
11401;784
11401;785
11401;786
11402;719
11402;721
11402;763
11402;784
11402;785
11402;786
11403;721
11403;763
11403;784
11403;785
11403;786
11404;719
11404;721
11404;763
11404;784
11404;785
11404;786
11405;721
11405;763
11405;784
11405;785
11405;786
11406;721
11406;763
11406;784
11406;785
11406;786
11407;721
11407;763
11407;784
11407;785
11407;786
11408;721
11408;763
11408;784
11408;785
11408;786
11409;721
11409;763
11409;784
11409;785
11409;786
11410;721
11410;763
11410;784
11410;785
11410;786
11411;721
11411;763
11411;784
11411;785
11411;786
11412;721
11412;763
11412;785
11412;786
11413;721
11413;785
11413;786
11414;721
11414;763
11414;785
11414;786
11415;721
11415;763
11415;785
11415;786
11418;721
11418;763
11418;785
11418;786
11419;721
11419;763
11419;785
11419;786
11420;721
11420;763
11420;785
11420;786
11421;721
11421;763
11421;785
11421;786
11422;721
11422;763
11422;785
11422;786
11423;721
11423;763
11423;785
11423;786
11424;721
11424;763
11424;785
11424;786
11425;721
11425;763
11425;785
11425;786
11426;721
11426;763
11426;785
11426;786
11427;721
11427;763
11427;785
11427;786
11428;721
11428;763
11428;785
11428;786
11429;721
11429;763
11429;785
11429;786
11430;721
11430;763
11430;785
11430;786
11431;721
11431;763
11431;785
11431;786
11432;721
11432;763
11432;785
11432;786
11433;721
11433;763
11433;785
11433;786
11434;721
11434;763
11434;786
11435;721
11435;763
11435;786
11436;721
11436;763
11436;785
11437;721
11437;763
11437;785
11438;721
11438;763
11438;785
11439;721
11439;763
11439;785
11440;721
11440;763
11441;721
11441;763
11442;721
11443;721
11443;763
11444;721
11444;763
11445;721
11445;763
11446;707
11447;707
11448;707
11449;707
11450;707
11451;707
11452;707
11453;707
11454;707
11455;707
11456;707
11457;707
11458;701
11458;713
11458;719
11458;721
11458;763
11458;784
11458;785
11458;786
11458;795
11459;701
11459;713
11459;719
11459;721
11459;763
11459;784
11459;785
11459;786
11459;795
11460;701
11460;713
11460;719
11460;721
11460;763
11460;784
11460;785
11460;786
11460;795
11461;701
11461;713
11461;719
11461;721
11461;763
11461;784
11461;785
11461;786
11461;795
11462;701
11462;713
11462;719
11462;721
11462;763
11462;784
11462;785
11462;786
11462;795
11463;701
11463;713
11463;719
11463;721
11463;763
11463;784
11463;785
11463;786
11463;795
11464;701
11464;712
11464;713
11464;719
11464;721
11464;722
11464;763
11464;784
11464;785
11464;786
11464;795
11465;701
11465;712
11465;713
11465;719
11465;721
11465;722
11465;763
11465;784
11465;785
11465;786
11465;795
11466;701
11466;712
11466;713
11466;719
11466;721
11466;722
11466;763
11466;784
11466;785
11466;786
11466;795
11467;701
11467;712
11467;713
11467;719
11467;721
11467;722
11467;763
11467;784
11467;785
11467;786
11467;795
11470;701
11470;712
11470;713
11470;719
11470;721
11470;722
11470;763
11470;784
11470;785
11470;786
11470;795
11471;701
11471;712
11471;713
11471;719
11471;721
11471;722
11471;763
11471;784
11471;785
11471;786
11471;795
11474;701
11474;714
11474;715
11474;722
11475;701
11475;714
11475;715
11475;722
11476;701
11476;714
11476;715
11476;722
11477;701
11477;714
11477;715
11477;722
11478;701
11478;714
11478;722
11479;701
11479;714
11479;722
11480;701
11480;714
11480;722
11481;701
11481;714
11481;722
11482;701
11482;714
11482;722
11483;701
11483;714
11483;722
11484;701
11484;714
11484;722
11485;701
11485;714
11485;722
11486;701
11486;714
11486;722
11488;701
11488;722
11489;701
11489;714
11489;722
11491;701
11491;722
11492;701
11492;722
11495;701
11495;722
11504;701
11504;712
11504;713
11504;719
11504;721
11504;722
11504;724
11504;763
11504;770
11504;780
11504;781
11504;782
11504;783
11504;784
11504;785
11504;786
11504;795
11504;798
11506;701
11506;712
11506;713
11506;714
11506;719
11506;721
11506;722
11506;724
11506;763
11506;770
11506;780
11506;781
11506;782
11506;783
11506;784
11506;785
11506;786
11506;795
11506;798
11507;701
11507;712
11507;713
11507;719
11507;721
11507;722
11507;724
11507;763
11507;770
11507;780
11507;781
11507;782
11507;783
11507;784
11507;785
11507;786
11507;795
11507;798
11509;707
11510;701
11510;712
11510;713
11510;714
11510;719
11510;721
11510;722
11510;724
11510;763
11510;770
11510;780
11510;781
11510;782
11510;783
11510;784
11510;785
11510;786
11510;795
11510;798
11511;715
11511;781
11513;780
11513;782
11515;770
11516;710
11517;692
11517;707
11518;692
11518;701
11518;707
11518;709
11518;712
11519;710
11520;710
11521;710
11522;710
11523;710
11524;710
11525;721
11525;763
11525;786
11526;721
11526;763
11526;785
11526;786
11527;701
11527;709
11527;712
11528;701
11528;709
11528;712
11529;707
11530;707
11531;701
11531;712
11531;713
11531;714
11531;719
11531;721
11531;722
11531;724
11531;763
11531;770
11531;780
11531;781
11531;782
11531;783
11531;784
11531;785
11531;786
11531;795
11531;798
11532;701
11532;712
11532;713
11532;714
11532;719
11532;721
11532;722
11532;724
11532;763
11532;770
11532;780
11532;781
11532;782
11532;783
11532;784
11532;786
11532;798
11533;712
11534;712
11535;729
11536;729
11537;701
11537;715
11537;722
11537;783
11538;701
11538;715
11538;722
11538;783
11539;701
11539;715
11539;722
11539;783
11540;701
11540;715
11540;722
11540;783
11545;714
11545;715
11545;858
11546;798
11547;714
11547;715
11547;858
11548;714
11549;724
11550;727
11551;701
11551;712
11551;713
11551;715
11551;719
11551;721
11551;722
11551;724
11551;727
11551;763
11551;770
11551;780
11551;781
11551;782
11551;783
11551;784
11551;785
11551;786
11551;795
11551;798
11552;701
11552;712
11552;713
11552;715
11552;719
11552;721
11552;722
11552;724
11552;727
11552;763
11552;770
11552;780
11552;781
11552;782
11552;783
11552;784
11552;785
11552;786
11552;795
11552;798
11553;701
11553;712
11553;713
11553;715
11553;719
11553;721
11553;722
11553;724
11553;727
11553;763
11553;770
11553;780
11553;781
11553;782
11553;783
11553;784
11553;785
11553;786
11553;795
11553;798
11554;701
11554;712
11554;713
11554;715
11554;719
11554;721
11554;722
11554;724
11554;727
11554;763
11554;770
11554;780
11554;781
11554;782
11554;783
11554;784
11554;785
11554;786
11554;795
11554;798
11557;701
11557;712
11557;713
11557;715
11557;719
11557;721
11557;722
11557;724
11557;727
11557;763
11557;770
11557;780
11557;781
11557;782
11557;783
11557;784
11557;785
11557;786
11557;795
11557;798
11558;712
11558;713
11558;714
11558;719
11558;721
11558;724
11558;727
11558;763
11558;770
11558;780
11558;781
11558;782
11558;784
11558;785
11558;786
11558;795
11558;798
11559;712
11559;713
11559;714
11559;719
11559;721
11559;724
11559;727
11559;763
11559;770
11559;780
11559;781
11559;782
11559;784
11559;785
11559;786
11559;795
11559;798
11560;776
11560;986
11560;987
11560;989
11561;776
11561;986
11561;987
11561;989
11562;721
11562;763
11562;785
11562;786
11563;721
11563;763
11563;785
11563;786
11564;701
11564;712
11564;713
11564;715
11564;719
11564;721
11564;724
11564;727
11564;763
11564;770
11564;780
11564;781
11564;782
11564;783
11564;784
11564;785
11564;786
11564;795
11564;798
11571;713
11571;714
11572;713
11572;714
11573;713
11573;714
11574;713
11574;714
11578;712
11578;713
11578;719
11578;721
11578;724
11578;727
11578;763
11578;770
11578;780
11578;781
11578;782
11578;784
11578;785
11578;786
11578;795
11578;798
11579;712
11579;713
11579;719
11579;721
11579;724
11579;727
11579;763
11579;770
11579;780
11579;781
11579;782
11579;784
11579;785
11579;786
11579;795
11579;798
11590;712
11590;713
11590;714
11590;719
11590;721
11590;724
11590;727
11590;763
11590;770
11590;780
11590;781
11590;782
11590;784
11590;785
11590;786
11590;795
11590;798
11591;712
11591;713
11591;714
11591;719
11591;721
11591;724
11591;727
11591;763
11591;770
11591;780
11591;781
11591;782
11591;784
11591;785
11591;786
11591;795
11591;798
11594;712
11594;713
11594;719
11594;721
11594;724
11594;727
11594;763
11594;770
11594;780
11594;781
11594;782
11594;784
11594;785
11594;786
11594;795
11594;798
11595;712
11595;713
11595;719
11595;721
11595;724
11595;727
11595;763
11595;770
11595;780
11595;781
11595;782
11595;784
11595;785
11595;786
11595;795
11595;798
11596;712
11596;713
11596;719
11596;721
11596;724
11596;727
11596;763
11596;770
11596;780
11596;781
11596;782
11596;784
11596;785
11596;786
11596;795
11596;798
11597;712
11597;713
11597;719
11597;721
11597;724
11597;727
11597;763
11597;770
11597;780
11597;781
11597;782
11597;784
11597;785
11597;786
11597;795
11597;798
11600;712
11600;713
11600;719
11600;721
11600;724
11600;727
11600;763
11600;770
11600;780
11600;781
11600;782
11600;784
11600;785
11600;786
11600;795
11600;798
11601;712
11601;713
11601;719
11601;721
11601;724
11601;727
11601;763
11601;770
11601;780
11601;781
11601;782
11601;784
11601;785
11601;786
11601;795
11601;798
11602;712
11602;713
11602;719
11602;721
11602;724
11602;727
11602;763
11602;770
11602;780
11602;781
11602;782
11602;784
11602;785
11602;786
11602;795
11602;798
11603;712
11603;713
11603;719
11603;721
11603;724
11603;727
11603;763
11603;770
11603;780
11603;781
11603;782
11603;784
11603;785
11603;786
11603;795
11603;798
11604;782
11605;701
11605;712
11605;713
11605;719
11605;721
11605;722
11605;763
11605;783
11605;784
11605;785
11605;786
11605;795
11613;724
11613;782
11616;701
11616;712
11616;713
11616;719
11616;721
11616;722
11616;724
11616;763
11616;782
11616;783
11616;784
11616;785
11616;786
11616;795
11617;724
11617;782
11618;782
11619;724
11619;782
11620;782
11621;724
11621;782
11622;782
11623;724
11623;782
11624;724
11624;782
11625;724
11625;782
11626;724
11626;782
11627;724
11627;782
11628;724
11628;782
11629;724
11629;782
11630;724
11630;782
11631;724
11631;782
11632;724
11632;782
11633;724
11633;782
11634;724
11634;782
11635;724
11635;782
11636;724
11636;782
11637;724
11637;782
11638;724
11638;782
11639;724
11639;782
11640;724
11640;782
11641;724
11641;782
11642;724
11642;782
11643;724
11643;782
11644;724
11644;782
11645;724
11645;782
11646;724
11646;782
11647;724
11647;782
11648;724
11648;782
11649;724
11649;782
11650;724
11650;782
11651;724
11651;782
11652;724
11652;782
11653;724
11653;782
11654;724
11654;782
11655;724
11655;782
11656;724
11656;782
11658;724
11658;782
11659;727
11659;780
11659;798
11659;858
11660;727
11660;780
11660;798
11660;858
11662;714
11662;858
11663;713
11663;714
11664;713
11664;714
11668;701
11668;712
11668;713
11668;719
11668;721
11668;722
11668;724
11668;763
11668;783
11668;784
11668;785
11668;786
11668;795
11669;701
11669;712
11669;713
11669;719
11669;721
11669;722
11669;763
11669;783
11669;784
11669;785
11669;786
11669;795
11671;721
11671;763
11671;784
11671;785
11671;786
11672;719
11672;721
11672;763
11672;784
11672;786
11673;775
11674;775
11679;727
11679;780
11679;781
11679;798
11679;858
11680;727
11680;780
11680;781
11680;798
11680;858
11681;727
11681;780
11681;781
11681;798
11681;858
11682;727
11682;780
11682;781
11682;798
11682;858
11683;727
11683;780
11683;781
11683;798
11683;858
11684;727
11684;780
11684;781
11684;798
11684;858
11685;727
11685;780
11685;781
11685;798
11685;858
11686;727
11686;780
11686;781
11686;798
11686;858
11687;727
11687;780
11687;781
11687;798
11687;858
11688;727
11688;780
11688;781
11688;798
11688;858
11689;727
11689;780
11689;798
11689;858
11690;727
11690;780
11690;798
11690;858
11691;727
11691;780
11691;798
11691;858
11692;727
11692;780
11692;798
11692;858
11693;727
11693;780
11693;798
11693;858
11694;727
11694;780
11694;798
11694;858
11695;727
11695;780
11695;798
11695;858
11696;727
11696;780
11696;798
11696;858
11697;727
11697;780
11697;798
11697;858
11698;727
11698;798
11698;858
11699;727
11699;798
11699;858
11700;727
11700;780
11700;798
11700;858
11701;727
11701;798
11701;858
11702;727
11702;798
11702;858
11703;780
11704;780
11705;780
11706;780
11707;780
11708;727
11708;798
11708;858
11709;727
11709;798
11709;858
11710;727
11710;858
11711;727
11711;858
11712;798
11713;798
11714;727
11714;858
11715;727
11715;858
11716;727
11716;858
11717;727
11717;858
11718;727
11718;858
11719;727
11719;858
11720;727
11720;858
11721;727
11721;858
11722;727
11722;858
11723;727
11723;858
11724;727
11724;858
11725;727
11725;858
11726;727
11726;858
11727;727
11727;858
11728;727
11728;858
11729;727
11729;858
11730;727
11730;858
11731;727
11731;858
11732;727
11732;788
11732;858
11733;727
11733;788
11733;858
11734;727
11734;788
11734;858
11735;727
11735;788
11735;858
11736;727
11736;788
11736;858
11737;727
11737;788
11737;858
11738;697
11738;795
11738;806
11739;697
11739;795
11739;806
11740;727
11740;858
11741;727
11741;858
11742;727
11742;788
11742;858
11743;727
11743;788
11743;858
11744;697
11744;795
11744;806
11745;697
11745;795
11745;806
11746;727
11746;788
11746;858
11747;697
11747;727
11747;788
11747;795
11747;806
11747;858
11748;697
11748;727
11748;788
11748;795
11748;806
11748;858
11749;727
11749;788
11749;858
11750;697
11750;727
11750;788
11750;795
11750;806
11750;858
11751;697
11751;727
11751;788
11751;795
11751;806
11751;858
11752;697
11752;727
11752;787
11752;793
11752;795
11752;806
11752;858
11753;697
11753;727
11753;787
11753;793
11753;795
11753;806
11753;858
11754;697
11754;727
11754;795
11754;806
11754;858
11755;697
11755;727
11755;795
11755;806
11755;858
11756;697
11756;727
11756;795
11756;806
11756;858
11757;697
11757;727
11757;787
11757;795
11757;806
11757;858
11758;697
11758;727
11758;787
11758;795
11758;806
11758;858
11759;697
11759;727
11759;787
11759;793
11759;795
11759;806
11759;858
11760;697
11760;727
11760;787
11760;793
11760;795
11760;806
11760;858
11761;697
11761;727
11761;787
11761;793
11761;795
11761;806
11761;858
11764;697
11764;727
11764;787
11764;788
11764;793
11764;795
11764;806
11764;858
11765;697
11765;727
11765;787
11765;788
11765;793
11765;795
11765;806
11765;858
11766;697
11766;727
11766;787
11766;788
11766;793
11766;795
11766;806
11766;858
11767;697
11767;727
11767;787
11767;788
11767;793
11767;795
11767;806
11767;858
11768;697
11768;727
11768;787
11768;788
11768;793
11768;795
11768;806
11768;858
11769;697
11769;727
11769;787
11769;788
11769;793
11769;795
11769;806
11769;858
11770;697
11770;727
11770;787
11770;788
11770;793
11770;795
11770;806
11770;858
11771;697
11771;727
11771;787
11771;788
11771;793
11771;795
11771;806
11771;858
11772;697
11772;727
11772;787
11772;793
11772;795
11772;806
11772;858
11773;697
11773;727
11773;787
11773;793
11773;795
11773;806
11773;858
11774;697
11774;727
11774;787
11774;791
11774;793
11774;795
11774;806
11774;858
11775;697
11775;727
11775;787
11775;791
11775;793
11775;795
11775;806
11775;858
11776;697
11776;727
11776;787
11776;791
11776;793
11776;795
11776;806
11776;858
11777;697
11777;727
11777;787
11777;791
11777;793
11777;795
11777;806
11777;858
11778;697
11778;727
11778;787
11778;788
11778;791
11778;793
11778;795
11778;806
11778;858
11779;697
11779;727
11779;787
11779;788
11779;791
11779;793
11779;795
11779;806
11779;858
11780;727
11780;787
11780;788
11780;791
11780;793
11780;795
11780;858
11781;727
11781;787
11781;788
11781;791
11781;793
11781;795
11781;858
11782;697
11782;727
11782;787
11782;795
11782;806
11782;858
11783;697
11783;727
11783;787
11783;795
11783;806
11783;858
11784;697
11784;727
11784;787
11784;795
11784;806
11784;858
11785;697
11785;727
11785;787
11785;795
11785;806
11785;858
11786;697
11786;727
11786;787
11786;795
11786;806
11786;858
11787;697
11787;727
11787;787
11787;795
11787;806
11787;858
11788;697
11788;727
11788;787
11788;788
11788;793
11788;795
11788;806
11788;858
11789;697
11789;727
11789;787
11789;788
11789;793
11789;795
11789;806
11789;858
11790;727
11790;858
11791;727
11791;858
11796;727
11796;787
11796;788
11796;791
11796;793
11796;795
11796;858
11797;727
11797;787
11797;788
11797;791
11797;793
11797;795
11797;858
11798;727
11798;787
11798;788
11798;791
11798;793
11798;795
11798;858
11799;727
11799;787
11799;788
11799;791
11799;793
11799;795
11799;858
11800;727
11800;787
11800;788
11800;791
11800;793
11800;795
11800;858
11801;727
11801;787
11801;788
11801;791
11801;793
11801;795
11801;858
11802;727
11802;787
11802;788
11802;791
11802;793
11802;858
11802;865
11803;678
11803;679
11803;727
11803;787
11803;788
11803;790
11803;791
11803;793
11803;858
11805;678
11805;679
11805;727
11805;787
11805;788
11805;790
11805;791
11805;793
11805;858
11807;678
11807;679
11807;727
11807;787
11807;788
11807;790
11807;791
11807;793
11807;858
11807;865
11809;678
11809;679
11809;727
11809;787
11809;788
11809;790
11809;791
11809;793
11809;858
11809;865
11810;727
11810;858
11811;727
11811;858
11818;775
11819;775
11820;775
11821;775
11822;775
11823;775
11824;775
11824;778
11825;775
11825;778
11826;775
11826;778
11827;775
11827;778
11828;775
11828;778
11829;775
11829;778
11830;775
11830;778
11831;775
11831;778
11832;775
11833;775
11834;775
11835;775
11838;775
11839;775
11840;775
11840;778
11841;775
11843;775
11843;778
11852;234
11852;36
11853;200
11853;36
11853;515
11853;539
11854;200
11854;234
11854;36
11854;515
11854;539
11855;200
11855;36
11855;515
11855;539
11856;200
11856;234
11856;36
11856;515
11856;539
11857;200
11857;234
11857;36
11857;515
11857;539
11859;200
11859;539
11860;200
11860;539
11862;234
11862;36
11873;490
11878;364
11878;515
11878;53
11878;539
11878;543
11878;555
11878;560
11878;564
11878;930
11886;35
11889;125
11889;140
11889;147
11889;148
11889;240
11889;335
11889;426
11889;434
11889;477
11889;577
11889;77
11889;78
11890;125
11890;140
11890;147
11890;148
11890;240
11890;335
11890;426
11890;434
11890;477
11890;577
11890;77
11890;78
11892;102
11892;168
11892;501
11892;502
11892;503
11892;504
11892;513
11892;599
11893;154
11893;418
11893;475
11894;154
11894;418
11894;475
11895;154
11895;418
11895;475
11896;154
11896;418
11896;475
11897;154
11897;418
11897;475
11898;154
11898;418
11898;475
11899;234
11899;35
11900;35
11901;234
11901;35
11902;35
11903;234
11903;35
11904;35
11905;234
11905;35
11906;35
11907;234
11907;35
11908;234
11908;35
11909;234
11909;35
11910;234
11910;35
11911;234
11911;35
11912;234
11912;35
11913;234
11913;35
11914;234
11914;35
11915;234
11915;35
11916;234
11916;35
11917;234
11917;35
11918;234
11918;35
11920;234
11920;35
11929;41
11929;42
11929;46
11930;41
11930;42
11930;46
11930;49
11931;41
11931;42
11931;46
11932;41
11932;42
11932;46
11932;49
11937;41
11937;42
11937;46
11938;41
11938;42
11938;46
11939;41
11939;42
11939;46
11940;41
11940;42
11940;46
11941;41
11941;42
11941;46
11942;41
11942;42
11942;46
11947;42
11947;46
11949;42
11949;475
11952;41
11952;42
11952;46
11953;46
11953;475
11954;46
11954;475
11955;46
11955;475
11956;46
11956;475
11957;46
11957;475
11958;46
11958;475
11959;46
11959;475
11960;46
11961;46
11962;46
11963;46
11964;46
11973;46
11974;46
11975;46
11976;46
11977;46
11978;46
11979;46
11980;46
11982;46
11984;46
11989;44
11989;45
11989;475
11990;44
11990;45
11990;475
11991;44
11991;45
11991;475
11992;44
11992;45
11992;475
11993;45
11994;45
11995;45
11996;45
11997;45
11998;45
11999;45
12000;45
12007;44
12007;475
12008;44
12008;475
12009;44
12009;475
12010;44
12010;475
12011;44
12011;475
12012;44
12012;475
12013;44
12014;44
12021;44
12022;44
12023;44
12024;44
12028;44
12033;44
12034;44
12036;44
12042;34
12042;42
12042;441
12043;34
12043;42
12043;441
12045;34
12049;42
12049;441
12050;42
12050;441
12051;42
12051;441
12052;42
12052;441
12054;42
12054;441
12057;104
12057;105
12057;171
12057;233
12057;234
12057;285
12057;374
12057;465
12057;470
12057;471
12057;484
12057;485
12057;72
12057;940
12058;104
12058;105
12058;157
12058;171
12058;193
12058;224
12058;23
12058;233
12058;285
12058;29
12058;30
12058;32
12058;33
12058;374
12058;465
12058;471
12058;484
12058;485
12058;72
12058;940
12059;29
12059;30
12059;32
12059;33
12060;234
12060;27
12060;470
12060;680
12060;691
12061;193
12061;224
12061;23
12061;680
12061;691
12062;157
12062;193
12062;224
12062;23
12062;234
12062;27
12062;470
12062;680
12062;691
12063;193
12063;224
12063;23
12063;234
12063;680
12063;691
12064;104
12064;105
12064;171
12064;233
12064;234
12064;285
12064;374
12064;465
12064;470
12064;471
12064;484
12064;485
12064;490
12064;72
12064;940
12065;104
12065;105
12065;171
12065;233
12065;234
12065;285
12065;374
12065;465
12065;470
12065;471
12065;484
12065;485
12065;72
12065;940
12066;104
12066;105
12066;171
12066;233
12066;285
12066;33
12066;374
12066;465
12066;471
12066;484
12066;485
12066;72
12066;940
12068;104
12068;105
12068;171
12068;233
12068;234
12068;285
12068;374
12068;465
12068;470
12068;471
12068;484
12068;485
12068;490
12068;72
12068;940
12069;104
12069;105
12069;171
12069;233
12069;234
12069;285
12069;374
12069;465
12069;470
12069;471
12069;484
12069;485
12069;72
12069;940
12070;104
12070;105
12070;171
12070;233
12070;234
12070;285
12070;374
12070;465
12070;470
12070;471
12070;484
12070;490
12070;72
12070;940
12071;104
12071;105
12071;171
12071;233
12071;234
12071;285
12071;374
12071;465
12071;470
12071;471
12071;484
12071;485
12071;72
12071;940
12079;33
12080;33
12081;33
12082;33
12083;33
12084;33
12085;33
12086;33
12087;33
12088;33
12089;33
12092;33
12093;33
12098;33
12100;33
12116;29
12116;30
12116;32
12117;29
12117;30
12117;32
12118;29
12118;30
12118;32
12119;29
12119;30
12119;32
12120;29
12121;29
12121;30
12121;32
12122;29
12123;29
12124;29
12125;29
12126;29
12126;30
12126;32
12127;29
12129;29
12135;30
12136;30
12137;30
12138;30
12139;30
12140;30
12142;30
12147;32
12148;32
12149;32
12150;32
12151;32
12152;32
12153;32
12154;32
12155;32
12156;32
12157;32
12158;32
12159;32
12167;21
12169;21
12171;21
12173;21
12175;21
12177;21
12179;21
12181;21
12182;21
12189;15
12190;15
12191;15
12192;15
12193;15
12198;157
12198;193
12198;224
12198;23
12198;27
12198;680
12198;691
12199;193
12199;224
12199;23
12199;522
12199;550
12199;556
12199;588
12199;680
12199;823
12199;89
12200;193
12200;224
12200;23
12200;522
12200;550
12200;556
12200;588
12200;680
12200;823
12200;89
12201;193
12201;224
12201;23
12201;522
12201;550
12201;556
12201;588
12201;680
12201;823
12201;89
12202;193
12202;224
12202;23
12202;522
12202;550
12202;556
12202;588
12202;680
12202;823
12202;89
12203;193
12203;224
12203;23
12203;522
12203;588
12203;680
12203;823
12204;193
12204;224
12204;23
12204;522
12204;550
12204;556
12204;588
12204;680
12204;823
12205;193
12205;224
12205;23
12205;522
12205;588
12205;680
12205;823
12206;193
12206;224
12206;23
12206;522
12206;588
12206;680
12206;823
12207;193
12207;224
12207;23
12207;522
12207;588
12207;680
12207;823
12208;193
12208;224
12208;23
12208;522
12208;588
12208;680
12208;823
12209;124
12209;193
12209;224
12209;23
12209;522
12209;587
12209;588
12209;680
12209;823
12209;879
12210;124
12210;193
12210;224
12210;23
12210;522
12210;587
12210;588
12210;680
12210;823
12210;879
12211;124
12211;193
12211;224
12211;23
12211;522
12211;587
12211;588
12211;680
12211;823
12211;879
12212;124
12212;193
12212;224
12212;23
12212;522
12212;587
12212;588
12212;680
12212;823
12212;879
12213;124
12213;193
12213;23
12213;587
12213;588
12213;680
12214;124
12214;193
12214;23
12214;587
12214;588
12214;680
12215;193
12215;224
12215;23
12215;522
12215;587
12215;671
12215;680
12215;823
12216;193
12216;224
12216;23
12216;522
12216;587
12216;671
12216;680
12216;823
12217;224
12217;23
12217;523
12217;823
12217;877
12218;224
12218;23
12218;523
12218;823
12218;877
12219;224
12219;23
12219;523
12219;823
12219;877
12220;224
12220;23
12220;523
12220;823
12220;877
12221;224
12222;23
12222;523
12222;823
12222;877
12223;23
12223;523
12223;823
12223;877
12224;23
12224;523
12224;823
12224;877
12225;23
12225;523
12225;823
12225;877
12226;23
12226;523
12226;823
12226;877
12227;23
12227;523
12227;823
12227;877
12228;23
12228;523
12228;823
12228;877
12229;23
12229;523
12229;823
12229;877
12230;23
12230;523
12230;823
12230;877
12231;23
12231;523
12231;823
12231;877
12232;23
12232;523
12232;823
12232;877
12233;23
12233;523
12233;823
12233;877
12234;23
12234;516
12234;523
12234;873
12234;877
12234;977
12235;23
12235;516
12235;523
12235;873
12235;877
12235;977
12236;23
12236;516
12236;523
12236;873
12236;877
12236;977
12237;23
12237;516
12237;523
12237;877
12237;977
12238;23
12238;516
12238;523
12238;877
12239;23
12239;516
12239;523
12239;877
12240;23
12240;516
12240;523
12240;877
12255;522
12255;550
12255;556
12255;588
12255;823
12255;89
12256;522
12256;550
12256;556
12256;588
12256;823
12256;89
12257;124
12257;156
12257;20
12257;522
12257;556
12257;588
12257;823
12257;84
12257;89
12258;20
12259;124
12259;156
12259;20
12259;522
12259;556
12259;588
12259;823
12259;84
12259;89
12260;20
12263;124
12263;156
12263;522
12263;550
12263;556
12263;587
12263;588
12263;823
12263;84
12263;89
12266;550
12266;587
12267;16
12267;18
12267;19
12267;490
12267;520
12267;523
12267;524
12267;575
12267;579
12268;16
12268;18
12268;19
12268;520
12268;523
12268;524
12268;575
12268;579
12269;16
12269;18
12269;19
12269;490
12269;520
12269;523
12269;524
12269;575
12269;579
12270;16
12270;18
12270;19
12270;520
12270;523
12270;524
12270;575
12270;579
12271;16
12271;19
12271;520
12271;523
12271;524
12271;879
12272;16
12272;19
12272;520
12272;523
12272;524
12272;879
12273;16
12273;19
12273;520
12273;523
12273;524
12273;879
12274;16
12274;19
12274;520
12274;523
12274;524
12274;879
12275;16
12275;19
12275;520
12275;523
12275;524
12275;879
12276;16
12276;19
12276;520
12276;523
12276;524
12276;879
12277;16
12277;19
12277;520
12277;523
12277;524
12277;879
12278;16
12278;19
12278;520
12278;523
12278;524
12278;879
12287;124
12287;20
12287;587
12287;84
12288;124
12288;20
12288;587
12288;84
12289;124
12289;20
12289;587
12289;84
12290;124
12290;20
12290;587
12290;84
12291;124
12291;587
12291;879
12292;124
12292;587
12292;879
12293;124
12293;587
12293;879
12294;124
12294;587
12294;879
12303;18
12303;575
12303;579
12303;879
12304;18
12304;575
12304;579
12304;879
12305;18
12305;575
12305;579
12305;879
12306;18
12306;575
12306;579
12306;879
12307;18
12307;575
12307;579
12307;879
12308;18
12308;575
12308;579
12308;879
12315;18
12315;20
12315;575
12315;579
12316;18
12316;20
12316;575
12316;579
12317;20
12318;20
12323;18
12323;575
12323;579
12324;18
12324;575
12324;579
12325;18
12325;575
12325;579
12326;18
12326;575
12326;579
12331;18
12331;520
12331;575
12331;579
12332;18
12332;520
12332;575
12332;579
12333;16
12333;18
12333;520
12333;575
12333;579
12334;18
12334;520
12334;575
12334;579
12335;16
12335;18
12335;520
12335;575
12335;579
12336;16
12336;18
12336;520
12336;575
12336;579
12337;18
12337;19
12337;523
12337;524
12337;575
12337;579
12337;879
12338;16
12338;18
12338;520
12338;575
12338;579
12339;18
12339;19
12339;523
12339;524
12339;575
12339;579
12339;879
12340;18
12340;19
12340;523
12340;524
12340;575
12340;579
12340;879
12341;18
12341;19
12341;523
12341;524
12341;575
12341;579
12341;879
12342;18
12342;19
12342;523
12342;524
12342;575
12342;579
12342;879
12343;19
12344;18
12344;19
12344;523
12344;524
12344;575
12344;579
12344;879
12345;19
12346;19
12347;19
12348;19
12350;19
12363;16
12363;19
12363;520
12363;523
12363;524
12363;879
12364;16
12364;19
12364;520
12364;523
12364;524
12364;879
12365;520
12366;520
12367;18
12367;520
12367;575
12367;579
12368;20
12368;520
12369;20
12369;520
12376;84
12378;84
12379;84
12380;84
12381;84
12382;84
12383;84
12384;84
12385;84
12386;84
12387;84
12399;84
12404;20
12404;520
12405;20
12405;520
12406;20
12406;520
12407;20
12407;520
12408;20
12408;520
12409;20
12409;520
12410;20
12410;520
12411;20
12411;520
12413;20
12413;520
12419;19
12420;19
12421;19
12422;19
12423;517
12423;879
12424;517
12424;879
12425;517
12425;879
12426;517
12426;879
12427;18
12427;517
12427;523
12427;524
12427;579
12428;18
12428;517
12428;523
12428;524
12428;579
12429;18
12429;517
12429;523
12429;524
12429;579
12430;18
12430;517
12430;523
12430;524
12430;579
12431;517
12431;523
12431;524
12432;517
12432;523
12432;524
12433;16
12433;20
12433;517
12433;523
12433;524
12433;680
12434;16
12434;20
12434;517
12434;523
12434;524
12434;680
12435;16
12435;20
12435;517
12435;523
12435;524
12435;680
12436;16
12436;20
12436;517
12436;523
12436;524
12436;680
12437;16
12437;20
12437;520
12437;523
12437;524
12437;587
12437;680
12437;84
12438;16
12438;20
12438;517
12438;520
12438;523
12438;524
12438;680
12438;84
12439;16
12439;18
12439;20
12439;579
12439;680
12440;16
12440;18
12440;20
12440;579
12440;680
12441;16
12441;18
12441;20
12441;579
12441;680
12452;16
12452;20
12452;520
12452;84
12453;16
12453;20
12453;520
12453;84
12454;16
12454;20
12454;520
12454;84
12455;16
12455;20
12455;520
12455;84
12456;16
12456;20
12456;520
12456;84
12457;16
12457;20
12457;520
12457;84
12458;16
12458;20
12458;520
12458;84
12459;16
12459;20
12459;520
12459;84
12460;193
12460;522
12460;524
12460;671
12460;877
12461;193
12461;522
12461;524
12461;671
12461;877
12462;193
12462;522
12462;524
12462;671
12462;877
12463;193
12463;522
12463;524
12463;671
12463;877
12464;193
12464;522
12464;524
12464;671
12464;877
12465;193
12465;522
12465;524
12465;671
12465;877
12466;193
12466;522
12466;524
12466;671
12466;877
12467;193
12467;522
12467;524
12467;671
12467;877
12468;193
12468;522
12468;524
12468;671
12468;877
12469;193
12469;517
12469;522
12469;524
12469;671
12469;877
12470;193
12470;517
12470;522
12470;524
12470;671
12470;877
12471;193
12471;517
12471;522
12471;524
12471;671
12471;877
12472;193
12472;224
12472;517
12472;522
12472;524
12472;671
12473;193
12473;517
12473;522
12473;524
12473;671
12474;193
12474;224
12474;517
12474;522
12474;524
12474;671
12475;193
12475;517
12475;522
12475;524
12475;671
12488;520
12488;84
12489;520
12489;84
12490;520
12490;84
12491;520
12491;84
12492;84
12493;84
12494;84
12495;84
12496;84
12497;84
12498;84
12499;84
12501;84
12502;16
12503;16
12508;193
12508;522
12508;523
12508;587
12508;671
12508;680
12508;877
12509;193
12509;522
12509;523
12509;587
12509;671
12509;680
12509;877
12510;517
12510;587
12511;517
12511;587
12512;517
12512;587
12513;517
12513;587
12514;517
12514;587
12515;517
12515;587
12516;517
12516;587
12517;517
12517;587
12518;517
12518;587
12519;517
12519;587
12520;517
12520;587
12521;517
12521;587
12522;517
12522;587
12523;517
12523;587
12524;517
12524;587
12525;517
12525;587
12527;517
12527;587
12529;517
12529;587
12538;124
12539;124
12539;517
12540;124
12540;517
12541;193
12541;524
12541;873
12541;877
12542;193
12542;224
12542;524
12542;873
12542;877
12543;89
12544;89
12545;89
12546;89
12547;89
12548;89
12549;89
12550;89
12551;89
12552;89
12553;89
12554;89
12555;89
12562;550
12562;556
12562;89
12563;550
12563;556
12563;89
12564;550
12564;556
12565;550
12565;556
12566;550
12566;556
12567;550
12567;556
12568;550
12568;556
12573;108
12574;108
12575;108
12576;108
12577;108
12578;108
12579;108
12580;108
12581;108
12582;108
12583;108
12584;108
12585;108
12586;108
12589;108
12596;156
12596;157
12596;27
12596;556
12596;879
12597;156
12597;157
12597;27
12598;156
12598;157
12598;27
12598;556
12598;879
12599;156
12599;157
12599;27
12599;556
12599;879
12600;156
12600;157
12600;27
12600;556
12600;879
12601;156
12601;157
12601;27
12601;556
12601;879
12602;156
12602;157
12602;27
12602;556
12602;879
12603;156
12603;157
12603;27
12603;556
12603;879
12604;156
12604;157
12604;27
12604;556
12604;879
12605;156
12605;157
12605;27
12605;556
12605;879
12607;156
12607;157
12607;27
12607;556
12607;879
12617;224
12617;522
12617;671
12617;823
12618;224
12618;522
12618;671
12618;823
12620;224
12620;522
12620;588
12620;671
12620;823
12621;224
12621;522
12621;671
12621;823
12622;156
12622;157
12622;27
12622;671
12623;671
12624;522
12624;671
12624;823
12625;224
12625;522
12625;671
12625;823
12629;556
12629;671
12629;879
12630;556
12630;671
12630;879
12633;556
12633;671
12633;879
12634;556
12634;671
12634;879
12638;550
12638;556
12638;671
12638;879
12639;550
12639;556
12639;671
12639;879
12641;550
12641;556
12641;671
12641;879
12642;550
12642;556
12642;671
12642;879
12643;224
12643;522
12643;823
12643;879
12644;224
12644;522
12644;823
12644;879
12646;588
12647;588
12648;588
12649;588
12650;588
12651;588
12652;588
12653;588
12654;588
12655;588
12656;588
12657;588
12662;550
12664;550
12665;550
12666;550
12667;550
12668;550
12669;550
12670;588
12671;550
12672;588
12673;588
12674;588
12674;828
12675;588
12676;588
12676;828
12677;588
12677;828
12679;588
12679;828
12694;550
12695;550
12696;550
12700;92
12701;92
12702;92
12703;92
12704;92
12705;92
12706;92
12707;92
12708;92
12709;92
12710;92
12711;92
12712;92
12713;92
12714;157
12714;828
12714;879
12716;157
12716;828
12716;879
12717;157
12717;828
12717;879
12718;157
12718;828
12718;879
12718;92
12719;157
12719;828
12719;879
12720;157
12720;828
12720;879
12720;92
12721;157
12721;828
12721;879
12721;92
12722;157
12722;610
12722;92
12723;157
12723;828
12723;879
12723;92
12724;157
12724;610
12724;92
12725;157
12725;610
12725;92
12726;157
12727;157
12727;610
12727;92
12728;157
12729;157
12731;157
12733;157
12736;610
12736;92
12737;610
12737;92
12738;588
12738;828
12739;588
12739;828
12740;588
12740;828
12741;588
12741;828
12742;588
12742;828
12747;124
12748;124
12749;124
12750;124
12751;124
12752;124
12753;224
12754;224
12755;224
12756;224
12757;224
12758;224
12759;224
12760;224
12761;224
12762;224
12763;224
12764;224
12765;224
12766;224
12767;524
12768;224
12769;224
12777;877
12778;224
12778;877
12779;224
12779;877
12780;877
12781;224
12781;877
12782;224
12782;877
12787;193
12787;524
12788;193
12788;524
12789;193
12789;524
12789;873
12789;877
12790;193
12790;224
12790;524
12790;873
12790;877
12791;193
12791;524
12791;873
12791;877
12792;193
12792;524
12792;873
12792;877
12793;224
12793;524
12794;224
12794;524
12795;524
12795;873
12796;193
12796;524
12796;873
12797;193
12797;524
12797;873
12798;193
12798;524
12798;873
12800;193
12800;524
12801;193
12801;524
12801;873
12801;877
12802;193
12802;524
12802;873
12802;877
12804;193
12804;524
12804;873
12805;193
12805;873
12806;224
12807;193
12807;873
12808;193
12808;524
12808;873
12809;224
12810;224
12811;193
12811;524
12811;873
12818;156
12818;27
12818;556
12818;828
12819;156
12819;27
12819;556
12819;828
12820;27
12820;556
12820;828
12821;27
12821;556
12821;828
12822;27
12822;556
12823;27
12823;556
12824;27
12824;556
12825;27
12825;556
12826;556
12827;27
12827;556
12828;27
12828;556
12829;27
12829;556
12830;27
12830;556
12831;27
12831;556
12832;27
12833;156
12833;27
12833;516
12833;539
12833;556
12833;873
12840;27
12842;27
12844;27
12846;27
12846;556
12847;27
12847;556
12848;156
12849;156
12850;156
12851;156
12852;156
12853;156
12854;156
12855;156
12856;156
12863;157
12863;828
12863;879
12864;157
12864;828
12864;879
12865;157
12865;828
12865;879
12866;157
12866;828
12866;879
12867;157
12867;828
12867;879
12868;157
12868;828
12868;879
12874;102
12874;154
12874;168
12874;364
12874;418
12874;475
12874;498
12874;501
12874;502
12874;503
12874;504
12874;513
12874;515
12874;53
12874;534
12874;539
12874;543
12874;555
12874;560
12874;564
12874;599
12874;930
12876;152
12876;353
12876;491
12876;510
12876;691
12876;828
12876;910
12877;152
12877;353
12877;510
12877;691
12877;828
12877;891
12877;910
12878;152
12878;353
12878;510
12878;691
12878;828
12878;891
12878;910
12879;152
12879;353
12879;491
12879;510
12879;691
12879;828
12879;891
12879;910
12880;152
12880;353
12880;491
12880;510
12880;691
12880;828
12880;891
12880;910
12881;152
12881;353
12881;491
12881;510
12881;691
12881;828
12881;910
12882;152
12882;353
12882;491
12882;510
12882;691
12882;828
12882;910
12883;152
12883;353
12883;491
12883;510
12883;691
12883;828
12883;910
12884;152
12884;353
12884;491
12884;510
12884;691
12884;828
12884;910
12885;152
12885;353
12885;491
12885;510
12885;691
12885;828
12885;910
12886;152
12886;353
12886;491
12886;510
12886;691
12886;828
12886;910
12887;152
12887;353
12887;510
12887;691
12887;910
12888;152
12888;353
12888;491
12888;510
12888;691
12888;828
12888;910
12889;152
12889;353
12889;510
12889;691
12889;910
12890;152
12890;353
12890;510
12890;691
12890;910
12891;152
12891;353
12891;491
12891;510
12891;691
12891;828
12891;910
12893;152
12893;353
12893;510
12893;691
12893;910
12895;152
12895;353
12895;491
12895;510
12895;691
12895;828
12895;910
12906;491
12906;891
12907;491
12907;891
12908;491
12908;891
12909;491
12909;891
12910;491
12910;891
12911;491
12911;891
12912;491
12912;891
12913;491
12913;891
12914;491
12914;891
12915;491
12915;891
12918;491
12918;891
12919;491
12919;891
12920;491
12920;891
12921;491
12921;891
12922;491
12922;891
12923;491
12923;891
12924;491
12924;891
12925;491
12925;891
12926;491
12926;891
12927;491
12927;891
12928;491
12928;891
12931;491
12931;891
12932;491
12932;891
12934;491
12934;891
12935;491
12935;891
12937;152
12937;353
12937;510
12937;691
12937;910
12939;152
12939;353
12939;510
12939;691
12939;910
12940;152
12940;353
12940;510
12940;691
12940;910
12941;152
12941;353
12941;510
12941;691
12941;910
12942;152
12942;353
12942;510
12942;691
12942;910
12943;152
12943;353
12943;510
12943;691
12943;910
12944;152
12944;353
12944;491
12944;510
12944;691
12944;828
12944;910
12945;491
12945;828
12946;152
12946;353
12946;491
12946;510
12946;691
12946;828
12946;910
12947;491
12947;828
12948;152
12948;353
12948;510
12948;691
12948;910
12957;705
12957;887
12957;889
12960;728
12960;828
12960;889
12961;728
12961;828
12961;889
12962;728
12962;828
12962;889
12963;728
12963;828
12963;889
12964;728
12964;828
12964;889
12965;728
12965;828
12965;889
12966;728
12966;828
12966;889
12967;728
12967;828
12967;889
12968;728
12968;828
12968;889
12969;728
12969;828
12969;889
12970;728
12970;828
12970;889
12971;728
12971;828
12971;889
12972;728
12972;828
12972;889
12973;728
12973;828
12974;728
12974;828
12975;728
12975;828
12975;889
12976;728
12976;828
12976;889
12977;728
12977;828
12977;889
12978;728
12978;828
12978;889
12979;728
12979;828
12980;728
12980;828
12980;889
12981;728
12981;828
12981;889
12982;728
12982;828
12982;889
12983;728
12983;828
12983;889
12984;728
12984;828
12984;889
12985;728
12985;828
12985;889
12986;728
12986;828
12986;889
12987;705
12987;828
12987;889
12988;705
12988;828
12988;889
12989;705
12989;828
12989;889
12990;705
12990;828
12990;889
12991;705
12991;828
12991;889
12992;705
12992;828
12992;889
12993;705
12993;828
12993;889
12994;705
12994;828
12994;889
12995;705
12995;828
12995;889
12996;705
12996;828
12996;889
12997;705
12997;828
12997;889
12999;705
12999;828
13000;705
13000;828
13000;889
13002;728
13002;828
13002;889
13003;728
13003;828
13003;889
13004;828
13005;491
13005;705
13005;728
13005;828
13005;887
13005;889
13006;491
13006;705
13006;728
13006;828
13006;887
13006;889
13007;728
13007;828
13007;889
13009;705
13009;828
13010;705
13010;828
13016;200
13016;202
13016;204
13016;206
13018;200
13018;202
13018;204
13018;206
13021;789
13021;799
13022;789
13022;799
13029;707
13029;728
13030;707
13030;728
13031;728
13032;728
13033;728
13034;728
13035;728
13036;728
13037;728
13038;728
13039;728
13040;728
13041;728
13042;728
13043;728
13054;729
13055;729
13056;729
13057;729
13058;729
13059;729
13060;729
13061;729
13062;729
13063;729
13064;729
13065;729
13066;729
13067;729
13068;729
13069;729
13070;729
13071;729
13073;729
13074;729
13075;729
13075;792
13078;729
13079;729
13083;729
13084;729
13085;729
13086;92
13087;92
13088;92
13089;92
13090;92
13091;92
13098;84
13099;84
13102;16
13103;16
13104;16
13105;16
13106;16
13107;16
13114;520
13115;520
13116;520
13117;520
13118;520
13119;520
13120;520
13121;520
13123;520
13124;520
13125;520
13130;799
13130;804
13130;829
13162;353
13162;828
13163;233
13164;232
13164;491
13164;808
13164;828
13165;818
13166;232
13181;232
13181;233
13181;353
13181;818
13182;232
13182;233
13182;353
13182;818
13183;232
13183;233
13183;353
13183;491
13183;818
13184;232
13184;233
13184;353
13184;491
13184;818
13223;491
13223;828
13234;705
13234;728
13234;828
13234;887
13234;889
13248;17
13248;517
13248;522
13248;877
13249;17
13249;517
13249;522
13249;877
13250;17
13250;517
13250;522
13250;877
13251;17
13251;517
13251;522
13251;877
13254;17
13254;517
13254;522
13254;877
13255;17
13255;517
13255;522
13255;877
13256;17
13256;24
13256;517
13256;522
13256;877
13257;17
13257;24
13257;517
13257;522
13257;877
13258;17
13258;517
13258;522
13258;877
13259;17
13259;517
13259;522
13259;877
13260;17
13260;517
13260;522
13260;877
13261;17
13261;517
13261;522
13261;877
13262;17
13262;517
13262;522
13262;877
13263;17
13263;517
13263;522
13263;877
13264;17
13264;517
13264;522
13264;877
13265;17
13265;517
13265;522
13265;877
13266;17
13266;517
13266;522
13266;877
13267;17
13267;24
13267;517
13267;522
13267;877
13268;17
13268;24
13268;517
13268;522
13268;877
13274;707
13274;814
13275;707
13275;814
13276;729
13276;792
13276;794
13276;829
13277;789
13277;799
13278;775
13279;776
13280;808
13281;804
13281;814
13300;828
13301;491
13301;889
13302;887
13303;728
13304;705
13329;799
13329;804
13329;829
13330;799
13330;804
13330;829
13331;799
13331;804
13331;829
13332;789
13332;799
13332;804
13332;829
13333;789
13333;799
13333;804
13333;829
13334;789
13334;799
13334;804
13334;829
13335;789
13335;799
13335;804
13335;829
13338;610
13338;828
13338;879
13339;610
13339;828
13339;879
13340;214
13341;153
13343;249
13344;54
13345;662
13345;699
13346;59
13347;58
13347;64
13348;117
13348;60
13349;367
13349;57
13351;34
13351;39
13351;41
13351;418
13351;42
13351;46
13351;466
13351;49
13351;838
13352;34
13352;39
13352;41
13352;418
13352;42
13352;46
13352;466
13352;49
13352;838
13385;16
13386;16
13387;16
13388;16
13389;16
13390;16
13391;16
13392;16
13416;785
13417;785
13418;785
13419;785
13421;785
13422;785
13423;785
13424;785
13425;785
13426;785
13427;785
13428;785
13429;785
13430;785
13431;785
13432;785
13433;785
13434;785
13435;785
13436;785
13437;785
13438;785
13439;785
13440;785
13441;785
13442;785
13443;785
13444;785
13445;785
13446;785
13447;785
13472;814
13473;814
13474;814
13475;814
13476;814
13477;814
13478;814
13479;814
13480;814
13481;814
13482;814
13487;814
13488;814
13489;814
13490;814
13491;814
13492;814
13495;789
13495;799
13495;829
13496;789
13496;799
13496;829
13497;789
13497;799
13497;829
13498;789
13498;799
13498;829
13499;789
13499;799
13499;829
13500;789
13500;799
13500;829
13501;829
13502;789
13502;799
13502;829
13503;789
13503;799
13504;789
13504;799
13505;789
13505;799
13506;789
13506;799
13507;789
13508;789
13509;789
13510;789
13511;789
13512;789
13513;789
13514;789
13515;789
13516;789
13516;799
13517;789
13517;799
13518;829
13519;829
13520;829
13520;989
13521;829
13521;989
13535;979
13535;986
13535;987
13535;989
13536;979
13536;986
13536;987
13536;989
13539;989
13540;979
13540;986
13540;987
13540;989
13542;979
13542;986
13542;987
13542;989
13543;986
13543;987
13543;989
13544;979
13544;986
13544;987
13544;989
13545;979
13545;986
13545;987
13545;989
13546;979
13546;986
13546;987
13546;989
13547;979
13547;986
13547;987
13547;989
13548;979
13548;986
13548;987
13548;989
13549;979
13549;986
13549;987
13549;989
13550;979
13550;986
13550;987
13550;989
13551;979
13551;986
13551;987
13551;989
13553;979
13553;986
13553;987
13553;989
13554;979
13554;986
13554;987
13554;989
13556;979
13556;986
13556;987
13556;989
13557;979
13557;986
13557;987
13557;989
13558;979
13558;986
13558;987
13558;989
13559;979
13559;986
13559;987
13559;989
13560;640
13560;641
13560;642
13560;675
13560;975
13560;979
13560;985
13560;986
13560;987
13560;989
13560;990
13560;991
13561;975
13561;979
13561;986
13561;987
13561;989
13562;640
13562;641
13562;642
13562;675
13562;732
13562;975
13562;979
13562;985
13562;986
13562;987
13562;989
13562;990
13562;991
13563;640
13563;641
13563;642
13563;675
13563;975
13563;979
13563;985
13563;986
13563;987
13563;989
13563;990
13563;991
13564;640
13564;642
13564;675
13564;975
13564;985
13564;986
13564;987
13564;990
13565;640
13565;641
13565;642
13565;675
13565;732
13565;975
13565;979
13565;985
13565;986
13565;987
13565;989
13565;990
13565;991
13567;675
13567;732
13567;975
13567;985
13567;987
13567;991
13568;829
13569;829
13570;829
13571;829
13572;829
13573;829
13574;829
13574;989
13575;829
13575;989
13576;829
13576;989
13577;829
13577;989
13578;829
13579;829
13580;829
13581;829
13582;829
13583;829
13584;789
13584;799
13584;829
13585;789
13585;799
13585;829
13586;829
13587;829
13588;829
13589;829
13590;829
13591;829
13592;829
13593;829
13594;829
13595;829
13596;829
13597;829
13598;829
13599;829
13600;829
13601;829
13602;829
13603;829
13604;829
13605;829
13606;829
13607;829
13608;829
13609;829
13610;829
13611;829
13612;829
13613;829
13614;829
13615;829
13616;829
13616;989
13617;829
13617;989
13618;829
13618;989
13619;829
13619;989
13620;829
13620;989
13621;829
13621;989
13622;829
13622;989
13623;829
13623;989
13624;829
13624;989
13625;829
13625;989
13626;829
13626;989
13627;829
13627;989
13628;829
13628;989
13629;829
13629;989
13630;829
13630;989
13631;829
13631;989
13632;829
13632;989
13633;829
13633;989
13634;829
13634;989
13635;829
13635;989
13636;829
13636;989
13637;829
13637;989
13638;829
13638;989
13639;829
13639;989
13640;829
13640;989
13641;829
13641;989
13642;829
13642;989
13643;829
13643;989
13644;829
13645;829
13646;829
13647;829
13648;829
13649;829
13650;829
13651;829
13652;829
13653;829
13654;829
13655;829
13656;829
13656;989
13657;829
13658;829
13659;829
13659;989
13660;829
13660;989
13661;829
13661;989
13662;829
13662;989
13663;829
13663;989
13664;829
13664;989
13665;829
13665;989
13666;829
13666;989
13667;829
13667;989
13668;829
13668;989
13669;829
13669;989
13670;829
13670;989
13671;829
13671;989
13672;829
13673;829
13674;829
13674;989
13675;829
13675;989
13676;829
13676;989
13677;829
13677;989
13678;979
13678;989
13679;979
13679;989
13680;829
13680;989
13681;829
13681;989
13682;979
13682;989
13683;979
13683;989
13684;979
13684;989
13685;979
13685;989
13686;979
13686;989
13687;979
13687;989
13688;979
13688;989
13690;782
13691;782
13692;782
13693;782
13694;782
13695;782
13696;697
13696;782
13696;795
13696;806
13697;697
13697;782
13697;795
13697;806
13698;697
13698;782
13698;795
13698;806
13700;782
13701;782
13702;782
13703;782
13704;782
13705;782
13706;782
13707;782
13708;782
13709;788
13710;788
13712;788
13713;788
13715;788
13716;788
13717;788
13718;788
13719;788
13720;788
13721;787
13721;788
13722;788
13723;788
13724;787
13725;788
13726;788
13727;788
13728;788
13730;788
13731;793
13732;793
13733;793
13734;793
13735;793
13736;793
13737;793
13738;793
13739;793
13740;793
13741;793
13742;793
13743;793
13744;793
13745;793
13746;788
13747;788
13748;788
13748;793
13749;788
13749;793
13750;788
13750;793
13751;788
13751;793
13768;787
13769;787
13770;787
13771;787
13772;787
13773;787
13776;787
13777;787
13778;787
13780;787
13781;787
13782;787
13783;787
13784;787
13785;787
13786;787
13787;787
13788;787
13798;784
13799;784
13800;784
13801;784
13802;784
13803;784
13804;784
13805;784
13806;784
13807;784
13808;784
13809;784
13810;784
13811;784
13812;784
13813;784
13814;784
13815;784
13816;784
13817;784
13818;784
13819;784
13820;784
13821;784
13822;784
13823;784
13824;784
13825;784
13826;784
13827;784
13828;784
13829;784
13830;784
13831;784
13832;784
13833;784
13834;784
13835;784
13836;176
13836;784
13838;714
13838;783
13839;714
13839;783
13840;783
13841;783
13844;783
13845;783
13846;783
13847;783
13849;783
13851;701
13851;715
13851;722
13851;783
13852;701
13852;715
13852;722
13852;783
13853;783
13854;783
13855;783
13856;783
13857;783
13859;783
13860;783
13861;783
13862;783
13863;783
13864;783
13865;763
13866;783
13867;792
13868;792
13871;714
13871;783
13872;714
13872;783
13873;786
13874;786
13875;786
13876;786
13878;763
13879;763
13880;763
13881;763
13882;763
13883;763
13884;786
13885;763
13886;786
13887;786
13888;786
13889;786
13890;763
13891;786
13893;786
13894;783
13895;783
13897;783
13898;783
13899;763
13900;763
13901;763
13902;763
13903;829
13903;989
13904;829
13904;989
13905;829
13905;989
13906;829
13906;989
13907;829
13907;989
13908;829
13908;989
13909;829
13909;989
13910;829
13910;989
13911;829
13911;989
13912;829
13912;989
13913;829
13913;989
13914;829
13914;989
13915;829
13915;989
13916;829
13916;989
13917;789
13917;799
13918;789
13918;799
13919;789
13919;799
13920;789
13920;799
13920;829
13921;789
13921;799
13921;829
13922;829
13923;829
13924;829
13925;829
13926;829
13927;829
13928;829
13929;829
13930;829
13931;829
13932;829
13933;829
13934;829
13934;989
13935;829
13935;989
13936;829
13936;989
13937;829
13937;989
13938;829
13938;989
13939;829
13939;989
13940;829
13940;989
13941;829
13941;989
13942;829
13942;989
13943;829
13943;989
13944;788
13945;788
13946;788
13947;788
13948;788
13949;788
13950;788
13951;788
13952;788
13953;788
13954;788
13955;788
13956;788
13957;788
13958;788
13959;788
13960;829
13960;989
13961;829
13961;989
13962;763
13963;763
13964;763
13965;763
13966;763
13967;763
13968;763
13969;763
13970;781
13971;781
13972;781
13973;781
13974;781
13975;781
13976;781
13977;781
13978;781
13979;781
13980;781
13981;781
13982;781
13983;763
13984;763
13985;763
13986;763
13988;784
13989;784
13990;784
13991;784
13992;784
13993;784
13995;678
13995;679
13995;727
13995;787
13995;788
13995;790
13995;791
13995;793
13995;858
13995;865
13996;678
13996;679
13996;790
13996;865
13997;678
13997;679
13997;790
13998;679
13998;790
13999;679
13999;790
14000;679
14000;790
14001;679
14001;790
14002;679
14002;790
14003;679
14003;790
14004;679
14004;790
14005;679
14005;790
14006;679
14006;790
14007;679
14007;790
14008;679
14008;790
14009;679
14009;790
14010;679
14010;790
14011;679
14011;790
14012;679
14012;790
14013;679
14013;790
14014;790
14015;790
14016;790
14017;790
14018;790
14020;790
14021;790
14022;784
14023;784
14024;784
14025;784
14026;790
14027;790
14028;790
14077;791
14081;791
14082;791
14083;791
14084;791
14086;791
14087;791
14088;791
14089;791
14091;791
14092;791
14093;791
14094;791
14095;791
14114;729
14115;729
14116;729
14117;729
14118;729
14119;729
14120;729
14121;729
14122;729
14123;729
14124;729
14125;729
14126;729
14127;729
14129;729
14130;729
14131;729
14152;792
14153;792
14154;792
14155;792
14157;792
14158;792
14159;792
14160;792
14161;792
14162;792
14163;792
14164;792
14165;792
14166;792
14167;792
14169;792
14170;792
14171;792
14172;792
14173;792
14174;792
14175;792
14176;792
14177;792
14206;712
14210;712
14211;712
14212;712
14213;712
14214;712
14215;712
14216;712
14217;712
14218;712
14219;712
14228;712
14229;712
14230;712
14231;712
14232;712
14233;712
14264;705
14264;728
14265;705
14265;728
14266;705
14266;728
14267;705
14267;728
14268;705
14268;728
14269;705
14269;728
14270;705
14270;728
14271;705
14271;728
14272;705
14272;728
14273;705
14273;728
14274;705
14274;728
14275;705
14275;728
14300;712
14300;713
14300;719
14300;721
14300;724
14300;727
14300;763
14300;770
14300;780
14300;781
14300;782
14300;784
14300;785
14300;786
14300;795
14300;798
14301;712
14301;713
14301;719
14301;721
14301;724
14301;727
14301;763
14301;770
14301;780
14301;781
14301;782
14301;784
14301;785
14301;786
14301;795
14301;798
14308;701
14308;715
14308;722
14309;701
14309;715
14309;722
14310;701
14310;722
14311;701
14311;722
14312;701
14312;722
14313;701
14313;722
14320;701
14320;714
14320;722
14321;701
14321;714
14321;722
14322;701
14322;722
14323;701
14323;722
14324;701
14324;714
14324;722
14325;701
14325;714
14325;722
14326;828
14327;828
14328;828
14329;828
14333;588
14334;828
14335;828
14336;588
14337;588
14366;788
14367;788
14368;788
14369;788
14370;788
14371;788
14372;788
14373;788
14374;788
14375;788
14376;788
14377;788
14378;788
14384;891
14385;891
14390;780
14391;780
14392;780
14393;780
14394;780
14395;780
14396;780
14397;780
14399;780
14400;780
14401;780
14402;780
14403;780
14404;780
14406;780
14407;780
14414;785
14415;785
14416;785
14417;785
14418;785
14419;785
14420;785
14421;785
14422;785
14423;785
14440;776
14441;776
14442;776
14443;776
14444;776
14445;776
14446;775
14447;775
14500;17
14500;202
14500;24
14500;25
14500;510
14500;650
14500;671
14500;690
14500;873
14500;977
14501;17
14501;202
14501;24
14501;25
14501;510
14501;650
14501;671
14501;690
14501;873
14501;977
14601;610
14601;92
14602;610
14602;650
14602;92
14603;610
14603;92
14604;610
14604;92
14623;697
14623;795
14623;806
14623;865
14624;697
14624;795
14624;806
14624;865
14625;795
14625;865
14626;795
14629;697
14629;795
14629;806
14629;865
14631;697
14631;795
14631;806
14631;865
14632;697
14632;795
14632;806
14632;865
14633;697
14633;795
14633;806
14633;865
14634;697
14634;795
14634;806
14634;865
14635;697
14635;795
14635;806
14635;865
14636;697
14636;795
14636;806
14636;865
14637;697
14637;795
14637;806
14637;865
14638;697
14638;795
14638;806
14638;865
14639;697
14639;795
14639;806
14639;865
14640;697
14640;795
14640;806
14640;865
14641;697
14641;795
14641;806
14642;697
14642;795
14642;806
14643;697
14643;795
14643;806
14644;697
14644;795
14644;806
14645;697
14645;795
14645;806
14646;697
14646;795
14646;806
14647;697
14647;795
14647;806
14648;697
14648;795
14648;806
14649;697
14649;795
14649;806
14650;697
14650;795
14650;806
14651;697
14651;795
14651;806
14652;697
14652;795
14652;806
14653;697
14653;795
14653;806
14654;697
14654;795
14654;806
14655;697
14655;795
14655;806
14656;697
14656;795
14656;806
14657;697
14657;795
14657;806
14658;697
14658;795
14658;806
14659;697
14659;795
14659;806
14660;697
14660;795
14660;806
14661;697
14661;795
14661;806
14662;697
14662;795
14662;806
14663;697
14663;795
14663;806
14664;697
14664;795
14664;806
14665;697
14665;795
14665;806
14666;697
14666;795
14666;806
14667;697
14667;795
14667;806
14668;697
14668;795
14668;806
14669;697
14669;795
14669;806
14670;697
14670;795
14670;806
14671;697
14671;795
14671;806
14672;697
14672;795
14672;806
14673;697
14673;795
14673;806
14674;697
14674;795
14674;806
14675;697
14675;795
14675;806
14676;697
14676;795
14676;806
14677;697
14677;795
14677;806
14678;697
14678;795
14678;806
14679;697
14679;795
14679;806
14680;697
14680;795
14680;806
14681;697
14681;795
14681;806
14682;697
14682;795
14682;806
14683;697
14683;795
14683;806
14684;697
14684;795
14684;806
14685;697
14685;795
14685;806
14686;697
14686;795
14686;806
14687;697
14687;795
14687;806
14688;697
14688;795
14688;806
14689;697
14689;795
14689;806
14690;697
14690;795
14690;806
14691;697
14691;795
14691;806
14692;697
14692;795
14692;806
14693;697
14693;795
14693;806
14694;697
14694;795
14694;806
14695;697
14695;795
14695;806
14696;697
14696;795
14696;806
14697;609
14697;611
14697;616
14697;618
14697;621
14697;795
14697;796
14697;803
14698;609
14698;611
14698;616
14698;618
14698;621
14698;795
14698;796
14698;803
14699;609
14699;611
14699;616
14699;618
14699;621
14699;795
14699;796
14699;803
14700;609
14700;611
14700;616
14700;618
14700;621
14700;795
14700;796
14700;803
14704;795
14704;796
14704;803
14705;793
14706;793
14707;793
14708;793
14709;793
14710;793
14711;793
14712;793
14713;793
14714;793
14715;793
14716;793
14717;793
14718;793
14719;793
14720;793
14721;697
14721;795
14721;806
14722;697
14722;795
14722;806
14723;697
14723;795
14723;806
14724;697
14724;795
14724;806
14725;697
14725;795
14725;806
14726;697
14726;795
14726;806
14915;609
14915;611
14915;616
14915;697
14915;796
14915;803
14915;806
14916;609
14916;611
14916;616
14916;697
14916;796
14916;803
14916;806
14918;609
14918;611
14918;616
14918;697
14918;796
14918;803
14918;806
14919;609
14919;611
14919;616
14919;697
14919;796
14919;803
14919;806
14920;697
14920;796
14920;801
14921;697
14921;796
14921;801
14922;697
14922;796
14922;801
14923;697
14923;796
14923;801
14924;697
14924;796
14924;801
14925;609
14925;611
14925;616
14925;618
14925;621
14925;697
14925;796
14925;803
14925;806
14926;609
14926;611
14926;616
14926;618
14926;621
14926;697
14926;796
14926;803
14926;806
14927;609
14927;611
14927;616
14927;618
14927;621
14927;697
14927;796
14927;803
14927;806
14928;609
14928;611
14928;616
14928;618
14928;621
14928;697
14928;796
14928;803
14928;806
14935;609
14935;611
14935;616
14935;618
14935;621
14935;697
14935;796
14935;803
14935;806
14936;609
14936;611
14936;616
14936;618
14936;621
14936;697
14936;796
14936;803
14936;806
14937;609
14937;611
14937;616
14937;618
14937;621
14937;697
14937;796
14937;803
14937;806
14938;609
14938;611
14938;616
14938;618
14938;621
14938;697
14938;796
14938;803
14938;806
14939;609
14939;611
14939;616
14939;618
14939;621
14939;697
14939;796
14939;803
14939;806
14940;611
14940;796
14940;803
14942;611
14942;796
14942;803
14944;611
14944;796
14944;803
14946;611
14946;796
14946;803
14947;609
14947;611
14947;616
14947;618
14947;621
14947;697
14947;796
14947;803
14947;806
14948;609
14948;611
14948;616
14948;618
14948;621
14948;697
14948;796
14948;803
14948;806
14949;609
14949;611
14949;616
14949;618
14949;621
14949;697
14949;796
14949;803
14949;806
14950;609
14950;611
14950;616
14950;618
14950;621
14950;697
14950;796
14950;803
14950;806
14951;609
14951;611
14951;616
14951;618
14951;621
14951;697
14951;796
14951;803
14951;806
14952;609
14952;611
14952;616
14952;618
14952;621
14952;697
14952;796
14952;803
14952;806
14953;609
14953;611
14953;616
14953;621
14953;697
14953;796
14953;803
14953;806
14954;609
14954;611
14954;616
14954;621
14954;697
14954;796
14954;803
14954;806
14955;609
14955;611
14955;616
14955;621
14955;697
14955;796
14955;803
14955;806
14956;609
14956;611
14956;616
14956;621
14956;697
14956;796
14956;803
14956;806
14957;609
14957;611
14957;616
14957;697
14957;796
14957;803
14957;806
14958;609
14958;611
14958;616
14958;697
14958;796
14958;803
14958;806
14959;609
14959;611
14959;616
14959;697
14959;796
14959;803
14959;806
14960;609
14960;611
14960;616
14960;697
14960;796
14960;803
14960;806
14961;609
14961;611
14961;616
14961;697
14961;796
14961;803
14961;806
14962;609
14962;611
14962;616
14962;697
14962;796
14962;803
14962;806
14963;609
14963;611
14963;616
14963;697
14963;796
14963;803
14963;806
14964;609
14964;611
14964;616
14964;697
14964;796
14964;803
14964;806
14965;609
14965;611
14965;616
14965;697
14965;796
14965;803
14965;806
14966;609
14966;611
14966;616
14966;697
14966;796
14966;803
14966;806
14967;609
14967;611
14967;616
14967;697
14967;796
14967;803
14967;806
14968;609
14968;611
14968;616
14968;697
14968;796
14968;803
14968;806
14969;609
14969;611
14969;616
14969;697
14969;796
14969;803
14969;806
14970;609
14970;611
14970;616
14970;697
14970;796
14970;803
14970;806
14971;609
14971;611
14971;697
14971;796
14971;803
14971;806
14972;609
14972;611
14972;697
14972;796
14972;803
14972;806
14973;697
14973;796
14973;801
14974;697
14974;796
14974;801
14975;697
14975;796
14975;801
14976;697
14976;796
14976;801
14977;611
14977;697
14977;796
14977;801
14978;611
14978;697
14978;796
14978;801
14979;697
14979;796
14979;801
14980;611
14980;697
14980;796
14980;801
14981;697
14981;796
14981;801
14982;697
14982;796
14982;801
14983;697
14983;796
14983;801
14984;697
14984;796
14984;801
14985;697
14985;796
14985;801
14986;697
14986;796
14986;801
14987;697
14987;796
14987;801
14988;697
14988;796
14988;801
14989;697
14989;796
14989;801
14990;697
14990;796
14990;801
14991;697
14991;796
14991;801
14992;697
14992;796
14992;801
14993;697
14993;796
14993;801
14994;697
14994;796
14994;801
14995;697
14995;796
14995;801
14996;697
14996;796
14996;801
14997;697
14997;796
14997;801
14998;697
14998;796
14998;801
14999;697
14999;796
14999;801
15000;697
15000;796
15000;801
15001;697
15001;796
15001;801
15002;697
15003;609
15003;611
15003;616
15003;697
15003;796
15003;803
15003;806
15004;609
15004;611
15004;616
15004;621
15004;697
15004;796
15004;803
15004;806
15005;609
15005;611
15005;616
15005;618
15005;621
15005;697
15005;796
15005;803
15005;806
15006;609
15006;611
15006;616
15006;618
15006;621
15006;697
15006;796
15006;803
15006;806
15119;609
15119;801
15119;803
15119;806
15120;609
15120;801
15120;803
15120;806
15121;801
15121;803
15121;806
15122;801
15122;803
15122;806
15123;609
15123;801
15123;803
15123;806
15124;609
15124;801
15124;803
15124;806
15125;609
15125;801
15125;803
15125;806
15126;609
15126;801
15126;803
15126;806
15127;609
15127;801
15127;803
15127;806
15128;609
15128;801
15128;803
15128;806
15129;801
15129;803
15129;806
15130;609
15130;801
15130;803
15130;806
15131;801
15131;803
15131;806
15132;801
15132;803
15132;806
15133;801
15133;803
15133;806
15134;801
15134;803
15134;806
15135;801
15135;803
15135;806
15136;801
15136;803
15136;806
15137;801
15137;803
15137;806
15138;801
15138;803
15138;806
15139;801
15139;803
15139;806
15140;801
15140;803
15140;806
15141;801
15141;803
15141;806
15142;801
15142;803
15142;806
15143;801
15143;803
15143;806
15144;801
15144;803
15144;806
15145;801
15145;803
15145;806
15146;801
15146;803
15146;806
15147;803
15147;806
15148;697
15148;795
15148;806
15149;697
15149;795
15149;806
15150;697
15150;795
15150;806
15151;697
15151;795
15151;806
15152;697
15152;795
15152;806
15152;865
15153;697
15153;795
15153;806
15153;865
15154;679
15154;790
15155;679
15155;790
15156;697
15156;795
15156;806
15157;697
15157;795
15157;806
15210;798
15211;798
15212;798
15213;798
15214;798
15215;798
15220;798
15221;798
15222;798
15223;798
15224;798
15225;798
15226;798
15227;798
15228;798
15229;798
15230;798
15231;798
15232;798
15233;798
15234;798
15235;798
15236;798
15237;798
15238;798
15239;798
15240;798
15241;798
15242;798
15243;798
15244;798
15245;798
15246;798
15247;798
15248;798
15249;798
15250;774
15250;798
15251;774
15251;798
15252;774
15252;798
15253;774
15253;798
15254;774
15254;798
15255;774
15255;798
15256;743
15256;774
15256;798
15257;743
15257;774
15257;798
15258;743
15258;774
15258;798
15259;743
15259;774
15259;798
15260;743
15260;774
15260;798
15261;743
15261;774
15261;798
15262;743
15262;774
15262;798
15263;743
15263;774
15263;798
15264;743
15264;774
15264;798
15265;743
15265;774
15265;798
15266;743
15266;774
15266;798
15267;743
15267;774
15267;798
15268;743
15268;774
15268;798
15269;743
15269;774
15269;798
15270;743
15270;774
15270;798
15271;743
15271;774
15271;798
15272;743
15272;774
15272;798
15273;743
15273;774
15273;798
15275;743
15275;798
15425;707
15426;707
15427;697
15427;707
15427;806
15427;858
15428;707
15429;697
15429;707
15429;806
15429;858
15430;707
15431;697
15431;707
15431;806
15431;858
15432;707
15435;714
15435;715
15435;724
15435;727
15435;770
15435;780
15435;781
15435;782
15435;798
15436;727
15436;770
15436;780
15436;781
15436;798
15436;858
15437;727
15437;770
15437;780
15437;781
15437;798
15437;858
15438;679
15438;790
15439;679
15439;790
15440;784
15441;784
15448;873
15449;873
15450;873
15451;873
15453;520
15454;784
15455;784
15456;697
15456;727
15456;787
15456;788
15456;793
15456;795
15456;806
15456;858
15457;697
15457;727
15457;787
15457;788
15457;793
15457;795
15457;806
15457;858
15458;783
15459;783
15460;801
15460;803
15460;806
15461;801
15461;803
15461;806
15462;701
15463;701
15466;786
15467;786
15468;697
15468;795
15468;806
15468;865
15469;697
15469;795
15469;806
15469;865
15470;697
15471;697
15471;796
15472;697
15472;796
15473;697
15473;796
15476;775
15477;775
15478;611
15478;616
15478;618
15478;796
15478;803
15479;611
15479;616
15479;618
15479;796
15479;803
15480;611
15480;616
15480;618
15480;796
15480;803
15481;611
15481;616
15481;618
15481;796
15481;803
15482;10
15482;152
15482;233
15482;284
15482;417
15482;508
15482;887
15484;609
15484;611
15484;616
15484;618
15484;621
15485;611
15485;616
15485;618
15485;796
15485;803
15486;611
15486;616
15486;618
15486;796
15486;803
15487;697
15487;727
15487;795
15487;806
15487;858
15488;697
15488;727
15488;795
15488;806
15488;858
15489;780
15490;780
15491;781
15492;781
15493;786
15494;786
15495;783
15496;783
15497;783
15498;783
15499;783
15500;743
15500;783
15501;743
15501;783
15502;743
15502;783
15503;743
15503;783
15504;743
15504;783
15505;829
15506;829
15507;701
15508;701
15509;701
15510;701
15511;701
15512;701
15513;701
15514;701
15515;701
15516;701
15517;701
15518;701
15519;701
15520;701
15521;701
15522;701
15523;701
15524;701
15525;701
15526;701
15527;701
15528;701
15529;701
15530;701
15531;285
15531;374
15532;105
15532;72
15533;712
15534;712
15535;707
15535;729
15535;775
15535;776
15535;789
15535;792
15535;794
15535;799
15535;804
15535;808
15535;829
15536;707
15536;729
15536;775
15536;776
15536;789
15536;792
15536;794
15536;799
15536;804
15536;808
15536;829
15537;727
15537;798
15537;858
15538;727
15538;798
15538;858
15539;770
15540;770
15541;697
15541;795
15541;806
15542;782
15543;782
15544;782
15545;782
15546;786
15547;786
15548;786
15549;786
15550;786
15551;786
15552;786
15553;786
15554;786
15555;786
15556;786
15557;786
15558;780
15559;780
15560;828
15561;828
15562;508
15562;707
15562;799
15562;804
15562;814
15563;508
15563;707
15563;799
15563;804
15563;808
15563;814
15564;508
15564;707
15564;799
15564;808
15564;814
15567;775
15567;778
15568;775
15568;778
15571;697
15571;795
15571;806
15571;865
15572;799
15572;804
15573;508
15573;799
15573;804
15573;808
15573;814
15574;776
15575;776
15576;353
15577;353
15578;353
15579;353
15580;353
15581;353
15582;353
15583;353
15584;778
15585;785
15586;785
15587;786
15588;786
15589;786
15590;786
15591;786
15592;786
15593;784
15594;784
15595;784
15596;784
15597;784
15598;784
15604;200
15604;234
15604;417
15604;515
15604;539
15605;140
15606;125
15607;783
15608;701
15608;709
15608;712
15609;701
15609;709
15609;712
15610;701
15610;709
15610;712
15611;701
15611;709
15611;712
15612;353
15613;124
15614;124
15615;124
15621;539
15622;515
15622;539
15623;193
15623;873
15624;124
15625;792
15626;491
15627;491
15628;491
15629;491
15630;491
15631;785
15632;785
15633;785
15634;785
15635;743
15635;770
15636;743
15636;770
15637;727
15637;787
15637;788
15637;791
15637;793
15637;795
15637;858
15638;727
15638;787
15638;788
15638;791
15638;793
15638;795
15638;858
15639;727
15639;787
15639;788
15639;791
15639;793
15639;795
15639;858
15640;727
15640;787
15640;788
15640;791
15640;793
15640;795
15640;858
15641;727
15641;787
15641;788
15641;791
15641;793
15641;795
15641;858
15642;727
15642;787
15642;788
15642;791
15642;793
15642;795
15642;858
15643;692
15644;692
15645;692
15646;692
15647;692
15648;692
15649;692
15650;692
15651;692
15652;692
15653;692
15654;692
15655;692
15656;692
15657;692
15658;692
15659;692
15660;124
15661;124
15662;517
15663;714
15663;715
15663;727
15664;714
15664;715
15664;727
15665;714
15665;715
15665;727
15666;714
15666;715
15666;727
15667;714
15668;714
15669;714
15670;714
15671;714
15672;714
15673;714
15674;714
15675;714
15676;714
15677;714
15678;714
15679;714
15680;714
15681;714
15682;714
15683;775
15684;775
15685;784
15686;784
15687;763
15688;763
15689;715
15690;715
15691;715
15692;715
15693;715
15694;715
15696;715
15697;715
15698;715
15699;715
15700;715
15701;715
15702;715
15703;715
15704;715
15705;715
15706;715
15707;715
15708;715
15709;715
15710;715
15711;715
15712;715
15713;715
15714;715
15715;715
15716;697
15716;714
15716;715
15716;795
15716;806
15717;697
15717;714
15717;715
15717;795
15717;806
15718;715
15719;715
15720;715
15721;715
15722;794
15723;794
15724;794
15725;794
15726;794
15727;794
15728;794
15729;794
15730;794
15731;778
15732;778
15733;778
15734;778
15735;778
15736;778
15737;774
15738;774
15739;774
15740;774
15741;774
15742;774
15743;774
15744;774
15745;774
15746;774
15747;774
15748;774
15749;774
15750;774
15751;774
15752;774
15753;774
15754;774
15755;774
15756;774
15757;774
15758;774
15759;774
15760;774
15761;774
15762;774
15763;774
15764;774
15765;774
15766;774
15767;774
15768;774
15769;774
15770;774
15771;774
15772;774
15773;774
15774;774
15775;774
15776;774
15777;774
15778;774
15779;774
15780;774
15781;774
15782;774
15783;774
15784;774
15785;774
15786;774
15787;774
15788;774
15789;774
15790;774
15791;774
15792;774
15793;774
15794;774
15795;774
15796;774
15797;774
15798;774
15799;774
15800;774
15801;774
15802;774
15803;774
15804;774
15805;774
15806;774
15807;774
15808;774
15809;774
15810;774
15811;774
15812;774
15813;774
15814;774
15815;774
15816;774
15817;719
15828;774
15829;774
15830;774
15832;783
15833;783
15834;697
15834;712
15834;713
15834;715
15834;722
15834;795
15834;806
15834;858
15835;697
15835;712
15835;713
15835;715
15835;722
15835;795
15835;806
15835;858
15836;517
15836;587
15837;785
15838;785
15839;785
15840;785
15841;785
15842;785
15844;719
15845;719
15847;719
15848;719
15849;719
15850;719
15851;719
15852;719
15854;719
15855;715
15856;715
15857;575
15858;575
15859;575
15860;575
15861;575
15862;575
15863;575
15864;778
15865;778
15866;714
15867;714
15868;714
15869;714
15870;714
15871;714
15872;714
15873;714
15874;784
15875;784
15876;516
15876;539
15876;873
15877;516
15877;539
15877;873
15878;516
15878;539
15878;873
15879;516
15879;539
15879;873
15880;516
15880;539
15880;873
15881;516
15881;539
15881;873
15882;719
15883;719
15884;719
15885;719
15886;719
15887;719
15888;719
15889;719
15890;719
15891;719
15892;719
15893;719
15894;705
15894;712
15898;516
15898;539
15898;873
15899;516
15899;539
15899;873
15900;124
15901;124
15903;701
15904;701
15905;814
15906;814
15907;814
15908;814
15909;715
15910;715
15911;715
15912;715
15913;714
15914;714
15915;714
15916;714
15917;829
15917;989
15918;829
15918;989
15919;697
15919;806
15919;858
15921;697
15921;806
15921;858
15922;697
15922;806
15922;858
15923;697
15923;806
15923;858
15924;697
15924;806
15924;858
15925;697
15925;806
15925;858
15926;697
15926;806
15926;858
15927;697
15927;806
15927;858
15928;697
15928;806
15928;858
15929;609
15929;621
15929;697
15929;806
15930;609
15930;621
15930;697
15930;806
15931;697
15931;806
15932;697
15932;806
15933;697
15933;806
15934;697
15934;806
15935;801
15936;801
15937;801
15938;801
15939;801
15940;801
15941;801
15942;801
15943;801
15944;801
15945;801
15946;801
15947;697
15947;705
15947;707
15947;806
15947;858
15948;697
15948;707
15948;806
15948;858
15949;697
15949;806
15949;858
15950;697
15950;806
15950;858
15951;697
15951;806
15951;858
15952;697
15952;806
15952;858
15953;697
15953;806
15953;858
15954;697
15954;806
15954;858
15955;712
15955;714
15955;722
15956;712
15956;714
15956;722
15957;609
15957;616
15957;618
15957;621
15957;697
15957;796
15957;803
15957;806
15958;701
15959;701
15960;701
15961;701
15962;701
15963;701
15964;701
15965;701
15966;701
15967;701
15968;701
15969;701
15973;33
15974;33
15975;33
15976;33
15977;611
15977;697
15977;796
15977;801
15978;611
15978;697
15978;796
15978;801
15980;829
15981;829
15982;798
15983;798
15984;609
15984;801
15984;803
15984;806
15985;609
15985;801
15985;803
15985;806
15986;792
15987;792
15988;774
15989;774
15990;774
15991;774
15992;611
15992;697
15992;796
15992;801
15993;611
15993;697
15993;796
15993;801
15994;788
15995;788
15996;788
15997;788
15998;788
15999;788
16000;788
16003;609
16003;611
16003;616
16003;618
16003;621
16003;697
16003;796
16003;803
16003;806
16004;609
16004;611
16004;616
16004;618
16004;621
16004;697
16004;796
16004;803
16004;806
16005;801
16005;803
16005;806
16006;801
16006;803
16006;806
16007;784
16008;784
16009;575
16010;575
16011;715
16012;715
16013;715
16014;715
16015;792
16016;792
16017;712
16019;712
16020;712
16021;712
16022;712
16023;712
16024;712
16025;697
16025;796
16025;801
16026;697
16026;796
16026;801
16027;793
16028;793
16029;697
16029;795
16029;806
16030;697
16030;795
16030;806
16031;609
16031;611
16031;616
16031;618
16031;621
16031;697
16031;796
16031;803
16031;806
16032;609
16032;611
16032;616
16032;618
16032;621
16032;697
16032;796
16032;803
16032;806
16033;707
16034;707
16035;714
16036;714
16037;714
16038;714
16039;775
16040;775
16041;743
16042;743
16043;743
16044;743
16045;743
16046;743
16047;743
16048;743
16049;743
16050;743
16051;743
16052;743
16053;743
16054;743
16055;743
16056;743
16057;743
16058;743
16059;743
16060;743
16061;743
16062;743
16063;743
16064;743
16065;743
16066;743
16067;743
16068;743
16069;743
16070;743
16071;743
16072;743
16073;743
16074;743
16075;743
16076;743
16077;977
16078;977
16079;977
16080;977
16081;977
16082;977
16083;977
16085;124
16086;124
16087;743
16088;784
16089;784
16090;784
16091;784
16092;784
16093;784
16094;784
16095;784
16096;793
16097;727
16097;858
16098;727
16098;858
16099;829
16099;989
16100;829
16100;989
16101;743
16102;743
16103;743
16104;743
16105;743
16106;743
16107;743
16108;743
16109;743
16110;743
16111;743
16112;743
16113;743
16114;743
16115;743
16116;743
16117;743
16117;770
16118;743
16118;770
16118;783
16119;743
16119;770
16119;783
16120;743
16121;743
16122;743
16123;743
16124;784
16125;784
16126;774
16127;774
16128;697
16128;782
16128;806
16129;697
16129;782
16129;795
16129;806
16130;697
16130;782
16130;795
16130;806
16131;697
16131;782
16131;795
16131;806
16132;787
16133;787
16134;124
16135;124
16136;124
16137;124
16138;124
16139;124
16140;124
16141;124
16142;193
16142;524
16142;873
16142;877
16143;808
16144;808
16145;697
16145;795
16145;806
16146;697
16146;795
16146;806
16147;782
16148;782
16149;763
16150;763
16151;609
16151;611
16151;616
16151;697
16151;796
16151;803
16151;806
16152;609
16152;611
16152;616
16152;697
16152;796
16152;803
16152;806
16153;743
16154;743
16155;789
16155;829
16156;789
16156;829
16157;697
16157;795
16157;806
16158;697
16158;795
16158;806
16162;785
16163;785
16164;785
16165;785
16166;784
16167;784
16168;784
16169;784
16170;743
16170;770
16171;743
16171;770
16172;743
16172;770
16173;743
16173;770
16174;774
16174;798
16175;774
16175;798
16176;743
16176;770
16176;783
16177;743
16177;770
16177;783
16178;193
16178;524
16178;873
16179;776
16180;776
16180;778
16181;712
16182;712
16183;743
16185;743
16186;743
16187;743
16188;714
16189;714
16190;701
16191;701
16193;712
16194;799
16194;814
16195;814
16196;814
16197;814
16198;814
16199;814
16200;814
16201;814
16202;814
16203;814
16204;814
16205;814
16206;814
16207;814
16208;814
16209;814
16210;814
16211;789
16212;789
16213;788
16214;788
16217;801
16217;803
16217;806
16218;801
16218;803
16218;806
16219;814
16220;814
16221;814
16222;814
16223;814
16224;814
16225;814
16226;814
16227;814
16228;814
16229;814
16230;814
16231;778
16232;778
16233;786
16234;786
16235;788
16236;788
16237;788
16238;788
16239;709
16240;709
16241;788
16242;788
16243;555
16244;418
16245;775
16246;775
16247;715
16248;715
16249;829
16250;829
16251;743
16252;743
16253;789
16254;789
16255;789
16256;789
16257;789
16258;789
16259;792
16260;792
16272;729
16273;729
16274;609
16275;609
16276;609
16277;609
16278;609
16279;609
16280;609
16281;609
16282;609
16283;609
16284;609
16285;609
16289;781
16290;781
16294;611
16295;611
16296;611
16297;611
16298;611
16299;611
16300;611
16301;611
16302;611
16303;611
16304;611
16305;611
16306;611
16307;611
16308;611
16309;618
16310;618
16311;618
16312;618
16313;618
16314;618
16315;618
16316;618
16317;618
16318;618
16319;618
16320;616
16321;616
16322;616
16323;621
16324;621
16325;621
16326;621
16327;621
16328;621
16329;621
16330;621
16331;621
16332;621
16333;621
16334;621
16335;621
16336;621
16337;621
16338;621
16339;621
16340;621
16341;621
16342;621
16343;621
16344;621
16345;621
16346;621
16347;621
16348;621
16349;621
16350;621
16351;621
16352;621
16353;621
16354;621
16355;621
16356;621
16357;621
16358;621
16359;621
16360;621
16361;621
16362;621
16363;621
16364;621
16365;621
16366;621
16367;621
16368;491
16368;828
16369;491
16369;828
16370;491
16370;828
16371;491
16371;828
16372;491
16372;828
16373;491
16373;828
16376;609
16376;611
16376;616
16376;697
16376;796
16376;803
16376;806
16377;609
16377;611
16377;616
16377;697
16377;796
16377;803
16377;806
16378;743
16379;743
16380;784
16381;784
16382;792
16383;792
16384;783
16385;783
16386;783
16387;609
16388;609
16389;775
16390;775
16392;611
16393;611
16394;798
16395;798
16396;609
16396;611
16396;616
16396;697
16396;796
16396;803
16396;806
16397;609
16397;611
16397;697
16397;796
16397;803
16397;806
16398;743
16399;743
16400;743
16401;743
16402;470
16403;611
16403;697
16403;796
16403;801
16404;611
16404;697
16404;796
16404;801
16405;621
16406;621
16407;775
16408;775
16409;788
16410;788
16411;788
16412;788
16413;33
16414;33
16415;24
16416;24
16416;28
16417;24
16418;24
16419;24
16420;697
16420;796
16420;801
16421;697
16421;796
16421;801
16422;715
16423;715
16424;611
16424;616
16424;618
16424;796
16424;803
16425;611
16425;616
16425;618
16425;796
16425;803
16427;712
16428;712
16429;789
16429;799
16430;789
16430;799
16431;783
16432;783
16433;783
16434;783
16435;785
16436;785
16437;775
16438;775
16439;609
16439;611
16439;616
16439;618
16439;621
16439;697
16439;796
16439;803
16439;806
16440;156
16441;156
16442;697
16442;796
16442;803
16442;806
16443;697
16443;796
16443;803
16443;806
16446;618
16446;621
16446;697
16446;796
16446;803
16446;806
16447;618
16447;621
16447;697
16447;796
16447;803
16447;806
16448;783
16449;783
16450;621
16451;621
16452;697
16452;806
16453;697
16453;806
16454;709
16455;709
16458;727
16458;788
16458;858
16459;727
16459;788
16459;858
16460;789
16461;789
16462;790
16463;790
16464;798
16465;798
16466;491
16466;828
16467;491
16467;828
16468;714
16469;714
16470;789
16470;799
16471;789
16471;799
16472;224
16473;224
16476;697
16476;701
16476;712
16476;722
16476;806
16476;858
16477;783
16478;520
16479;520
16480;782
16481;782
16482;353
16484;10
16485;678
16486;678
16487;678
16488;678
16489;353
16490;678
16491;678
16492;678
16493;678
16494;678
16495;678
16496;678
16497;679
16498;679
16499;679
16500;679
16501;679
16502;679
16503;778
16504;778
16505;778
16506;778
16507;775
16508;775
16510;796
16511;796
16512;796
16513;796
16514;796
16515;796
16516;796
16517;796
16518;796
16519;796
16520;224
16520;522
16520;823
16520;879
16521;224
16521;522
16521;823
16521;879
16523;778
16524;778
16525;678
16526;678
16527;678
16528;678
16529;678
16530;678
16531;678
16532;678
16533;678
16534;678
16535;678
16536;609
16536;611
16536;616
16536;621
16536;697
16536;796
16536;803
16536;806
16537;609
16537;611
16537;616
16537;697
16537;796
16537;803
16537;806
16538;789
16539;789
16540;789
16541;789
16542;697
16542;795
16542;806
16543;697
16543;795
16543;806
16544;692
16545;692
16546;792
16547;792
16550;786
16551;786
16552;775
16553;775
16554;678
16555;678
16556;678
16557;678
16560;697
16560;782
16560;795
16560;806
16561;697
16561;782
16561;795
16561;806
16586;121
16586;202
16586;253
16586;910
16586;920
16586;940
16586;950
16623;787
16624;787
16625;715
16626;715
16627;782
16628;782
16629;778
16630;778
16631;786
16632;786
16635;789
16636;789
16637;679
16637;790
16638;679
16638;790
16639;782
16640;782
16641;787
16642;787
16643;788
16644;788
16646;729
16647;789
16647;799
16648;789
16648;799
16649;694
16650;694
16651;694
16652;694
16653;694
16654;694
16655;694
16656;693
16657;693
16658;693
16659;693
16660;693
16661;693
16663;693
16664;693
16665;693
16666;693
16667;693
16668;693
16669;693
16670;693
16671;693
16672;693
16673;693
16674;693
16675;693
16676;693
16677;693
16678;693
16679;693
16680;693
16681;693
16682;693
16683;693
16684;693
16685;693
16686;621
16687;621
16688;775
16688;778
16689;775
16689;778
16690;729
16691;729
16692;729
16693;729
16694;729
16695;729
16696;124
16697;124
16699;865
16700;865
16701;865
16702;865
16703;865
16704;865
16705;865
16706;865
16707;865
16708;865
16709;865
16710;865
16711;865
16712;865
16713;865
16714;865
16715;865
16716;865
16717;865
16718;865
16719;865
16720;865
16721;865
16722;865
16723;865
16724;865
16725;865
16726;865
16737;743
16738;743
16739;23
16739;516
16739;523
16739;873
16739;877
16739;977
16740;23
16740;516
16740;523
16740;873
16740;877
16740;977
16741;697
16741;796
16741;801
16742;697
16742;796
16742;801
16743;16
16744;16
16745;743
16746;743
16787;858
16788;858
16789;858
16790;858
16791;858
16792;858
16793;787
16794;787
16795;697
16795;727
16795;787
16795;793
16795;858
16796;697
16796;727
16796;787
16796;793
16796;858
16797;788
16798;788
16799;693
16800;693
16801;694
16802;694
16803;799
16804;799
16805;609
16805;611
16805;616
16805;621
16805;697
16805;796
16805;803
16805;806
16806;609
16806;611
16806;616
16806;621
16806;697
16806;796
16806;803
16806;806
16807;679
16807;790
16808;679
16808;790
16809;788
16810;788
16811;234
16811;27
16811;36
16811;838
16812;784
16813;784
16814;253
16815;778
16817;491
16818;491
16819;491
16820;491
16821;491
16822;491
16823;491
16824;491
16825;491
16826;491
16827;491
16828;491
16829;491
16830;491
16831;49
16833;49
16834;234
16835;224
16836;678
16837;678
16838;679
16838;790
16839;679
16839;790
16840;491
16841;609
16841;611
16841;616
16841;618
16841;621
16841;795
16841;796
16841;803
16842;609
16842;611
16842;616
16842;618
16842;621
16842;795
16842;796
16842;803
16843;887
16847;787
16850;829
16851;829
16852;865
16853;865
16854;865
16855;865
16856;353
16857;353
16858;796
16859;796
16861;782
16862;712
16863;232
16864;232
16865;550
16865;556
16866;889
16867;889
16868;889
16869;889
16870;712
16871;712
16872;712
16874;865
16875;865
16876;234
16878;891
16879;891
16884;793
16887;39
20001;135
20001;137
20001;742
20002;222
20002;853
20003;126
20003;326
20004;136
20004;361
20004;487
20004;920
20020;443
20021;820
20021;827
20022;212
20022;213
20022;290
20023;330
20023;543
20024;423
20024;442
20025;229
20025;429
20026;221
20026;322
20026;327
20027;446
20028;595
20029;821
20030;428
20031;547
20033;445
20033;447
20040;125
20040;140
20040;147
20040;148
20040;240
20040;335
20040;426
20040;434
20040;477
20040;577
20040;77
20040;78
20041;125
20041;140
20041;147
20041;148
20041;240
20041;335
20041;426
20041;434
20041;477
20041;577
20041;77
20041;78
20042;125
20042;140
20042;147
20042;148
20042;240
20042;335
20042;426
20042;434
20042;477
20042;577
20042;77
20042;78
20043;125
20043;240
20043;335
20043;426
20043;434
20043;477
20043;577
20044;125
20044;140
20044;147
20044;148
20044;240
20044;335
20044;426
20044;434
20044;477
20044;577
20044;77
20044;78
20045;125
20045;140
20045;147
20045;148
20045;240
20045;335
20045;426
20045;434
20045;477
20045;577
20045;77
20045;78
20046;125
20046;140
20046;147
20046;148
20046;240
20046;335
20046;426
20046;434
20046;477
20046;577
20046;77
20046;78
20047;125
20047;140
20047;147
20047;148
20047;240
20047;335
20047;426
20047;434
20047;477
20047;577
20047;77
20047;78
20048;125
20048;140
20048;147
20048;148
20048;240
20048;335
20048;426
20048;434
20048;477
20048;577
20048;77
20048;78
20049;125
20049;147
20049;240
20049;335
20049;426
20049;434
20049;477
20049;577
20049;77
20049;78
20050;125
20050;140
20050;147
20050;148
20050;240
20050;335
20050;426
20050;434
20050;477
20050;577
20050;77
20050;78
20051;125
20051;140
20051;147
20051;148
20051;240
20051;335
20051;426
20051;434
20051;477
20051;577
20051;77
20051;78
20052;125
20052;140
20052;147
20052;148
20052;240
20052;335
20052;426
20052;434
20052;477
20052;557
20052;577
20052;77
20052;78
20053;125
20053;140
20053;147
20053;148
20053;240
20053;335
20053;426
20053;434
20053;477
20053;577
20053;77
20053;78
20054;125
20054;140
20054;147
20054;148
20054;240
20054;335
20054;426
20054;434
20054;477
20054;557
20054;577
20054;77
20054;78
20055;102
20055;125
20055;140
20055;147
20055;148
20055;240
20055;335
20055;426
20055;434
20055;477
20055;501
20055;502
20055;504
20055;577
20055;598
20055;662
20055;77
20055;78
20056;125
20056;140
20056;147
20056;148
20056;240
20056;335
20056;426
20056;434
20056;477
20056;577
20056;77
20056;78
20057;121
20057;125
20057;140
20057;147
20057;148
20057;200
20057;213
20057;240
20057;290
20057;330
20057;335
20057;426
20057;434
20057;477
20057;543
20057;577
20057;602
20057;608
20057;660
20057;77
20057;78
20057;800
20057;912
20057;920
20058;125
20058;140
20058;147
20058;148
20058;240
20058;335
20058;426
20058;434
20058;477
20058;577
20058;77
20058;78
20059;125
20059;140
20059;147
20059;148
20059;240
20059;426
20059;434
20059;577
20059;602
20059;608
20059;660
20059;77
20059;78
20059;800
20059;912
20060;121
20060;125
20060;140
20060;147
20060;148
20060;200
20060;213
20060;240
20060;290
20060;330
20060;335
20060;426
20060;434
20060;477
20060;543
20060;577
20060;602
20060;608
20060;660
20060;77
20060;78
20060;800
20060;912
20060;920
20061;125
20061;140
20061;147
20061;148
20061;240
20061;426
20061;434
20061;577
20061;602
20061;608
20061;660
20061;77
20061;78
20061;800
20061;912
20062;125
20062;140
20062;147
20062;148
20062;240
20062;335
20062;426
20062;434
20062;477
20062;577
20062;602
20062;608
20062;660
20062;77
20062;78
20062;800
20062;912
20063;125
20063;140
20063;147
20063;148
20063;240
20063;426
20063;434
20063;577
20063;602
20063;608
20063;660
20063;77
20063;78
20063;800
20063;912
20064;125
20064;140
20064;147
20064;148
20064;240
20064;426
20064;434
20064;577
20064;602
20064;608
20064;660
20064;77
20064;78
20064;800
20064;912
20065;125
20065;126
20065;222
20065;326
20065;535
20065;602
20065;608
20065;660
20065;800
20065;853
20065;912
20065;920
20066;125
20066;140
20066;147
20066;148
20066;240
20066;426
20066;434
20066;577
20066;602
20066;608
20066;660
20066;77
20066;78
20066;800
20066;912
20067;125
20067;126
20067;222
20067;326
20067;535
20067;602
20067;608
20067;660
20067;800
20067;853
20067;912
20067;920
20068;125
20068;126
20068;222
20068;326
20068;535
20068;602
20068;608
20068;660
20068;800
20068;853
20068;912
20068;920
20069;125
20069;126
20069;222
20069;326
20069;535
20069;602
20069;608
20069;660
20069;800
20069;853
20069;912
20069;920
20070;125
20070;126
20070;222
20070;326
20070;535
20070;602
20070;608
20070;660
20070;800
20070;853
20070;912
20070;920
20071;327
20071;535
20071;602
20071;608
20071;660
20071;800
20071;853
20071;912
20071;920
20072;535
20072;602
20072;608
20072;660
20072;800
20072;853
20072;912
20072;920
20073;327
20073;535
20073;602
20073;608
20073;660
20073;800
20073;853
20073;912
20073;920
20074;535
20074;602
20074;608
20074;660
20074;800
20074;853
20074;912
20074;920
20077;327
20077;535
20077;602
20077;608
20077;660
20077;800
20077;853
20077;912
20077;920
20078;535
20078;602
20078;608
20078;660
20078;800
20078;853
20078;912
20078;920
20079;327
20079;535
20079;602
20079;608
20079;660
20079;800
20079;853
20079;912
20079;920
20080;535
20080;602
20080;608
20080;660
20080;800
20080;853
20080;912
20080;920
20081;229
20081;247
20081;329
20081;344
20081;428
20081;429
20081;443
20081;445
20081;446
20081;447
20081;529
20081;535
20081;602
20081;608
20081;660
20081;800
20081;820
20081;827
20081;853
20081;912
20081;920
20082;229
20082;247
20082;329
20082;344
20082;428
20082;429
20082;443
20082;445
20082;446
20082;529
20082;535
20082;602
20082;608
20082;660
20082;800
20082;820
20082;827
20082;853
20082;912
20082;920
20083;229
20083;247
20083;329
20083;344
20083;428
20083;429
20083;443
20083;445
20083;446
20083;529
20083;535
20083;602
20083;608
20083;660
20083;800
20083;820
20083;827
20083;853
20083;912
20083;920
20084;229
20084;247
20084;329
20084;344
20084;428
20084;429
20084;443
20084;445
20084;446
20084;529
20084;535
20084;602
20084;608
20084;660
20084;800
20084;820
20084;827
20084;853
20084;912
20084;920
20085;229
20085;247
20085;329
20085;344
20085;428
20085;429
20085;443
20085;446
20085;529
20085;535
20085;602
20085;608
20085;660
20085;800
20085;820
20085;827
20085;853
20085;912
20085;920
20086;229
20086;247
20086;329
20086;344
20086;428
20086;429
20086;443
20086;446
20086;529
20086;535
20086;602
20086;608
20086;660
20086;800
20086;820
20086;827
20086;853
20086;912
20086;920
20087;428
20087;446
20087;535
20087;595
20087;602
20087;608
20087;660
20087;800
20087;820
20087;827
20087;912
20087;920
20088;428
20088;446
20088;535
20088;595
20088;602
20088;608
20088;660
20088;800
20088;820
20088;827
20088;912
20088;920
20089;428
20089;446
20089;535
20089;595
20089;602
20089;608
20089;660
20089;800
20089;820
20089;827
20089;912
20089;920
20090;428
20090;446
20090;535
20090;595
20090;602
20090;608
20090;660
20090;800
20090;820
20090;827
20090;912
20090;920
20091;428
20091;446
20091;535
20091;595
20091;602
20091;608
20091;660
20091;800
20091;820
20091;827
20091;912
20091;920
20092;428
20092;446
20092;535
20092;595
20092;602
20092;608
20092;660
20092;800
20092;820
20092;827
20092;912
20092;920
20093;428
20093;446
20093;535
20093;595
20093;602
20093;608
20093;660
20093;800
20093;820
20093;827
20093;912
20093;920
20094;428
20094;446
20094;535
20094;595
20094;602
20094;608
20094;660
20094;800
20094;820
20094;827
20094;912
20094;920
20095;128
20095;295
20095;428
20095;595
20095;596
20095;602
20095;608
20095;660
20095;695
20095;800
20095;820
20095;827
20095;920
20096;128
20096;295
20096;346
20096;428
20096;595
20096;596
20096;602
20096;608
20096;660
20096;695
20096;800
20096;810
20096;816
20096;817
20096;820
20096;827
20096;853
20096;912
20096;920
20097;128
20097;295
20097;428
20097;595
20097;596
20097;602
20097;608
20097;660
20097;695
20097;800
20097;817
20097;820
20097;827
20097;920
20098;128
20098;295
20098;428
20098;595
20098;596
20098;602
20098;608
20098;660
20098;695
20098;800
20098;817
20098;820
20098;827
20098;920
20134;102
20134;121
20134;200
20134;213
20134;290
20134;330
20134;501
20134;502
20134;504
20134;543
20134;598
20134;602
20134;608
20134;660
20134;662
20134;800
20134;912
20134;920
20135;121
20135;200
20135;213
20135;290
20135;330
20135;543
20135;602
20135;608
20135;660
20135;800
20135;912
20135;920
20137;121
20137;200
20137;290
20137;330
20137;543
20137;602
20137;608
20137;660
20137;800
20137;912
20137;920
20144;121
20144;196
20144;200
20144;290
20144;330
20144;543
20144;920
20145;121
20145;196
20145;200
20145;290
20145;330
20145;543
20145;920
20146;121
20146;196
20146;200
20146;290
20146;330
20146;543
20146;920
20147;121
20147;196
20147;200
20147;290
20147;330
20147;543
20147;920
20148;121
20148;196
20148;200
20148;290
20148;330
20148;543
20148;920
20149;121
20149;196
20149;200
20149;290
20149;330
20149;543
20149;920
20151;121
20151;126
20151;135
20151;136
20151;137
20151;197
20151;200
20151;212
20151;213
20151;222
20151;258
20151;290
20151;326
20151;330
20151;361
20151;487
20151;543
20151;741
20151;742
20151;777
20151;847
20151;853
20151;920
20153;121
20153;126
20153;135
20153;136
20153;137
20153;197
20153;200
20153;222
20153;258
20153;290
20153;326
20153;330
20153;361
20153;487
20153;543
20153;741
20153;742
20153;777
20153;847
20153;853
20153;920
20154;121
20154;126
20154;135
20154;136
20154;137
20154;197
20154;200
20154;222
20154;258
20154;290
20154;326
20154;330
20154;361
20154;487
20154;543
20154;741
20154;742
20154;777
20154;847
20154;853
20154;920
20155;121
20155;126
20155;135
20155;136
20155;137
20155;197
20155;200
20155;222
20155;258
20155;290
20155;326
20155;330
20155;361
20155;487
20155;543
20155;741
20155;742
20155;777
20155;847
20155;853
20155;920
20157;121
20157;126
20157;135
20157;136
20157;137
20157;197
20157;200
20157;222
20157;258
20157;290
20157;326
20157;330
20157;361
20157;487
20157;543
20157;741
20157;742
20157;777
20157;847
20157;853
20157;920
20159;121
20159;126
20159;135
20159;136
20159;137
20159;197
20159;200
20159;222
20159;258
20159;290
20159;326
20159;330
20159;361
20159;487
20159;543
20159;741
20159;742
20159;777
20159;847
20159;853
20159;920
20161;121
20161;126
20161;135
20161;136
20161;137
20161;197
20161;200
20161;222
20161;258
20161;290
20161;326
20161;330
20161;361
20161;487
20161;543
20161;741
20161;742
20161;777
20161;847
20161;853
20161;920
20172;121
20172;200
20172;777
20185;121
20185;200
20185;290
20185;330
20185;430
20185;435
20185;532
20185;543
20185;777
20189;121
20189;200
20189;229
20189;322
20189;327
20189;423
20189;428
20189;429
20189;442
20189;443
20189;445
20189;446
20189;447
20189;595
20189;777
20189;820
20189;821
20189;827
20191;121
20191;200
20191;229
20191;322
20191;327
20191;423
20191;428
20191;429
20191;442
20191;443
20191;445
20191;446
20191;447
20191;595
20191;777
20191;820
20191;821
20191;827
20194;121
20194;200
20194;229
20194;322
20194;327
20194;423
20194;428
20194;429
20194;442
20194;443
20194;445
20194;446
20194;447
20194;595
20194;777
20194;820
20194;821
20194;827
20196;121
20196;200
20196;229
20196;322
20196;327
20196;423
20196;428
20196;429
20196;442
20196;443
20196;445
20196;446
20196;447
20196;595
20196;777
20196;820
20196;821
20196;827
20197;121
20197;200
20197;229
20197;322
20197;327
20197;423
20197;428
20197;429
20197;442
20197;443
20197;445
20197;446
20197;447
20197;595
20197;777
20197;820
20197;821
20197;827
20198;121
20198;200
20198;229
20198;322
20198;327
20198;423
20198;428
20198;429
20198;442
20198;443
20198;445
20198;446
20198;447
20198;595
20198;777
20198;820
20198;821
20198;827
20199;126
20199;135
20199;136
20199;137
20199;197
20199;222
20199;258
20199;326
20199;361
20199;430
20199;435
20199;487
20199;532
20199;741
20199;742
20199;847
20199;853
20199;920
20200;126
20200;135
20200;136
20200;137
20200;197
20200;222
20200;258
20200;326
20200;361
20200;430
20200;435
20200;487
20200;532
20200;741
20200;742
20200;847
20200;853
20200;920
20201;126
20201;135
20201;136
20201;137
20201;197
20201;222
20201;258
20201;326
20201;361
20201;430
20201;435
20201;487
20201;532
20201;741
20201;742
20201;847
20201;853
20201;920
20202;126
20202;135
20202;136
20202;137
20202;197
20202;222
20202;258
20202;326
20202;361
20202;430
20202;435
20202;487
20202;532
20202;741
20202;742
20202;847
20202;853
20202;920
20203;126
20203;135
20203;136
20203;137
20203;197
20203;222
20203;258
20203;326
20203;361
20203;430
20203;435
20203;487
20203;532
20203;741
20203;742
20203;847
20203;853
20203;920
20204;126
20204;135
20204;136
20204;137
20204;197
20204;222
20204;258
20204;326
20204;361
20204;430
20204;435
20204;487
20204;532
20204;741
20204;742
20204;847
20204;853
20204;920
20205;126
20205;135
20205;136
20205;137
20205;197
20205;222
20205;258
20205;326
20205;361
20205;430
20205;435
20205;487
20205;532
20205;741
20205;742
20205;847
20205;853
20205;920
20206;126
20206;135
20206;136
20206;137
20206;197
20206;222
20206;258
20206;326
20206;361
20206;430
20206;435
20206;487
20206;532
20206;741
20206;742
20206;847
20206;853
20206;920
20207;126
20207;135
20207;136
20207;137
20207;197
20207;222
20207;258
20207;326
20207;361
20207;430
20207;435
20207;487
20207;532
20207;741
20207;742
20207;847
20207;853
20207;920
20208;126
20208;135
20208;136
20208;137
20208;197
20208;222
20208;258
20208;326
20208;361
20208;430
20208;435
20208;487
20208;532
20208;741
20208;742
20208;847
20208;853
20208;920
20209;126
20209;135
20209;136
20209;137
20209;197
20209;222
20209;258
20209;326
20209;430
20209;435
20209;487
20209;532
20209;741
20209;742
20209;847
20209;853
20209;920
20211;126
20211;135
20211;136
20211;137
20211;197
20211;222
20211;258
20211;326
20211;430
20211;435
20211;487
20211;532
20211;741
20211;742
20211;847
20211;853
20211;920
20212;126
20212;135
20212;136
20212;137
20212;197
20212;222
20212;258
20212;326
20212;430
20212;435
20212;487
20212;532
20212;741
20212;742
20212;847
20212;853
20212;920
20214;126
20214;135
20214;136
20214;137
20214;197
20214;222
20214;258
20214;326
20214;430
20214;435
20214;487
20214;532
20214;741
20214;742
20214;847
20214;853
20214;920
20223;361
20224;361
20225;361
20226;361
20230;361
20231;361
20232;361
20233;361
20238;361
20239;361
20240;361
20241;361
20242;361
20243;361
20244;361
20249;221
20250;221
20251;221
20251;487
20253;487
20256;221
20256;487
20258;487
20260;221
20260;547
20261;487
20262;487
20263;221
20263;547
20264;221
20264;547
20265;221
20265;547
20266;221
20266;547
20273;221
20274;221
20275;221
20276;221
20281;547
20282;547
20283;547
20284;547
20289;221
20289;547
20290;221
20290;547
20291;547
20292;547
20295;221
20295;547
20296;221
20296;547
20297;221
20297;547
20298;221
20298;547
20330;547
20331;547
20332;547
20333;547
20334;547
20335;547
20336;229
20336;327
20336;423
20336;428
20336;429
20336;442
20336;443
20336;445
20336;446
20336;447
20336;547
20336;595
20336;820
20336;827
20337;229
20337;322
20337;327
20337;423
20337;428
20337;429
20337;442
20337;443
20337;445
20337;446
20337;447
20337;547
20337;595
20337;820
20337;827
20338;229
20338;322
20338;327
20338;423
20338;428
20338;429
20338;442
20338;443
20338;445
20338;446
20338;447
20338;547
20338;595
20338;820
20338;827
20339;121
20339;229
20339;322
20339;327
20339;423
20339;428
20339;429
20339;442
20339;443
20339;445
20339;446
20339;447
20339;547
20339;595
20339;777
20339;820
20339;821
20339;827
20340;229
20340;322
20340;327
20340;423
20340;428
20340;429
20340;442
20340;443
20340;445
20340;446
20340;447
20340;547
20340;595
20340;777
20340;820
20340;827
20341;229
20341;322
20341;327
20341;423
20341;428
20341;429
20341;442
20341;443
20341;445
20341;446
20341;447
20341;547
20341;595
20341;777
20341;820
20341;827
20352;121
20352;200
20352;777
20352;821
20353;121
20353;200
20353;777
20353;821
20354;121
20354;200
20354;777
20354;821
20355;121
20355;200
20355;777
20355;821
20356;121
20356;200
20356;777
20356;821
20357;121
20357;200
20357;777
20357;821
20358;121
20358;777
20358;821
20359;121
20359;777
20359;821
20360;121
20360;777
20360;821
20361;121
20361;777
20361;821
20362;121
20362;777
20362;821
20363;121
20363;777
20363;821
20366;121
20366;777
20366;821
20367;121
20367;777
20367;821
20368;121
20368;777
20368;821
20369;121
20369;777
20369;821
20382;200
20383;200
20384;121
20384;200
20384;777
20384;821
20385;121
20385;200
20385;777
20385;821
20395;229
20395;322
20395;327
20395;423
20395;428
20395;429
20395;442
20395;443
20395;445
20395;446
20395;447
20395;595
20395;820
20395;827
20396;229
20396;322
20396;327
20396;423
20396;428
20396;429
20396;442
20396;443
20396;445
20396;446
20396;447
20396;595
20396;820
20396;827
20410;221
20410;222
20411;221
20411;222
20412;221
20412;222
20415;222
20416;222
20417;196
20417;335
20417;477
20418;196
20418;335
20418;477
20419;196
20419;335
20419;477
20420;196
20420;335
20420;477
20421;196
20421;335
20421;477
20422;221
20422;487
20423;221
20423;487
20426;135
20426;137
20426;197
20426;577
20426;742
20426;77
20426;78
20428;135
20428;137
20428;197
20428;577
20428;742
20428;77
20428;78
20429;197
20429;537
20429;77
20430;197
20430;537
20430;77
20431;197
20431;537
20431;77
20432;197
20432;537
20432;77
20433;197
20433;537
20433;77
20434;197
20434;537
20434;77
20439;197
20439;537
20439;77
20440;197
20440;537
20440;77
20441;197
20441;537
20441;77
20442;197
20442;537
20442;77
20443;197
20443;537
20443;77
20444;197
20444;537
20444;77
20447;196
20447;335
20447;477
20448;196
20448;335
20448;477
20449;196
20449;197
20449;335
20449;477
20449;537
20449;77
20450;196
20450;197
20450;335
20450;477
20450;537
20450;77
20451;196
20451;197
20451;335
20451;477
20451;537
20451;77
20452;196
20452;197
20452;335
20452;477
20452;537
20452;77
20453;196
20453;197
20453;335
20453;477
20453;537
20453;77
20454;196
20454;197
20454;335
20454;477
20454;537
20454;77
20455;135
20455;196
20455;197
20455;335
20455;477
20455;577
20455;742
20455;77
20456;135
20456;196
20456;197
20456;335
20456;477
20456;577
20456;742
20456;77
20457;135
20457;335
20457;742
20458;135
20458;335
20458;742
20459;135
20459;335
20459;742
20460;135
20460;335
20460;742
20461;135
20461;335
20461;742
20462;135
20462;335
20462;742
20463;135
20463;335
20463;742
20464;135
20464;335
20464;742
20465;135
20465;335
20465;537
20465;742
20466;135
20466;335
20466;537
20466;742
20467;135
20467;335
20467;537
20467;742
20468;135
20468;335
20468;537
20468;742
20469;135
20469;537
20469;742
20470;335
20470;537
20470;742
20481;135
20481;137
20481;197
20481;577
20481;742
20481;77
20481;78
20482;136
20482;140
20482;147
20482;148
20482;240
20482;258
20482;426
20482;430
20482;434
20482;435
20482;532
20482;535
20482;741
20482;847
20483;135
20483;137
20483;147
20483;148
20483;197
20483;240
20483;258
20483;426
20483;430
20483;434
20483;435
20483;532
20483;535
20483;537
20483;577
20483;741
20483;742
20483;77
20483;78
20483;847
20484;147
20484;148
20484;240
20484;258
20484;426
20484;430
20484;434
20484;435
20484;532
20484;535
20484;537
20484;741
20484;847
20485;147
20485;148
20485;240
20485;258
20485;426
20485;430
20485;434
20485;435
20485;532
20485;535
20485;537
20485;741
20485;847
20486;240
20486;426
20486;430
20486;434
20486;435
20486;535
20486;537
20486;741
20487;240
20487;426
20487;430
20487;434
20487;435
20487;535
20487;537
20487;741
20488;240
20488;426
20488;430
20488;434
20488;435
20488;535
20488;537
20488;741
20489;240
20489;426
20489;430
20489;434
20489;435
20489;535
20489;537
20489;741
20492;135
20492;137
20492;577
20492;742
20492;78
20493;135
20493;137
20493;577
20493;742
20493;78
20494;135
20494;137
20494;577
20494;742
20494;78
20495;135
20495;137
20495;577
20495;742
20495;78
20496;135
20496;137
20496;577
20496;742
20496;78
20497;135
20497;137
20497;577
20497;742
20497;78
20498;135
20498;537
20498;577
20498;742
20499;135
20499;537
20499;577
20499;742
20500;135
20500;537
20500;577
20500;742
20501;135
20501;537
20501;577
20501;742
20502;135
20502;537
20502;577
20502;742
20503;135
20503;537
20503;577
20503;742
20504;135
20504;537
20504;577
20504;742
20515;196
20515;197
20515;477
20515;577
20515;77
20516;196
20516;197
20516;477
20516;577
20516;77
20517;196
20517;197
20517;477
20517;577
20517;77
20518;196
20518;197
20518;477
20518;577
20518;77
20519;196
20519;197
20519;477
20519;577
20519;77
20520;196
20520;197
20520;477
20520;577
20520;77
20523;196
20523;197
20523;477
20523;577
20523;77
20524;196
20524;197
20524;477
20524;577
20524;77
20525;196
20525;197
20525;477
20525;577
20525;77
20526;196
20526;197
20526;477
20526;577
20526;77
20527;196
20527;197
20527;477
20527;577
20527;77
20528;196
20528;197
20528;477
20528;577
20528;77
20529;196
20529;197
20529;477
20529;577
20529;77
20530;196
20530;197
20530;477
20530;577
20530;77
20531;196
20531;197
20531;477
20531;577
20531;77
20532;196
20532;197
20532;477
20532;577
20532;77
20535;196
20535;197
20535;477
20535;577
20535;77
20536;196
20536;197
20536;477
20536;577
20536;77
20543;137
20543;537
20543;78
20544;137
20544;537
20544;78
20545;137
20545;537
20545;78
20546;137
20546;537
20546;78
20547;137
20547;537
20547;78
20548;137
20548;537
20548;78
20549;137
20549;537
20549;78
20550;137
20550;537
20550;78
20551;137
20551;537
20551;78
20552;137
20552;537
20552;78
20553;137
20553;537
20553;78
20554;137
20554;537
20554;78
20558;147
20558;847
20559;147
20559;847
20560;147
20560;847
20561;147
20561;847
20562;148
20562;258
20563;148
20563;258
20564;148
20564;258
20565;148
20565;258
20566;148
20566;258
20567;258
20568;147
20568;847
20569;147
20569;847
20570;147
20570;532
20570;847
20571;147
20571;532
20571;847
20572;147
20572;532
20572;847
20573;147
20573;532
20573;847
20574;147
20574;532
20574;847
20575;147
20575;532
20575;847
20576;147
20576;532
20576;847
20577;147
20577;532
20577;847
20578;147
20578;532
20578;847
20579;147
20579;532
20579;847
20581;148
20581;258
20581;532
20582;148
20582;258
20582;532
20593;148
20593;258
20593;532
20594;148
20594;258
20594;532
20595;148
20595;258
20596;148
20596;258
20597;148
20597;258
20598;148
20598;258
20599;148
20599;258
20600;148
20600;258
20601;148
20601;258
20602;148
20602;258
20603;148
20603;258
20604;148
20604;258
20605;148
20605;258
20606;148
20606;258
20607;148
20607;258
20608;148
20608;258
20609;148
20609;258
20610;148
20610;258
20611;148
20611;258
20622;136
20623;136
20624;136
20624;140
20626;136
20626;140
20627;136
20627;140
20628;136
20628;140
20629;136
20629;140
20630;136
20630;140
20631;136
20631;140
20632;136
20632;140
20633;136
20633;140
20634;136
20635;136
20635;140
20636;136
20637;136
20638;136
20640;136
20640;240
20640;430
20640;535
20640;741
20641;136
20642;136
20642;240
20642;430
20642;535
20642;741
20643;136
20643;240
20643;430
20643;535
20643;741
20645;136
20645;240
20645;430
20645;535
20645;741
20650;741
20651;741
20652;741
20653;741
20656;136
20656;140
20657;136
20657;140
20657;240
20658;136
20658;240
20659;136
20659;240
20660;136
20660;240
20661;136
20661;240
20662;136
20662;240
20663;136
20663;240
20664;140
20665;140
20666;140
20667;140
20672;136
20672;240
20672;430
20673;136
20673;240
20673;430
20674;126
20675;126
20676;125
20676;126
20676;326
20676;327
20677;125
20677;126
20677;326
20678;125
20678;126
20678;326
20678;327
20679;125
20679;126
20679;326
20680;125
20680;326
20680;327
20681;125
20681;326
20682;125
20682;326
20682;327
20683;125
20683;326
20684;126
20685;126
20687;126
20688;126
20689;126
20695;126
20696;126
20697;126
20698;126
20699;126
20700;196
20700;197
20700;477
20700;577
20700;77
20701;125
20701;326
20702;125
20702;326
20702;327
20703;126
20704;126
20705;126
20706;126
20707;126
20716;125
20716;326
20716;327
20717;125
20717;326
20718;125
20718;326
20718;327
20719;125
20719;326
20720;125
20720;326
20720;327
20721;125
20721;326
20729;136
20729;240
20730;136
20730;240
20731;136
20731;240
20732;136
20732;240
20733;136
20733;240
20734;136
20734;240
20735;136
20735;240
20736;136
20736;240
20737;136
20737;240
20738;136
20738;240
20749;344
20749;447
20751;247
20751;344
20751;447
20752;247
20752;344
20752;447
20753;247
20753;344
20753;447
20754;247
20754;344
20754;447
20755;247
20755;447
20756;247
20756;447
20757;247
20757;447
20758;247
20758;447
20759;247
20759;447
20760;247
20760;447
20761;247
20761;447
20762;247
20762;447
20763;247
20763;447
20764;247
20764;447
20769;344
20770;344
20771;344
20772;344
20773;344
20774;344
20779;344
20779;445
20780;344
20780;445
20781;344
20781;445
20782;344
20782;445
20783;344
20783;445
20784;344
20784;445
20785;344
20785;445
20786;344
20786;445
20789;344
20789;445
20790;344
20790;445
20791;344
20791;430
20791;445
20792;344
20792;430
20792;445
20793;344
20793;430
20793;445
20794;344
20794;430
20794;445
20795;344
20795;445
20796;344
20796;445
20797;344
20797;445
20798;344
20798;445
20799;344
20799;445
20815;247
20815;426
20815;430
20815;447
20816;247
20816;426
20816;430
20816;447
20818;247
20818;447
20819;247
20819;447
20820;247
20820;430
20820;447
20821;247
20821;430
20821;447
20822;247
20822;430
20822;447
20823;247
20823;430
20823;447
20824;247
20824;430
20824;447
20825;247
20825;430
20825;447
20826;247
20826;426
20826;447
20827;247
20827;426
20827;447
20828;247
20828;426
20828;447
20829;247
20829;426
20829;447
20830;247
20830;426
20830;447
20831;247
20831;426
20831;447
20832;247
20832;426
20832;430
20832;447
20833;247
20833;426
20833;430
20833;447
20834;247
20834;426
20834;430
20834;447
20835;247
20835;426
20835;430
20835;447
20836;125
20836;247
20836;322
20836;326
20836;426
20836;430
20836;447
20853;125
20853;247
20853;322
20853;326
20853;426
20853;430
20854;125
20854;322
20854;326
20854;426
20855;125
20855;322
20855;326
20855;426
20856;125
20856;247
20856;322
20856;326
20856;426
20856;430
20857;125
20857;247
20857;322
20857;326
20857;426
20857;430
20858;125
20858;247
20858;322
20858;326
20858;426
20858;430
20865;445
20866;445
20867;445
20868;445
20869;445
20870;445
20871;445
20872;445
20873;445
20874;445
20875;445
20876;445
20885;229
20885;329
20885;429
20885;529
20887;229
20887;329
20887;429
20887;529
20889;229
20889;329
20889;429
20889;529
20890;229
20890;329
20890;429
20890;529
20891;229
20891;529
20892;229
20892;529
20893;229
20893;529
20894;229
20894;529
20895;229
20895;529
20896;229
20896;529
20897;229
20897;529
20898;229
20898;529
20899;229
20899;529
20902;229
20902;329
20902;429
20902;529
20904;229
20904;329
20904;429
20904;529
20906;229
20906;329
20906;429
20906;529
20907;229
20907;329
20907;429
20907;529
20908;229
20908;329
20908;429
20908;529
20909;229
20909;329
20909;429
20909;529
20910;229
20910;329
20910;429
20910;529
20911;229
20911;329
20911;429
20911;529
20912;229
20912;329
20912;429
20912;529
20913;229
20913;329
20913;429
20913;529
20923;229
20923;430
20923;529
20924;229
20924;430
20924;529
20925;229
20925;430
20925;529
20926;229
20926;430
20926;529
20927;229
20927;430
20927;529
20928;229
20928;430
20928;529
20929;229
20929;430
20929;529
20930;229
20930;430
20930;529
20931;229
20931;430
20931;529
20932;229
20932;430
20932;529
20934;229
20934;430
20934;529
20935;229
20935;430
20935;529
20937;329
20937;429
20938;329
20938;429
20939;329
20939;429
20940;329
20940;429
20941;329
20941;429
20942;329
20942;429
20943;329
20943;429
20944;329
20944;429
20945;329
20945;429
20946;329
20946;429
20947;329
20947;429
20948;329
20948;429
20949;329
20949;429
20950;329
20950;429
20951;329
20951;429
20952;329
20952;429
20953;329
20953;429
20954;329
20954;429
20956;329
20956;429
20965;123
20965;342
20965;423
20965;442
20965;443
20965;816
20966;123
20966;342
20966;423
20966;442
20966;443
20966;816
20967;123
20967;342
20967;442
20967;443
20967;816
20968;123
20968;342
20968;442
20968;443
20968;816
20969;123
20969;442
20970;123
20970;442
20971;123
20971;442
20972;123
20972;442
20973;123
20974;123
20975;123
20976;123
20977;123
20977;342
20977;423
20977;442
20977;443
20977;816
20978;123
20978;342
20978;423
20978;442
20978;443
20978;816
20985;342
20985;443
20985;816
20986;342
20986;443
20986;816
20987;342
20987;443
20987;816
20988;342
20988;443
20988;816
20989;342
20989;443
20989;816
20990;342
20990;443
20990;816
20991;342
20991;443
20991;816
20992;342
20992;443
20992;816
20993;342
20993;443
20993;816
20994;342
20994;443
20994;816
20995;342
20995;443
20995;816
20996;342
20996;443
20996;816
20997;342
20997;443
20997;816
20998;342
20998;443
20998;816
20999;342
20999;443
20999;816
21000;123
21000;342
21000;443
21000;816
21001;123
21001;342
21001;443
21001;816
21002;123
21002;342
21002;443
21002;816
21003;123
21003;342
21003;443
21003;816
21004;123
21004;342
21004;442
21004;443
21004;816
21019;123
21019;342
21019;443
21019;816
21020;123
21020;342
21020;443
21020;816
21021;123
21021;342
21021;443
21021;816
21022;123
21022;342
21022;443
21022;816
21023;123
21023;342
21023;443
21023;816
21024;123
21024;342
21024;443
21024;816
21025;123
21025;342
21025;443
21025;816
21026;123
21026;342
21026;443
21026;816
21027;123
21027;342
21027;346
21027;442
21027;443
21027;446
21027;810
21027;816
21028;123
21028;342
21028;346
21028;442
21028;443
21028;446
21028;810
21029;346
21029;442
21029;446
21029;810
21029;816
21031;346
21031;442
21031;446
21031;810
21031;816
21035;123
21035;342
21035;346
21035;442
21035;443
21035;446
21035;816
21049;346
21049;446
21049;810
21049;816
21050;346
21050;446
21050;810
21050;816
21051;346
21051;446
21051;810
21052;346
21052;446
21052;810
21053;346
21053;446
21053;810
21054;346
21054;446
21054;810
21055;346
21055;446
21055;810
21056;346
21056;446
21056;810
21057;346
21057;446
21057;810
21058;346
21058;446
21058;810
21059;346
21059;446
21059;810
21060;346
21060;446
21060;810
21061;346
21061;446
21061;810
21062;346
21062;446
21062;810
21063;346
21063;446
21063;810
21064;346
21064;446
21064;810
21065;346
21065;446
21066;346
21066;446
21069;810
21070;810
21071;810
21072;810
21073;810
21074;810
21094;423
21094;442
21094;595
21094;816
21094;817
21095;423
21095;442
21095;595
21095;816
21095;817
21096;423
21096;442
21096;595
21096;816
21096;817
21097;423
21097;442
21097;595
21097;816
21097;817
21114;423
21114;442
21114;595
21114;816
21114;817
21115;423
21115;442
21115;595
21115;816
21115;817
21116;423
21116;442
21116;816
21116;817
21117;423
21117;442
21117;816
21117;817
21122;123
21122;149
21122;247
21122;329
21122;342
21122;344
21122;529
21122;595
21122;751
21122;816
21123;123
21123;149
21123;247
21123;329
21123;342
21123;344
21123;529
21123;595
21123;751
21123;816
21129;123
21129;149
21129;247
21129;329
21129;342
21129;344
21129;529
21129;595
21129;751
21129;816
21130;123
21130;149
21130;247
21130;329
21130;342
21130;344
21130;529
21130;595
21130;751
21130;816
21132;149
21132;423
21132;442
21132;751
21132;853
21133;149
21133;423
21133;442
21133;751
21133;853
21135;751
21136;751
21137;149
21137;751
21138;149
21138;751
21139;149
21139;751
21140;149
21140;751
21142;149
21145;751
21145;777
21146;751
21146;777
21147;751
21147;777
21148;751
21148;777
21149;751
21149;777
21150;751
21150;777
21151;751
21151;777
21152;751
21152;777
21153;751
21153;777
21154;751
21154;777
21155;149
21155;751
21155;777
21156;149
21156;751
21156;777
21157;149
21157;751
21157;777
21158;149
21158;751
21158;777
21161;751
21161;777
21169;149
21170;149
21171;149
21172;149
21173;149
21174;149
21175;149
21176;149
21177;149
21178;149
21179;149
21180;149
21181;149
21193;149
21193;816
21193;817
21193;853
21194;149
21194;816
21194;817
21194;853
21195;149
21195;816
21195;817
21195;853
21196;149
21196;816
21196;817
21196;853
21200;149
21201;853
21204;853
21205;853
21207;853
21208;149
21210;853
21212;853
21214;853
21215;149
21216;149
21217;149
21220;149
21221;149
21246;817
21246;920
21247;817
21247;920
21248;817
21248;920
21249;817
21249;920
21252;817
21253;817
21254;817
21255;817
21256;817
21256;920
21257;817
21257;920
21258;817
21258;920
21259;817
21259;920
21263;751
21264;751
21266;751
21269;751
21271;751
21271;777
21272;777
21273;751
21273;777
21274;751
21274;777
21275;751
21275;777
21276;751
21276;777
21277;751
21277;777
21278;751
21278;777
21279;751
21279;777
21280;751
21280;777
21281;751
21281;777
21296;751
21297;751
21317;295
21317;608
21317;820
21318;295
21318;608
21318;820
21321;595
21321;596
21321;817
21321;920
21322;595
21322;596
21322;817
21322;920
21325;295
21325;608
21325;820
21326;295
21326;608
21326;820
21328;207
21328;595
21328;596
21328;817
21328;920
21329;295
21329;608
21329;695
21329;820
21329;827
21330;295
21330;608
21330;695
21330;820
21330;827
21333;295
21333;608
21333;695
21333;827
21334;295
21334;608
21334;695
21334;820
21334;827
21335;295
21335;608
21335;695
21335;820
21335;827
21336;295
21336;608
21336;695
21336;820
21336;827
21337;295
21337;608
21337;695
21337;820
21337;827
21338;295
21338;608
21338;695
21338;820
21338;827
21339;295
21339;608
21339;695
21339;820
21339;827
21340;295
21340;608
21340;695
21340;820
21340;827
21341;295
21341;608
21341;820
21341;827
21342;295
21342;608
21342;820
21342;827
21343;128
21343;295
21343;428
21343;595
21343;596
21343;602
21343;608
21343;660
21343;695
21343;800
21343;817
21343;820
21343;827
21343;920
21344;128
21344;295
21344;428
21344;595
21344;596
21344;602
21344;608
21344;660
21344;695
21344;800
21344;817
21344;820
21344;827
21344;920
21345;295
21345;820
21346;295
21346;820
21348;595
21351;295
21351;608
21351;820
21352;295
21352;608
21352;820
21353;295
21353;608
21353;820
21354;295
21354;608
21354;820
21355;295
21355;608
21355;820
21356;295
21356;608
21356;820
21357;295
21357;608
21357;820
21358;295
21358;608
21358;820
21359;295
21359;820
21362;695
21362;749
21362;826
21362;827
21365;695
21365;749
21365;826
21365;827
21367;295
21367;820
21368;295
21368;820
21370;295
21370;608
21370;820
21371;295
21371;608
21371;820
21372;295
21372;608
21372;820
21373;295
21373;820
21374;295
21374;820
21375;295
21375;608
21375;820
21375;827
21376;295
21376;608
21376;820
21376;827
21377;608
21377;827
21378;608
21378;827
21381;128
21381;428
21381;602
21381;660
21381;800
21382;128
21382;428
21382;602
21382;660
21382;800
21385;128
21385;428
21385;602
21385;660
21385;800
21388;128
21388;428
21388;602
21388;660
21388;695
21388;749
21388;800
21388;826
21388;827
21389;128
21389;428
21389;602
21389;660
21389;695
21389;749
21389;800
21389;826
21389;827
21390;128
21390;428
21390;602
21390;660
21390;695
21390;749
21390;800
21390;826
21390;827
21391;128
21391;428
21391;602
21391;660
21391;695
21391;749
21391;800
21391;826
21391;827
21392;128
21392;428
21392;602
21392;660
21392;695
21392;749
21392;800
21392;826
21392;827
21393;128
21393;602
21393;660
21393;698
21393;748
21393;800
21393;848
21394;128
21394;602
21394;660
21394;698
21394;748
21394;800
21394;848
21395;128
21395;602
21395;660
21395;698
21395;748
21395;800
21395;848
21396;128
21396;602
21396;660
21396;698
21396;748
21396;800
21396;848
21397;128
21397;602
21397;660
21397;698
21397;748
21397;800
21397;848
21398;602
21398;660
21398;698
21398;748
21398;749
21398;800
21399;128
21399;602
21399;660
21399;698
21399;748
21399;800
21399;848
21400;602
21400;660
21400;698
21400;748
21400;749
21400;800
21401;602
21401;660
21401;698
21401;748
21401;749
21401;800
21402;602
21402;660
21402;698
21402;748
21402;749
21402;800
21403;602
21403;660
21403;698
21403;748
21403;749
21403;800
21404;602
21404;648
21404;660
21404;749
21404;800
21405;602
21405;660
21405;749
21405;800
21406;602
21406;648
21406;660
21406;749
21406;800
21407;602
21407;648
21407;660
21407;749
21407;800
21408;602
21408;648
21408;660
21408;749
21408;800
21409;602
21409;648
21409;660
21409;749
21409;800
21410;602
21410;660
21410;800
21411;602
21411;660
21411;749
21411;800
21412;602
21412;660
21412;800
21413;602
21413;660
21413;800
21414;602
21414;660
21414;800
21415;602
21415;660
21415;800
21416;602
21416;648
21416;658
21416;660
21416;747
21416;748
21416;749
21416;753
21416;759
21416;800
21416;868
21417;602
21417;648
21417;658
21417;660
21417;747
21417;748
21417;749
21417;753
21417;759
21417;800
21417;868
21418;602
21418;648
21418;658
21418;660
21418;747
21418;748
21418;749
21418;753
21418;759
21418;800
21418;868
21419;602
21419;648
21419;658
21419;660
21419;747
21419;748
21419;749
21419;753
21419;759
21419;800
21419;868
21420;128
21420;428
21420;602
21420;660
21420;800
21442;661
21442;745
21442;746
21444;661
21444;745
21444;746
21445;661
21445;745
21445;746
21459;128
21459;602
21459;660
21459;695
21459;749
21459;800
21459;826
21459;827
21470;695
21471;695
21472;695
21473;695
21474;695
21475;695
21476;695
21477;695
21478;695
21479;695
21487;744
21488;744
21489;695
21490;695
21491;744
21492;744
21493;750
21493;756
21494;750
21494;756
21495;619
21495;750
21495;757
21495;812
21495;850
21496;595
21497;595
21498;595
21499;595
21500;595
21501;595
21502;595
21503;595
21504;595
21507;744
21508;744
21509;749
21509;826
21509;827
21510;749
21510;826
21510;827
21511;428
21513;428
21515;428
21516;826
21517;428
21519;695
21519;749
21519;826
21519;827
21520;695
21520;749
21520;826
21520;827
21521;749
21521;826
21521;827
21522;749
21522;826
21522;827
21523;128
21523;749
21523;848
21524;128
21524;749
21524;848
21526;128
21526;749
21526;848
21527;128
21527;749
21527;848
21528;128
21528;428
21528;749
21528;848
21529;128
21529;428
21529;749
21529;848
21530;128
21530;428
21530;608
21530;749
21530;848
21531;128
21531;428
21531;608
21531;749
21531;848
21532;128
21532;428
21532;749
21532;848
21533;128
21533;428
21533;749
21533;848
21534;128
21534;428
21534;749
21534;848
21535;128
21535;428
21535;749
21535;848
21536;128
21536;428
21536;749
21536;848
21537;128
21537;428
21537;749
21537;848
21538;749
21538;826
21538;827
21539;695
21539;749
21539;826
21539;827
21540;128
21540;428
21540;749
21540;826
21541;128
21541;428
21541;749
21541;826
21542;128
21542;428
21542;749
21542;826
21543;128
21543;428
21543;749
21543;826
21545;428
21545;695
21545;698
21545;748
21545;749
21545;826
21545;827
21545;848
21546;128
21546;428
21546;749
21546;826
21547;128
21547;428
21547;749
21547;826
21548;128
21548;428
21548;608
21548;749
21548;826
21549;128
21549;428
21549;608
21549;749
21549;826
21550;128
21550;428
21550;608
21550;749
21550;826
21551;128
21551;428
21551;608
21551;749
21551;826
21552;128
21552;428
21552;749
21552;826
21553;428
21555;428
21556;428
21557;428
21558;428
21559;428
21560;428
21561;428
21562;428
21562;698
21562;748
21562;848
21563;128
21563;428
21563;749
21563;848
21564;128
21564;428
21564;749
21564;848
21565;648
21565;826
21566;128
21566;428
21566;749
21566;826
21567;128
21567;428
21567;749
21567;826
21568;648
21568;658
21568;748
21568;749
21569;750
21569;757
21570;750
21570;757
21571;619
21571;750
21571;757
21571;812
21571;850
21572;619
21572;750
21572;757
21572;812
21572;850
21575;619
21575;750
21575;757
21575;812
21575;850
21576;619
21576;750
21576;757
21576;812
21576;850
21577;619
21577;750
21577;757
21577;812
21577;850
21578;619
21578;750
21578;757
21578;812
21578;850
21579;619
21579;750
21579;757
21579;812
21579;850
21580;619
21580;750
21580;757
21580;812
21580;850
21581;619
21581;750
21581;757
21581;812
21581;850
21582;619
21582;750
21582;757
21582;812
21582;850
21583;619
21583;750
21583;757
21583;850
21584;619
21584;750
21584;757
21584;850
21585;619
21585;750
21585;757
21585;850
21586;619
21586;750
21586;757
21586;850
21587;619
21587;750
21587;757
21587;850
21588;619
21588;750
21588;757
21588;850
21589;619
21589;750
21589;757
21589;850
21590;619
21590;750
21590;757
21590;850
21591;619
21591;750
21591;757
21591;812
21591;850
21592;619
21592;750
21592;757
21592;812
21592;850
21593;207
21593;619
21593;750
21593;757
21593;812
21593;850
21594;750
21594;757
21595;657
21595;750
21595;757
21596;657
21596;750
21596;757
21597;657
21597;750
21597;757
21598;657
21598;750
21598;757
21599;657
21599;750
21599;757
21600;657
21600;750
21600;757
21601;657
21601;750
21601;757
21602;657
21602;750
21602;757
21603;657
21603;750
21603;757
21604;756
21605;756
21606;657
21606;750
21606;757
21607;657
21607;750
21607;757
21608;756
21609;657
21609;750
21609;757
21610;657
21610;750
21610;757
21611;657
21611;750
21611;757
21612;657
21612;750
21612;757
21613;657
21613;750
21613;757
21614;657
21614;750
21614;757
21615;657
21615;750
21615;757
21616;657
21616;750
21616;757
21617;657
21617;750
21617;757
21618;657
21618;750
21618;757
21619;657
21619;750
21619;757
21620;657
21620;750
21620;757
21621;756
21622;756
21623;756
21624;657
21624;750
21624;757
21626;648
21626;698
21626;748
21627;648
21627;698
21627;748
21628;648
21628;698
21628;748
21628;848
21629;648
21629;698
21629;748
21629;848
21630;648
21630;698
21630;748
21630;848
21631;648
21631;698
21631;748
21631;848
21632;698
21632;748
21633;698
21633;748
21634;698
21634;748
21635;698
21635;748
21636;698
21636;748
21637;698
21637;748
21638;698
21638;748
21639;698
21639;748
21640;698
21640;748
21641;698
21641;748
21642;698
21642;748
21643;698
21643;748
21644;648
21644;698
21644;748
21645;648
21645;698
21645;748
21646;648
21646;698
21646;748
21647;648
21647;698
21647;748
21648;648
21648;698
21648;748
21649;648
21649;698
21649;748
21650;648
21650;698
21650;748
21651;648
21651;698
21651;748
21652;648
21652;658
21652;698
21652;748
21653;648
21653;658
21653;698
21653;748
21655;648
21655;848
21656;648
21656;848
21657;648
21657;848
21658;648
21658;658
21658;748
21659;648
21659;658
21659;748
21660;648
21660;658
21660;748
21661;648
21661;658
21661;748
21662;648
21662;658
21662;748
21663;648
21663;658
21663;748
21664;648
21664;658
21664;748
21664;749
21665;648
21665;658
21665;748
21666;648
21666;658
21666;748
21666;749
21667;648
21667;658
21667;748
21668;658
21668;748
21668;749
21669;658
21669;748
21669;749
21670;658
21670;748
21670;749
21671;658
21671;748
21671;749
21672;648
21672;658
21672;748
21672;749
21673;648
21673;658
21673;748
21673;749
21674;648
21674;658
21674;748
21674;749
21675;648
21675;658
21675;748
21675;749
21676;658
21677;658
21678;658
21678;698
21679;658
21679;698
21680;658
21680;698
21681;658
21681;698
21682;658
21682;698
21683;658
21683;698
21684;658
21684;698
21685;658
21685;698
21686;658
21686;698
21687;747
21687;868
21688;648
21688;848
21689;648
21689;848
21690;648
21690;848
21691;658
21691;748
21691;749
21692;658
21692;748
21692;749
21695;658
21695;748
21695;749
21696;658
21696;748
21696;749
21697;648
21697;658
21697;747
21697;748
21697;749
21697;753
21697;759
21697;868
21698;648
21698;658
21698;747
21698;748
21698;749
21698;753
21698;759
21698;868
21699;747
21699;753
21699;759
21702;747
21702;753
21702;759
21703;747
21703;753
21703;759
21706;747
21706;753
21706;759
21709;747
21709;753
21709;759
21711;747
21711;753
21711;759
21712;747
21712;753
21712;759
21713;648
21713;658
21713;747
21713;748
21713;749
21713;753
21713;759
21713;868
21714;747
21714;753
21714;759
21717;756
21718;756
21719;657
21719;756
21720;657
21720;756
21721;750
21721;756
21722;750
21722;756
21723;744
21723;750
21724;744
21724;750
21727;747
21727;753
21727;759
21728;747
21728;753
21728;759
21729;747
21729;753
21729;759
21730;747
21730;753
21730;759
21731;747
21732;747
21733;747
21734;747
21735;747
21736;747
21737;747
21738;747
21739;747
21740;747
21741;747
21742;747
21743;747
21743;753
21743;759
21744;747
21744;753
21744;759
21746;747
21747;747
21748;747
21749;747
21750;747
21751;747
21752;747
21753;747
21754;747
21755;747
21756;747
21756;753
21756;759
21757;747
21757;753
21757;759
21758;747
21758;753
21758;759
21759;747
21759;753
21759;759
21760;747
21761;747
21762;747
21763;747
21764;747
21765;754
21765;755
21766;754
21766;755
21767;754
21767;755
21768;754
21768;755
21769;754
21769;755
21770;754
21770;755
21771;754
21771;755
21772;754
21772;755
21773;754
21773;755
21774;754
21774;755
21775;744
21776;744
21778;750
21778;756
21789;657
21789;750
21789;756
21789;757
21790;657
21790;750
21790;756
21790;757
21791;657
21791;750
21791;756
21791;757
21792;657
21792;750
21792;756
21792;757
21793;750
21793;756
21794;750
21794;756
21795;750
21795;756
21796;750
21796;756
21797;750
21797;756
21798;750
21798;756
21799;750
21799;756
21800;750
21800;756
21801;750
21801;756
21802;750
21802;756
21803;750
21803;756
21804;750
21804;756
21805;750
21805;756
21806;750
21806;756
21807;657
21807;750
21807;756
21807;757
21808;657
21808;750
21808;756
21808;757
21809;744
21810;744
21811;744
21812;744
21816;750
21817;750
21819;750
21821;744
21822;744
21824;660
21824;744
21825;744
21826;744
21827;744
21828;744
21829;744
21830;744
21831;744
21832;744
21835;744
21836;744
21837;744
21838;750
21838;756
21839;744
21840;744
21841;744
21841;750
21842;744
21842;750
21843;744
21843;750
21844;744
21844;750
21845;744
21845;750
21846;744
21846;750
21847;744
21847;750
21848;744
21848;750
21849;744
21849;750
21850;744
21850;750
21851;744
21851;750
21852;744
21852;750
21853;744
21853;750
21854;744
21854;750
21855;744
21855;750
21856;744
21856;750
21857;750
21858;750
21859;744
21860;744
21861;744
21862;744
21863;744
21864;744
21865;744
21866;744
21867;744
21868;744
21869;744
21869;750
21870;744
21870;750
21871;744
21872;744
21874;744
21875;752
21876;752
21877;752
21881;664
21881;744
21882;744
21883;744
21884;744
21885;664
21885;744
21886;664
21886;744
21887;664
21887;744
21888;664
21888;744
21889;664
21889;744
21890;664
21890;744
21891;744
21892;660
21892;752
21893;660
21893;752
21894;752
21895;752
21896;752
21897;752
21898;752
21899;752
21900;752
21901;752
21902;752
21903;752
21904;752
21905;752
21906;752
21907;752
21908;752
21909;752
21910;752
21911;752
21912;752
21913;752
21914;752
21915;752
21916;752
21917;744
21918;744
21919;744
21920;744
21921;750
21921;756
21922;750
21922;756
21923;756
21924;756
21927;660
21927;661
21927;745
21927;746
21929;756
21930;756
21931;756
21932;756
21933;666
21933;756
21934;666
21934;756
21939;756
21940;756
21941;660
21941;661
21941;666
21941;745
21942;660
21942;661
21942;666
21942;745
21943;660
21943;661
21943;666
21943;745
21944;660
21944;661
21944;666
21944;745
21945;660
21945;661
21945;666
21945;745
21946;660
21946;661
21946;666
21946;745
21947;660
21947;661
21947;666
21947;745
21948;660
21948;661
21948;666
21948;745
21949;660
21949;661
21949;666
21949;745
21950;660
21950;661
21950;666
21950;745
21951;660
21951;661
21951;666
21951;745
21952;660
21952;661
21952;666
21952;745
21953;660
21953;661
21953;666
21953;745
21954;660
21954;661
21954;666
21954;745
21955;660
21955;661
21955;666
21955;745
21956;660
21956;661
21956;666
21956;745
21957;660
21957;661
21957;666
21957;745
21958;660
21958;661
21958;666
21958;745
21961;660
21961;661
21961;666
21961;745
21962;660
21962;661
21962;666
21962;745
21963;660
21963;661
21963;666
21963;745
21964;660
21964;661
21964;666
21964;745
21967;660
21967;661
21967;664
21967;665
21967;666
21967;745
21967;750
21968;744
21969;660
21969;661
21969;745
21969;746
21970;660
21970;661
21970;745
21970;746
21971;660
21971;661
21971;745
21971;746
21972;660
21972;661
21972;745
21972;746
21973;660
21973;661
21973;745
21973;746
21974;660
21974;661
21974;745
21974;746
21975;660
21975;661
21975;745
21975;746
21976;660
21976;661
21976;745
21976;746
21977;660
21977;661
21977;745
21977;746
21978;660
21978;661
21978;745
21978;746
21979;660
21979;661
21979;745
21979;746
21980;660
21980;661
21980;745
21980;746
21981;660
21981;661
21981;745
21981;746
21983;660
21983;661
21983;745
21983;746
21984;660
21984;661
21984;745
21984;746
21985;547
21986;547
21987;547
21988;547
21991;547
21992;547
21993;547
21993;816
21993;817
21994;547
21994;816
21994;817
21995;547
21996;547
21997;547
21998;547
21999;430
22000;430
22001;430
22002;430
22003;430
22004;430
22005;752
22009;125
22009;322
22009;326
22009;426
22009;430
22010;125
22010;322
22010;326
22010;426
22010;430
22011;247
22011;430
22012;247
22012;430
22013;125
22013;322
22013;326
22013;426
22013;430
22014;125
22014;322
22014;326
22014;426
22014;430
22015;125
22015;322
22015;326
22015;426
22015;430
22016;125
22016;322
22016;326
22016;426
22016;430
22017;648
22017;658
22017;748
22021;430
22022;430
22023;430
22024;430
22025;430
22026;430
22027;430
22028;430
22029;430
22030;430
22031;434
22031;435
22032;434
22032;435
22035;434
22035;435
22035;537
22036;434
22036;435
22036;537
22037;434
22037;435
22037;537
22038;434
22038;435
22038;537
22039;434
22039;435
22040;434
22040;435
22041;434
22041;435
22042;434
22042;435
22044;434
22044;435
22045;125
22045;322
22045;326
22045;426
22045;430
22046;125
22046;322
22046;326
22046;426
22046;430
22047;121
22047;200
22047;821
22048;747
22049;121
22049;200
22049;821
22050;121
22050;200
22050;821
22051;121
22051;200
22051;821
22052;121
22052;200
22052;821
22053;121
22053;200
22053;821
22054;121
22054;200
22054;821
22055;121
22055;200
22055;821
22058;121
22058;200
22058;821
22061;121
22061;200
22061;821
22065;423
22066;423
22067;423
22068;423
22069;423
22070;423
22071;423
22072;665
22072;745
22073;665
22073;745
22074;665
22074;745
22075;665
22075;745
22077;346
22077;442
22077;446
22077;810
22077;816
22078;346
22078;442
22078;446
22078;810
22078;816
22079;442
22080;442
22081;442
22082;442
22083;442
22083;816
22084;442
22084;816
22085;346
22085;442
22085;446
22085;810
22085;816
22086;346
22086;442
22086;446
22086;810
22086;816
22087;346
22087;442
22087;446
22087;810
22087;816
22088;346
22088;442
22088;446
22088;810
22088;816
22090;346
22090;442
22090;446
22090;816
22122;752
22123;752
22125;752
22126;752
22127;752
22128;752
22129;752
22130;752
22137;147
22137;847
22138;147
22138;847
22139;147
22139;847
22140;850
22141;125
22141;322
22141;326
22142;125
22142;322
22142;326
22142;327
22143;149
22143;751
22143;816
22143;817
22144;123
22144;342
22145;329
22145;529
22145;817
22146;247
22146;344
22146;547
22152;547
22153;547
22168;128
22168;295
22168;346
22168;535
22168;695
22168;810
22168;816
22168;817
22168;853
22168;912
22170;535
22170;912
22171;128
22171;853
22172;295
22172;695
22173;596
22173;816
22173;817
22174;346
22174;535
22174;810
22190;121
22190;200
22190;821
22220;328
22220;338
22220;359
22220;539
22230;135
22230;137
22230;197
22230;577
22230;742
22230;77
22230;78
22237;744
22237;752
22244;661
22244;745
22244;746
22255;748
22255;749
22256;648
22256;658
22257;657
22257;753
22257;754
22257;755
22257;756
22258;747
22258;758
22258;759
22258;868
22272;810
22273;810
22274;810
22275;810
22276;752
22277;752
22278;752
22279;752
22280;752
22281;810
22282;810
22288;756
22289;756
22290;756
22291;756
22292;756
22293;756
22294;756
22295;756
22298;742
22299;742
22300;229
22300;430
22300;529
22301;229
22301;430
22301;529
22302;229
22302;430
22302;529
22303;229
22303;430
22303;529
22304;229
22304;430
22304;529
22305;229
22305;430
22305;529
22306;229
22306;430
22306;529
22311;742
22312;742
22313;742
22322;741
22323;741
22324;741
22325;741
22327;741
22332;754
22333;754
22334;754
22335;754
22336;747
22337;747
22338;754
22339;754
22339;755
22340;754
22341;754
22342;754
22343;754
22344;754
22345;754
22346;754
22347;754
22348;754
22349;754
22350;754
22351;754
22353;754
22354;754
22355;754
22364;602
22364;648
22364;657
22364;658
22364;747
22364;748
22364;749
22364;753
22364;754
22364;755
22364;756
22364;758
22364;759
22364;800
22364;868
22365;602
22365;648
22365;657
22365;658
22365;747
22365;748
22365;749
22365;753
22365;754
22365;755
22365;756
22365;758
22365;759
22365;800
22365;868
22366;754
22366;755
22367;754
22367;755
22368;754
22368;755
22369;754
22369;755
22370;602
22370;648
22370;657
22370;658
22370;747
22370;748
22370;749
22370;753
22370;754
22370;755
22370;756
22370;758
22370;759
22370;800
22370;868
22371;602
22371;648
22371;657
22371;658
22371;747
22371;748
22371;749
22371;753
22371;754
22371;755
22371;756
22371;758
22371;759
22371;800
22371;868
22372;754
22372;755
22372;758
22373;754
22373;755
22373;758
22374;754
22374;755
22375;754
22375;755
22376;754
22376;755
22377;754
22377;755
22378;754
22378;755
22379;754
22379;755
22380;754
22380;755
22381;754
22381;755
22382;754
22382;755
22383;754
22383;755
22384;754
22384;755
22385;754
22385;755
22387;754
22387;755
22388;754
22388;755
22389;755
22390;602
22390;648
22390;657
22390;658
22390;747
22390;748
22390;749
22390;753
22390;754
22390;755
22390;756
22390;758
22390;759
22390;800
22390;868
22391;602
22391;648
22391;657
22391;658
22391;747
22391;748
22391;749
22391;753
22391;754
22391;755
22391;756
22391;758
22391;759
22391;800
22391;868
22392;754
22392;755
22393;754
22393;755
22398;660
22398;661
22398;666
22398;745
22399;660
22399;661
22399;666
22399;745
22400;660
22400;661
22400;745
22400;746
22401;660
22401;661
22401;745
22401;746
22402;660
22402;661
22402;745
22403;660
22403;661
22403;745
22403;746
22404;660
22404;661
22404;666
22404;745
22407;660
22407;661
22407;666
22407;745
22408;660
22408;661
22408;666
22408;745
22409;660
22409;661
22409;666
22409;745
22421;322
22421;326
22422;322
22422;326
22423;326
22424;322
22424;326
22425;125
22425;326
22426;125
22426;326
22426;327
22427;125
22427;326
22427;327
22428;125
22428;326
22454;657
22454;660
22454;756
22454;758
22455;657
22455;660
22455;756
22455;758
22456;657
22456;660
22456;756
22456;758
22457;657
22457;660
22457;756
22457;758
22458;660
22458;758
22459;660
22459;758
22464;758
22465;758
22467;758
22469;758
22470;758
22471;758
22506;758
22509;648
22509;826
22509;848
22510;648
22510;826
22510;848
22511;758
22512;758
22513;648
22513;826
22513;848
22514;648
22514;826
22514;848
22516;648
22516;826
22516;848
22520;749
22520;826
22521;749
22521;826
22522;749
22522;826
22523;749
22523;826
22524;749
22524;826
22525;749
22525;826
22528;848
22529;848
22530;848
22531;848
22532;848
22533;695
22533;749
22533;826
22533;827
22534;695
22534;749
22534;826
22534;827
22537;608
22537;749
22537;826
22538;608
22538;749
22538;826
22539;648
22539;826
22539;848
22540;137
22540;537
22540;78
22541;137
22541;537
22541;78
22543;137
22543;537
22543;78
22544;137
22544;537
22544;78
22545;137
22545;537
22545;78
22546;137
22546;537
22546;78
22547;137
22547;537
22547;78
22548;137
22548;537
22548;78
22550;137
22550;537
22550;78
22560;750
22560;756
22561;750
22561;756
22562;657
22562;750
22562;757
22563;657
22563;750
22563;757
22564;657
22564;750
22564;757
22565;657
22565;750
22565;757
22566;657
22566;750
22566;757
22567;657
22567;750
22567;757
22569;756
22570;756
22571;756
22572;756
22573;756
22574;756
22575;756
22576;756
22620;750
22620;756
22621;750
22621;756
22624;125
22624;322
22624;326
22624;426
22625;125
22625;322
22625;326
22625;426
22626;125
22626;322
22626;326
22626;426
22627;125
22627;322
22627;326
22627;426
22630;125
22630;322
22630;326
22630;426
22630;430
22631;125
22631;322
22631;326
22631;426
22631;430
22634;835
22634;837
22634;936
22635;835
22635;837
22635;936
22737;834
22737;835
22737;837
22737;849
22737;935
22737;936
22738;835
22738;837
22738;936
22739;835
22739;837
22739;936
22740;834
22740;835
22740;837
22740;849
22740;935
22740;936
22741;835
22741;837
22741;936
22742;835
22742;837
22742;936
22743;835
22743;837
22743;936
22744;835
22744;837
22744;936
22745;835
22745;837
22745;849
22745;935
22745;936
22746;835
22746;837
22746;936
22747;835
22747;837
22747;849
22747;935
22747;936
22748;835
22748;837
22748;849
22748;935
22748;936
22749;835
22749;837
22749;849
22749;935
22749;936
22750;835
22750;837
22750;849
22750;935
22750;936
22751;835
22751;837
22751;849
22751;935
22751;936
22752;835
22752;837
22752;849
22752;935
22752;936
22753;835
22753;837
22753;849
22753;935
22753;936
22754;835
22754;837
22754;849
22754;935
22754;936
22755;835
22755;837
22755;849
22755;935
22755;936
22756;835
22756;837
22756;849
22756;935
22756;936
22757;835
22757;837
22757;849
22757;935
22757;936
22758;835
22758;837
22758;849
22758;935
22758;936
22759;835
22759;837
22759;849
22759;935
22759;936
22760;835
22760;837
22760;849
22760;935
22760;936
22761;835
22761;837
22761;849
22761;936
22762;835
22762;837
22762;849
22762;935
22762;936
22763;835
22763;837
22763;849
22763;936
22764;835
22764;837
22764;849
22764;936
22765;835
22765;837
22765;849
22765;936
22766;835
22766;837
22766;849
22766;936
22767;835
22767;837
22767;849
22767;936
22768;835
22768;837
22768;849
22768;936
22769;835
22769;837
22769;849
22769;936
22770;835
22770;837
22770;849
22770;936
22771;835
22771;837
22771;849
22771;936
22772;835
22772;837
22772;849
22772;936
22773;835
22773;837
22773;849
22773;936
22774;835
22774;837
22774;849
22774;936
22775;835
22775;837
22775;849
22775;936
22776;835
22776;837
22776;849
22776;936
22777;835
22777;837
22777;936
22778;835
22778;837
22778;849
22778;936
22779;835
22779;837
22779;849
22779;936
22780;835
22780;837
22780;936
22781;835
22781;837
22781;849
22781;936
22782;835
22782;837
22782;849
22782;936
22783;835
22783;837
22783;936
22784;835
22784;837
22784;936
22785;835
22785;837
22785;936
22786;835
22786;837
22786;849
22786;936
22787;835
22787;837
22787;936
22788;835
22788;837
22788;936
22789;835
22789;837
22789;936
22790;835
22790;837
22790;936
22791;835
22791;837
22791;936
22792;835
22792;837
22792;936
22793;835
22793;837
22793;936
22794;835
22794;837
22794;936
22796;835
22796;837
22796;936
22797;837
22799;837
22800;837
22801;837
22802;837
22803;837
22804;837
22805;837
22806;837
22807;837
22808;837
22809;837
22810;837
22811;837
22812;837
22813;837
22814;837
22815;837
22816;837
22817;837
22818;837
22819;837
22820;837
22821;837
22822;837
22823;837
22824;837
22825;837
22826;837
22827;837
22828;837
22829;837
22830;837
22830;839
22831;837
22832;837
22832;839
22833;837
22834;837
22834;839
22835;837
22836;837
22836;839
22837;837
22838;837
22838;839
22839;837
22840;837
22840;839
22842;837
22842;839
22843;835
22843;837
22843;849
22843;936
22844;835
22844;837
22844;849
22844;936
22847;660
22847;661
22847;745
22847;746
22848;660
22848;661
22848;745
22848;746
22849;661
22849;745
22849;746
22850;661
22850;745
22850;746
22975;835
22975;842
22975;936
22976;835
22976;842
22976;936
22979;835
22979;842
22979;936
22980;835
22980;842
22980;936
22981;835
22981;842
22981;936
22982;835
22982;842
22982;936
22983;835
22983;842
22983;936
22984;835
22984;842
22984;936
22985;835
22985;842
22985;936
22986;835
22986;842
22986;936
22987;835
22987;842
22987;936
22988;835
22988;842
22988;936
22989;645
22989;646
22989;651
22989;652
22989;653
22989;835
22989;842
22989;936
22990;835
22991;645
22991;646
22991;651
22991;652
22991;653
22991;835
22991;842
22991;936
22992;645
22992;646
22992;651
22992;652
22992;653
22992;835
22992;842
22992;936
22993;645
22993;646
22993;651
22993;652
22993;653
22993;835
22993;842
22993;936
22994;645
22994;646
22994;651
22994;652
22994;653
22994;835
22994;842
22994;936
22995;645
22995;646
22995;651
22995;652
22995;653
22995;835
22995;842
22995;936
22996;645
22996;646
22996;651
22996;652
22996;653
22996;835
22996;842
22996;936
22997;645
22997;646
22997;651
22997;652
22997;653
22997;835
22997;842
22997;936
22998;645
22998;646
22998;651
22998;652
22998;653
22998;835
22998;842
22998;936
22999;645
22999;646
22999;653
22999;835
22999;842
22999;936
23000;645
23000;646
23000;835
23000;842
23000;936
23001;645
23001;646
23001;653
23001;835
23001;842
23001;936
23002;645
23002;646
23002;652
23002;653
23002;835
23002;842
23002;936
23003;645
23003;646
23003;835
23003;842
23003;936
23004;645
23004;646
23004;652
23004;653
23004;835
23004;842
23004;936
23005;645
23005;646
23005;835
23005;842
23005;936
23006;645
23006;646
23006;835
23006;842
23006;936
23007;645
23007;646
23007;835
23007;842
23007;936
23008;645
23008;646
23008;835
23008;842
23008;936
23009;645
23009;646
23009;652
23009;835
23009;842
23009;936
23010;645
23010;646
23010;835
23010;842
23010;936
23011;645
23011;646
23011;652
23011;835
23011;842
23011;936
23012;645
23012;646
23012;835
23012;842
23012;936
23014;645
23014;646
23014;835
23014;842
23014;936
23016;643
23016;644
23016;645
23016;646
23016;831
23016;832
23016;833
23016;835
23016;836
23016;842
23127;643
23127;644
23127;651
23127;652
23127;653
23127;656
23127;836
23127;936
23128;643
23128;644
23128;651
23128;656
23128;836
23128;936
23129;643
23129;644
23129;836
23129;936
23130;643
23130;644
23130;836
23130;936
23131;836
23131;936
23132;836
23132;936
23133;836
23133;936
23134;836
23134;936
23135;836
23135;936
23136;836
23136;936
23137;836
23137;936
23138;836
23138;936
23139;836
23139;936
23140;836
23140;936
23141;836
23141;936
23142;836
23142;936
23143;836
23143;936
23144;836
23144;936
23145;836
23145;936
23146;836
23146;936
23147;836
23147;936
23148;836
23148;936
23149;836
23149;936
23150;836
23150;936
23151;836
23151;936
23152;836
23152;936
23153;836
23153;936
23154;836
23154;936
23156;836
23156;936
23207;657
23207;756
23208;657
23208;756
23209;657
23209;756
23210;657
23210;756
23211;657
23211;756
23212;657
23212;756
23213;657
23213;756
23214;657
23214;756
23215;657
23215;756
23216;657
23216;756
23217;657
23217;756
23218;657
23218;756
23219;657
23219;756
23220;657
23220;756
23237;657
23237;756
23238;657
23238;756
23239;657
23239;756
23240;657
23240;756
23241;657
23241;756
23242;657
23242;756
23243;657
23243;756
23244;657
23244;756
23245;657
23245;756
23246;657
23246;756
23247;657
23247;756
23248;657
23248;756
23249;442
23250;442
23251;442
23252;442
23253;747
23253;753
23253;759
23254;747
23254;753
23254;759
23255;826
23255;848
23256;826
23256;848
23257;826
23257;848
23258;826
23258;848
23259;812
23259;850
23260;812
23260;850
23261;619
23261;750
23261;757
23261;850
23262;619
23262;750
23262;757
23262;850
23263;754
23263;755
23264;754
23264;755
23265;754
23265;755
23266;754
23266;755
23267;648
23267;848
23268;648
23268;848
23269;295
23269;820
23270;754
23270;755
23271;754
23271;755
23274;744
23275;920
23276;698
23276;748
23277;698
23277;748
23278;837
23278;839
23279;756
23280;756
23281;755
23282;755
23283;442
23284;123
23284;442
23285;149
23286;149
23287;149
23288;149
23289;643
23289;644
23289;651
23289;652
23289;831
23289;832
23289;833
23289;836
23289;936
23290;643
23290;644
23290;651
23290;831
23290;832
23290;833
23290;936
23291;643
23291;644
23291;645
23291;646
23291;651
23291;831
23291;832
23291;833
23291;835
23291;836
23291;842
23292;643
23292;644
23292;645
23292;646
23292;651
23292;831
23292;832
23292;833
23292;835
23292;836
23292;842
23293;643
23293;644
23293;645
23293;646
23293;651
23293;831
23293;832
23293;833
23293;835
23293;836
23293;842
23294;643
23294;644
23294;645
23294;646
23294;651
23294;831
23294;832
23294;833
23294;835
23294;836
23294;842
23295;643
23295;644
23295;645
23295;646
23295;651
23295;831
23295;832
23295;833
23295;835
23295;836
23295;842
23296;643
23296;644
23296;645
23296;646
23296;831
23296;832
23296;833
23296;835
23296;836
23296;842
23301;125
23301;322
23301;326
23301;426
23302;125
23302;322
23302;326
23302;426
23303;147
23303;847
23304;147
23304;847
23305;125
23305;322
23305;326
23305;426
23306;125
23306;322
23306;426
23307;125
23307;322
23307;326
23307;426
23308;754
23308;755
23309;695
23309;749
23310;695
23310;827
23311;695
23311;827
23312;695
23313;695
23317;660
23317;661
23317;745
23317;746
23318;660
23318;661
23318;745
23318;746
23319;664
23319;745
23320;664
23320;745
23321;754
23321;755
23322;754
23322;755
23323;754
23323;755
23324;754
23324;755
23325;147
23325;847
23326;147
23326;847
23327;608
23327;695
23328;608
23328;695
23332;816
23333;816
23334;816
23335;816
23336;816
23337;816
23338;816
23339;816
23340;816
23341;816
23349;648
23349;826
23350;648
23350;826
23351;648
23351;826
23352;648
23352;826
23353;744
23354;744
23355;643
23355;644
23355;651
23355;652
23355;653
23355;656
23355;836
23355;936
23356;643
23356;644
23356;651
23356;652
23356;653
23356;656
23356;836
23356;936
23363;836
23363;936
23364;836
23364;936
23365;836
23365;936
23366;836
23366;936
23368;836
23368;936
23370;834
23371;834
23372;834
23373;834
23374;834
23375;834
23376;834
23377;834
23378;834
23379;834
23380;834
23381;834
23382;834
23383;834
23384;834
23385;834
23386;834
23387;834
23388;834
23389;834
23390;834
23390;849
23390;935
23391;834
23391;849
23391;935
23392;834
23392;849
23392;935
23393;661
23393;834
23393;849
23393;935
23394;834
23394;849
23394;935
23395;661
23395;834
23395;849
23395;935
23396;834
23396;849
23396;935
23397;661
23397;834
23397;849
23397;935
23398;834
23398;849
23398;935
23399;661
23399;834
23399;849
23399;935
23400;661
23400;834
23400;849
23400;935
23401;834
23401;849
23401;935
23402;834
23402;849
23402;935
23403;835
23403;842
23403;936
23404;835
23404;842
23404;936
23407;149
23408;836
23408;936
23409;750
23410;750
23411;750
23412;750
23413;750
23414;750
23415;750
23416;750
23417;750
23418;750
23419;750
23420;837
23421;837
23422;346
23422;442
23422;446
23422;816
23423;744
23424;744
23425;656
23425;831
23425;832
23425;833
23426;656
23426;831
23426;832
23426;833
23427;656
23427;831
23427;832
23427;833
23428;656
23428;831
23428;832
23428;833
23429;831
23429;832
23429;833
23430;831
23430;832
23430;833
23431;831
23431;832
23431;833
23432;831
23432;832
23432;833
23433;831
23433;832
23433;833
23434;831
23434;832
23434;833
23435;831
23435;832
23435;833
23436;831
23436;832
23436;833
23437;831
23437;832
23437;833
23439;831
23439;832
23439;833
23440;831
23440;832
23440;833
23441;831
23441;832
23441;833
23442;831
23442;832
23442;833
23443;831
23443;832
23443;833
23444;831
23444;832
23444;833
23445;831
23445;832
23445;833
23446;831
23446;832
23446;833
23447;831
23447;832
23447;833
23448;831
23448;832
23448;833
23449;831
23449;832
23449;833
23450;831
23450;832
23450;833
23451;831
23451;832
23451;833
23452;833
23453;833
23454;833
23455;833
23456;833
23457;833
23458;833
23459;833
23460;833
23461;833
23462;833
23463;833
23464;833
23465;833
23466;833
23467;833
23468;833
23471;833
23472;832
23474;832
23475;832
23476;832
23477;832
23478;832
23480;832
23481;832
23482;831
23482;832
23483;832
23484;832
23485;832
23486;832
23488;831
23490;831
23492;831
23493;831
23494;831
23495;831
23496;831
23497;831
23498;831
23499;831
23500;831
23501;831
23503;831
23504;831
23505;831
23506;831
23507;831
23508;831
23509;831
23510;831
23511;831
23512;831
23514;346
23514;446
23514;810
23515;833
23516;744
23517;744
23518;752
23519;754
23519;755
23520;754
23520;755
23521;752
23522;754
23522;755
23523;754
23523;755
23524;750
23525;831
23525;832
23525;833
23526;831
23526;832
23526;833
23527;831
23527;832
23527;833
23528;831
23528;832
23528;833
23529;831
23529;832
23529;833
23530;831
23530;832
23530;833
23531;648
23531;826
23532;648
23532;826
23533;346
23533;442
23533;446
23533;810
23533;816
23534;834
23535;834
23536;648
23536;658
23536;747
23536;748
23536;749
23536;753
23536;759
23536;868
23537;750
23538;750
23539;648
23541;648
23541;749
23542;648
23543;837
23545;833
23546;833
23547;833
23548;833
23549;833
23550;833
23551;753
23552;753
23553;753
23554;753
23555;753
23556;753
23557;753
23558;753
23559;753
23561;759
23562;759
23563;759
23564;759
23565;759
23566;759
23567;759
23568;759
23569;759
23570;759
23571;759
23572;759
23573;759
23574;759
23575;759
23576;759
23577;759
23578;759
23579;759
23580;759
23581;759
23582;759
23583;759
23584;759
23585;759
23586;759
23587;759
23588;759
23589;759
23590;831
23591;831
23592;831
23592;832
23592;833
23593;831
23593;832
23593;833
23594;831
23594;832
23595;831
23595;832
23596;836
23596;936
23597;836
23597;936
23598;837
23599;837
23600;121
23600;200
23600;212
23600;213
23600;290
23600;330
23600;543
23600;777
23601;196
23601;197
23601;258
23601;741
23601;847
23602;831
23602;832
23602;833
23603;831
23603;832
23603;833
23604;648
23604;658
23604;747
23604;748
23604;749
23604;753
23604;759
23604;868
23605;750
23606;750
23607;751
23607;777
23608;751
23608;777
23610;831
23611;831
23612;831
23613;831
23614;831
23615;831
23616;835
23616;837
23616;849
23616;936
23617;835
23617;837
23617;849
23617;936
23618;135
23618;335
23618;742
23619;135
23619;335
23619;742
23621;832
23622;832
23623;832
23624;832
23625;660
23625;661
23625;666
23625;745
23626;756
23629;837
23641;750
23641;757
23641;850
23642;750
23642;757
23642;850
23643;750
23643;757
23643;850
23644;750
23644;757
23644;850
23645;229
23645;529
23646;229
23646;529
23647;750
23650;750
23651;750
23654;750
23655;750
23656;750
23657;750
23658;750
23659;665
23659;750
23660;750
23661;665
23661;750
23662;648
23662;826
23662;848
23663;744
23663;750
23664;744
23664;750
23665;648
23665;826
23665;848
23666;648
23666;826
23666;848
23667;753
23667;759
23668;753
23668;759
23669;648
23669;868
23670;648
23670;868
23671;648
23672;648
23673;648
23674;648
23675;648
23676;648
23677;648
23677;868
23678;648
23678;868
23679;657
23679;756
23680;657
23680;756
23681;836
23681;936
23682;836
23682;936
23683;750
23684;750
23685;430
23685;435
23685;532
23686;749
23687;837
23688;837
23689;837
23690;837
23691;837
23692;837
23693;837
23694;837
23695;221
23695;487
23696;221
23696;487
23698;839
23699;839
23701;839
23703;839
23705;839
23707;839
23709;839
23710;837
23710;839
23711;759
23712;759
23713;839
23714;839
23715;839
23716;839
23717;839
23718;839
23719;839
23720;750
23721;750
23722;744
23723;744
23724;128
23724;428
23724;749
23724;826
23725;128
23725;428
23725;749
23725;826
23726;746
23727;746
23728;746
23729;746
23730;746
23733;744
23734;744
23735;744
23736;744
23737;868
23738;868
23739;868
23740;868
23741;868
23742;868
23743;868
23744;868
23745;868
23746;868
23747;868
23748;868
23749;868
23750;868
23751;868
23752;648
23753;648
23754;868
23755;868
23756;868
23757;868
23758;648
23759;648
23760;744
23761;744
23762;817
23763;839
23764;839
23765;832
23766;832
23767;836
23767;936
23768;836
23768;936
23769;207
23769;812
23770;750
23771;750
23772;842
23773;842
23774;842
23775;842
23776;842
23777;836
23777;936
23778;836
23778;936
23779;836
23779;936
23780;342
23780;816
23781;868
23782;868
23783;836
23783;936
23784;836
23784;936
23785;836
23785;936
23786;836
23786;936
23787;836
23787;936
23788;836
23788;936
23789;836
23789;936
23790;754
23790;755
23791;754
23791;755
23792;754
23792;755
23793;754
23793;755
23794;868
23795;868
23796;868
23797;868
23798;836
23798;936
23799;836
23799;936
23800;645
23800;646
23800;835
23800;842
23800;936
23801;645
23801;646
23801;652
23801;835
23801;842
23801;936
23802;602
23802;800
23803;665
23804;665
23805;665
23806;665
23807;665
23808;665
23811;665
23812;665
23813;665
23814;665
23815;665
23821;660
23822;660
23823;660
23824;660
23825;660
23826;660
23827;660
23828;660
23829;660
23829;752
23830;660
23830;752
23831;660
23831;758
23832;660
23837;661
23838;661
23839;661
23840;661
23841;661
23842;661
23843;661
23844;661
23845;661
23846;661
23847;661
23848;664
23849;664
23850;664
23851;664
23852;664
23853;664
23854;664
23855;664
23856;664
23857;664
23858;664
23859;664
23860;664
23861;664
23862;664
23863;664
23864;664
23865;664
23866;664
23867;664
23868;664
23869;664
23870;664
23871;664
23872;664
23873;664
23874;664
23875;664
23876;664
23877;664
23878;664
23879;664
23880;664
23881;664
23882;664
23883;664
23884;664
23885;664
23886;664
23887;664
23888;664
23889;664
23890;664
23891;666
23891;756
23892;666
23892;756
23893;666
23893;756
23894;666
23894;756
23895;666
23895;756
23896;666
23896;756
23897;666
23897;756
23898;666
23898;756
23899;666
23899;756
23900;666
23900;756
23901;836
23901;936
23902;836
23902;936
23903;834
23904;834
23905;834
23906;834
23907;834
23908;834
23909;834
23910;834
23911;834
23912;834
23913;834
23914;834
23915;834
23916;834
23917;602
23917;648
23917;660
23917;749
23917;800
23918;445
23919;445
23920;849
23920;935
23921;849
23921;935
23922;849
23922;935
23923;849
23923;935
23924;849
23925;849
23926;849
23927;849
23928;849
23929;849
23930;849
23931;661
23932;661
23933;665
23934;664
23935;752
23936;752
23937;657
23937;756
23938;657
23938;756
23939;660
23940;660
23941;664
23942;664
23943;664
23944;664
23945;532
23946;532
23947;746
23948;746
23949;746
23950;746
23951;746
23952;746
23953;746
23954;746
23955;746
23956;746
23957;657
23957;756
23958;657
23958;756
23960;837
23961;837
23962;837
23963;837
23964;648
23965;648
23966;648
23967;648
23968;756
23969;750
23969;756
23970;748
23971;748
23972;754
23973;754
23974;749
23974;826
23975;749
23975;826
23976;602
23976;648
23976;658
23976;660
23976;747
23976;748
23976;749
23976;753
23976;759
23976;800
23976;868
23977;660
23977;661
23977;666
23977;745
23978;836
23978;936
23979;836
23979;936
23980;832
23981;831
23981;832
23982;147
23982;847
23983;147
23983;847
23984;430
23985;430
23986;207
23986;557
23986;558
23986;559
23986;598
23987;557
23987;558
23987;559
23987;598
23988;602
23988;648
23988;660
23988;749
23988;800
23989;602
23989;648
23989;660
23989;749
23989;800
23992;744
23993;744
23994;834
23995;834
23996;836
23996;936
23997;836
23997;936
23998;229
23999;229
24000;651
24000;653
24001;651
24002;651
24002;652
24002;653
24003;652
24003;653
24004;651
24004;652
24004;653
24005;652
24005;653
24006;651
24006;652
24006;653
24007;652
24007;653
24008;651
24008;652
24008;653
24009;652
24009;653
24010;651
24010;652
24010;653
24011;652
24011;653
24012;651
24012;652
24013;651
24014;651
24014;652
24015;651
24016;652
24017;652
24018;652
24019;652
24020;651
24020;652
24020;653
24021;651
24021;653
24022;651
24022;652
24022;653
24023;651
24023;653
24024;651
24024;652
24024;653
24025;651
24025;652
24025;653
24025;656
24026;651
24026;652
24026;653
24028;651
24028;652
24028;653
24029;651
24029;652
24029;653
24030;651
24030;652
24030;653
24030;656
24031;651
24031;652
24031;653
24031;656
24032;651
24032;652
24032;653
24032;831
24032;832
24032;833
24033;651
24033;652
24033;653
24033;831
24033;832
24033;833
24034;651
24034;652
24034;653
24035;651
24035;652
24035;653
24036;651
24036;652
24036;653
24037;651
24037;652
24037;653
24038;651
24038;652
24038;653
24039;651
24039;652
24039;653
24040;651
24040;652
24040;653
24041;651
24041;652
24041;653
24042;651
24042;652
24042;653
24043;651
24043;652
24043;653
24044;651
24044;652
24044;653
24045;651
24045;652
24045;653
24045;656
24046;656
24047;652
24047;653
24048;651
24048;653
24049;652
24050;651
24050;653
24051;653
24052;652
24053;652
24054;652
24054;653
24055;651
24055;653
24056;651
24056;653
24057;652
24057;653
24058;651
24059;652
24060;651
24061;652
24062;651
24063;652
24064;651
24065;652
24066;652
24067;652
24068;652
24070;652
24071;652
24072;652
24073;652
24074;652
24075;651
24075;652
24075;653
24075;656
24076;651
24076;652
24076;653
24076;656
24077;651
24077;652
24077;653
24077;656
24078;651
24078;652
24078;653
24078;656
24079;651
24079;652
24079;653
24079;656
24080;651
24080;652
24080;653
24080;656
24081;652
24081;656
24082;652
24083;652
24084;652
24085;645
24085;646
24085;652
24085;653
24085;835
24085;842
24085;936
24086;645
24086;646
24086;653
24086;835
24086;842
24086;936
24087;652
24089;652
24090;652
24090;653
24091;653
24092;653
24093;653
24094;653
24095;653
24096;653
24097;653
24098;651
24098;652
24098;653
24099;651
24099;652
24099;653
24100;653
24101;653
24102;653
24105;651
24106;651
24107;651
24108;651
24109;651
24110;651
24111;651
24112;651
24113;651
24114;651
24115;651
24116;651
24117;651
24118;651
24119;643
24119;644
24119;645
24119;651
24119;835
24120;643
24120;644
24120;645
24120;646
24120;651
24120;835
24125;651
24126;651
24126;652
24127;651
24128;651
24129;651
24130;656
24131;656
24132;656
24132;831
24132;832
24132;833
24133;656
24133;831
24133;832
24133;833
24134;656
24135;656
24139;656
24140;656
24141;656
24142;656
24143;656
24144;652
24144;653
24144;656
24145;653
24145;656
24146;833
24147;833
24148;835
24148;837
24148;849
24148;936
24149;835
24149;837
24149;849
24149;936
24150;123
24150;149
24150;247
24150;329
24150;342
24150;344
24150;529
24150;751
24150;816
24151;123
24151;149
24151;247
24151;329
24151;342
24151;344
24151;529
24151;751
24151;816
24152;123
24152;149
24152;247
24152;329
24152;342
24152;344
24152;529
24152;751
24152;816
24153;123
24153;149
24153;247
24153;329
24153;342
24153;344
24153;529
24153;751
24153;816
24154;645
24154;646
24154;651
24154;652
24154;653
24154;835
24154;842
24154;936
24155;645
24155;646
24155;651
24155;652
24155;653
24155;835
24155;842
24155;936
24157;651
24157;652
24157;653
24157;656
24157;936
24158;651
24158;652
24158;653
24158;656
24159;660
24159;758
24160;660
24160;758
24161;609
24161;611
24161;616
24161;618
24161;697
24161;796
24161;803
24161;806
24162;836
24162;936
24163;836
24163;936
24164;754
24164;755
24165;754
24165;755
24167;645
24167;646
24167;651
24167;652
24167;835
24167;842
24167;936
24168;619
24168;750
24168;757
24168;850
24169;619
24169;750
24169;757
24169;850
24170;619
24170;750
24170;757
24170;850
24171;652
24171;653
24171;656
24172;653
24172;656
24173;868
24174;868
24175;657
24175;756
24176;657
24176;756
24177;759
24178;759
24179;837
24180;837
24183;741
24184;741
24185;741
24186;741
24187;742
24188;742
24189;742
24190;742
24191;749
24192;602
24192;648
24192;658
24192;660
24192;747
24192;748
24192;749
24192;753
24192;759
24192;800
24192;868
24193;660
24194;660
24195;758
24196;758
24197;645
24198;645
24198;646
24199;645
24199;646
24200;645
24200;646
24211;836
24211;936
24212;836
24212;936
24213;835
24213;837
24213;936
24214;835
24214;837
24214;936
24215;608
24216;660
24216;758
24217;660
24217;758
24218;754
24218;755
24219;754
24219;755
24220;741
24221;741
24222;750
24222;757
24223;750
24223;757
24224;832
24225;832
24226;221
24226;487
24227;221
24227;487
24228;221
24228;487
24229;221
24229;487
24230;221
24230;487
24231;135
24231;537
24231;577
24231;742
24232;837
24233;837
24234;826
24234;848
24235;826
24235;848
24236;651
24236;652
24236;653
24237;759
24238;207
24238;595
24238;596
24238;817
24239;665
24240;665
24241;657
24241;750
24241;757
24242;657
24242;750
24242;757
24243;850
24245;660
24245;661
24245;666
24245;745
24246;660
24246;661
24246;666
24246;745
24247;660
24247;758
24248;660
24248;758
24249;608
24249;827
24250;608
24250;827
24251;834
24251;849
24251;935
24252;229
24252;430
24252;529
24253;229
24253;430
24253;529
24254;128
24254;428
24254;749
24254;848
24255;128
24255;428
24255;749
24255;848
24256;532
24257;532
24258;832
24259;832
24260;831
24261;831
24262;837
24263;837
24264;619
24264;750
24264;757
24264;812
24264;850
24265;754
24265;755
24266;754
24266;755
24267;758
24268;758
24269;754
24269;755
24270;754
24270;755
24271;758
24272;758
24273;758
24275;742
24276;742
24277;817
24278;817
24279;756
24280;756
24281;648
24281;698
24281;748
24282;648
24282;698
24282;748
24283;661
24284;661
24285;653
24286;648
24287;648
24288;657
24288;660
24288;756
24288;758
24289;657
24289;660
24289;756
24289;758
24290;652
24291;652
24292;652
24293;652
24294;652
24295;652
24296;652
24297;652
24298;837
24299;837
24300;643
24300;644
24301;643
24301;644
24302;643
24302;644
24303;643
24303;644
24304;643
24304;644
24305;643
24305;644
24306;643
24306;644
24307;643
24307;644
24308;643
24309;643
24310;643
24311;643
24314;643
24315;643
24316;643
24317;643
24318;643
24319;643
24320;643
24321;643
24322;643
24323;643
24324;643
24325;643
24326;643
24327;643
24328;643
24329;643
24330;643
24331;648
24332;648
24333;648
24334;644
24335;644
24336;644
24337;644
24338;644
24339;644
24340;644
24341;644
24342;644
24343;644
24344;644
24345;644
24346;644
24347;644
24348;644
24349;644
24350;644
24351;644
24352;644
24353;644
24354;644
24355;644
24356;644
24357;644
24358;644
24359;644
24360;644
24361;644
24366;644
24367;644
24368;644
24369;644
24372;644
24373;868
24374;868
24375;868
24376;868
24379;619
24379;750
24379;757
24379;812
24379;850
24380;836
24381;836
24382;836
24383;836
24384;836
24385;836
24386;836
24387;836
24388;836
24389;836
24389;936
24390;836
24390;936
24391;836
24391;936
24392;744
24392;750
24393;744
24393;750
24410;651
24411;651
24412;868
24413;665
24416;665
24417;665
24418;665
24419;657
24419;756
24420;657
24420;756
24421;660
24421;758
24422;660
24422;758
24423;645
24424;645
24425;645
24426;645
24427;645
24428;645
24429;645
24430;645
24431;645
24432;645
24433;645
24434;645
24435;645
24436;645
24437;645
24438;645
24439;645
24440;645
24441;645
24442;645
24443;645
24444;645
24445;645
24446;645
24447;645
24448;645
24449;645
24450;645
24451;645
24452;645
24453;645
24454;645
24455;645
24456;602
24456;660
24456;800
24457;537
24458;537
24461;935
24462;935
24463;935
24464;935
24465;935
24466;935
24467;935
24468;935
24469;935
24470;935
24471;935
24472;935
24473;935
24474;935
24475;935
24476;935
24477;935
24478;935
24479;935
24480;935
24481;935
24482;935
24483;935
24484;935
24485;935
24486;935
24487;935
24488;935
24489;935
24490;935
24491;935
24492;935
24493;935
24494;836
24495;836
24498;643
24499;643
24500;643
24501;643
24502;643
24503;643
24504;643
24505;643
24506;643
24507;643
24508;643
24509;643
24510;643
24512;644
24513;644
24514;644
24515;644
24516;644
24518;644
24519;644
24520;644
24521;644
24522;644
24523;644
24524;644
24525;644
24526;644
24527;644
24528;644
24529;644
24530;644
24531;644
24532;644
24533;644
24534;644
24535;644
24536;644
24537;644
24538;644
24539;644
24540;644
24541;644
24542;657
24543;657
24544;619
24544;750
24544;757
24544;812
24544;850
24545;660
24545;758
24546;756
24547;665
24547;750
24548;750
24549;648
24550;742
24551;742
24552;646
24553;646
24554;646
24555;646
24556;646
24557;646
24558;646
24559;646
24560;646
24561;646
24562;646
24563;646
24564;646
24565;646
24566;646
24567;646
24568;646
24569;646
24570;646
24571;646
24572;646
24573;646
24574;646
24575;646
24576;646
24577;646
24578;646
24579;646
24580;646
24581;646
24582;646
24583;646
24584;646
24585;646
24586;646
24587;646
24588;646
24589;646
24590;646
24591;646
24592;646
24593;646
24594;646
24595;645
24596;645
24597;747
24598;747
24599;836
24599;936
24600;836
24600;936
24610;837
24611;837
24612;660
24612;752
24613;837
24614;837
24615;935
24616;935
24617;935
24618;935
24619;750
24619;756
24620;750
24620;756
24621;750
24621;756
24622;744
24622;750
24623;744
24623;750
24624;754
24624;755
24625;754
24625;755
24626;754
24627;754
24628;832
24629;832
24630;833
24631;833
24632;832
24633;832
24634;758
24635;758
24636;758
24637;758
24638;836
24639;836
24640;754
24640;755
24640;758
24641;754
24641;755
24641;758
24642;836
24645;817
24646;817
24647;135
24647;335
24647;537
24647;742
24648;135
24648;335
24648;537
24648;742
24649;834
24649;849
24649;935
24650;834
24651;834
24677;839
24678;839
24679;839
30001;267
30002;505
30003;568
30004;204
30004;570
30005;119
30010;314
30011;390
30013;800
30014;533
30014;558
30015;259
30015;338
30015;59
30017;212
30017;313
30018;117
30018;302
30018;367
30018;53
30018;57
30018;58
30018;60
30018;64
30019;117
30019;302
30019;367
30019;53
30019;57
30019;58
30019;60
30019;64
30020;117
30020;302
30020;367
30020;53
30020;57
30020;58
30020;60
30020;64
30021;117
30021;302
30021;367
30021;53
30021;57
30021;58
30021;60
30021;64
30022;117
30022;302
30022;367
30022;53
30022;57
30022;58
30022;60
30022;64
30023;117
30023;302
30023;367
30023;53
30023;57
30023;58
30023;60
30023;64
30024;117
30024;302
30024;367
30024;53
30024;57
30024;60
30024;64
30025;117
30025;302
30025;367
30025;53
30025;57
30025;60
30025;64
30026;117
30026;302
30026;367
30026;53
30026;57
30026;60
30026;64
30027;117
30027;302
30027;367
30027;53
30027;57
30027;60
30027;64
30028;117
30028;302
30028;367
30028;53
30028;57
30028;60
30028;64
30029;117
30029;302
30029;53
30029;57
30029;60
30029;64
30030;117
30030;302
30030;367
30030;53
30030;57
30030;60
30030;64
30031;117
30031;302
30031;367
30031;53
30031;57
30031;60
30031;64
30032;117
30032;302
30032;367
30032;53
30032;57
30032;60
30032;64
30034;117
30034;302
30034;367
30034;505
30034;60
30034;64
30035;117
30035;302
30035;367
30035;53
30035;57
30035;60
30035;64
30036;117
30036;364
30036;367
30036;505
30036;560
30036;564
30036;60
30036;64
30037;117
30037;302
30037;367
30037;505
30037;60
30037;64
30038;117
30038;277
30038;364
30038;367
30038;505
30038;560
30038;564
30038;60
30038;64
30040;117
30040;277
30040;364
30040;367
30040;505
30040;560
30040;564
30040;60
30040;64
30041;117
30041;277
30041;364
30041;367
30041;505
30041;560
30041;564
30041;60
30041;64
30042;117
30042;364
30042;560
30042;60
30043;117
30043;277
30043;364
30043;367
30043;505
30043;560
30043;564
30043;60
30043;64
30044;117
30044;364
30044;560
30044;60
30045;117
30045;364
30045;367
30045;505
30045;560
30045;60
30046;117
30046;560
30046;60
30047;117
30047;364
30047;367
30047;560
30047;60
30048;117
30048;560
30048;60
30049;117
30049;364
30049;560
30049;60
30050;117
30051;117
30051;364
30051;560
30051;60
30052;117
30053;117
30053;560
30053;60
30054;117
30054;317
30055;117
30055;560
30055;60
30056;117
30056;317
30057;117
30057;560
30057;60
30058;117
30058;317
30059;117
30060;117
30060;317
30061;117
30061;317
30062;117
30062;367
30062;505
30062;60
30062;64
30063;117
30063;317
30065;117
30065;317
30067;117
30067;317
30068;117
30069;117
30073;313
30074;313
30075;313
30082;117
30082;317
30083;117
30083;317
30101;290
30101;602
30101;608
30101;660
30101;800
30101;963
30102;290
30102;602
30102;608
30102;660
30102;800
30102;963
30108;168
30108;290
30108;602
30108;608
30108;660
30108;800
30110;168
30110;290
30110;602
30110;608
30110;660
30110;800
30123;214
30123;249
30123;53
30123;54
30123;59
30123;662
30123;699
30124;214
30124;249
30124;53
30124;54
30124;59
30124;662
30124;699
30127;214
30127;249
30127;53
30127;54
30127;59
30127;662
30127;699
30128;214
30128;249
30128;53
30128;54
30128;59
30128;662
30128;699
30129;214
30129;249
30129;53
30129;54
30129;59
30129;662
30129;699
30130;214
30130;249
30130;53
30130;54
30130;59
30130;662
30130;699
30131;102
30131;214
30131;249
30131;498
30131;501
30131;502
30131;503
30131;504
30131;513
30131;515
30131;539
30131;54
30131;543
30131;555
30131;599
30131;662
30131;699
30131;930
30132;214
30132;249
30132;515
30132;539
30132;54
30132;543
30132;555
30132;662
30132;699
30132;930
30133;102
30133;214
30133;249
30133;498
30133;501
30133;502
30133;503
30133;504
30133;513
30133;515
30133;539
30133;543
30133;599
30133;662
30133;699
30133;930
30134;119
30134;214
30134;249
30134;515
30134;539
30134;54
30134;543
30134;555
30134;662
30134;699
30134;930
30135;102
30135;214
30135;249
30135;498
30135;501
30135;502
30135;503
30135;504
30135;513
30135;515
30135;539
30135;543
30135;599
30135;662
30135;699
30135;930
30136;119
30136;214
30136;249
30136;515
30136;539
30136;543
30136;662
30136;699
30136;930
30137;102
30137;214
30137;249
30137;498
30137;501
30137;502
30137;503
30137;504
30137;513
30137;515
30137;539
30137;543
30137;599
30137;662
30137;699
30137;930
30138;102
30138;168
30138;501
30138;502
30138;503
30138;504
30138;513
30138;543
30138;599
30139;102
30139;214
30139;249
30139;498
30139;501
30139;502
30139;503
30139;504
30139;513
30139;515
30139;539
30139;543
30139;599
30139;662
30139;699
30139;930
30140;102
30140;168
30140;214
30140;249
30140;501
30140;502
30140;503
30140;504
30140;513
30140;515
30140;539
30140;543
30140;599
30140;662
30140;699
30140;930
30149;364
30149;560
30149;564
30149;59
30150;364
30150;560
30150;564
30150;59
30151;364
30151;560
30151;564
30151;59
30152;364
30152;560
30152;564
30152;59
30153;364
30153;560
30153;564
30153;59
30154;364
30154;560
30154;564
30154;59
30155;364
30155;560
30155;564
30155;59
30156;364
30156;560
30156;564
30156;59
30157;364
30157;560
30157;564
30157;59
30158;364
30158;560
30158;564
30158;59
30159;364
30159;560
30159;564
30159;59
30160;364
30160;560
30160;564
30160;59
30161;364
30161;560
30161;564
30161;59
30162;364
30162;560
30162;564
30162;59
30163;364
30163;54
30163;555
30163;560
30163;564
30164;364
30164;54
30164;555
30164;560
30164;564
30165;364
30165;54
30165;555
30165;560
30165;564
30166;364
30166;54
30166;555
30166;560
30166;564
30179;119
30179;54
30179;555
30181;119
30181;54
30181;555
30183;119
30183;54
30183;555
30185;119
30185;54
30185;555
30187;119
30187;54
30187;555
30189;119
30189;54
30189;555
30200;119
30200;54
30200;555
30202;119
30202;54
30202;555
30204;119
30204;54
30204;555
30206;119
30206;54
30206;555
30208;119
30208;54
30208;555
30210;119
30210;54
30210;555
30212;119
30212;54
30212;555
30214;119
30214;54
30214;555
30219;119
30219;54
30219;555
30220;119
30220;259
30220;54
30220;555
30220;59
30221;119
30221;259
30221;54
30221;555
30222;119
30222;54
30222;555
30223;119
30223;259
30223;54
30223;555
30224;119
30224;54
30224;555
30225;119
30225;54
30225;555
30225;59
30226;119
30226;54
30226;555
30226;59
30227;119
30227;54
30227;555
30227;59
30228;119
30228;54
30228;555
30228;59
30229;119
30231;119
30233;119
30235;119
30237;119
30239;119
30241;119
30243;119
30245;119
30253;119
30254;119
30255;119
30255;204
30255;290
30255;390
30255;533
30255;558
30255;800
30256;119
30258;119
30260;119
30262;119
30264;119
30266;119
30268;119
30270;119
30272;119
30272;204
30272;390
30279;102
30279;214
30279;249
30279;498
30279;501
30279;502
30279;503
30279;504
30279;513
30279;515
30279;539
30279;543
30279;599
30279;662
30279;699
30279;930
30279;963
30280;102
30280;214
30280;249
30280;501
30280;502
30280;503
30280;504
30280;513
30280;515
30280;539
30280;543
30280;599
30280;662
30280;699
30280;930
30280;963
30281;102
30281;214
30281;249
30281;338
30281;359
30281;498
30281;501
30281;502
30281;503
30281;504
30281;513
30281;515
30281;543
30281;599
30281;662
30281;699
30281;930
30281;963
30282;102
30282;214
30282;249
30282;359
30282;498
30282;501
30282;502
30282;503
30282;504
30282;513
30282;515
30282;543
30282;599
30282;662
30282;699
30282;930
30282;963
30283;102
30283;330
30283;338
30283;359
30283;498
30283;501
30283;502
30283;503
30283;504
30283;513
30283;543
30283;599
30283;662
30283;699
30284;102
30284;330
30284;338
30284;359
30284;498
30284;501
30284;502
30284;503
30284;504
30284;513
30284;543
30284;599
30284;662
30284;699
30285;102
30285;330
30285;338
30285;359
30285;498
30285;501
30285;502
30285;503
30285;504
30285;513
30285;543
30285;599
30285;662
30285;699
30286;102
30286;330
30286;338
30286;359
30286;498
30286;501
30286;502
30286;503
30286;504
30286;513
30286;543
30286;599
30286;662
30286;699
30288;498
30289;102
30289;330
30289;338
30289;359
30289;498
30289;501
30289;502
30289;503
30289;504
30289;513
30289;543
30289;599
30289;662
30289;699
30290;102
30290;330
30290;338
30290;359
30290;498
30290;501
30290;502
30290;503
30290;504
30290;513
30290;543
30290;599
30290;662
30290;699
30291;328
30291;338
30291;359
30291;539
30292;328
30292;359
30292;498
30292;539
30296;338
30298;328
30298;359
30298;498
30298;539
30299;214
30299;249
30299;330
30299;515
30299;930
30299;963
30300;214
30300;249
30300;330
30300;515
30300;930
30300;963
30301;214
30301;249
30301;328
30301;330
30301;515
30301;930
30301;963
30302;214
30302;249
30302;328
30302;330
30302;515
30302;930
30302;963
30303;214
30303;249
30303;328
30303;330
30303;515
30303;930
30303;963
30304;328
30304;338
30304;359
30304;539
30305;214
30305;249
30305;328
30305;330
30305;515
30305;559
30305;930
30305;963
30306;214
30306;249
30306;328
30306;330
30306;515
30306;930
30306;963
30308;214
30308;249
30308;328
30308;330
30308;515
30308;559
30308;930
30308;963
30309;767
30317;214
30317;328
30317;330
30317;498
30317;515
30317;559
30317;570
30317;930
30317;963
30318;214
30318;328
30318;330
30318;498
30318;515
30318;559
30318;570
30318;930
30318;963
30319;214
30319;328
30319;330
30319;498
30319;515
30319;559
30319;568
30319;570
30319;930
30319;963
30320;214
30320;328
30320;330
30320;515
30320;559
30320;570
30320;930
30320;963
30321;214
30321;328
30321;330
30321;498
30321;515
30321;559
30321;568
30321;570
30321;930
30321;963
30322;214
30322;328
30322;330
30322;515
30322;559
30322;568
30322;570
30322;930
30322;963
30323;214
30323;328
30323;330
30323;498
30323;515
30323;559
30323;568
30323;570
30323;930
30323;963
30324;214
30324;328
30324;330
30324;515
30324;559
30324;568
30324;570
30324;930
30324;963
30325;214
30325;328
30325;330
30325;498
30325;515
30325;559
30325;568
30325;570
30325;930
30325;963
30326;214
30326;328
30326;330
30326;515
30326;559
30326;568
30326;570
30326;930
30326;963
30330;268
30330;358
30332;111
30332;317
30332;949
30332;966
30332;988
30333;314
30333;602
30333;608
30333;660
30333;949
30334;314
30334;949
30335;314
30335;602
30335;608
30335;660
30335;949
30336;314
30336;602
30336;608
30336;660
30336;949
30337;314
30337;602
30337;608
30337;660
30337;949
30338;314
30338;602
30338;608
30338;660
30338;949
30339;314
30339;949
30340;111
30340;317
30340;949
30340;966
30340;988
30341;111
30341;317
30341;949
30341;966
30341;988
30342;111
30342;317
30342;949
30342;966
30342;988
30343;949
30343;966
30343;988
30344;111
30344;317
30344;949
30344;966
30344;988
30345;949
30345;966
30345;988
30346;949
30346;966
30346;988
30348;949
30348;966
30348;988
30350;949
30350;966
30350;988
30351;949
30351;966
30351;988
30352;949
30352;966
30352;988
30353;949
30353;966
30353;988
30354;314
30354;949
30355;111
30355;317
30355;949
30355;966
30355;988
30373;313
30373;315
30373;316
30377;313
30377;315
30377;316
30378;313
30378;315
30378;316
30379;313
30379;315
30379;316
30384;315
30402;153
30402;154
30403;153
30403;154
30404;153
30404;154
30405;153
30405;154
30406;153
30406;154
30407;153
30407;154
30408;153
30408;154
30409;153
30409;154
30410;153
30410;154
30411;153
30411;154
30412;119
30412;154
30412;53
30412;57
30413;153
30413;154
30414;153
30414;154
30416;153
30416;53
30416;57
30419;153
30419;53
30419;57
30420;153
30420;53
30420;57
30421;119
30421;153
30421;53
30421;57
30422;119
30422;153
30422;53
30422;57
30423;119
30423;505
30423;53
30423;57
30424;119
30424;505
30424;53
30424;57
30425;119
30425;505
30425;53
30425;57
30426;119
30426;505
30426;53
30426;57
30427;119
30427;505
30427;53
30427;57
30428;119
30428;505
30428;53
30428;57
30435;153
30435;505
30436;153
30436;505
30437;153
30437;505
30438;153
30440;153
30445;58
30446;58
30447;58
30448;58
30449;58
30450;58
30451;58
30452;58
30454;58
30461;119
30461;505
30461;53
30461;57
30462;119
30462;505
30462;53
30462;57
30463;119
30463;505
30463;53
30463;57
30464;119
30464;505
30464;53
30464;57
30471;119
30471;505
30471;53
30471;57
30472;119
30472;505
30472;53
30472;57
30473;119
30473;505
30473;53
30473;57
30474;119
30474;505
30474;53
30474;57
30475;119
30475;505
30475;53
30475;57
30477;119
30477;505
30477;53
30477;57
30483;119
30484;119
30489;259
30489;59
30490;59
30491;259
30491;59
30492;59
30499;259
30499;59
30500;59
30501;259
30501;59
30502;59
30504;564
30504;64
30508;64
30509;267
30509;564
30509;64
30510;564
30510;64
30511;204
30511;277
30511;302
30511;505
30511;54
30511;555
30512;267
30512;277
30512;564
30512;64
30513;267
30513;277
30513;564
30513;64
30514;267
30514;277
30514;564
30514;64
30515;267
30515;277
30515;564
30515;64
30516;267
30516;277
30516;564
30516;64
30517;267
30517;277
30517;564
30517;64
30518;267
30518;277
30518;564
30518;64
30519;267
30519;277
30519;564
30519;64
30520;267
30520;277
30520;564
30520;64
30521;267
30521;277
30521;564
30521;64
30522;267
30522;277
30523;267
30523;277
30523;564
30523;64
30524;267
30525;267
30525;277
30526;267
30527;267
30528;267
30529;267
30531;564
30532;564
30533;267
30533;564
30533;64
30534;267
30534;564
30534;64
30536;564
30536;64
30539;267
30540;277
30540;364
30540;64
30541;277
30541;364
30541;64
30543;267
30543;367
30543;505
30544;267
30544;367
30544;505
30545;267
30545;367
30545;505
30546;267
30546;367
30546;505
30547;267
30547;367
30547;505
30548;267
30548;367
30548;505
30549;267
30550;267
30550;560
30550;60
30550;67
30551;267
30551;277
30551;364
30551;64
30552;267
30552;277
30552;364
30552;64
30553;259
30553;267
30553;268
30553;358
30553;368
30553;468
30553;505
30553;59
30554;259
30554;267
30554;268
30554;358
30554;368
30554;468
30554;505
30554;59
30555;259
30555;267
30555;268
30555;358
30555;368
30555;468
30555;505
30555;59
30556;259
30556;267
30556;268
30556;358
30556;368
30556;468
30556;505
30556;59
30557;267
30557;367
30557;505
30558;267
30558;367
30558;505
30559;267
30559;367
30559;505
30560;267
30560;367
30560;505
30561;267
30561;367
30561;505
30562;267
30562;367
30562;505
30586;268
30586;358
30586;367
30586;368
30586;468
30588;268
30588;358
30588;367
30588;368
30588;468
30589;268
30589;358
30589;367
30589;368
30589;468
30590;268
30590;358
30590;367
30590;368
30590;468
30591;268
30591;358
30591;367
30591;368
30591;468
30592;268
30592;358
30592;367
30592;368
30592;468
30593;268
30593;358
30593;367
30593;368
30593;468
30594;268
30594;358
30594;367
30594;368
30594;468
30595;268
30595;358
30595;367
30595;468
30596;268
30596;358
30596;367
30596;468
30597;268
30597;358
30597;367
30597;468
30598;268
30598;358
30598;367
30598;468
30601;268
30601;358
30601;367
30601;468
30602;268
30602;358
30602;367
30602;468
30603;268
30603;358
30603;367
30603;468
30604;268
30604;358
30604;367
30604;468
30605;268
30605;367
30605;368
30606;268
30606;367
30606;368
30607;268
30607;367
30607;368
30608;268
30608;367
30608;368
30610;358
30611;268
30611;358
30611;367
30611;468
30612;268
30612;358
30612;367
30612;468
30613;268
30613;367
30613;368
30614;268
30614;367
30614;368
30619;268
30619;358
30620;268
30620;358
30621;67
30622;67
30623;67
30624;67
30627;268
30627;358
30627;67
30628;268
30628;358
30628;67
30630;367
30630;368
30631;367
30631;368
30633;67
30634;67
30635;67
30636;67
30637;367
30637;368
30637;67
30638;367
30638;368
30638;67
30639;367
30639;368
30639;67
30640;367
30640;368
30640;67
30641;367
30641;368
30641;67
30642;367
30642;368
30642;67
30643;560
30643;60
30643;67
30644;560
30644;60
30644;67
30645;560
30645;60
30645;67
30646;560
30646;60
30646;67
30647;560
30647;60
30647;67
30648;560
30648;60
30648;67
30649;560
30649;60
30649;67
30650;560
30650;60
30650;67
30652;267
30652;560
30652;60
30652;67
30654;560
30654;60
30670;267
30670;358
30670;560
30670;60
30670;67
30671;267
30671;560
30671;60
30671;67
30672;267
30672;358
30672;560
30672;60
30672;67
30673;267
30673;358
30673;560
30673;60
30673;67
30676;267
30676;358
30676;560
30676;60
30676;67
30677;267
30677;358
30677;560
30677;60
30677;67
30678;267
30678;358
30678;560
30678;60
30678;67
30679;267
30679;358
30679;560
30679;60
30679;67
30680;267
30680;358
30680;560
30680;60
30680;67
30681;267
30681;358
30681;560
30681;60
30681;67
30682;267
30682;358
30682;560
30682;60
30682;67
30683;267
30683;358
30683;560
30683;60
30683;67
30684;267
30684;358
30684;560
30684;60
30684;67
30685;267
30685;358
30685;560
30685;60
30685;67
30686;267
30686;358
30686;560
30686;60
30686;67
30687;267
30687;358
30687;560
30687;60
30687;67
30688;267
30688;358
30688;560
30688;60
30688;67
30689;267
30689;358
30689;560
30689;60
30689;67
30690;267
30690;358
30690;560
30690;60
30690;67
30691;267
30691;358
30691;560
30691;60
30691;67
30692;267
30692;358
30692;560
30692;60
30692;67
30693;768
30694;267
30694;560
30694;60
30694;67
30695;768
30696;766
30696;988
30697;766
30697;988
30701;317
30701;358
30702;317
30702;358
30703;317
30703;358
30704;317
30704;358
30705;317
30705;358
30706;317
30706;358
30707;317
30707;358
30708;317
30708;358
30709;117
30709;317
30710;117
30710;317
30711;117
30711;317
30712;117
30712;317
30713;117
30713;317
30714;967
30715;967
30716;117
30716;317
30717;117
30717;317
30718;117
30718;317
30719;117
30719;317
30720;117
30720;317
30721;117
30721;317
30722;117
30722;317
30725;117
30725;317
30726;117
30726;317
30727;117
30727;317
30728;117
30728;317
30729;117
30729;317
30730;117
30730;317
30731;117
30731;317
30732;117
30732;317
30733;117
30733;317
30734;117
30734;317
30735;988
30736;988
30739;766
30739;988
30740;766
30740;988
30741;766
30741;988
30742;766
30742;988
30743;766
30743;988
30744;766
30744;988
30745;766
30745;988
30746;766
30746;988
30747;766
30747;988
30748;766
30748;988
30749;766
30749;988
30750;766
30750;988
30751;766
30751;988
30752;766
30752;988
30753;668
30753;766
30753;767
30753;768
30753;967
30753;988
30754;766
30754;988
30755;668
30755;766
30755;767
30755;768
30755;967
30755;988
30756;668
30756;766
30756;767
30756;768
30756;967
30756;988
30757;668
30757;766
30757;767
30757;768
30757;772
30757;967
30757;988
30758;668
30758;766
30758;767
30758;768
30758;772
30758;967
30758;988
30759;668
30759;766
30759;767
30759;768
30759;772
30759;967
30759;988
30760;668
30760;766
30760;767
30760;768
30760;772
30760;967
30760;988
30761;668
30761;766
30761;767
30761;768
30761;769
30761;772
30761;967
30761;988
30762;668
30762;766
30762;767
30762;768
30762;769
30762;772
30762;967
30762;988
30763;668
30763;766
30763;767
30763;768
30763;769
30763;772
30763;967
30763;988
30764;668
30764;766
30764;767
30764;768
30764;769
30764;772
30764;967
30764;988
30765;668
30765;766
30765;767
30765;768
30765;769
30765;772
30765;967
30765;988
30767;668
30767;766
30767;767
30767;768
30767;769
30767;772
30767;967
30767;988
30768;668
30768;766
30768;767
30768;768
30768;769
30768;772
30768;967
30768;988
30769;668
30769;766
30769;767
30769;768
30769;769
30769;772
30769;967
30769;988
30770;668
30770;766
30770;767
30770;768
30770;769
30770;772
30770;967
30770;988
30771;668
30771;766
30771;767
30771;768
30771;769
30771;772
30771;967
30771;988
30772;766
30772;988
30773;766
30773;988
30774;766
30774;988
30775;766
30775;988
30776;767
30777;767
30778;668
30778;767
30778;768
30778;967
30779;767
30780;767
30781;967
30782;967
30783;767
30784;767
30785;767
30786;767
30787;668
30787;766
30787;767
30787;768
30787;769
30787;772
30787;967
30787;988
30788;668
30788;766
30788;767
30788;768
30788;769
30788;772
30788;967
30788;988
30789;767
30789;772
30789;967
30790;767
30790;769
30790;772
30790;967
30791;767
30791;967
30792;767
30792;967
30793;767
30793;967
30794;767
30794;967
30795;767
30795;967
30796;767
30796;967
30797;767
30797;967
30798;767
30798;967
30799;767
30799;967
30800;767
30800;967
30801;767
30801;967
30802;767
30802;967
30803;767
30803;967
30804;767
30804;967
30805;767
30805;967
30806;767
30807;767
30808;767
30809;767
30810;767
30811;767
30812;767
30813;767
30814;767
30815;767
30816;767
30817;767
30818;767
30819;767
30820;767
30821;767
30822;767
30823;767
30824;767
30825;767
30826;767
30827;767
30828;767
30829;767
30830;767
30831;767
30832;767
30833;767
30834;767
30835;767
30836;767
30837;767
30838;767
30839;767
30844;767
30845;767
30846;767
30847;767
30848;767
30849;767
30850;767
30851;668
30851;766
30851;767
30851;768
30851;769
30851;772
30851;967
30851;988
30852;967
30853;767
30854;668
30854;766
30854;767
30854;768
30854;769
30854;772
30854;967
30854;988
30855;767
30855;967
30856;967
30857;967
30858;967
30859;967
30860;767
30860;967
30861;967
30862;767
30862;967
30863;767
30863;967
30864;767
30865;767
30866;767
30867;767
30869;767
30870;767
30871;767
30872;767
30872;967
30873;967
30874;967
30875;967
30876;967
30877;967
30878;967
30879;967
30880;967
30881;967
30882;967
30883;967
30884;967
30885;967
30886;967
30887;967
30888;967
30889;967
30890;967
30891;967
30892;967
30893;967
30894;967
30895;967
30896;967
30897;967
30898;967
30899;967
30900;967
30901;766
30901;966
30902;766
30902;966
30903;766
30903;988
30904;766
30904;988
30905;967
30906;967
30907;766
30907;988
30908;766
30908;988
30910;767
30910;967
30911;767
30912;767
30913;766
30913;966
30914;766
30914;966
30915;766
30915;966
30916;766
30916;966
30917;766
30917;966
30918;766
30918;966
30919;766
30919;966
30920;766
30920;966
30921;766
30922;766
30923;766
30924;766
30925;766
30926;766
30927;766
30927;966
30928;966
30930;966
30931;111
30932;111
30933;111
30934;111
30936;111
30937;111
30938;111
30939;315
30940;315
30941;315
30943;315
30944;315
30945;315
30946;315
30947;315
30948;766
30948;988
30949;766
30949;988
30950;315
30951;315
30952;358
30953;358
30954;358
30955;330
30955;534
30955;543
30956;102
30956;330
30956;501
30956;502
30956;504
30956;534
30956;543
30956;557
30956;598
30956;662
30957;358
30958;358
30959;358
30960;358
30961;358
30962;359
30962;503
30962;513
30962;599
30962;699
30963;102
30963;359
30963;501
30963;502
30963;503
30963;504
30963;513
30963;557
30963;598
30963;599
30963;662
30963;699
30964;358
30965;102
30965;501
30965;502
30965;504
30965;557
30965;598
30965;662
30966;358
30970;359
30970;503
30970;513
30970;599
30970;699
30971;359
30971;503
30971;513
30971;597
30971;599
30971;699
30974;359
30974;503
30974;513
30974;597
30974;599
30974;699
30975;359
30975;503
30975;513
30975;597
30975;599
30975;699
30976;359
30976;503
30976;513
30976;597
30976;599
30976;699
30977;359
30977;503
30977;513
30977;597
30977;599
30977;699
30978;359
30978;503
30978;513
30978;597
30978;599
30978;699
30979;359
30979;503
30979;513
30979;597
30979;599
30979;699
30980;359
30980;503
30980;513
30980;597
30980;599
30980;699
30981;359
30981;503
30981;513
30981;597
30981;599
30981;699
30982;359
30982;503
30982;513
30982;597
30982;599
30982;699
30983;359
30983;503
30983;513
30983;597
30983;599
30983;699
30991;102
30991;502
30991;504
30991;557
30991;598
30991;662
30992;102
30992;501
30992;502
30992;557
30992;662
30993;102
30993;502
30993;557
30993;598
30993;662
30994;102
30994;502
30994;557
30994;598
30994;662
30995;102
30995;502
30995;557
30995;598
30995;662
30996;102
30996;502
30996;557
30996;598
30996;662
30998;102
30998;501
30998;502
30998;504
30998;557
30998;598
30998;662
31003;504
31004;504
31005;504
31006;504
31007;504
31008;504
31009;504
31010;504
31012;504
31013;338
31013;498
31013;534
31014;338
31014;498
31014;534
31015;338
31015;498
31015;534
31016;338
31016;498
31016;534
31035;501
31036;501
31037;501
31038;501
31039;501
31040;501
31041;501
31046;102
31046;502
31046;557
31046;598
31046;662
31047;102
31047;502
31047;557
31047;598
31047;662
31048;102
31048;502
31048;557
31048;598
31048;662
31049;102
31049;502
31049;557
31049;598
31049;662
31050;102
31051;102
31052;102
31053;102
31055;102
31062;502
31062;557
31062;598
31062;662
31063;502
31063;557
31063;598
31063;662
31064;502
31064;557
31064;598
31064;662
31065;502
31065;557
31065;598
31065;662
31066;502
31066;557
31066;598
31066;662
31067;502
31067;557
31067;598
31067;662
31068;502
31068;557
31068;598
31068;662
31069;502
31069;557
31069;598
31069;662
31070;502
31070;557
31070;598
31070;662
31071;502
31071;557
31071;598
31071;662
31072;502
31072;557
31072;598
31072;662
31078;502
31078;559
31078;598
31078;662
31079;502
31079;559
31079;598
31079;662
31080;502
31080;559
31080;598
31080;662
31081;502
31081;559
31081;598
31081;662
31082;359
31082;502
31082;559
31082;597
31082;598
31082;599
31082;662
31082;699
31091;359
31091;503
31091;513
31091;597
31091;599
31091;699
31092;359
31092;503
31092;513
31092;597
31092;599
31092;699
31093;359
31093;503
31093;513
31093;597
31093;599
31093;699
31094;359
31094;503
31094;513
31094;597
31094;599
31094;699
31095;503
31095;513
31095;597
31095;599
31095;699
31096;503
31096;513
31096;597
31096;599
31096;699
31097;503
31097;513
31097;597
31097;599
31097;699
31098;503
31098;513
31098;597
31098;599
31098;699
31099;503
31099;513
31099;597
31099;599
31099;699
31100;503
31100;513
31100;597
31100;599
31100;699
31101;503
31101;513
31101;597
31101;599
31101;699
31102;503
31102;513
31102;597
31102;599
31102;699
31103;503
31103;513
31103;597
31103;599
31103;699
31104;503
31104;513
31104;597
31104;599
31104;699
31121;597
31121;599
31121;699
31122;597
31122;599
31122;699
31123;597
31123;599
31123;699
31124;597
31124;599
31124;699
31125;597
31125;599
31125;699
31126;597
31126;599
31126;699
31127;597
31127;599
31127;699
31128;597
31128;599
31128;699
31129;359
31129;597
31129;599
31129;699
31130;359
31130;597
31130;599
31130;699
31131;359
31131;502
31131;597
31131;598
31131;599
31131;699
31132;359
31132;599
31132;699
31137;502
31137;598
31137;662
31138;502
31138;598
31138;662
31139;502
31139;598
31139;662
31140;502
31140;598
31140;662
31151;568
31152;498
31152;568
31153;568
31154;498
31154;568
31185;249
31185;498
31185;570
31186;249
31186;498
31186;570
31187;249
31187;570
31188;249
31188;570
31189;249
31189;570
31190;249
31190;570
31191;249
31191;498
31191;570
31192;249
31192;498
31192;570
31195;568
31196;568
31197;568
31198;568
31199;568
31200;568
31201;249
31201;568
31201;570
31202;249
31202;568
31202;570
31203;249
31203;568
31203;570
31204;249
31204;568
31204;570
31205;249
31205;568
31205;570
31206;249
31206;568
31206;570
31213;168
31213;249
31213;568
31213;570
31214;168
31214;249
31214;568
31214;570
31215;168
31215;249
31215;568
31215;570
31216;168
31216;249
31216;568
31216;570
31217;168
31217;249
31217;568
31217;570
31218;168
31218;249
31218;568
31218;570
31221;168
31221;249
31221;568
31221;570
31222;168
31222;249
31222;568
31222;570
31223;168
31223;249
31223;568
31224;168
31224;249
31224;568
31227;168
31227;249
31227;568
31228;168
31228;249
31228;568
31231;168
31232;168
31233;168
31234;168
31239;168
31239;249
31239;568
31240;168
31240;249
31240;568
31241;168
31241;249
31241;568
31242;168
31242;249
31242;568
31243;168
31243;249
31243;568
31244;168
31244;249
31244;568
31245;168
31245;249
31245;568
31245;585
31246;168
31246;249
31246;568
31246;585
31259;570
31260;570
31261;570
31262;570
31263;570
31264;570
31265;570
31266;570
31267;570
31268;570
31271;313
31271;314
31271;338
31271;568
31271;570
31272;313
31272;314
31272;338
31272;568
31272;570
31274;214
31274;328
31274;330
31274;515
31274;559
31274;568
31274;570
31274;930
31274;963
31276;314
31276;338
31276;568
31276;570
31277;111
31278;111
31279;313
31279;338
31280;214
31280;313
31280;314
31280;328
31280;330
31280;338
31280;365
31280;515
31280;559
31280;565
31280;566
31280;568
31280;570
31280;584
31280;585
31280;930
31280;963
31281;313
31281;314
31281;338
31282;214
31282;313
31282;314
31282;328
31282;330
31282;338
31282;365
31282;515
31282;559
31282;963
31285;214
31285;328
31285;330
31285;365
31285;515
31285;565
31285;566
31285;568
31285;570
31285;584
31285;585
31285;930
31285;963
31287;559
31289;214
31289;314
31289;328
31289;330
31289;365
31289;515
31289;559
31289;565
31289;566
31289;568
31289;570
31289;584
31289;585
31289;930
31289;963
31291;214
31291;314
31291;328
31291;330
31291;515
31291;559
31291;568
31291;570
31291;584
31291;930
31291;963
31292;365
31292;565
31292;566
31292;584
31292;585
31295;365
31295;498
31295;565
31295;566
31295;584
31295;585
31298;365
31298;565
31298;566
31298;584
31298;585
31299;365
31299;565
31299;566
31299;584
31299;585
31300;365
31300;565
31300;566
31300;584
31300;585
31301;365
31301;565
31301;566
31301;584
31301;585
31302;365
31302;565
31302;566
31302;584
31302;585
31303;365
31303;565
31303;566
31303;584
31303;585
31304;365
31304;566
31305;365
31305;566
31306;365
31306;566
31307;365
31307;566
31308;565
31308;584
31308;585
31309;565
31309;584
31309;585
31310;584
31310;585
31311;584
31311;585
31312;584
31312;585
31313;584
31313;585
31314;584
31314;585
31315;584
31315;585
31316;584
31316;585
31317;584
31317;585
31319;168
31319;249
31319;568
31319;584
31319;585
31320;584
31321;584
31328;585
31329;585
31330;585
31331;585
31332;585
31333;585
31334;585
31335;585
31336;585
31337;585
31338;585
31339;585
31342;585
31343;585
31350;565
31351;565
31352;565
31353;565
31354;565
31355;565
31356;565
31357;565
31358;168
31358;249
31358;365
31358;565
31358;566
31358;568
31359;168
31359;249
31359;365
31359;565
31359;566
31359;568
31360;168
31360;249
31360;365
31360;565
31360;566
31360;568
31361;168
31361;249
31361;365
31361;565
31361;566
31361;568
31362;168
31362;249
31362;365
31362;565
31362;566
31362;568
31364;168
31364;249
31364;365
31364;565
31364;566
31364;568
31364;585
31365;168
31365;249
31365;365
31365;565
31365;566
31365;568
31366;168
31366;249
31366;565
31366;566
31366;568
31366;585
31367;168
31367;249
31367;565
31367;566
31367;568
31367;585
31368;168
31368;249
31368;565
31368;566
31368;568
31368;585
31369;168
31369;249
31369;565
31369;566
31369;568
31369;585
31370;168
31370;249
31370;565
31370;566
31370;568
31370;585
31385;168
31385;249
31385;568
31386;168
31386;249
31386;568
31387;168
31387;249
31387;568
31388;168
31388;249
31388;568
31389;168
31389;249
31389;568
31390;168
31390;249
31390;568
31391;168
31391;249
31391;568
31392;168
31392;249
31392;568
31399;585
31400;585
31401;585
31402;585
31415;584
31415;585
31416;584
31416;585
31418;584
31418;585
31419;584
31419;585
31420;585
31421;585
31423;214
31423;315
31423;316
31423;498
31424;214
31424;315
31424;316
31424;498
31425;214
31425;315
31425;316
31425;498
31426;214
31426;315
31426;316
31426;498
31427;449
31428;449
31429;449
31430;449
31431;449
31432;449
31433;449
31434;449
31435;449
31436;449
31437;449
31438;449
31439;449
31440;449
31441;449
31442;449
31453;449
31454;449
31455;449
31456;449
31457;449
31458;449
31460;449
31467;111
31467;314
31467;317
31467;67
31467;966
31467;988
31468;111
31468;314
31468;317
31468;67
31468;966
31468;988
31469;111
31469;317
31469;67
31469;966
31469;988
31470;111
31470;317
31470;67
31470;966
31470;988
31471;111
31471;317
31471;67
31471;966
31471;988
31472;111
31472;317
31472;67
31472;966
31472;988
31474;111
31474;314
31474;317
31474;67
31474;966
31474;988
31475;111
31475;314
31475;317
31475;67
31475;966
31475;988
31476;111
31476;314
31476;317
31476;67
31476;966
31476;988
31477;111
31477;314
31477;317
31477;67
31477;966
31477;988
31478;114
31478;314
31479;114
31479;314
31481;111
31481;114
31481;317
31481;67
31481;966
31481;988
31482;111
31482;114
31482;317
31482;67
31482;966
31482;988
31483;111
31483;114
31483;317
31483;67
31483;966
31483;988
31484;111
31484;114
31484;317
31484;67
31484;966
31484;988
31485;111
31485;314
31485;317
31485;67
31485;966
31485;988
31486;314
31487;114
31487;314
31488;114
31488;314
31489;114
31489;314
31490;114
31490;314
31491;114
31491;314
31492;114
31492;314
31493;114
31493;314
31494;114
31494;314
31495;114
31495;314
31498;114
31498;314
31500;114
31500;314
31502;114
31502;314
31503;277
31504;277
31505;277
31506;277
31507;277
31508;277
31509;368
31510;368
31513;368
31514;368
31515;368
31516;368
31517;772
31519;367
31519;368
31520;367
31520;368
31522;367
31522;368
31525;277
31526;277
31527;277
31528;277
31529;367
31529;368
31530;277
31531;277
31532;168
31533;168
31534;168
31534;559
31535;168
31535;559
31536;168
31536;559
31537;168
31537;559
31538;277
31539;277
31540;277
31541;277
31542;367
31542;368
31543;367
31543;368
31544;367
31544;368
31545;102
31545;168
31545;498
31545;501
31545;502
31545;503
31545;504
31545;513
31545;599
31547;102
31547;168
31547;498
31547;501
31547;502
31547;503
31547;504
31547;513
31547;599
31549;772
31550;772
31552;302
31552;555
31553;602
31553;608
31553;660
31554;54
31556;204
31556;277
31556;302
31556;505
31556;54
31556;555
31556;602
31556;608
31556;660
31556;697
31556;806
31556;858
31559;769
31560;769
31561;769
31561;949
31563;769
31564;769
31565;769
31566;769
31567;769
31568;769
31569;769
31570;769
31571;769
31572;769
31573;769
31574;769
31575;769
31576;769
31578;769
31578;949
31580;769
31580;772
31580;949
31582;769
31582;772
31582;949
31583;769
31583;772
31583;949
31584;769
31584;772
31584;949
31585;769
31585;772
31585;949
31586;769
31586;772
31587;769
31587;772
31587;949
31588;769
31588;772
31589;769
31589;772
31590;769
31591;769
31591;772
31592;769
31592;949
31593;769
31595;769
31595;949
31598;769
31598;949
31600;769
31600;949
31601;769
31601;949
31604;769
31605;769
31606;769
31606;949
31607;769
31607;949
31610;772
31611;772
31612;772
31613;772
31614;772
31615;772
31616;772
31617;772
31618;772
31619;772
31620;772
31621;772
31622;772
31623;772
31624;772
31625;772
31626;772
31627;772
31628;768
31629;768
31633;668
31633;768
31633;988
31635;668
31635;768
31637;768
31639;768
31641;768
31643;768
31645;768
31647;768
31649;768
31651;768
31653;768
31655;768
31656;668
31656;768
31656;988
31657;768
31658;668
31658;768
31659;768
31660;668
31660;768
31661;768
31662;768
31664;768
31666;768
31668;768
31670;768
31672;768
31674;768
31676;768
31677;768
31678;768
31679;768
31680;768
31681;768
31682;768
31683;768
31684;768
31685;768
31686;768
31687;768
31688;768
31689;768
31690;768
31691;768
31692;768
31693;768
31694;768
31695;768
31696;668
31696;768
31697;668
31697;768
31698;768
31699;768
31726;766
31727;766
31728;766
31729;766
31730;766
31730;966
31731;766
31731;966
31732;766
31733;766
31734;766
31735;766
31736;766
31737;766
31738;766
31739;766
31740;766
31741;766
31742;766
31743;766
31744;766
31745;766
31747;766
31770;214
31770;559
31771;328
31771;338
31771;498
31771;963
31772;330
31773;315
31773;316
31773;365
31773;515
31774;111
31774;67
31775;317
31775;449
31776;358
31776;368
31777;268
31777;468
31778;114
31778;565
31778;566
31778;584
31778;585
31778;949
31778;966
31779;966
31779;988
31798;316
31799;767
31800;767
31801;316
31802;316
31803;316
31804;316
31805;316
31806;316
31807;316
31810;316
31811;316
31812;316
31813;316
31814;316
31815;316
31816;316
31817;316
31818;316
31819;316
31820;316
31821;316
31822;316
31823;316
31824;316
31825;316
31826;316
31827;316
31828;316
31830;59
31831;259
31831;59
31832;59
31833;259
31833;59
31834;59
31835;259
31835;59
31837;259
31837;59
31838;259
31838;59
31839;259
31839;59
31840;259
31840;59
31841;259
31841;59
31842;259
31842;59
31843;259
31843;59
31844;259
31844;59
31850;338
31850;498
31850;534
31851;338
31851;498
31851;534
31852;338
31852;498
31852;534
31852;559
31853;338
31853;498
31853;534
31853;559
31854;338
31854;498
31854;534
31854;559
31855;338
31855;498
31855;534
31855;559
31856;338
31856;534
31856;559
31856;568
31857;338
31857;534
31857;559
31857;568
31858;338
31858;534
31858;559
31859;338
31859;534
31859;559
31860;338
31860;498
31861;338
31862;338
31863;338
31864;338
31865;338
31867;259
31867;59
31898;277
31899;277
31900;277
31901;277
31902;277
31903;277
31904;277
31905;277
31906;277
31907;277
31908;277
31909;277
31926;585
31927;585
31928;585
31929;585
31930;584
31930;585
31931;584
31931;585
31932;584
31932;585
31933;584
31933;585
31934;585
31935;585
31950;365
31951;365
31952;365
31953;365
31954;365
31955;365
31956;365
31957;365
31958;365
31959;365
31960;365
31961;365
31962;365
31963;365
31964;365
31965;365
31966;365
31967;365
31968;365
31969;365
31970;365
31971;365
31972;365
31973;365
31974;365
31975;365
31976;365
31977;365
31978;365
31979;365
31980;365
31981;365
31982;365
31983;365
31984;365
32000;316
32001;316
32002;316
32003;316
32005;316
32006;316
32007;316
32008;316
32009;316
32010;316
32011;316
32082;570
32083;570
32084;570
32085;570
32087;570
32088;570
32089;570
32090;570
32091;570
32095;358
32096;358
32097;358
32098;358
32099;358
32100;358
32101;358
32102;358
32103;358
32104;358
32105;268
32105;358
32106;268
32106;358
32107;268
32107;358
32108;268
32108;358
32135;766
32136;766
32137;766
32138;766
32139;766
32140;314
32141;314
32142;314
32143;314
32144;314
32145;314
32146;314
32147;314
32149;290
32149;602
32149;608
32149;660
32149;800
32150;290
32150;602
32150;608
32150;660
32150;800
32151;290
32151;602
32151;608
32151;660
32151;800
32152;290
32152;602
32152;608
32152;660
32152;800
32153;290
32153;800
32154;290
32154;602
32154;608
32154;660
32154;800
32155;290
32155;602
32155;608
32155;660
32155;800
32171;359
32172;359
32173;359
32174;359
32175;359
32176;359
32179;767
32180;767
32181;768
32182;768
32184;290
32184;602
32184;608
32184;660
32184;800
32185;119
32189;967
32190;967
32191;560
32191;60
32192;767
32193;767
32194;767
32195;767
32196;769
32196;772
32196;949
32197;769
32197;772
32197;949
32198;768
32199;767
32200;767
32201;967
32202;967
32203;117
32203;317
32204;117
32204;317
32205;117
32205;317
32206;153
32207;316
32208;365
32209;503
32210;503
32211;503
32212;570
32213;570
32214;316
32215;316
32216;119
32217;119
32218;119
32219;119
32220;119
32221;119
32222;367
32222;368
32223;367
32223;368
32224;36
32232;767
32232;967
32233;767
32233;967
32234;259
32234;59
32235;316
32236;316
32237;515
32237;539
32238;316
32239;316
32240;119
32241;119
32242;515
32242;539
32243;117
32243;153
32243;154
32243;214
32243;249
32243;302
32243;367
32243;54
32243;57
32243;58
32243;59
32243;60
32243;64
32243;662
32243;699
32244;117
32244;153
32244;154
32244;214
32244;249
32244;302
32244;367
32244;54
32244;57
32244;58
32244;59
32244;60
32244;64
32244;662
32244;699
32245;59
32246;259
32246;59
32247;59
32248;259
32248;59
32255;767
32256;767
32258;367
32258;368
32259;367
32259;368
32260;966
32261;966
32262;966
32263;966
32264;966
32265;966
32266;966
32267;966
32268;365
32268;565
32268;566
32268;584
32268;585
32270;513
32271;768
32272;768
32273;768
32274;768
32275;768
32276;768
32277;768
32278;768
32279;153
32279;154
32280;153
32280;154
32281;767
32281;967
32285;328
32286;328
32287;328
32288;328
32289;364
32290;364
32291;364
32292;364
32293;364
32294;364
32295;364
32296;267
32296;364
32297;267
32297;364
32298;364
32301;967
32302;967
32303;668
32303;768
32304;668
32304;768
32305;364
32306;364
32307;557
32307;559
32307;598
32308;557
32308;559
32308;598
32309;558
32309;559
32309;598
32310;558
32310;559
32310;598
32311;558
32311;559
32311;598
32312;558
32312;559
32312;598
32313;558
32313;559
32313;598
32314;558
32314;559
32314;598
32315;767
32316;767
32317;767
32318;767
32319;767
32320;767
32321;767
32322;767
32323;767
32324;767
32325;769
32325;772
32326;769
32326;772
32327;365
32328;365
32329;767
32330;767
32332;668
32332;768
32332;988
32333;557
32333;559
32333;598
32334;557
32334;559
32334;598
32335;769
32335;949
32336;769
32336;949
32337;769
32337;949
32338;769
32338;949
32339;769
32339;949
32340;769
32340;949
32341;769
32341;949
32342;769
32342;949
32343;769
32343;949
32344;767
32345;767
32346;502
32346;532
32346;533
32346;534
32346;535
32346;536
32346;537
32346;598
32346;599
32346;699
32347;502
32347;532
32347;533
32347;534
32347;535
32347;536
32347;537
32347;598
32347;599
32347;699
32348;502
32348;532
32348;533
32348;534
32348;535
32348;536
32348;537
32348;598
32348;599
32348;699
32349;502
32349;532
32349;533
32349;534
32349;535
32349;536
32349;537
32349;598
32349;599
32349;699
32350;502
32350;532
32350;533
32350;534
32350;535
32350;536
32350;537
32350;598
32350;599
32350;699
32351;502
32351;532
32351;533
32351;534
32351;535
32351;536
32351;537
32351;598
32351;599
32351;699
32352;557
32352;558
32352;559
32352;598
32353;557
32353;558
32353;559
32353;598
32354;557
32354;558
32354;559
32354;598
32355;557
32355;558
32355;559
32355;598
32356;557
32356;558
32356;559
32356;598
32357;557
32357;558
32357;559
32357;598
32358;559
32358;598
32359;559
32359;598
32360;559
32360;598
32361;559
32361;598
32362;559
32362;598
32363;559
32363;598
32364;559
32364;598
32365;559
32365;598
32366;559
32366;598
32367;559
32367;598
32368;559
32368;598
32369;559
32369;598
32370;769
32370;949
32371;769
32371;949
32372;168
32372;249
32372;565
32372;566
32372;568
32372;585
32373;557
32373;558
32373;559
32373;598
32376;365
32377;365
32378;557
32378;559
32378;598
32379;557
32379;559
32379;598
32380;557
32380;558
32381;315
32382;315
32383;315
32384;315
32385;315
32386;315
32388;668
32389;668
32390;668
32391;668
32392;668
32393;769
32393;949
32394;769
32394;949
32395;769
32395;949
32396;769
32396;949
32397;769
32397;949
32398;769
32398;949
32399;769
32399;949
32400;668
32400;768
32401;668
32401;768
32402;277
32402;697
32402;806
32402;858
32403;767
32404;767
32405;767
32406;268
32406;367
32406;368
32406;67
32407;449
32408;449
32409;767
32410;767
32411;597
32411;599
32411;699
32412;597
32412;599
32412;699
32413;767
32414;767
32415;767
32416;767
32417;767
32418;767
32419;769
32420;769
32421;769
32422;769
32423;168
32423;249
32423;568
32423;584
32423;585
32424;769
32424;772
32425;769
32425;772
32426;766
32427;766
32428;365
32428;498
32428;565
32428;566
32428;584
32428;585
32429;316
32430;316
32431;316
32432;316
32433;767
32434;767
32435;966
32436;966
32437;966
32438;966
32440;259
32440;59
32441;769
32441;949
32442;769
32442;949
32443;316
32444;316
32445;767
32445;967
32446;767
32446;967
32447;768
32448;768
32451;316
32452;316
32453;316
32454;316
32455;316
32456;316
32457;316
32458;316
32459;316
32460;316
32461;316
32462;277
32462;302
32462;505
32462;54
32462;555
32463;766
32464;766
32466;498
32467;498
32468;498
32469;498
32471;498
32472;498
32473;498
32474;498
32475;259
32475;267
32475;268
32475;358
32475;368
32475;468
32475;505
32475;59
32476;259
32476;267
32476;268
32476;358
32476;368
32476;468
32476;505
32476;59
32477;365
32478;766
32479;766
32480;502
32480;557
32480;598
32480;662
32481;365
32482;365
32483;767
32484;767
32485;766
32486;766
32488;267
32489;267
32499;967
40001;104
40001;285
40001;374
40001;465
40001;470
40001;471
40001;485
40001;490
40001;515
40001;671
40001;72
40001;940
40002;104
40002;285
40002;374
40002;465
40002;470
40002;471
40002;485
40002;490
40002;515
40002;72
40002;940
40003;104
40003;470
40003;490
40003;515
40003;940
40004;104
40004;206
40004;285
40004;374
40004;465
40004;470
40004;471
40004;485
40004;490
40004;515
40004;72
40004;940
40009;206
40009;285
40009;303
40009;304
40009;374
40009;441
40009;472
40009;476
40009;485
40009;536
40009;676
40009;72
40009;74
40009;805
40009;838
40009;866
40009;871
40009;874
40009;875
40009;876
40010;104
40010;206
40010;285
40010;303
40010;304
40010;374
40010;441
40010;470
40010;472
40010;476
40010;490
40010;515
40010;536
40010;676
40010;72
40010;805
40010;871
40010;874
40010;875
40010;876
40010;940
40011;104
40011;206
40011;285
40011;303
40011;304
40011;374
40011;470
40011;476
40011;490
40011;515
40011;536
40011;676
40011;805
40011;874
40011;875
40011;876
40011;940
40012;104
40012;206
40012;285
40012;303
40012;304
40012;374
40012;470
40012;476
40012;490
40012;515
40012;536
40012;676
40012;805
40012;874
40012;875
40012;876
40012;940
40013;104
40013;206
40013;285
40013;303
40013;304
40013;374
40013;470
40013;476
40013;490
40013;515
40013;536
40013;676
40013;805
40013;874
40013;875
40013;876
40013;940
40014;104
40014;206
40014;285
40014;303
40014;304
40014;374
40014;470
40014;476
40014;490
40014;515
40014;536
40014;676
40014;805
40014;874
40014;875
40014;876
40014;940
40015;104
40015;206
40015;285
40015;303
40015;304
40015;374
40015;470
40015;476
40015;490
40015;515
40015;536
40015;676
40015;805
40015;874
40015;875
40015;876
40015;940
40016;104
40016;206
40016;285
40016;303
40016;304
40016;374
40016;470
40016;476
40016;490
40016;515
40016;536
40016;676
40016;805
40016;874
40016;875
40016;876
40016;940
40018;104
40018;206
40018;303
40018;304
40018;470
40018;476
40018;490
40018;515
40018;536
40018;676
40018;805
40018;940
40019;104
40019;206
40019;303
40019;304
40019;470
40019;476
40019;490
40019;515
40019;536
40019;676
40019;805
40019;940
40022;104
40022;303
40022;304
40022;470
40022;476
40022;490
40022;515
40022;536
40022;676
40022;805
40022;940
40024;206
40024;536
40025;104
40025;206
40025;303
40025;304
40025;470
40025;476
40025;490
40025;515
40025;536
40025;676
40025;805
40025;940
40035;104
40035;206
40035;304
40035;470
40035;476
40035;515
40035;536
40035;676
40035;805
40035;940
40036;104
40036;206
40036;304
40036;476
40036;490
40036;515
40036;536
40036;676
40036;805
40036;940
40037;104
40037;206
40037;304
40037;470
40037;476
40037;490
40037;515
40037;536
40037;676
40037;805
40037;940
40038;104
40038;304
40038;470
40038;476
40038;490
40038;536
40038;940
40040;206
40040;515
40040;676
40040;805
40057;176
40057;177
40057;206
40057;353
40057;869
40058;176
40058;177
40058;206
40058;353
40058;869
40063;876
40064;876
40065;104
40065;176
40065;177
40065;206
40065;353
40065;470
40065;472
40065;490
40065;515
40065;878
40066;206
40066;353
40066;472
40066;515
40066;869
40066;878
40067;206
40067;353
40067;470
40067;472
40067;490
40067;515
40067;878
40068;104
40068;176
40068;177
40068;470
40068;490
40068;940
40069;206
40069;353
40069;470
40069;472
40069;490
40069;515
40069;878
40070;176
40070;177
40070;206
40070;304
40070;353
40070;470
40070;472
40070;490
40070;515
40070;536
40070;866
40070;878
40071;176
40071;177
40071;206
40071;304
40071;353
40071;470
40071;472
40071;490
40071;515
40071;536
40071;878
40077;176
40077;177
40077;304
40077;536
40079;176
40079;177
40079;304
40079;536
40079;866
40079;869
40079;940
40080;176
40080;177
40080;304
40080;536
40080;866
40081;866
40081;869
40081;940
40085;176
40085;177
40085;206
40085;304
40085;353
40085;465
40085;470
40085;472
40085;490
40085;515
40085;536
40085;878
40086;176
40086;177
40086;206
40086;304
40086;353
40086;470
40086;472
40086;490
40086;515
40086;536
40086;878
40087;171
40087;176
40087;177
40087;206
40087;277
40087;536
40087;676
40088;176
40088;177
40088;206
40088;304
40088;353
40088;470
40088;472
40088;490
40088;515
40088;536
40088;878
40092;176
40092;177
40092;206
40092;277
40092;304
40092;353
40092;470
40092;472
40092;490
40092;515
40092;536
40092;878
40094;176
40094;177
40094;206
40094;277
40094;536
40101;303
40101;304
40101;36
40101;418
40101;466
40102;303
40102;304
40102;36
40102;418
40102;466
40103;303
40103;304
40103;36
40103;418
40103;466
40104;303
40104;304
40104;36
40104;418
40104;466
40105;303
40105;304
40105;36
40105;418
40105;466
40106;303
40106;304
40106;36
40106;418
40106;466
40107;418
40107;466
40108;418
40108;466
40109;418
40109;466
40110;176
40116;34
40117;34
40118;34
40127;171
40127;213
40127;277
40127;290
40127;304
40127;353
40127;390
40127;412
40127;465
40127;470
40127;471
40127;472
40127;476
40127;490
40127;515
40127;676
40127;690
40127;878
40128;171
40128;213
40128;277
40128;290
40128;304
40128;353
40128;390
40128;412
40128;465
40128;470
40128;471
40128;472
40128;476
40128;490
40128;515
40128;676
40128;690
40128;878
40129;213
40129;290
40129;390
40129;412
40129;690
40129;878
40130;213
40130;290
40130;390
40130;412
40130;690
40130;878
40137;105
40137;171
40137;233
40137;417
40137;484
40137;671
40138;105
40138;171
40138;233
40138;417
40138;484
40138;671
40140;105
40140;171
40140;233
40140;417
40140;484
40140;671
40141;105
40141;171
40141;233
40141;417
40141;484
40141;671
40142;105
40142;171
40142;233
40142;417
40142;484
40142;671
40143;105
40143;171
40143;233
40143;417
40143;484
40143;671
40145;105
40145;171
40145;233
40145;417
40145;484
40145;671
40146;105
40146;171
40146;233
40146;417
40146;484
40146;671
40153;206
40153;36
40153;418
40153;441
40153;466
40153;476
40153;536
40153;671
40153;676
40153;74
40153;805
40153;818
40153;838
40153;866
40153;871
40153;874
40153;875
40153;876
40153;878
40159;485
40159;74
40159;866
40160;36
40160;418
40160;465
40160;466
40160;471
40160;485
40160;74
40160;866
40162;485
40163;485
40166;485
40167;485
40175;105
40175;171
40175;233
40175;417
40175;484
40175;671
40176;105
40176;171
40176;233
40176;417
40176;484
40176;671
40177;233
40177;484
40178;233
40178;484
40179;233
40180;233
40181;233
40182;233
40183;233
40183;484
40183;74
40184;233
40186;233
40186;484
40186;74
40195;105
40195;171
40195;417
40196;105
40196;171
40196;417
40198;36
40198;418
40198;441
40198;465
40198;471
40198;472
40198;476
40198;536
40198;671
40198;676
40198;74
40198;805
40198;818
40198;838
40198;866
40198;871
40198;874
40198;875
40198;876
40198;878
40199;472
40199;818
40199;866
40199;878
40200;472
40200;818
40200;866
40200;878
40201;472
40201;818
40201;866
40201;878
40202;472
40202;818
40202;866
40202;878
40207;472
40207;818
40207;866
40207;878
40208;472
40208;818
40208;866
40208;878
40209;472
40209;818
40209;866
40209;878
40210;472
40210;818
40210;866
40210;878
40215;465
40215;471
40215;74
40216;465
40216;471
40216;74
40217;465
40217;471
40217;74
40218;465
40218;471
40218;74
40219;465
40219;471
40219;74
40220;465
40220;471
40220;74
40221;465
40221;471
40221;74
40222;465
40222;471
40222;74
40231;105
40232;105
40237;105
40238;105
40241;105
40241;74
40242;105
40242;74
40243;105
40243;74
40244;105
40244;74
40251;465
40251;471
40251;476
40251;676
40251;805
40252;465
40252;471
40252;476
40252;676
40252;805
40253;805
40254;805
40255;805
40256;353
40256;818
40257;353
40257;818
40258;353
40258;818
40259;353
40259;818
40260;353
40260;818
40263;353
40263;818
40264;353
40264;818
40265;353
40265;484
40265;74
40265;818
40266;353
40266;484
40266;74
40266;818
40267;353
40267;818
40268;353
40268;818
40271;233
40271;353
40271;818
40272;233
40272;353
40272;818
40273;233
40273;353
40273;818
40274;233
40274;353
40274;818
40287;233
40287;353
40287;818
40288;233
40288;353
40288;818
40289;233
40289;353
40289;818
40290;233
40290;353
40290;818
40295;233
40296;233
40297;233
40298;233
40299;232
40299;233
40299;353
40299;818
40300;232
40300;233
40300;353
40300;818
40301;232
40301;233
40301;353
40301;818
40302;232
40302;233
40302;353
40302;818
40309;353
40309;818
40310;353
40310;818
40317;74
40318;74
40319;74
40320;74
40322;74
40323;74
40324;74
40325;74
40326;485
40326;74
40327;485
40327;74
40328;484
40328;485
40328;74
40329;484
40329;485
40329;74
40330;484
40330;74
40331;484
40331;74
40337;484
40338;484
40339;484
40340;484
40341;485
40342;485
40343;485
40344;485
40351;485
40352;485
40355;484
40355;485
40355;74
40356;484
40356;485
40356;74
40357;484
40357;74
40358;484
40358;74
40359;484
40359;74
40360;484
40360;74
40361;484
40361;74
40362;484
40362;74
40363;233
40363;484
40363;74
40364;233
40365;233
40365;484
40365;74
40366;484
40366;74
40369;233
40370;233
40371;233
40372;233
40373;233
40374;233
40379;485
40380;485
40387;484
40387;74
40388;484
40388;74
40391;105
40392;105
40395;105
40396;105
40403;105
40403;805
40404;105
40404;805
40407;105
40407;805
40410;441
40410;472
40410;72
40410;871
40411;441
40411;472
40411;72
40411;838
40411;871
40412;441
40412;472
40412;72
40412;871
40413;441
40413;472
40413;72
40413;871
40414;441
40414;472
40414;72
40414;871
40415;441
40415;472
40415;72
40415;871
40416;441
40416;472
40416;72
40416;871
40417;441
40417;472
40417;72
40417;871
40418;441
40418;472
40418;72
40418;871
40419;441
40419;472
40419;72
40419;871
40420;441
40420;472
40420;72
40420;871
40421;441
40421;472
40421;72
40421;871
40422;441
40422;472
40422;72
40422;871
40423;441
40423;472
40423;72
40423;871
40430;838
40431;284
40431;838
40432;284
40432;838
40433;284
40433;838
40434;284
40434;838
40435;284
40435;838
40436;284
40436;838
40437;838
40438;838
40449;284
40449;838
40454;472
40454;72
40454;871
40457;472
40457;72
40457;871
40458;472
40458;72
40458;871
40461;285
40461;374
40461;874
40461;875
40461;876
40462;285
40462;374
40462;874
40462;875
40462;876
40464;284
40464;285
40464;374
40464;874
40464;875
40467;876
40468;876
40469;876
40470;876
40471;876
40472;876
40475;284
40475;285
40475;374
40475;874
40475;875
40486;472
40486;72
40486;871
40487;472
40487;72
40487;871
40488;284
40488;285
40488;374
40488;874
40488;875
40493;472
40493;72
40493;871
40494;472
40494;72
40494;871
40495;472
40495;72
40495;871
40496;472
40496;72
40496;871
40497;472
40497;72
40497;871
40498;472
40498;72
40498;871
40503;284
40503;285
40503;374
40503;874
40503;875
40504;284
40504;285
40504;374
40504;874
40504;875
40505;284
40505;285
40505;374
40505;874
40505;875
40506;284
40506;285
40506;374
40506;874
40506;875
40507;284
40507;285
40507;374
40507;874
40507;875
40508;284
40508;285
40508;875
40509;284
40509;285
40509;875
40510;284
40510;285
40510;875
40511;284
40511;285
40511;875
40512;284
40512;285
40512;875
40513;284
40513;285
40513;875
40514;284
40514;285
40514;875
40515;284
40515;285
40515;875
40518;876
40519;876
40520;876
40521;876
40522;374
40522;874
40522;876
40523;374
40523;874
40523;876
40524;374
40524;874
40526;374
40526;874
40527;374
40527;874
40528;284
40528;285
40528;875
40529;284
40529;285
40529;875
40530;284
40530;285
40530;875
40531;284
40531;285
40531;875
40548;876
40549;876
40550;876
40551;876
40553;876
40558;876
40559;876
40560;876
40561;876
40562;876
40563;876
40565;475
40565;876
40570;876
40571;876
40572;876
40574;104
40574;176
40574;177
40574;940
40577;104
40577;176
40577;177
40577;940
40578;104
40578;176
40578;177
40578;940
40579;104
40581;176
40581;177
40581;940
40582;104
40582;176
40582;177
40582;940
40583;104
40584;176
40584;177
40584;869
40584;940
40586;284
40586;285
40586;875
40587;284
40587;285
40587;875
40588;284
40588;285
40588;875
40589;284
40589;285
40589;875
40590;284
40590;285
40590;875
40591;284
40591;285
40591;875
40592;284
40592;285
40592;875
40593;284
40593;285
40593;875
40598;374
40598;874
40599;374
40599;874
40600;374
40600;874
40601;374
40601;874
40602;374
40603;374
40608;374
40611;374
40611;874
40612;374
40612;874
40613;284
40613;285
40613;875
40614;284
40614;285
40614;875
40619;104
40619;284
40619;285
40619;875
40620;104
40620;284
40620;285
40620;875
40623;104
40623;284
40623;285
40623;875
40624;104
40624;284
40624;285
40624;875
40625;104
40625;875
40626;104
40626;284
40626;285
40626;875
40627;104
40627;284
40627;285
40627;875
40630;104
40630;284
40630;285
40630;875
40631;104
40631;284
40631;285
40631;875
40632;104
40632;284
40632;285
40632;875
40633;104
40633;284
40633;285
40633;875
40640;374
40640;874
40641;374
40641;874
40644;104
40644;284
40644;285
40644;374
40644;866
40644;874
40645;104
40645;284
40645;285
40645;374
40645;866
40645;874
40646;104
40646;284
40646;285
40646;866
40647;104
40647;284
40647;285
40647;866
40652;104
40652;284
40652;285
40652;875
40653;104
40653;284
40653;285
40653;875
40656;104
40656;284
40656;285
40656;374
40656;866
40656;874
40657;104
40657;284
40657;285
40657;374
40657;866
40657;874
40658;104
40658;284
40658;285
40658;374
40658;866
40658;874
40659;104
40659;284
40659;285
40659;374
40659;866
40659;874
40661;104
40661;284
40661;285
40661;374
40661;475
40661;866
40661;869
40661;874
40661;875
40661;876
40680;39
40681;39
40682;39
40683;39
40684;39
40685;39
40686;39
40687;39
40692;838
40693;838
40694;838
40695;838
40702;671
40703;671
40704;671
40705;671
40706;671
40707;671
40710;671
40711;671
40712;485
40713;485
40714;485
40715;485
40733;465
40733;471
40733;472
40733;74
40733;818
40733;866
40733;878
40734;465
40734;471
40734;472
40734;74
40734;818
40734;866
40734;878
40735;465
40735;471
40735;472
40735;74
40735;818
40735;866
40735;878
40736;465
40736;471
40736;472
40736;74
40736;818
40736;866
40736;878
40737;104
40737;206
40737;304
40737;353
40737;465
40737;470
40737;471
40737;472
40737;476
40737;490
40737;515
40737;536
40737;676
40737;805
40737;866
40737;878
40737;940
40738;104
40738;206
40738;304
40738;353
40738;465
40738;470
40738;471
40738;472
40738;476
40738;490
40738;515
40738;536
40738;676
40738;805
40738;866
40738;878
40738;940
40739;104
40739;304
40739;465
40739;470
40739;471
40739;472
40739;476
40739;490
40739;515
40739;536
40739;676
40739;805
40739;866
40739;878
40739;940
40740;472
40742;104
40742;304
40742;465
40742;470
40742;471
40742;476
40742;490
40742;676
40742;805
40742;866
40742;878
40742;940
40744;515
40744;536
40757;465
40757;476
40758;465
40758;476
40759;465
40759;476
40760;465
40760;476
40761;465
40761;476
40762;465
40762;476
40763;465
40763;476
40764;465
40764;476
40765;465
40765;476
40766;465
40766;476
40778;471
40778;676
40779;471
40779;676
40780;471
40780;676
40781;471
40781;676
40782;471
40782;676
40783;471
40783;676
40791;805
40792;805
40794;105
40794;805
40795;105
40795;805
40796;105
40796;805
40797;105
40797;805
40798;105
40798;805
40799;105
40799;805
40800;105
40800;805
40801;105
40801;805
40802;105
40802;171
40802;417
40802;805
40803;105
40803;171
40803;417
40803;805
40812;105
40812;171
40812;417
40812;805
40813;105
40813;171
40813;417
40813;805
40814;105
40814;805
40815;105
40815;805
40816;105
40816;805
40817;105
40817;805
40822;171
40822;417
40822;476
40822;676
40824;171
40824;417
40824;476
40824;676
40825;171
40825;417
40825;476
40825;676
40826;471
40826;476
40827;171
40827;417
40827;476
40827;676
40828;471
40828;476
40830;471
40830;476
40831;471
40831;476
40832;471
40832;476
40833;471
40833;476
40834;471
40834;476
40835;471
40835;476
40836;171
40836;417
40836;476
40836;676
40838;171
40838;417
40838;476
40838;676
40839;171
40839;417
40839;476
40839;676
40849;171
40849;417
40849;476
40849;676
40850;171
40850;417
40850;476
40850;676
40851;171
40851;417
40851;476
40851;676
40852;171
40852;417
40852;476
40852;676
40853;171
40853;476
40853;676
40854;171
40854;476
40854;676
40865;476
40866;171
40866;476
40866;676
40867;171
40867;476
40867;676
40870;171
40870;476
40870;676
40877;171
40877;476
40877;676
40878;171
40878;476
40878;676
40879;171
40879;476
40879;676
40880;171
40880;476
40880;676
40881;171
40881;476
40881;676
40887;412
40888;412
40889;171
40889;277
40889;304
40889;353
40889;412
40889;465
40889;470
40889;471
40889;472
40889;476
40889;490
40889;515
40889;676
40889;878
40890;171
40890;277
40890;304
40890;353
40890;412
40890;465
40890;470
40890;471
40890;472
40890;476
40890;490
40890;515
40890;676
40890;878
40891;171
40891;277
40891;304
40891;353
40891;412
40891;465
40891;470
40891;471
40891;472
40891;476
40891;490
40891;515
40891;676
40891;878
40892;171
40892;277
40892;304
40892;353
40892;412
40892;465
40892;470
40892;471
40892;472
40892;476
40892;490
40892;515
40892;676
40892;878
40893;412
40894;213
40894;290
40894;304
40894;353
40894;390
40894;412
40894;470
40894;471
40894;472
40894;490
40894;515
40894;676
40894;690
40894;878
40895;213
40895;290
40895;390
40895;412
40895;690
40895;878
40896;213
40896;290
40896;390
40896;412
40896;690
40896;878
40897;213
40897;290
40897;390
40897;412
40897;690
40897;878
40898;213
40898;290
40898;390
40898;412
40898;690
40898;878
40901;213
40901;290
40901;390
40901;412
40901;690
40901;878
40902;213
40902;290
40902;390
40902;412
40902;690
40902;878
40911;277
40912;277
40913;277
40914;277
40915;277
40916;277
40917;277
40918;277
40919;277
40920;277
40921;277
40922;277
40923;277
40924;277
40925;277
40926;277
40930;176
40930;177
40930;277
40931;176
40931;177
40931;277
40932;176
40932;177
40932;277
40933;176
40933;177
40933;277
40934;176
40934;177
40934;277
40935;176
40935;277
40937;177
40938;177
40939;177
40940;177
40941;177
40942;177
40943;177
40944;177
40945;177
40946;177
40947;177
40948;177
40949;177
40950;177
40951;177
40952;177
40953;177
40954;177
40955;177
40958;177
40959;177
40960;177
40961;177
40962;177
40963;177
40964;177
40965;177
40966;176
40966;177
40966;277
40967;176
40967;177
40967;277
40970;177
40971;177
40972;177
40978;177
40979;177
40980;177
40981;177
40982;177
40983;177
40986;177
40987;177
40988;177
40989;177
40990;177
40991;177
40992;177
40999;176
41000;176
41001;176
41002;176
41003;176
41004;176
41005;176
41006;176
41007;176
41008;176
41009;176
41010;176
41011;176
41012;176
41013;176
41014;176
41015;176
41016;176
41017;176
41018;176
41019;176
41020;176
41021;176
41022;176
41023;176
41024;176
41025;176
41026;176
41027;176
41028;176
41029;176
41031;176
41032;176
41033;176
41034;176
41035;176
41036;176
41037;176
41038;176
41039;176
41040;176
41041;176
41042;176
41043;176
41044;176
41045;176
41046;176
41047;176
41048;176
41049;176
41050;176
41051;176
41052;176
41053;176
41055;176
41057;176
41058;176
41059;176
41060;176
41061;176
41062;176
41063;176
41064;176
41065;176
41066;176
41067;176
41068;176
41069;176
41070;176
41071;176
41072;176
41073;176
41073;709
41074;709
41075;709
41076;709
41077;709
41078;709
41079;709
41080;709
41081;709
41083;709
41084;176
41085;176
41086;472
41086;72
41086;871
41087;472
41087;72
41087;871
41088;472
41088;72
41088;871
41089;472
41089;72
41089;871
41090;176
41091;176
41092;34
41092;441
41093;176
41094;34
41094;441
41096;34
41096;441
41097;34
41097;441
41098;176
41099;176
41100;176
41101;176
41102;34
41102;441
41103;34
41103;441
41104;34
41104;441
41105;34
41105;441
41106;34
41106;441
41107;34
41107;441
41108;176
41109;176
41110;176
41111;176
41112;176
41113;176
41114;34
41114;838
41115;34
41116;34
41116;838
41117;34
41118;176
41119;176
41120;176
41122;39
41123;39
41124;39
41125;39
41126;39
41127;176
41128;176
41135;39
41135;838
41136;838
41138;39
41138;838
41139;39
41139;838
41140;42
41140;475
41141;42
41141;475
41142;42
41142;475
41143;42
41143;475
41144;34
41144;42
41144;441
41144;475
41145;34
41145;42
41145;441
41145;475
41146;34
41146;42
41146;441
41146;475
41147;34
41147;42
41147;441
41147;475
41148;34
41148;42
41148;441
41148;475
41149;34
41149;42
41149;441
41149;475
41150;476
41150;676
41151;476
41151;676
41152;476
41152;676
41153;476
41153;676
41154;171
41154;417
41154;476
41154;676
41155;171
41155;417
41155;476
41155;676
41156;171
41156;417
41157;171
41157;417
41161;171
41161;417
41162;171
41162;417
41163;171
41163;417
41164;171
41164;417
41165;105
41165;171
41165;417
41166;105
41166;171
41166;417
41167;105
41167;171
41167;417
41168;105
41168;171
41168;417
41172;874
41172;875
41172;876
41173;476
41173;676
41173;805
41173;866
41174;441
41174;472
41174;838
41174;871
41175;671
41175;74
41176;206
41176;536
41176;818
41176;878
41177;36
41177;418
41177;466
41178;818
41178;878
41200;176
41200;177
41200;304
41200;536
41200;866
41201;866
41201;869
41203;104
41203;866
41203;869
41204;176
41204;177
41204;866
41204;869
41204;940
41205;104
41205;866
41205;869
41206;104
41206;866
41206;869
41207;104
41207;866
41207;869
41208;104
41208;866
41208;869
41209;104
41209;866
41209;869
41210;104
41210;866
41210;869
41211;104
41211;866
41211;869
41212;104
41212;866
41212;869
41213;104
41213;866
41213;869
41214;104
41214;866
41214;869
41215;104
41215;866
41215;869
41216;104
41216;866
41216;869
41217;104
41217;866
41217;875
41218;104
41218;866
41218;869
41219;104
41219;866
41219;875
41220;104
41220;866
41220;875
41222;104
41222;866
41222;875
41223;876
41224;876
41225;869
41225;875
41226;869
41226;875
41227;284
41227;285
41227;866
41228;284
41228;285
41228;866
41229;104
41229;866
41229;869
41230;104
41230;866
41230;869
41231;104
41231;284
41231;285
41231;875
41232;104
41232;284
41232;285
41232;875
41233;104
41233;284
41233;285
41233;875
41234;104
41234;284
41234;285
41234;875
41235;104
41235;866
41235;869
41236;104
41236;866
41236;869
41247;485
41248;485
41249;485
41250;485
41261;485
41262;485
41263;485
41264;485
41295;171
41295;417
41295;74
41296;171
41296;417
41296;74
41297;171
41297;417
41297;74
41298;171
41298;417
41298;74
41299;74
41300;74
41301;171
41301;417
41302;171
41302;417
41305;866
41305;874
41307;866
41307;869
41309;206
41310;465
41310;471
41310;472
41311;104
41311;284
41311;285
41311;866
41311;869
41311;875
41312;104
41312;284
41312;285
41312;866
41312;869
41312;875
41313;176
41314;176
41315;176
41316;176
41317;105
41318;105
41326;176
41327;176
41335;303
41335;304
41335;36
41336;171
41336;213
41336;277
41336;290
41336;304
41336;353
41336;390
41336;412
41336;465
41336;471
41336;472
41336;476
41336;490
41336;515
41336;676
41336;690
41337;176
41338;176
41343;104
41343;866
41344;104
41344;866
41345;104
41345;866
41346;104
41346;866
41347;176
41348;176
41349;104
41349;284
41349;285
41349;875
41350;104
41350;284
41350;285
41350;875
41351;104
41351;284
41351;285
41351;875
41352;104
41352;284
41352;285
41352;875
41353;876
41354;475
41354;876
41355;177
41360;874
41361;475
41361;876
41362;475
41363;475
41364;475
41365;475
41366;475
41367;475
41368;475
41369;475
41370;485
41371;485
41372;484
41372;74
41373;104
41373;285
41373;875
41374;874
41375;874
41376;475
41377;475
41378;838
41379;874
41380;874
41381;874
41382;874
41383;874
41384;874
41385;874
41386;874
41387;176
41387;177
41387;940
41388;177
41389;39
41391;784
41392;784
41393;784
41394;784
41395;412
41397;176
41398;784
41399;784
41400;374
41401;374
41401;874
41402;472
41402;72
41402;871
41403;472
41403;72
41403;871
41405;176
41406;176
41408;176
41409;176
41410;176
41411;176
41412;176
41413;176
41416;171
41416;277
41416;465
41416;476
41416;676
41418;177
41419;177
41420;353
41420;818
41421;353
41421;818
41422;353
41422;818
41423;353
41423;818
41424;465
41424;476
41425;465
41425;476
41426;374
41426;874
41427;374
41427;874
41428;353
41428;818
41429;805
41432;475
41433;475
41434;284
41435;284
41436;284
41437;284
41438;284
41439;284
41440;284
41441;171
41441;417
41442;171
41442;417
50001;481
50001;483
50001;7
50001;945
50001;946
50002;483
50002;5
50002;6
50003;24
50003;480
50003;486
50004;10
50004;167
50004;202
50004;24
50004;25
50004;305
50004;311
50004;321
50004;480
50004;5
50004;510
50004;551
50004;6
50004;650
50004;675
50004;684
50004;7
50004;82
50004;883
50004;909
50004;945
50004;946
50004;971
50004;975
50004;977
50004;981
50004;982
50004;983
50004;984
50004;985
50004;987
50007;202
50007;24
50007;25
50007;311
50007;480
50007;5
50007;510
50007;551
50007;6
50007;650
50007;7
50007;811
50007;950
50007;977
50008;202
50008;24
50008;25
50008;305
50008;311
50008;321
50008;481
50008;5
50008;510
50008;6
50008;650
50008;7
50008;8
50008;82
50008;909
50008;971
50008;975
50008;977
50008;981
50008;982
50008;983
50008;984
50008;985
50008;987
50010;305
50010;311
50010;321
50010;481
50010;5
50010;510
50010;6
50010;650
50010;7
50010;8
50010;82
50010;909
50010;971
50010;975
50010;981
50010;982
50010;983
50010;984
50010;985
50010;987
50011;305
50011;311
50011;321
50011;481
50011;5
50011;510
50011;6
50011;650
50011;7
50011;8
50011;811
50011;82
50011;909
50011;971
50011;975
50011;981
50011;982
50011;983
50011;984
50011;985
50011;987
50012;305
50012;311
50012;321
50012;481
50012;5
50012;510
50012;6
50012;650
50012;7
50012;8
50012;82
50012;909
50012;971
50012;975
50012;981
50012;982
50012;983
50012;984
50012;985
50012;987
50013;305
50013;311
50013;321
50013;5
50013;510
50013;6
50013;650
50013;7
50013;8
50013;811
50013;82
50013;909
50013;971
50013;975
50013;981
50013;982
50013;983
50013;984
50013;985
50013;987
50014;305
50014;311
50014;321
50014;5
50014;510
50014;6
50014;650
50014;7
50014;8
50014;82
50014;909
50014;971
50014;975
50014;981
50014;982
50014;983
50014;984
50014;985
50014;987
50015;305
50015;311
50015;321
50015;5
50015;510
50015;6
50015;7
50015;8
50015;811
50015;82
50015;909
50015;971
50015;975
50015;981
50015;982
50015;983
50015;984
50015;985
50015;987
50016;305
50016;311
50016;321
50016;5
50016;510
50016;6
50016;650
50016;7
50016;8
50016;82
50016;909
50016;971
50016;975
50016;981
50016;982
50016;983
50016;984
50016;985
50016;987
50017;305
50017;311
50017;321
50017;5
50017;510
50017;6
50017;650
50017;7
50017;8
50017;811
50017;82
50017;909
50017;971
50017;975
50017;981
50017;982
50017;983
50017;984
50017;985
50017;987
50018;305
50018;311
50018;321
50018;481
50018;5
50018;510
50018;6
50018;650
50018;7
50018;8
50018;82
50018;909
50018;971
50018;975
50018;981
50018;982
50018;983
50018;984
50018;985
50018;987
50019;305
50019;311
50019;321
50019;5
50019;510
50019;6
50019;650
50019;7
50019;8
50019;811
50019;82
50019;909
50019;971
50019;975
50019;981
50019;982
50019;983
50019;984
50019;985
50019;987
50020;305
50020;311
50020;321
50020;481
50020;483
50020;5
50020;510
50020;6
50020;650
50020;7
50020;8
50020;82
50020;909
50020;971
50020;975
50020;981
50020;982
50020;983
50020;984
50020;985
50020;987
50021;305
50021;311
50021;321
50021;5
50021;6
50021;650
50021;7
50021;8
50021;811
50021;82
50021;909
50021;971
50021;975
50021;981
50021;982
50021;983
50021;984
50021;985
50021;987
50022;305
50022;321
50022;5
50022;551
50022;6
50022;7
50022;8
50022;82
50022;909
50022;950
50022;971
50022;975
50022;981
50022;982
50022;983
50022;984
50022;985
50022;987
50023;305
50023;321
50023;5
50023;551
50023;6
50023;7
50023;8
50023;82
50023;909
50023;950
50023;971
50023;975
50023;981
50023;982
50023;983
50023;984
50023;985
50023;987
50024;305
50024;321
50024;5
50024;551
50024;6
50024;7
50024;8
50024;82
50024;909
50024;950
50024;971
50024;975
50024;981
50024;982
50024;983
50024;984
50024;985
50024;987
50025;305
50025;321
50025;5
50025;551
50025;6
50025;7
50025;8
50025;82
50025;909
50025;950
50025;971
50025;975
50025;981
50025;982
50025;983
50025;984
50025;985
50025;987
50026;305
50026;321
50026;5
50026;551
50026;6
50026;7
50026;8
50026;82
50026;909
50026;950
50026;971
50026;975
50026;981
50026;982
50026;983
50026;984
50026;985
50026;987
50027;305
50027;321
50027;5
50027;551
50027;6
50027;7
50027;8
50027;82
50027;909
50027;950
50027;971
50027;975
50027;981
50027;982
50027;983
50027;984
50027;985
50027;987
50028;305
50028;5
50028;6
50028;7
50028;8
50028;82
50028;971
50029;321
50029;5
50029;551
50029;6
50029;7
50029;8
50029;82
50029;909
50029;950
50029;975
50029;981
50029;982
50029;983
50029;984
50029;985
50029;987
50030;305
50030;321
50030;5
50030;551
50030;6
50030;7
50030;8
50030;82
50030;909
50030;950
50030;971
50030;975
50030;981
50030;982
50030;983
50030;984
50030;985
50030;987
50031;321
50031;5
50031;551
50031;6
50031;7
50031;8
50031;82
50031;909
50031;950
50031;975
50031;981
50031;982
50031;983
50031;984
50031;985
50031;987
50032;321
50032;5
50032;551
50032;6
50032;7
50032;8
50032;82
50032;909
50032;950
50032;975
50032;981
50032;982
50032;983
50032;984
50032;985
50032;987
50033;321
50033;5
50033;551
50033;6
50033;7
50033;8
50033;82
50033;909
50033;950
50033;975
50033;981
50033;982
50033;983
50033;984
50033;985
50033;987
50034;321
50034;5
50034;551
50034;6
50034;7
50034;8
50034;82
50034;909
50034;950
50034;975
50034;981
50034;982
50034;983
50034;984
50034;985
50034;987
50035;321
50035;5
50035;551
50035;6
50035;7
50035;8
50035;82
50035;909
50035;950
50035;975
50035;981
50035;982
50035;983
50035;984
50035;985
50035;987
50036;321
50036;5
50036;551
50036;6
50036;7
50036;8
50036;82
50036;909
50036;950
50036;975
50036;981
50036;982
50036;983
50036;984
50036;985
50036;987
50037;321
50037;5
50037;551
50037;6
50037;7
50037;8
50037;82
50037;909
50037;950
50037;975
50037;981
50037;982
50037;983
50037;984
50037;985
50037;987
50038;321
50038;5
50038;551
50038;6
50038;7
50038;8
50038;82
50038;909
50038;950
50038;975
50038;981
50038;982
50038;983
50038;984
50038;985
50038;987
50039;321
50039;5
50039;551
50039;6
50039;7
50039;8
50039;82
50039;909
50039;950
50039;975
50039;981
50039;982
50039;983
50039;984
50039;985
50039;987
50040;321
50040;5
50040;551
50040;6
50040;7
50040;8
50040;82
50040;909
50040;950
50040;975
50040;981
50040;982
50040;983
50040;984
50040;985
50040;987
50041;321
50041;5
50041;551
50041;6
50041;7
50041;8
50041;82
50041;909
50041;950
50041;975
50041;981
50041;982
50041;983
50041;984
50041;985
50041;987
50042;321
50042;5
50042;551
50042;6
50042;7
50042;8
50042;82
50042;909
50042;950
50042;975
50042;981
50042;982
50042;983
50042;984
50042;985
50042;987
50043;321
50043;5
50043;551
50043;8
50043;82
50043;909
50043;975
50043;981
50043;982
50043;983
50043;984
50043;985
50043;987
50044;321
50044;5
50044;551
50044;8
50044;82
50044;909
50044;975
50044;981
50044;982
50044;983
50044;984
50044;985
50044;987
50045;321
50045;551
50045;8
50045;82
50045;909
50045;975
50045;981
50045;982
50045;983
50045;984
50045;985
50045;987
50046;321
50046;551
50046;8
50046;82
50046;909
50046;975
50046;981
50046;982
50046;983
50046;984
50046;985
50046;987
50047;321
50047;551
50047;8
50047;82
50047;909
50047;975
50047;981
50047;982
50047;983
50047;984
50047;985
50047;987
50048;321
50048;551
50048;8
50048;82
50048;909
50048;975
50048;981
50048;982
50048;983
50048;984
50048;985
50048;987
50049;321
50049;551
50049;8
50049;82
50049;909
50049;975
50049;981
50049;982
50049;983
50049;984
50049;985
50049;987
50050;321
50050;551
50050;8
50050;82
50050;909
50050;975
50050;981
50050;982
50050;983
50050;984
50050;985
50050;987
50051;321
50051;551
50051;8
50051;82
50051;909
50051;975
50051;981
50051;982
50051;983
50051;984
50051;985
50051;987
50052;321
50052;551
50052;8
50052;82
50052;909
50052;975
50052;981
50052;982
50052;983
50052;984
50052;985
50052;987
50053;321
50053;551
50053;8
50053;82
50053;909
50053;975
50053;981
50053;982
50053;983
50053;984
50053;985
50053;987
50054;321
50054;551
50054;8
50054;82
50054;909
50054;975
50054;981
50054;982
50054;983
50054;984
50054;985
50054;987
50057;321
50057;8
50057;82
50057;909
50057;975
50057;981
50057;982
50057;983
50057;984
50057;985
50057;987
50058;321
50058;8
50058;82
50058;909
50058;975
50058;981
50058;982
50058;983
50058;984
50058;985
50058;987
50059;321
50059;8
50059;82
50059;909
50059;975
50059;981
50059;982
50059;983
50059;984
50059;985
50059;987
50060;321
50060;8
50060;82
50060;909
50060;975
50060;981
50060;982
50060;983
50060;984
50060;985
50060;987
50061;321
50061;8
50061;82
50061;909
50061;975
50061;981
50061;982
50061;983
50061;984
50061;985
50061;987
50062;321
50062;8
50062;82
50062;909
50062;975
50062;981
50062;982
50062;983
50062;984
50062;985
50062;987
50063;321
50063;8
50063;82
50063;909
50063;975
50063;981
50063;982
50063;983
50063;984
50063;985
50063;987
50064;321
50064;8
50064;82
50064;909
50064;975
50064;981
50064;982
50064;983
50064;984
50064;985
50064;987
50065;321
50065;8
50065;82
50065;909
50065;975
50065;981
50065;982
50065;983
50065;984
50065;985
50065;987
50066;321
50066;8
50066;82
50066;909
50066;975
50066;981
50066;982
50066;983
50066;984
50066;985
50066;987
50067;321
50067;8
50067;82
50067;909
50067;975
50067;981
50067;982
50067;983
50067;984
50067;985
50067;987
50068;321
50068;8
50068;82
50068;909
50068;975
50068;981
50068;982
50068;983
50068;984
50068;985
50068;987
50069;321
50069;8
50069;82
50069;909
50069;975
50069;981
50069;982
50069;983
50069;984
50069;985
50069;987
50070;321
50070;8
50070;82
50070;909
50070;975
50070;981
50070;982
50070;983
50070;984
50070;985
50070;987
50071;321
50071;8
50071;82
50071;909
50071;975
50071;981
50071;982
50071;983
50071;984
50071;985
50071;987
50072;321
50072;8
50072;82
50072;909
50072;975
50072;981
50072;982
50072;983
50072;984
50072;985
50072;987
50073;321
50073;8
50073;82
50073;909
50073;975
50073;981
50073;982
50073;983
50073;984
50073;985
50073;987
50074;321
50074;8
50074;82
50074;909
50074;975
50074;981
50074;982
50074;983
50074;984
50074;985
50074;987
50075;321
50075;8
50075;82
50075;909
50075;975
50075;981
50075;982
50075;983
50075;984
50075;985
50075;987
50076;321
50076;8
50076;82
50076;909
50076;975
50076;981
50076;982
50076;983
50076;984
50076;985
50076;987
50077;321
50077;8
50077;82
50077;909
50077;975
50077;981
50077;982
50077;983
50077;984
50077;985
50077;987
50079;321
50079;8
50079;82
50079;909
50079;975
50079;981
50079;982
50079;983
50079;984
50079;985
50079;987
50080;321
50080;8
50080;82
50080;909
50080;975
50080;981
50080;982
50080;983
50080;984
50080;985
50080;987
50081;321
50081;8
50081;82
50081;909
50081;975
50081;981
50081;982
50081;983
50081;984
50081;985
50081;987
50082;321
50082;8
50082;82
50082;909
50082;975
50082;981
50082;982
50082;983
50082;984
50082;985
50082;987
50083;8
50083;9
50083;909
50083;975
50083;981
50083;982
50083;983
50083;984
50083;985
50083;987
50084;321
50084;8
50084;82
50084;909
50084;975
50084;981
50084;982
50084;983
50084;984
50084;985
50084;987
50085;8
50085;9
50085;909
50085;975
50085;981
50085;982
50085;983
50085;984
50085;985
50085;987
50086;8
50086;9
50086;909
50086;975
50086;981
50086;982
50086;983
50086;984
50086;985
50086;987
50088;8
50088;9
50088;909
50088;975
50088;981
50088;982
50088;983
50088;984
50088;985
50088;987
50089;8
50089;9
50089;909
50089;975
50089;981
50089;982
50089;983
50089;984
50089;985
50089;987
50090;8
50090;9
50090;909
50090;975
50090;981
50090;982
50090;983
50090;984
50090;985
50090;987
50091;82
50091;9
50091;909
50091;962
50091;981
50091;982
50091;984
50092;8
50092;9
50092;909
50092;975
50092;981
50092;982
50092;983
50092;984
50092;985
50092;987
50093;82
50093;9
50093;909
50093;962
50093;981
50093;982
50093;984
50094;82
50094;9
50094;909
50094;962
50094;981
50094;982
50094;984
50095;82
50095;9
50095;909
50095;962
50095;981
50095;982
50095;984
50096;82
50096;9
50096;909
50096;962
50096;981
50096;982
50096;984
50097;909
50097;962
50097;981
50097;982
50097;984
50098;82
50098;9
50098;909
50098;962
50098;981
50098;982
50098;984
50099;909
50099;962
50099;981
50099;982
50099;984
50100;909
50100;962
50100;981
50100;982
50100;984
50101;909
50101;962
50101;981
50101;982
50101;984
50102;909
50102;962
50102;981
50102;982
50102;984
50103;909
50103;962
50103;981
50103;982
50103;984
50104;909
50104;962
50104;981
50104;982
50104;984
50105;684
50105;909
50105;962
50105;981
50105;982
50105;984
50106;909
50106;962
50106;981
50106;982
50106;984
50108;684
50108;909
50108;962
50108;981
50108;982
50108;984
50109;962
50109;981
50109;982
50109;984
50110;962
50110;981
50110;982
50110;984
50111;684
50111;883
50111;962
50111;981
50111;982
50111;984
50113;962
50113;981
50113;982
50113;984
50114;684
50114;883
50114;962
50114;981
50114;982
50114;984
50117;962
50117;981
50117;982
50117;984
50118;962
50118;981
50118;982
50118;984
50119;684
50119;962
50119;981
50119;982
50119;984
50120;962
50120;981
50120;982
50120;984
50122;684
50122;962
50122;981
50122;982
50122;984
50124;321
50124;8
50124;82
50124;909
50124;975
50124;981
50124;982
50124;983
50124;984
50124;985
50124;987
50126;321
50126;8
50126;82
50126;909
50126;975
50126;981
50126;982
50126;983
50126;984
50126;985
50126;987
50130;10
50130;25
50130;650
50130;977
50138;167
50138;480
50138;551
50138;950
50138;969
50140;167
50140;480
50140;551
50140;950
50140;969
50142;167
50142;480
50142;551
50142;950
50142;969
50147;167
50147;480
50147;551
50147;950
50147;969
50149;167
50149;480
50149;551
50149;950
50149;969
50150;167
50150;480
50150;551
50150;950
50150;969
50151;167
50151;480
50151;551
50151;950
50151;969
50152;167
50152;480
50152;551
50152;950
50152;969
50153;167
50153;480
50153;551
50153;950
50153;969
50154;167
50154;480
50154;551
50154;950
50154;969
50159;167
50159;480
50159;551
50159;950
50159;969
50160;167
50161;167
50163;167
50165;167
50165;480
50165;551
50165;950
50165;969
50166;480
50166;551
50166;950
50166;969
50167;480
50167;551
50167;950
50167;969
50168;480
50168;551
50168;950
50168;969
50169;480
50169;551
50169;950
50169;969
50170;480
50170;551
50170;950
50170;969
50171;480
50171;551
50171;950
50171;969
50172;480
50172;551
50172;950
50172;969
50173;480
50173;551
50173;950
50173;969
50174;480
50174;551
50174;950
50174;969
50175;480
50175;481
50175;483
50175;551
50175;950
50175;969
50176;481
50176;510
50176;650
50176;969
50177;480
50177;481
50177;551
50177;950
50177;969
50184;486
50184;811
50185;486
50185;811
50186;483
50186;486
50186;811
50187;483
50187;486
50188;486
50188;811
50189;486
50190;486
50190;811
50192;486
50193;486
50193;811
50196;480
50196;510
50196;551
50196;650
50196;950
50197;480
50197;481
50197;510
50197;551
50197;650
50197;950
50198;480
50198;510
50198;551
50198;650
50198;950
50199;480
50199;481
50199;483
50199;510
50199;551
50199;650
50199;950
50202;311
50202;480
50203;311
50203;480
50203;811
50204;311
50204;480
50205;311
50205;480
50205;811
50206;311
50206;480
50206;481
50207;311
50207;480
50207;481
50207;486
50208;311
50208;480
50208;481
50208;486
50209;311
50209;480
50209;481
50209;486
50210;311
50210;480
50210;481
50210;486
50211;311
50211;480
50211;481
50211;486
50212;311
50212;480
50212;481
50212;486
50215;311
50215;480
50215;811
50219;311
50219;480
50219;481
50219;486
50220;305
50220;971
50221;305
50221;971
50222;305
50222;971
50223;305
50223;971
50224;305
50224;971
50225;305
50225;971
50226;305
50226;971
50227;305
50227;971
50232;305
50233;305
50234;305
50235;305
50237;305
50238;971
50239;971
50240;971
50241;971
50242;971
50243;971
50244;971
50245;971
50246;971
50247;971
50248;971
50249;971
50250;971
50251;971
50252;971
50253;971
50258;7
50259;7
50260;7
50261;7
50262;7
50263;7
50266;7
50267;7
50268;7
50269;7
50270;7
50271;7
50272;7
50273;7
50274;7
50275;7
50276;7
50277;7
50278;7
50279;7
50280;7
50285;6
50286;6
50287;6
50288;6
50289;6
50290;6
50291;6
50292;6
50293;6
50294;6
50295;6
50311;5
50312;5
50313;5
50314;5
50315;5
50317;5
50326;551
50327;321
50327;82
50327;9
50328;321
50328;82
50328;9
50329;321
50329;82
50329;9
50330;321
50330;82
50330;9
50331;321
50331;82
50331;9
50332;321
50332;82
50332;9
50333;321
50333;82
50333;9
50334;321
50334;82
50334;9
50335;321
50335;82
50335;9
50336;321
50336;82
50336;9
50337;321
50337;82
50337;9
50338;321
50338;82
50338;9
50345;82
50346;82
50347;82
50348;82
50349;82
50350;82
50355;321
50355;82
50355;9
50356;321
50356;82
50356;9
50357;321
50357;762
50357;8
50357;82
50357;9
50360;762
50360;82
50360;9
50360;962
50361;762
50361;82
50361;9
50361;962
50362;321
50362;762
50362;8
50362;82
50362;9
50363;321
50363;762
50363;8
50363;82
50363;9
50364;321
50364;762
50364;8
50364;82
50364;9
50365;321
50365;762
50365;8
50365;82
50365;9
50366;321
50366;762
50366;8
50366;82
50366;9
50367;762
50367;8
50367;82
50368;762
50368;8
50368;82
50369;762
50369;8
50369;82
50370;762
50370;8
50370;82
50371;28
50371;321
50371;762
50371;8
50371;82
50371;9
50372;321
50372;762
50372;8
50372;82
50372;9
50374;762
50374;8
50374;82
50377;675
50377;975
50377;985
50377;987
50378;321
50378;675
50378;9
50378;962
50378;975
50378;983
50378;985
50378;987
50379;8
50379;82
50379;9
50379;962
50379;975
50379;983
50379;985
50379;987
50380;8
50380;82
50380;9
50380;962
50380;975
50380;983
50380;985
50380;987
50382;8
50382;82
50382;9
50382;962
50382;975
50382;983
50382;985
50382;987
50383;8
50383;82
50383;9
50383;962
50383;975
50383;983
50383;985
50383;987
50384;684
50384;762
50384;8
50384;82
50384;883
50384;9
50384;962
50384;975
50384;983
50384;985
50384;987
50385;684
50385;762
50385;8
50385;82
50385;883
50385;9
50385;962
50385;975
50385;983
50385;985
50385;987
50386;675
50386;8
50386;975
50386;983
50386;985
50386;987
50387;675
50387;8
50387;975
50387;983
50387;985
50387;987
50388;675
50388;8
50388;975
50388;983
50388;985
50388;987
50389;675
50389;975
50389;983
50389;985
50389;987
50390;321
50390;675
50390;9
50390;962
50390;975
50390;983
50390;985
50390;987
50391;321
50391;675
50391;9
50391;962
50391;975
50391;983
50391;985
50391;987
50393;321
50393;675
50393;9
50393;962
50393;975
50393;983
50393;985
50393;987
50394;321
50394;675
50394;9
50394;962
50394;975
50394;983
50394;985
50394;987
50395;675
50395;975
50395;985
50395;987
50396;675
50396;975
50396;985
50396;987
50397;675
50397;975
50397;985
50397;987
50398;675
50398;975
50398;985
50398;987
50399;675
50399;975
50399;985
50399;987
50400;675
50400;975
50400;983
50400;985
50400;987
50401;321
50402;321
50402;675
50402;762
50402;975
50402;983
50402;985
50402;987
50403;321
50403;675
50403;762
50403;975
50403;983
50403;985
50403;987
50404;321
50404;675
50404;762
50404;975
50404;983
50404;985
50404;987
50405;321
50405;675
50405;762
50405;975
50405;983
50405;985
50405;987
50406;321
50406;675
50406;762
50406;975
50406;983
50406;985
50406;987
50407;321
50407;675
50407;762
50407;975
50407;983
50407;985
50407;987
50408;675
50408;762
50408;975
50408;983
50408;985
50408;987
50409;675
50409;975
50409;983
50409;985
50409;987
50410;675
50410;975
50410;983
50410;985
50410;987
50411;675
50411;975
50411;983
50411;985
50411;987
50412;675
50412;975
50412;983
50412;985
50412;987
50413;675
50413;975
50413;983
50413;985
50413;987
50414;675
50414;975
50414;983
50414;985
50414;987
50415;675
50415;975
50415;983
50415;985
50415;987
50416;675
50416;975
50416;983
50416;985
50416;987
50417;675
50417;975
50417;983
50417;985
50417;987
50418;675
50418;975
50418;983
50418;985
50418;987
50419;675
50419;975
50419;983
50419;985
50419;987
50420;675
50420;975
50420;983
50420;985
50420;987
50421;675
50421;975
50421;983
50421;985
50421;987
50422;675
50422;975
50422;983
50422;985
50422;987
50423;675
50423;975
50423;985
50423;987
50423;991
50424;675
50424;975
50424;983
50424;985
50424;987
50425;675
50425;975
50425;985
50425;987
50425;991
50426;675
50426;975
50426;985
50426;987
50426;991
50427;675
50427;732
50427;975
50427;985
50427;991
50428;675
50428;732
50428;975
50428;985
50428;991
50429;732
50429;987
50430;732
50430;987
50431;675
50431;732
50431;975
50431;985
50431;991
50432;675
50432;732
50432;975
50432;985
50432;991
50433;675
50433;732
50433;975
50433;985
50433;987
50433;991
50434;675
50434;732
50434;975
50434;985
50434;987
50434;991
50435;675
50435;732
50435;975
50435;985
50435;987
50435;991
50436;675
50436;732
50436;975
50436;985
50436;987
50436;991
50437;675
50437;732
50437;975
50437;985
50437;987
50437;991
50438;675
50438;732
50438;975
50438;985
50438;987
50438;991
50439;675
50439;732
50439;975
50439;985
50439;987
50439;991
50440;675
50440;732
50440;975
50440;985
50440;987
50440;991
50441;675
50441;732
50441;975
50441;985
50441;987
50441;991
50442;675
50442;732
50442;975
50442;985
50442;987
50442;991
50443;675
50443;732
50443;975
50443;985
50443;987
50443;991
50444;675
50444;732
50444;975
50444;985
50444;987
50444;991
50447;640
50447;641
50447;642
50447;675
50447;732
50447;975
50447;979
50447;985
50447;986
50447;989
50447;990
50447;991
50449;640
50449;641
50449;642
50449;675
50449;732
50449;975
50449;979
50449;985
50449;986
50449;989
50449;990
50449;991
50451;640
50451;641
50451;642
50451;675
50451;732
50451;975
50451;979
50451;985
50451;986
50451;989
50451;990
50451;991
50452;640
50452;641
50452;642
50452;675
50452;732
50452;975
50452;979
50452;985
50452;986
50452;989
50452;990
50452;991
50453;675
50453;732
50453;975
50453;985
50453;987
50453;991
50454;675
50454;732
50454;975
50454;985
50454;987
50454;991
50464;8
50464;82
50464;9
50464;962
50464;975
50464;983
50464;985
50464;987
50467;321
50467;9
50467;962
50467;983
50468;321
50468;9
50468;962
50468;983
50469;321
50469;9
50469;962
50469;983
50470;321
50470;9
50470;962
50470;983
50471;321
50471;9
50471;962
50471;983
50472;321
50472;9
50472;962
50472;983
50473;321
50473;9
50473;962
50473;983
50474;321
50474;9
50474;962
50474;983
50475;321
50475;762
50475;962
50475;983
50476;321
50476;762
50476;962
50476;983
50477;983
50478;983
50479;983
50480;983
50481;983
50482;983
50483;983
50484;983
50485;321
50485;762
50485;962
50485;983
50486;321
50486;762
50487;321
50487;762
50487;962
50488;321
50488;762
50488;962
50489;321
50489;762
50489;962
50490;321
50490;762
50490;962
50491;732
50491;983
50492;732
50492;983
50493;983
50494;983
50495;983
50496;983
50497;983
50506;675
50506;732
50506;975
50506;985
50506;987
50506;991
50507;675
50507;732
50507;975
50507;985
50507;987
50507;991
50508;675
50508;732
50508;975
50508;985
50508;987
50508;991
50509;675
50509;732
50509;975
50509;985
50509;987
50509;991
50517;640
50517;641
50517;642
50517;675
50517;732
50517;975
50517;979
50517;985
50517;986
50517;989
50517;990
50517;991
50518;640
50518;641
50518;642
50518;675
50518;732
50518;975
50518;979
50518;985
50518;986
50518;989
50518;990
50518;991
50519;640
50519;641
50519;642
50519;675
50519;732
50519;975
50519;979
50519;985
50519;986
50519;989
50519;990
50519;991
50523;909
50523;962
50523;981
50523;982
50523;984
50524;82
50524;9
50524;909
50524;962
50524;981
50524;982
50524;984
50526;984
50528;984
50529;984
50530;984
50531;984
50532;984
50533;984
50535;984
50536;984
50538;984
50539;984
50540;984
50541;984
50542;984
50543;984
50545;984
50560;984
50561;738
50561;984
50562;738
50562;984
50563;738
50563;984
50564;738
50564;984
50565;738
50565;984
50566;738
50566;984
50567;738
50567;984
50568;738
50568;984
50569;738
50569;984
50570;738
50570;984
50571;738
50571;984
50576;684
50576;738
50576;760
50576;761
50576;906
50576;962
50576;984
50577;684
50577;738
50577;760
50577;761
50577;906
50577;962
50577;984
50578;684
50578;760
50578;761
50578;906
50578;962
50578;984
50579;684
50579;760
50579;761
50579;906
50579;962
50579;984
50580;684
50580;732
50580;733
50580;734
50580;737
50580;738
50580;762
50580;882
50580;961
50580;962
50580;978
50580;984
50581;684
50581;760
50581;761
50581;906
50581;962
50581;984
50583;684
50583;732
50583;733
50583;734
50583;737
50583;738
50583;762
50583;882
50583;961
50583;962
50583;978
50583;984
50590;684
50590;732
50590;733
50590;734
50590;737
50590;738
50590;762
50590;882
50590;961
50590;962
50590;978
50590;984
50591;684
50591;732
50591;733
50591;734
50591;737
50591;738
50591;762
50591;882
50591;961
50591;962
50591;978
50591;984
50592;684
50592;732
50592;733
50592;734
50592;737
50592;738
50592;762
50592;882
50592;961
50592;962
50592;978
50592;984
50597;684
50597;732
50597;733
50597;734
50597;737
50597;738
50597;762
50597;882
50597;961
50597;962
50597;978
50597;984
50598;684
50598;732
50598;733
50598;734
50598;737
50598;738
50598;762
50598;882
50598;961
50598;962
50598;978
50598;984
50599;684
50599;732
50599;733
50599;734
50599;737
50599;738
50599;762
50599;882
50599;961
50599;962
50599;978
50599;984
50600;684
50600;732
50600;733
50600;734
50600;737
50600;738
50600;762
50600;882
50600;961
50600;962
50600;978
50600;984
50601;684
50601;738
50601;962
50601;984
50602;684
50602;738
50602;962
50602;984
50605;684
50605;732
50605;733
50605;734
50605;737
50605;738
50605;760
50605;761
50605;762
50605;882
50605;906
50605;961
50605;962
50605;978
50605;984
50610;761
50610;978
50610;981
50611;962
50611;981
50611;982
50612;962
50612;981
50612;982
50613;737
50613;760
50613;761
50613;882
50613;883
50613;906
50613;978
50613;982
50614;962
50614;981
50614;982
50615;962
50615;981
50615;982
50616;883
50616;962
50616;981
50616;982
50617;883
50617;962
50617;981
50617;982
50618;760
50618;761
50618;906
50618;981
50618;982
50619;760
50619;761
50619;906
50619;981
50619;982
50620;737
50620;760
50620;761
50620;882
50620;883
50620;906
50620;961
50620;978
50620;981
50620;982
50621;737
50621;760
50621;761
50621;882
50621;883
50621;906
50621;961
50621;978
50621;981
50621;982
50622;737
50622;760
50622;761
50622;882
50622;906
50622;961
50622;978
50622;981
50622;982
50623;737
50623;760
50623;761
50623;882
50623;906
50623;961
50623;978
50623;981
50623;982
50624;737
50624;760
50624;761
50624;882
50624;906
50624;961
50624;978
50624;981
50624;982
50625;737
50625;760
50625;761
50625;882
50625;906
50625;961
50625;978
50625;981
50625;982
50627;737
50627;760
50627;761
50627;882
50627;906
50627;961
50627;978
50627;981
50627;982
50628;737
50628;760
50628;761
50628;882
50628;883
50628;906
50628;978
50628;982
50629;962
50629;981
50629;982
50630;737
50630;760
50630;761
50630;882
50630;906
50630;978
50630;981
50630;982
50631;737
50631;760
50631;761
50631;882
50631;906
50631;978
50631;981
50631;982
50632;737
50632;760
50632;761
50632;882
50632;906
50632;978
50632;981
50632;982
50633;737
50633;760
50633;761
50633;906
50633;978
50633;981
50633;982
50634;962
50634;981
50634;982
50635;882
50635;883
50635;982
50636;737
50636;760
50636;761
50636;882
50636;906
50636;978
50636;981
50636;982
50637;737
50637;760
50637;761
50637;882
50637;906
50637;978
50637;981
50637;982
50638;737
50638;760
50638;761
50638;882
50638;906
50638;961
50638;978
50638;981
50638;982
50639;737
50639;760
50639;761
50639;882
50639;906
50639;961
50639;978
50639;981
50639;982
50640;737
50640;760
50640;761
50640;882
50640;906
50640;961
50640;978
50640;981
50640;982
50641;737
50641;760
50641;761
50641;882
50641;883
50641;906
50641;978
50641;981
50641;982
50642;737
50642;760
50642;761
50642;882
50642;883
50642;906
50642;978
50642;981
50642;982
50645;761
50645;978
50645;981
50646;761
50646;978
50646;981
50647;761
50647;978
50647;981
50648;761
50648;978
50648;981
50649;761
50649;978
50649;981
50650;761
50650;978
50650;981
50651;761
50651;978
50651;981
50652;761
50652;978
50652;981
50653;761
50653;978
50653;981
50654;761
50654;978
50654;981
50655;761
50655;978
50655;981
50656;761
50656;978
50656;981
50657;761
50657;978
50657;981
50658;761
50658;978
50658;981
50659;761
50659;978
50659;981
50660;761
50660;978
50660;981
50661;761
50661;978
50661;981
50662;761
50662;978
50662;981
50663;761
50663;978
50663;981
50664;761
50664;978
50664;981
50665;761
50665;978
50665;981
50666;761
50666;978
50666;981
50667;761
50667;978
50667;981
50668;761
50668;978
50668;981
50669;761
50669;978
50669;981
50670;761
50670;978
50670;981
50671;761
50671;978
50671;981
50672;761
50672;978
50672;981
50673;761
50673;978
50673;981
50674;761
50674;978
50674;981
50675;761
50675;978
50675;981
50676;761
50676;978
50676;981
50677;761
50677;978
50677;981
50678;761
50678;978
50678;981
50679;761
50679;978
50679;981
50680;761
50680;978
50680;981
50681;761
50681;978
50681;981
50682;761
50682;978
50682;981
50683;761
50683;978
50683;981
50684;761
50684;978
50684;981
50685;761
50685;978
50685;981
50686;761
50686;978
50686;981
50687;761
50687;978
50687;981
50688;761
50688;978
50688;981
50689;761
50689;978
50689;981
50690;761
50690;978
50690;981
50691;761
50691;978
50691;981
50692;761
50692;978
50692;981
50693;761
50693;978
50693;981
50694;761
50694;978
50694;981
50695;761
50695;978
50695;981
50696;761
50696;978
50696;981
50697;761
50697;978
50697;981
50698;981
50699;24
50700;28
50701;28
50702;28
50703;24
50704;761
50704;978
50704;981
50705;761
50705;978
50705;981
50706;761
50707;761
50708;24
50708;28
50709;737
50709;760
50709;761
50709;882
50709;906
50709;978
50709;981
50709;982
50710;24
50712;17
50712;24
50712;517
50712;522
50712;877
50713;17
50713;24
50713;517
50713;522
50713;877
50714;24
50715;24
50716;24
50717;24
50718;24
50720;24
50721;24
50722;24
50722;28
50723;909
50724;909
50725;909
50726;909
50727;909
50728;981
50729;981
50730;737
50730;760
50730;761
50730;882
50730;906
50730;978
50730;981
50730;982
50731;737
50731;760
50731;761
50731;882
50731;906
50731;978
50731;981
50731;982
50734;321
50734;9
50735;321
50735;9
50740;321
50740;762
50740;9
50741;321
50741;762
50741;9
50742;321
50743;321
50744;321
50744;762
50744;9
50745;321
50745;762
50745;9
50751;760
50751;906
50752;760
50752;906
50753;321
50754;321
50755;321
50756;321
50792;738
50793;738
50794;738
50795;738
50796;738
50797;738
50798;738
50799;738
50800;738
50801;738
50802;738
50803;738
50804;738
50805;738
50806;738
50807;738
50808;738
50809;738
50810;738
50811;738
50812;738
50813;738
50814;738
50815;738
50816;738
50817;738
50818;738
50819;738
50820;738
50821;738
50822;738
50823;738
50824;738
50825;738
50826;738
50827;738
50829;738
50830;738
50831;738
50833;738
50834;738
50835;738
50848;732
50848;733
50848;734
50848;737
50848;760
50848;761
50848;882
50848;906
50848;961
50848;978
50849;732
50849;733
50849;734
50849;737
50849;760
50849;761
50849;882
50849;906
50849;961
50849;978
50850;732
50850;733
50850;734
50850;737
50850;760
50850;761
50850;882
50850;906
50850;961
50850;978
50851;732
50851;733
50851;734
50851;737
50851;760
50851;761
50851;882
50851;906
50851;961
50851;978
50852;732
50852;733
50852;734
50852;737
50852;760
50852;761
50852;882
50852;906
50852;961
50852;978
50853;732
50853;733
50853;734
50853;737
50853;760
50853;761
50853;882
50853;906
50853;961
50853;978
50854;684
50854;732
50854;738
50854;762
50854;962
50854;984
50855;684
50855;732
50855;738
50855;762
50855;962
50855;984
50859;684
50859;732
50859;734
50859;737
50859;738
50859;882
50859;961
50859;978
50859;984
50860;684
50860;732
50860;734
50860;737
50860;738
50860;882
50860;961
50860;978
50860;984
50861;734
50861;737
50861;762
50861;882
50861;961
50861;978
50862;734
50862;737
50862;762
50862;882
50862;961
50862;978
50863;734
50863;737
50863;762
50863;882
50863;961
50863;978
50864;734
50864;737
50864;762
50864;882
50864;961
50864;978
50873;971
50874;971
50875;971
50876;971
50877;971
50939;732
50939;733
50940;732
50940;733
50941;732
50941;733
50942;732
50942;733
50943;732
50943;733
50944;732
50944;733
50945;733
50946;733
50947;733
50948;733
50949;733
50950;733
50951;733
50952;733
50953;733
50954;733
50955;733
50956;733
50957;733
50958;733
50959;733
50960;733
50961;733
50962;733
50963;733
50964;733
50965;733
50966;733
50967;733
50968;733
50969;733
50970;733
50971;733
50972;733
50973;733
50974;733
50975;733
50976;733
50977;733
50978;733
50979;733
50980;733
50981;733
50982;733
50983;733
50984;733
50985;733
50986;733
50987;733
50988;733
50989;733
50990;733
50991;733
50992;733
50993;733
50994;733
50995;733
50999;733
51001;733
51002;733
51003;733
51004;733
51005;733
51006;733
51007;733
51008;640
51008;642
51009;640
51009;642
51010;640
51010;642
51011;640
51011;642
51012;640
51012;642
51013;640
51013;642
51014;640
51014;642
51015;640
51015;642
51016;640
51016;642
51017;640
51017;642
51018;640
51019;640
51020;640
51021;640
51022;640
51023;640
51024;640
51025;640
51026;640
51027;640
51028;640
51029;640
51030;640
51031;640
51032;640
51033;640
51034;640
51035;640
51036;640
51037;640
51038;640
51039;640
51040;640
51041;640
51042;640
51043;640
51044;640
51045;640
51046;640
51047;640
51048;640
51049;640
51050;640
51051;640
51052;640
51053;640
51054;640
51055;640
51056;640
51058;734
51059;684
51059;732
51059;734
51059;738
51059;961
51059;984
51060;684
51060;732
51060;734
51060;738
51060;961
51060;984
51061;734
51062;734
51063;734
51064;734
51065;734
51066;734
51067;734
51068;734
51069;734
51070;734
51071;734
51072;734
51073;734
51074;734
51075;734
51076;734
51077;734
51078;734
51079;734
51080;734
51081;734
51083;734
51086;734
51087;734
51088;734
51089;734
51090;734
51091;734
51092;734
51093;734
51095;734
51096;734
51140;732
51141;732
51142;732
51143;732
51144;732
51145;732
51146;732
51147;732
51148;732
51149;732
51150;732
51151;732
51152;732
51153;732
51154;732
51155;732
51156;732
51160;732
51161;732
51162;732
51163;732
51164;732
51165;732
51166;732
51167;732
51168;732
51169;732
51170;732
51171;732
51172;732
51173;732
51174;732
51175;732
51196;732
51196;985
51196;991
51197;732
51197;985
51197;991
51198;732
51198;985
51198;991
51199;732
51199;985
51199;991
51200;732
51200;985
51200;991
51201;732
51201;985
51201;991
51202;732
51202;985
51202;991
51203;732
51203;985
51203;991
51204;732
51204;985
51204;991
51205;732
51205;985
51205;991
51206;732
51206;985
51206;991
51207;732
51207;985
51207;991
51208;738
51209;738
51210;738
51211;738
51212;738
51213;738
51214;738
51215;738
51216;738
51217;738
51218;738
51219;738
51220;738
51220;762
51221;738
51221;762
51236;9
51237;9
51238;9
51239;9
51240;9
51241;9
51242;9
51243;9
51244;9
51245;9
51246;9
51247;9
51258;9
51259;9
51274;991
51275;991
51276;991
51277;991
51278;991
51279;991
51280;991
51281;991
51283;991
51285;991
51286;991
51288;991
51289;991
51290;991
51291;991
51292;991
51293;991
51294;991
51295;991
51297;991
51298;991
51299;991
51316;737
51317;737
51332;990
51333;990
51334;990
51335;990
51336;990
51337;990
51338;990
51339;990
51340;990
51341;990
51342;990
51343;990
51344;990
51345;990
51346;990
51347;990
51348;990
51349;990
51350;990
51351;990
51352;990
51353;990
51354;990
51355;990
51357;990
51393;991
51394;776
51394;778
51395;778
51396;778
51397;778
51398;778
51399;778
51400;778
51401;778
51402;778
51403;778
51404;778
51405;778
51406;778
51407;778
51408;778
51409;778
51418;775
51419;775
51435;778
51456;761
51456;978
51456;981
51457;761
51457;978
51457;981
51464;961
51464;981
51465;961
51465;981
51466;961
51466;981
51467;961
51467;981
51468;961
51468;981
51469;961
51469;981
51470;961
51470;981
51471;961
51471;981
51472;981
51473;981
51474;981
51475;981
51485;640
51485;641
51485;642
51485;675
51485;732
51485;975
51485;979
51485;985
51485;986
51485;989
51485;990
51485;991
51486;640
51486;641
51486;642
51486;675
51486;732
51486;975
51486;979
51486;985
51486;986
51486;989
51486;990
51486;991
51487;640
51487;641
51487;642
51487;675
51487;732
51487;975
51487;979
51487;985
51487;986
51487;989
51487;990
51487;991
51488;640
51488;641
51488;642
51488;675
51488;732
51488;975
51488;979
51488;985
51488;986
51488;989
51488;990
51488;991
51489;640
51489;641
51489;642
51489;675
51489;732
51489;975
51489;979
51489;985
51489;986
51489;989
51489;990
51489;991
51490;640
51490;641
51490;642
51490;675
51490;732
51490;975
51490;979
51490;985
51490;986
51490;989
51490;990
51490;991
51491;640
51491;641
51491;642
51491;675
51491;732
51491;975
51491;979
51491;985
51491;986
51491;989
51491;990
51491;991
51492;640
51492;641
51492;642
51492;675
51492;732
51492;975
51492;979
51492;985
51492;986
51492;989
51492;990
51492;991
51493;640
51493;641
51493;642
51493;675
51493;732
51493;975
51493;979
51493;985
51493;986
51493;989
51493;990
51493;991
51494;640
51494;641
51494;642
51494;675
51494;732
51494;975
51494;979
51494;985
51494;986
51494;989
51494;990
51494;991
51496;640
51496;641
51496;642
51496;675
51496;732
51496;975
51496;979
51496;985
51496;986
51496;989
51496;990
51496;991
51497;640
51497;641
51497;642
51497;675
51497;732
51497;975
51497;979
51497;985
51497;986
51497;989
51497;990
51497;991
51505;882
51505;883
51505;982
51507;882
51507;883
51507;982
51509;882
51509;883
51509;982
51510;882
51510;883
51510;982
51511;882
51511;883
51511;982
51512;882
51512;883
51512;982
51513;882
51513;883
51513;982
51514;882
51514;883
51514;982
51515;882
51515;883
51515;982
51516;882
51516;883
51516;982
51518;882
51518;883
51518;982
51545;761
51546;761
51547;761
51548;761
51549;761
51550;761
51551;761
51552;761
51553;761
51554;761
51555;761
51556;761
51557;761
51558;761
51559;761
51560;761
51561;761
51561;976
51562;761
51562;976
51563;761
51563;976
51564;761
51564;976
51566;761
51566;976
51567;761
51567;976
51568;761
51568;976
51569;761
51569;976
51570;761
51570;976
51571;761
51571;976
51572;761
51572;976
51573;761
51573;976
51574;761
51574;976
51575;761
51575;976
51576;761
51576;976
51577;761
51577;976
51578;761
51578;976
51579;761
51580;761
51581;761
51582;761
51583;761
51584;761
51585;761
51586;761
51587;761
51587;976
51588;761
51588;976
51589;761
51589;976
51590;761
51590;976
51591;761
51591;976
51592;761
51592;976
51593;761
51593;976
51594;761
51594;976
51595;761
51595;976
51596;761
51596;976
51597;761
51597;976
51598;761
51598;976
51599;761
51599;976
51600;761
51600;976
51601;761
51601;976
51602;761
51602;976
51604;761
51604;976
51614;761
51615;761
51616;761
51617;761
51618;761
51619;761
51620;761
51621;761
51622;761
51623;761
51625;761
51626;761
51627;761
51628;761
51629;761
51630;761
51631;761
51631;976
51632;761
51632;976
51633;761
51633;976
51634;761
51634;976
51635;761
51635;976
51636;761
51636;976
51637;761
51637;976
51638;761
51638;976
51639;761
51640;761
51641;761
51641;976
51642;761
51642;976
51740;737
51740;760
51740;906
51741;737
51741;760
51741;906
51742;737
51742;760
51742;906
51743;737
51743;760
51743;906
51745;760
51746;760
51747;737
51747;760
51747;906
51748;737
51748;760
51748;906
51749;737
51749;760
51749;906
51750;737
51750;760
51750;906
51751;760
51751;906
51752;760
51752;906
51753;760
51753;906
51754;760
51754;906
51755;760
51755;906
51756;760
51756;906
51757;760
51757;906
51758;760
51758;906
51759;760
51759;906
51760;760
51760;906
51761;760
51762;760
51762;906
51763;760
51764;760
51765;760
51766;760
51767;760
51767;906
51768;760
51768;906
51769;760
51769;906
51770;760
51770;906
51771;760
51771;906
51772;760
51772;906
51773;760
51773;906
51774;760
51774;906
51775;760
51775;906
51776;760
51776;906
51777;760
51777;906
51778;760
51778;906
51779;760
51779;906
51780;760
51780;906
51781;760
51781;906
51782;760
51782;906
51783;760
51783;906
51784;760
51784;906
51785;760
51785;906
51786;760
51786;906
51787;760
51787;906
51788;760
51788;906
51789;760
51789;906
51790;760
51790;906
51791;760
51791;906
51792;760
51792;906
51793;760
51793;906
51794;760
51794;906
51795;760
51795;906
51796;760
51796;906
51797;760
51797;906
51798;760
51798;906
51799;760
51799;906
51800;760
51800;906
51801;760
51801;906
51802;760
51802;906
51803;760
51803;906
51804;760
51804;906
51805;760
51805;906
51806;760
51806;906
51807;760
51807;906
51808;760
51808;906
51809;760
51809;906
51810;760
51810;906
51811;760
51811;906
51812;760
51812;906
51813;760
51813;906
51814;760
51814;906
51815;760
51815;906
51816;760
51816;906
51817;760
51817;906
51818;760
51818;906
51821;882
51821;883
51821;982
51822;882
51822;883
51822;982
51823;641
51823;732
51823;979
51823;989
51823;991
51824;882
51824;883
51824;982
51825;882
51825;883
51825;982
51826;10
51826;17
51826;671
51826;690
51826;8
51826;873
51826;969
51827;640
51828;640
51829;321
51830;321
51831;321
51832;761
51832;976
51833;761
51833;976
51834;761
51834;976
51835;761
51835;976
51837;990
51838;990
51839;5
51845;990
51846;990
51847;990
51848;990
51849;732
51850;732
51851;732
51851;983
51855;761
51855;976
51856;761
51856;976
51857;761
51857;976
51858;761
51858;976
51859;737
51859;760
51859;761
51859;882
51859;906
51859;978
51859;982
51860;737
51860;760
51860;761
51860;882
51860;906
51860;978
51860;982
51861;990
51862;990
51863;990
51864;990
51865;990
51866;990
51867;990
51868;990
51869;990
51870;990
51871;990
51872;990
51873;990
51874;990
51875;990
51876;990
51877;990
51878;990
51879;990
51880;990
51881;737
51882;737
51883;737
51884;737
51885;737
51886;737
51887;737
51888;737
51889;737
51890;989
51891;989
51892;989
51893;989
51894;989
51895;989
51896;989
51897;989
51898;989
51899;760
51899;906
51900;760
51900;906
51908;734
51909;734
51914;969
51916;167
51917;17
51918;971
51920;305
51921;671
51923;690
51925;873
51929;8
51931;82
51932;321
51933;975
51933;985
51934;675
51935;987
51937;984
51938;684
51939;981
51939;982
51940;883
51941;321
51941;675
51941;762
51941;975
51941;983
51941;985
51941;987
51942;321
51942;675
51942;762
51942;975
51942;983
51942;985
51942;987
51943;732
51943;987
51944;675
51944;732
51944;975
51944;985
51944;987
51944;991
51945;979
51945;986
51945;987
51945;989
51946;979
51946;986
51946;987
51946;989
51947;883
51947;982
51948;883
51948;982
51951;909
51951;983
51952;979
51952;986
51952;987
51952;989
51953;979
51953;986
51953;987
51953;989
51954;28
51954;321
51954;82
51954;9
51957;760
51958;760
51959;760
51960;760
51961;760
51961;906
51962;760
51962;906
51964;732
51965;732
51968;480
51968;481
51968;510
51968;551
51968;650
51972;961
51973;961
51974;961
51975;961
51976;961
51977;761
51977;976
51978;761
51978;976
51979;675
51979;732
51979;975
51979;985
51979;987
51979;991
51980;961
51981;961
51982;961
51983;961
51984;961
51985;961
51986;961
51987;961
51988;961
51989;961
51990;961
51991;961
51992;961
51993;961
51994;961
51995;961
51996;961
51997;961
51998;961
51999;961
52000;961
52001;961
52002;961
52003;82
52004;82
52005;961
52006;961
52007;961
52008;961
52009;675
52009;975
52010;675
52010;975
52011;675
52011;975
52012;675
52012;975
52013;321
52013;762
52013;962
52014;321
52014;762
52014;962
52015;28
52016;28
52017;28
52018;28
52019;28
52020;28
52021;28
52022;28
52023;961
52024;961
52025;961
52026;961
52027;760
52028;760
52029;762
52029;8
52029;9
52029;962
52030;762
52030;8
52030;9
52030;962
52031;762
52031;8
52031;9
52031;962
52032;762
52032;8
52032;9
52032;962
52033;8
52033;9
52033;962
52034;8
52034;9
52034;962
52035;8
52035;9
52035;962
52036;8
52036;9
52036;962
52037;8
52037;9
52037;962
52038;8
52038;9
52038;962
52039;762
52039;9
52040;762
52040;9
52041;762
52041;9
52042;762
52042;9
52043;762
52043;9
52044;762
52044;9
52045;762
52045;9
52046;762
52046;9
52047;762
52047;9
52048;762
52048;9
52049;732
52049;983
52050;732
52050;983
52051;732
52051;983
52052;732
52053;732
52054;321
52054;762
52054;962
52054;983
52055;321
52055;762
52055;962
52056;979
52056;986
52056;987
52056;989
52057;961
52058;961
52059;946
52060;946
52061;946
52062;946
52063;946
52064;946
52065;761
52065;976
52066;761
52066;976
52067;762
52068;762
52069;762
52070;762
52071;762
52072;762
52073;762
52074;762
52075;762
52076;762
52077;762
52078;762
52079;762
52080;732
52081;732
52082;8
52083;8
52084;762
52085;762
52086;762
52087;762
52088;762
52089;971
52090;971
52091;971
52092;971
52093;737
52094;737
52095;480
52095;510
52095;551
52095;650
52096;737
52097;737
52098;737
52099;737
52100;737
52101;737
52102;737
52103;737
52104;737
52105;737
52106;762
52107;762
52108;762
52109;762
52110;733
52111;733
52112;640
52113;640
52114;971
52115;971
52116;737
52117;737
52120;737
52121;737
52122;737
52123;737
52124;737
52125;737
52126;732
52127;732
52128;971
52129;737
52130;737
52131;732
52131;733
52131;734
52131;737
52131;760
52131;761
52131;882
52131;906
52131;961
52131;978
52132;732
52132;733
52132;734
52132;737
52132;760
52132;761
52132;882
52132;906
52132;961
52132;978
52133;640
52134;640
52135;760
52135;906
52136;760
52136;906
52137;486
52139;882
52139;883
52139;982
52140;882
52140;883
52140;982
52141;733
52142;733
52143;761
52143;976
52144;761
52144;976
52145;983
52146;983
52147;732
52148;732
52149;24
52150;24
52151;760
52151;906
52152;760
52152;906
52153;640
52153;641
52153;642
52153;675
52153;975
52153;979
52153;985
52153;990
52153;991
52154;640
52154;641
52154;642
52154;675
52154;975
52154;979
52154;985
52154;990
52154;991
52155;737
52156;737
52157;961
52157;981
52158;961
52158;981
52159;761
52159;976
52160;761
52160;976
52161;732
52162;732
52165;882
52165;883
52165;982
52166;737
52167;737
52168;737
52169;737
52170;737
52171;737
52172;734
52173;734
52174;732
52175;732
52176;760
52177;760
52178;9
52179;9
52180;28
52181;28
52182;978
52183;978
52184;761
52184;978
52185;761
52185;978
52186;978
52187;978
52188;978
52189;978
52190;978
52191;978
52192;978
52193;978
52194;978
52195;978
52196;978
52197;978
52198;978
52199;978
52200;978
52201;978
52202;978
52203;978
52204;978
52205;978
52206;978
52207;978
52208;978
52209;978
52211;761
52211;976
52212;761
52212;976
52213;28
52214;28
52216;732
52217;732
52218;732
52219;732
52220;737
52221;737
52222;990
52223;990
52224;978
52225;978
52226;978
52227;978
52228;978
52229;978
52230;978
52231;978
52234;978
52235;978
52236;978
52237;978
52238;978
52239;978
52240;978
52241;978
52242;978
52243;978
52244;978
52245;978
52246;978
52247;978
52248;978
52249;978
52250;978
52251;978
52252;978
52253;978
52254;978
52255;978
52256;978
52257;978
52258;978
52259;978
52260;978
52261;978
52262;978
52263;978
52264;978
52265;978
52266;978
52267;978
52268;978
52269;978
52270;978
52271;978
52272;978
52273;978
52274;978
52275;978
52276;978
52277;978
52278;978
52279;978
52280;978
52281;978
52282;978
52283;978
52284;978
52285;978
52286;978
52287;978
52288;978
52289;28
52299;732
52300;732
52301;732
52302;732
52303;732
52304;732
52305;675
52305;732
52305;975
52305;985
52305;991
52306;675
52306;732
52306;975
52306;985
52306;991
52309;906
52310;906
52311;906
52312;906
52313;906
52314;906
52315;906
52316;906
52317;906
52318;906
52319;906
52320;906
52321;906
52322;906
52323;906
52324;906
52325;906
52326;906
52327;906
52328;906
52329;906
52330;906
52331;906
52332;906
52333;906
52334;906
52335;906
52336;906
52337;906
52338;906
52339;906
52340;906
52341;906
52342;906
52343;906
52344;906
52345;906
52346;761
52346;976
52347;761
52347;976
52348;641
52349;641
52350;641
52351;641
52352;641
52353;641
52354;641
52355;641
52356;641
52357;641
52358;641
52359;641
52360;641
52361;641
52362;641
52363;641
52364;641
52365;641
52366;906
52369;906
52370;906
52371;906
52372;906
52373;906
52374;906
52375;906
52376;906
52377;906
52378;906
52379;906
52380;906
52381;906
52382;906
52383;906
52384;906
52385;906
52386;906
52387;906
52388;906
52389;906
52390;906
52391;906
52392;642
52393;642
52394;642
52395;642
52396;642
52397;642
52398;642
52399;642
52400;642
52401;642
52402;642
52403;642
52404;642
52405;642
52406;642
52407;642
52408;642
52409;642
52410;642
52411;642
52412;642
52413;642
52414;642
52415;642
52416;642
52417;642
52418;642
52419;642
52420;642
52421;642
52422;642
52423;642
52424;642
52425;642
52426;642
52427;642
52428;642
52429;642
52430;642
52431;642
52432;642
52433;642
52436;642
52437;906
52438;906
52439;321
52439;675
52439;9
52439;962
52439;975
52439;983
52439;985
52439;987
52440;321
52440;675
52440;9
52440;962
52440;975
52440;983
52440;985
52440;987
52441;642
52442;642
52443;761
52443;978
52443;981
52444;761
52444;978
52444;981
52445;642
52446;642
52447;906
52448;906
52449;906
52450;906
52451;641
52452;641
52453;641
52454;641
52455;641
52456;641
52457;641
52458;641
52459;641
52460;732
52461;732
52462;906
52463;906
52464;906
52465;906
52466;732
52467;732
52468;761
52469;761
52472;976
52473;976
52474;976
52475;976
52476;976
52477;976
52478;976
52479;976
52480;976
52481;976
52482;976
52483;976
52484;976
52485;976
52486;976
52487;976
52488;976
52489;976
52490;976
52502;975
52503;975
52504;906
52505;906
52508;311
52508;480
52508;481
52508;486
52509;641
52510;641
52511;732
52512;732
52513;732
52514;732
52515;642
52516;642
52517;732
52518;732
52519;977
52520;977
52521;976
52522;976
52523;976
52524;976
52525;976
52526;976
52527;976
52528;976
52529;976
52530;976
52531;976
52532;976
52535;976
52536;976
52537;481
52538;481
52539;481
52540;481
52541;481
52542;481
52543;481
52544;481
52545;481
52546;481
52547;481
52548;481
52549;481
52550;481
52551;481
52552;481
52553;481
52554;481
52555;481
52556;481
52557;481
52558;481
52559;976
52560;976
52561;976
52562;976
52563;976
52564;976
52565;976
52566;976
52567;976
52568;976
52569;976
52570;976
52571;976
52572;976
52573;976
52574;976
52575;976
52576;976
52577;976
52578;640
52579;481
52580;642
52581;642
52582;976
52583;976
52584;976
52585;976
52586;976
52587;976
52588;761
52588;976
52589;761
52589;976
52590;641
52591;641
52592;481
52593;481
52594;978
52595;978
52596;737
52597;28
52598;28
52599;28
52600;28
52601;28
52602;28
52603;28
52604;24
52605;24
52606;24
52607;24
52608;24
52609;24
52610;24
52611;24
52612;24
52613;24
52614;24
52615;24
52616;24
52617;24
52618;991
52619;991
52620;976
52621;976
52622;991
52623;991
52624;737
52625;737
52626;480
52626;551
52626;969
52627;480
52627;551
52627;969
52628;732
52630;28
52631;28
52632;28
52634;28
52635;28
52636;28
52637;28
52638;28
52639;28
52640;737
52641;737
52642;733
52643;733
52646;640
52646;642
52647;640
52647;642
52648;737
52649;737
52650;734
52651;734
52652;734
52653;977
52654;977
52655;28
52656;28
52657;28
52658;28
52659;28
52660;28
52661;28
52662;28
52663;28
52664;991
52665;991
