stop_id;stop_name;latitude;longitude;has_valid_coordinate
10005;Bahribaba;38.4152683626015;27.1276395272209;1
10007;Bahribaba;38.415144105211;27.1277200912719;1
10008;Bahribaba;38.4151871958719;27.1275666433932;1
10009;Bahribaba;38.415056;27.127667;1
10010;Bahribaba;38.4151;27.1275;1
10011;Bahribaba;38.415025;27.127564;1
10012;Bahribaba;38.415174494138;27.1272489250589;1
10013;Bahribaba;38.415048;27.127411;1
10014;Bahribaba;38.41497;27.127469;1
10015;Bahribaba;38.4149;27.1273;1
10016;Bahribaba;38.4148;27.1276;1
10019;Bahribaba;38.4154695809215;27.1270495656879;1
10021;Bahribaba;38.4156035734003;27.1270134583032;1
10022;Bahribaba;38.4154863086942;27.1267884624464;1
10030;Konak;38.4162181137466;27.1263209374252;1
10033;Çileme Mezarlığı;38.1418733899347;27.1880985580459;1
10034;Çileme Mezarlığı;38.1416473875796;27.1883185562836;1
10036;Konak;38.416466;27.127236;1
10037;Konak;38.416633;27.126987;1
10038;Konak;38.415688;27.126432;1
10039;Konak;38.415883;27.126331;1
10040;Konak;38.416022;27.126181;1
10041;Konak;38.416121;27.126002;1
10056;Fatih;38.1402342164442;27.196591496071;1
10057;Fatih;38.1398063442101;27.1960785538632;1
10058;Karakuyu Yolu;38.146886;27.184758;1
10059;Karakuyu Yolu;38.146728;27.184888;1
10083;Çileme Tepe Sokak;38.147828;27.181829;1
10084;Çileme Tepe Sokak;38.14792;27.181749;1
10085;Çileme Yolu;38.1308;27.234432;1
10086;Çileme Yolu;38.13083;27.23435;1
10102;İskele;38.4199;27.1279;1
10103;Belediye Sarayı;38.4214;27.1297;1
10104;Sosyal Sigortalar Kurumu;38.4252;27.1324;1
10106;Dokuz Eylül Rektörlük;38.4305;27.1359;1
10107;Dokuz Eylül Rektörlük;38.4319;27.1375;1
10108;Alsancak Devlet Hastanesi;38.4343926068025;27.1417883261712;1
10109;Alsancak Devlet Hastanesi;38.4344011194949;27.1422907678495;1
10110;Talatpaşa;38.4355826148228;27.144567309316;1
10111;Talatpaşa;38.4353;27.1442;1
10112;Halit Ziya;38.4261022304167;27.1350187376018;1
10117;Hisarönü;38.4224;27.1323;1
10119;Kavaflar;38.4224;27.1365;1
10121;Çankaya;38.42242;27.13935;1
10123;Basmane Ptt;38.4224005849569;27.1415003678137;1
10124;Çardak 2;38.4239945470502;27.1388195260945;1
10126;Borsa;38.4245;27.1346;1
10128;Çardak;38.424081;27.140708;1
10130;Şehit Fethibey;38.4228272009637;27.1320369028685;1
10131;Şehit Fethibey;38.4233164939576;27.1322943160597;1
10132;Şehit Fethibey;38.4235780062796;27.1324494318251;1
10133;Şehit Fethibey;38.4238023328373;27.1325734003002;1
10134;Fahrettin Altay Meydan 7;38.3967724385104;27.0702587354732;1
10135;Fahrettin Altay Meydan 6;38.3966510738632;27.0715272814495;1
10136;Şehit Fethibey;38.4240130194208;27.1326931003482;1
10145;Kız Lisesi;38.4132;27.1222;1
10146;Kız Lisesi;38.4132;27.1223;1
10147;Karataş Anadolu Lisesi;38.4106410673222;27.1211217131073;1
10148;Karataş Anadolu Lisesi;38.4107836048619;27.1214647332791;1
10149;Asansör;38.4095;27.1167;1
10150;Göztepe Depo;38.3988404529498;27.0801103220003;1
10151;Yalı;38.4094;27.1122;1
10152;Güzelyalı;38.3980994549583;27.0833149655536;1
10153;Mektupçu;38.4086;27.1098;1
10154;Faik Bey;38.3976404596285;27.0872034573886;1
10155;Mithatpaşa Mesleki ve Teknik Anadolu Lisesi;38.4073148163672;27.1073854307918;1
10156;Göztepe;38.3986878388497;27.0908266422076;1
10157;Karantina;38.4072;27.1042;1
10158;Vali Konağı;38.4009904868149;27.0932136302581;1
10160;Sadık Bey;38.4028944778768;27.0965494696669;1
10161;Köprü;38.4059;27.1003;1
10162;Köprü;38.4054782175979;27.0995685235213;1
10163;Sadık Bey;38.4032004798885;27.0966006104183;1
10164;Karantina;38.4070354792479;27.1041271474191;1
10165;Vali Konağı;38.4009;27.093;1
10166;Mithatpaşa Mesleki ve Teknik Anadolu Lisesi;38.4073735032102;27.1077982643837;1
10167;Göztepe;38.3986;27.0904;1
10168;Mektupçu;38.4084675067032;27.1098015426355;1
10169;Faik Bey;38.3977;27.0868;1
10170;Yalı;38.4091920244623;27.1126560573347;1
10171;Güzelyalı;38.3981;27.0836;1
10172;Asansör;38.4093785963829;27.1169701615779;1
10173;Göztepe Depo;38.3989;27.0798;1
10175;Adnan Saygun Sanat Merkezi;38.3988194495171;27.0775847005085;1
10177;Hava Hastanesi;38.3982;27.0732;1
10178;Adnan Saygun Sanat Merkezi;38.3985694286634;27.0762896924932;1
10182;Fahrettin Altay Meydan 5;38.3976380498994;27.0711215287053;1
10199;Adnan Saygun Sanat Merkezi;38.399787;27.077479;1
10207;Çileme Akar;38.1513127272012;27.1793000637158;1
10208;Çileme Akar;38.1511374833056;27.1793631530279;1
10209;Çileme Manav;38.153665986441;27.1795060838566;1
10210;İzmir Mesleki ve Teknik Anadolu Lisesi;38.4270783004504;27.1358567618648;1
10211;Çankaya;38.42352;27.13756;1
10212;Çileme Manav;38.1539057421194;27.1795910880089;1
10213;Çankaya;38.4235;27.1375;1
10214;Çileme Sera;38.157386;27.179847;1
10215;Çankaya;38.4232;27.1375;1
10216;Çileme Sera;38.1575155202192;27.1797966892749;1
10217;Çileme Ekin;38.1674558251685;27.1797682504079;1
10218;Çileme Ekin;38.1672745752133;27.1799081623241;1
10219;Tekeli Çiftlik;38.1725218590086;27.1790563350754;1
10220;Tekeli Çiftlik;38.172141362802;27.1790822472846;1
10221;Tekeli Efe;38.1739286111468;27.1829113959395;1
10222;Tekeli Efe;38.1738041003596;27.1827633468651;1
10223;Tekeli Yörük;38.176267862992;27.1834362358635;1
10224;Mezarlıkbaşı;38.4207;27.1372;1
10225;Mezarlıkbaşı;38.421;27.1371;1
10226;Kestelli;38.415294;27.134829;1
10227;Mezarlıkbaşı;38.420898;27.136995;1
10228;Koruluk;38.412691;27.131779;1
10229;Mezarlıkbaşı;38.420604622397;27.1369463317768;1
10230;Tekeli Yörük;38.1759341078102;27.1834912756434;1
10231;Kestelli;38.4156;27.1348;1
10232;Dumlupınar;38.183725657335;27.1861599055712;1
10233;Koruluk;38.4125;27.1313;1
10234;Tekeli İstasyon;38.1816525145437;27.1851200805547;1
10235;Koruluk;38.4123;27.1309;1
10236;Tekeli Esinti;38.1862511706026;27.1832963956444;1
10240;Kız Yurdu;38.41322;27.127212;1
10241;Kız Yurdu;38.412928;27.127281;1
10242;Etnografya Müzesi;38.4146;27.1289;1
10243;Tekeli Esinti;38.1863769265852;27.183560442632;1
10244;Tekeli Tarım;38.188609191805;27.1800693662833;1
10245;Tekeli Tarım;38.1885425388615;27.180259325616;1
10246;Bayramyeri;38.4085;27.1267;1
10247;Bayramyeri;38.4088;27.1267;1
10248;Altıntaş;38.407;27.124;1
10251;Altıntaş;38.4073;27.1241;1
10252;Üçyol Metro;38.4057005200398;27.1213004996243;1
10254;İzmir Spor;38.40452;27.119113;1
10255;Üçyol Metro;38.4059;27.1209;1
10257;İzmir Spor;38.4049;27.1194;1
10259;Şoförler Lokali;38.402542;27.114324;1
10260;Develi Mezarlık;38.2029070509682;27.1712015488002;1
10262;Şoförler Lokali;38.4024;27.1144;1
10263;Develi Mezarlık;38.2026655987724;27.1713082927595;1
10264;Develi Üçyol;38.2063413756537;27.170453314414;1
10265;Develi Üçyol;38.2062330381879;27.1707173920096;1
10267;Develi Cami;38.2057538260586;27.1680379301806;1
10268;Develi Cami;38.2059722216211;27.1680909347547;1
10269;Develi;38.2036882132163;27.1646484546193;1
10270;Hakimevleri;38.4008;27.0989;1
10271;Hakimevleri;38.4012;27.0988;1
10272;Susuzdede;38.3984;27.0951;1
10273;Susuz Dede;38.3982;27.0948;1
10274;Amerikan Koleji;38.3951;27.0922;1
10275;Amerikan Koleji;38.3949;27.0912;1
10276;Uğur Mumcu Parkı;38.402798;27.116099;1
10278;Palamutarası Giriş;38.0876815900799;27.226358736839;1
10280;Hıfzıssıhha;38.3929;27.0862;1
10281;Denizmen;38.393777;27.080654;1
10282;Çeşme;38.4015;27.1095;1
10283;Göztepe Stadı;38.3951;27.0761;1
10285;Hatay Çeşme;38.4017008347737;27.1093991979303;1
10286;Nokta;38.4014;27.1054;1
10287;Nokta;38.4015;27.1049;1
10289;Hıfzıssıhha;38.393188;27.085855;1
10290;Denizmen;38.3936;27.0806;1
10291;Palamutarası Giriş;38.0875684114498;27.2264911941414;1
10292;Göztepe Stadı;38.3949;27.0759;1
10293;Atatürk Eğtim ve Araştırma Hastanesi Hatay Ek Binası;38.4034095040425;27.1132335386852;1
10295;Murat Reis Cami;38.4050665074728;27.1137555330044;1
10298;Üçyol Aktarma;38.404;27.1183;1
10300;Üçyol Aktarma;38.4039;27.1181;1
10304;Üçyol Aktarma;38.4037;27.1178;1
10306;Üçyol Aktarma;38.4035;27.1176;1
10308;Üçyol Aktarma;38.4033;27.1173;1
10310;Üçyol Aktarma;38.403164;27.11718;1
10312;Üçyol Aktarma;38.403375;27.117118;1
10321;Kent Müzesi;38.4248;27.1385;1
10322;Kent Müzesi;38.4262805864553;27.1395457199318;1
10323;Montrö;38.4286006196084;27.1417003806003;1
10324;Montrö;38.4292578981576;27.1416493393907;1
10327;Lozan;38.431;27.1426;1
10329;Hocazade Cami;38.4332;27.1444;1
10330;Montrö;38.4287551138671;27.1415429407465;1
10332;Lozan;38.4311493154962;27.1424658443941;1
10333;Tekel;38.4357;27.1468;1
10336;Hocazade Cami;38.4337;27.1444;1
10338;Tekel;38.4357;27.1464;1
10349;Mürsel Paşa;38.42403;27.14544;1
10350;Mürsel Paşa;38.4242;27.1455;1
10353;Kültürpark;38.4269505935683;27.1416703523392;1
10356;Basmane Gar;38.4223;27.1448;1
10357;Basmane Gar;38.4224;27.1455;1
10358;Kemer;38.4224272156794;27.1489176747798;1
10359;Kemer 1;38.4221;27.1503;1
10361;Kemer 2;38.422;27.1506;1
10363;Eşref Paşa Hastanesi;38.4232498109165;27.1615336762721;1
10364;Ziya Gökalp Ortaokulu;38.4233006292295;27.162700273705;1
10365;Ziya Gökalp Ortaokulu;38.4232519166063;27.1631165563475;1
10366;Tepecik Doğum Hastanesi;38.4240006380928;27.1662002563712;1
10367;Tepecik Doğum Hastanesi;38.4239006380788;27.1663002563048;1
10368;Yenişehir PTT;38.424802;27.16915;1
10369;Yenişehir PTT;38.42475;27.170082;1
10370;Halkapınar İZSU;38.4256006571802;27.1734002200277;1
10371;Halkapınar İZSU;38.4256006589238;27.1742002166466;1
10384;Çayırlı Bahçe;38.425881779462;27.1474849119918;1
10385;Çayırlı Bahçe;38.4260106040352;27.147710328969;1
10386;Dispanser;38.4277055368482;27.1494676209314;1
10387;Kahramanlar Dispanser;38.4275982672484;27.1496536664018;1
10388;Mimar Sinan;38.43033;27.14862;1
10389;Mimar Sinan;38.43037;27.1489;1
10390;26 Ağustos Kapısı;38.4311563476191;27.1455559090753;1
10391;26 Ağustos Kapısı;38.4311711891991;27.1458355647583;1
10413;Alsancak Gar;38.438424;27.147495;1
10415;Alsancak Gar;38.438517;27.147629;1
10418;Alsancak Gar;38.4397815694922;27.1480513997909;1
10421;Tariş;38.4402;27.1508;1
10423;Tariş;38.44027;27.1508;1
10424;Liman;38.4403006349078;27.1499002673318;1
10425;Liman;38.4405;27.1556;1
10426;Umur Bey;38.4402;27.1577;1
10428;Aydibi;38.4396;27.1601;1
10430;Yaşar Üniversitesi;38.4391;27.1621;1
10449;Basın;38.43794;27.154178;1
10451;Umurbey Depolar;38.4353226371887;27.1549542636237;1
10453;İzelman;38.432203;27.155908;1
10454;Halkapınar Metro;38.4335016652769;27.1690442084261;1
10455;Halkapınar Metro;38.4334702864138;27.1688127893262;1
10456;Halkapınar Metro;38.4334106648265;27.1689332092689;1
10457;Halkapınar Metro;38.4334076656422;27.1692932077086;1
10458;Halkapınar Metro;38.4332946640396;27.168698210751;1
10459;Halkapınar Metro;38.4331476646444;27.1691032095599;1
10460;Halkapınar Metro;38.4332536648128;27.1690762092615;1
10462;Halkapınar Metro;38.433149;27.169282;1
10463;Halkapınar Metro;38.432924;27.169364;1
10464;Halkapınar Metro;38.433038;27.169396;1
10465;Eski Sümerbank;38.436391;27.158815;1
10467;Milli Eğitim Lojmanları;38.434892;27.157821;1
10469;Halkapınar Metro;38.433093;27.169763;1
10470;Halkapınar Metro;38.432826;27.16962;1
10471;Halkapınar Metro;38.432766;27.169153;1
10473;Halkapınar Metro;38.433106;27.168841;1
10491;Halkapınar 2;38.4354796669041;27.1679092055719;1
10492;Halkapınar 2;38.435487714442;27.1680118167861;1
10493;Halkapınar 2;38.4354568910615;27.1681321131845;1
10494;Halkapınar 2;38.4354694304269;27.1682512908849;1
10496;Halkapınar 2;38.4354977625539;27.168419277662;1
10502;Fahrettin Altay Meydan 8;38.3963975866901;27.069755385092;1
10503;Mehmetçik;38.39565;27.069415;1
10504;Fahrettin Altay;38.3872;27.073;1
10505;Ordu Pazarı;38.3925;27.0714;1
10506;Mehmetçik;38.3952004363086;27.0697007397607;1
10507;İkinci Oyak Sitesi;38.3899;27.0716;1
10512;Ordu Pazarı;38.393052;27.070934;1
10514;İkinci Oyak Sitesi;38.3895684323217;27.0713317383911;1
10517;Demokrasi Üniversitesi;38.3926004366173;27.0723007312033;1
10518;Demokrasi Üniversitesi;38.3932159020534;27.072046176132;1
10519;Sadettin Tezcan Özel Eğitim Meslek Okulu;38.3904004359054;27.0738007269445;1
10520;Sadettin Tezcan Özel Eğitim Meslek Okulu;38.3904004355767;27.0735007282388;1
10521;Esentepe Aile Hekimliği;38.3902;27.0756;1
10522;Esentepe Aile Hekimliği;38.3903;27.0756;1
10523;Esentepe Kültür Merkezi;38.3887004363713;27.0760007191375;1
10524;Esentepe Kültür Merkezi;38.3889;27.0761;1
10525;Öğretmenler ve Şeker Mevhibe Ortaokulu;38.3875718641562;27.0774552579097;1
10526;Öğretmenler ve Şeker Mevhibe Ortaokulu;38.3876004367889;27.0776007133461;1
10527;Orkide;38.3861;27.0772;1
10528;Orkide;38.3862;27.0783;1
10529;Gelinler;38.3864;27.0752;1
10530;Gelinler;38.3862;27.0759;1
10531;Esentepe Basket Sahası;38.3881011452439;27.0739999928069;1
10532;Esentepe Basket Sahası;38.3874754395142;27.0742477057097;1
10533;Çocuk parkı;38.3893;27.0721;1
10534;Çocuk parkı;38.3891946184317;27.0722533624632;1
10543;Fevzi Çakmak;38.3908;27.0696;1
10544;Fevzi Çakmak;38.3907;27.0696;1
10545;Oyak Sitesi Son Durak;38.3917;27.0676;1
10554;Vasıf Çınar;38.4302163394397;27.1407603953991;1
10559;Küçük Park;38.3701;27.0847;1
10561;Meşale;38.362144;27.084768;1
10562;Meşale;38.3623;27.0844;1
10563;Olimpiyat Köyü Giriş;38.366584;27.082767;1
10564;Olimpiyat Köyü Giriş;38.3663;27.0829;1
10565;Olimpiyat Köyü Çarşı;38.3712;27.0821;1
10566;Olimpiyat Köyü Çarşı;38.3711;27.0818;1
10567;Atletizm;38.3712;27.0833;1
10568;Atletizm;38.3712;27.0836;1
10569;Olimpiyat Köy Havuzu;38.3698004208747;27.0866006874934;1
10570;Olimpiyat Köy Havuzu;38.3699004209483;27.0865006878554;1
10571;Olimpiyat Köyü;38.3715476642075;27.0873942044947;1
10574;Ülkü Sineması;38.4184;27.1578;1
10575;Ülkü Sineması;38.4186;27.1578;1
10576;Gürçeşme;38.4162;27.1592;1
10577;Gürçeşme;38.4166;27.1591;1
10578;Gürçeşme Cami;38.4141;27.1607;1
10579;Gürçeşme Cami;38.414;27.1608;1
10580;İsmet Paşa Sağlık Ocağı;38.41078;27.159625;1
10581;İsmet Paşa Sağlık Ocağı;38.410443;27.159612;1
10582;İğdeli Kahve;38.4078;27.1568;1
10583;İğdeli Kahve;38.4078281681461;27.1570703640515;1
10584;Yeni Cami;38.4065;27.1544;1
10585;Yeni Cami;38.4068455778494;27.1550533573453;1
10586;Gürçeşme Karakol;38.4048;27.1521;1
10597;Beyazevler Sağlık Ocağı;38.3422;27.1399;1
10598;Beyazevler Sağlık Ocağı;38.3422;27.1401;1
10605;Mevlüt Aysun Özer İlkokulu;38.340100390642;27.1421444973157;1
10606;Mevlüt Aysun Özer İlkokulu;38.340300391432;27.1426004959519;1
10611;Osman Öksüz Parkı;38.4041841326068;27.1226436746712;1
10612;Osman Öksüz Parkı;38.4036;27.1234;1
10613;Üçyol Sevgi Yolu Parkı;38.4049845201492;27.1221704975702;1
10615;İller Bankası;38.4002;27.1272;1
10616;İller Bankası;38.40076;27.126867;1
10617;Elka;38.3978;27.1303;1
10618;Elka;38.3973;27.1315;1
10622;Ataköy Güven;38.089997071945;27.1807219473879;1
10623;Ataköy Güven;38.0898680741333;27.1801469438295;1
10625;Hasan Hüseyinler;38.392116;27.134438;1
10626;Hasan Hüseyinler;38.391845;27.134899;1
10628;Orcaner;38.386986;27.134977;1
10629;Orcaner;38.3868595021323;27.1344244842392;1
10630;Çitlenbik;38.3839;27.1351;1
10631;Çitlenbik;38.38229;27.134537;1
10632;Kaymakkuyu;38.3801914880761;27.1350074927496;1
10633;Kaymakkuyu;38.37826;27.134584;1
10634;Karabağlar Cumhuriyet Anadolu Lisesi;38.3762504791536;27.1350874979837;1
10635;Karabağlar Cumhuriyet Anadolu Lisesi;38.3733374720569;27.1347935027423;1
10636;Söğüt;38.3718;27.1356;1
10637;Kızılcık;38.3701;27.1356;1
10638;Kızılcık;38.369984;27.136067;1
10639;Paşa Köprüsü;38.367506;27.136315;1
10640;Paşa Köprüsü;38.3677794606275;27.1366665021718;1
10641;Karabağlar;38.3641584520837;27.1371085040153;1
10642;Karabağlar;38.3641114523702;27.1375615024853;1
10644;TRT;38.2543979628482;27.2578632288475;1
10645;TRT;38.2539999601629;27.2579022282073;1
10646;Selçuk Şehit Erol Olçok Anadolu Lisesi;37.9453054865283;27.3673040244104;1
10647;Selçuk Şehit Erol Olçok Anadolu Lisesi;37.9452190373149;27.3669527171122;1
10648;Torbalı Devlet Hastanesi;38.176774;27.358171;1
10649;Torbalı Devlet Hastanesi;38.176407;27.358611;1
10651;Sinem;38.3596;27.1363;1
10652;Sinem;38.3603;27.1371;1
10653;Gaziemir Semt Garajı;38.3570434322381;27.1347895169081;1
10654;Gaziemir Semt Garajı;38.3573027382889;27.1356215135284;1
10655;Emrez;38.3555;27.134;1
10656;Aktepe;38.3526;27.134;1
10657;Aktepe;38.3518;27.1334;1
10659;Altıncı Sanayi Kavşağı;38.3408;27.1331;1
10660;Ege Serbest Bölge;38.3372003790339;27.1340005213481;1
10661;Ege Serbest Bölge;38.3357233748464;27.1337755214688;1
10662;Leylak;38.3331;27.1348;1
10663;Leylak;38.3309;27.1352;1
10664;Ulaştırma;38.3297069277801;27.1359178766857;1
10665;Ulaştırma;38.3282;27.136;1
10666;Askeri Lojmanlar;38.3237;27.1371;1
10667;Gaziemir Alt Geçidi;38.3247;27.1366;1
10668;Kolej;38.3209003324454;27.13790049916;1
10669;Kolej;38.3209003324245;27.1376004999723;1
10670;Gaziemir İlçe Emniyet;38.3169;27.1406;1
10671;Gaziemir İlçe Emniyet;38.3167;27.1404;1
10672;Sarnıç Alt Geçidi;38.3128003069398;27.1426004775462;1
10673;Sarnıç Alt Geçidi;38.3113944930973;27.1421253867396;1
10674;Emlak Bankası Evleri;38.3087;27.1426;1
10675;Emlak Bankası Evleri;38.309092;27.142331;1
10676;Seçkinler Sitesi;38.3061;27.1418;1
10677;Seçkinler Sitesi;38.3061;27.1415;1
10678;Gaziemir Aktarma Merkezi;38.3572635095458;27.1355617015984;1
10679;Akçay;38.310871;27.142586;1
10681;Tarım Kooperatifi;37.963707;27.37308;1
10682;Tarım Kooperatifi;37.96348;27.373373;1
10685;Ürkmez Kumsal;38.0773256543153;26.9399799075885;1
10686;Ürkmez Kumsal;38.0770971585809;26.940125537737;1
10687;Havalimanı;38.2953711136189;27.1403641747395;1
10689;Egeay;38.0676178520438;27.4242959443097;1
10690;Egeay;38.068226002953;27.4252546122246;1
10691;Şehit Jandarma Uzman Çavuş Hüseyin Tosun;38.228769;27.268161;1
10692;Şehit Jandarma Uzman Çavuş Hüseyin Tosun;38.228302;27.267604;1
10693;Gümüşsuyu Orman Kampı;38.0778859671418;26.9752697389722;1
10694;Gümüşsuyu Orman Kampı;38.077566;26.975715;1
10695;Görece Fidanlık;38.273866;27.132956;1
10700;Zeytinlik;38.270374;27.133213;1
10701;Dokuz Eylül;38.26473;27.132012;1
10703;Menderes sanayi;38.24781416561;27.1336136024526;1
10704;Dokuz Eylül;38.264704;27.132348;1
10705;Ahmet Necdet Sezer;38.2807;27.1335;1
10706;Ahmet Necdet Sezer;38.28234;27.134183;1
10707;Kışlalı;38.29;27.1377;1
10708;Kışlalı;38.290125;27.137942;1
10709;Boncuk;38.28637;27.136094;1
10710;Boncuk;38.2861;27.1364;1
10711;Menderes Park;38.260475;27.130151;1
10712;Menderes Park;38.261;27.1303;1
10713;Menderes Anadolu Lisesi;38.2589001288729;27.1303003556631;1
10714;Menderes Anadolu Lisesi;38.2583072100165;27.1305608252013;1
10715;Menderes Sağlık Ocağı;38.2569;27.1307;1
10716;Kereste Fabrikası;38.094205;27.406394;1
10717;Sümerbank;38.2544;27.1308;1
10718;Sümerbank;38.2546;27.1309;1
10719;Menderes Belediyesi;38.2521;27.1325;1
10720;Menderes Belediyesi;38.251729;27.134173;1
10721;Menderes Ziraat Odası;38.249563;27.132929;1
10722;Cüneytbey Cami;38.25000009066;27.1340003109437;1
10725;Kereste Fabrikası;38.093574;27.406054;1
10726;Menderes Sanayi;38.2477251645045;27.1337566012356;1
10727;Kolej;38.111266;27.410312;1
10728;Kolej;38.111599;27.410557;1
10729;Çırpı Konutlar;38.1728;27.4959;1
10730;Çırpı Konutlar;38.173;27.4959;1
10731;Görece Çıkış;38.2877852259425;27.1357724443328;1
10732;Görece Çıkış;38.2874922253195;27.1351554448516;1
10733;Fevzi Çakmak;38.28887;27.13416;1
10734;Fevzi Çakmak;38.28887;27.13404;1
10735;Görece Muhtarlık;38.29049;27.13274;1
10736;Görece Muhtarlık;38.290083;27.132387;1
10737;Görece Trafo;38.29121;27.13;1
10738;Görece Trafo;38.29116;27.12996;1
10739;Görece Alışveriş Merkezi;38.28995;27.12754;1
10740;Görece Alışveriş Merkezi;38.28984;27.12721;1
10741;Görece Cami;38.28798;27.1255;1
10742;Görece Cami;38.287749;27.125579;1
10743;Görece Sağlık Ocağı;38.286449;27.122682;1
10744;Görece Sağlık Ocağı;38.286319;27.122869;1
10745;Görece Spor Salonu;38.28311;27.12219;1
10746;Görece Spor Salonu;38.28314;27.12231;1
10747;Görece Son Durak;38.27872;27.123941;1
10748;Görece Son Durak;38.278678;27.12395;1
10749;Develi Çıkış;38.199938;27.162943;1
10750;Develi Çıkış;38.200297;27.163001;1
10751;Tarım Ürünleri Deposu;38.017663;27.438791;1
10752;Tarım Ürünleri Deposu;38.01761;27.439206;1
10753;Altınordu Tesisleri;38.0485860618088;27.4379349775055;1
10754;Altınordu Tesisleri;38.048608;27.438298;1
10755;Görece Park;38.2775601985028;27.1259904338097;1
10756;Görece Park;38.2775402222022;27.1264692453008;1
10757;Görece Giriş;38.276473;27.129806;1
10758;Görece Giriş;38.27651;27.12999;1
10759;Çamlık;38.2801825267887;27.2000033636792;1
10762;Havalimanı;38.2948062470656;27.1413974491732;1
10775;Kısık Sanayi Estim;38.2790001531539;27.1953003214989;1
10776;Dizdarlar;38.2808;27.2083;1
10777;Dizdarlar;38.2801;27.2092;1
10779;Gişeler;38.2768;27.2156;1
10780;Ayçiçeği;38.2727110980867;27.2301732716549;1
10781;Barbaros;38.2502900964267;27.130700316801;1
10782;Barbaros;38.2502940968812;27.1303893172516;1
10783;Ayçiçeği;38.27195;27.231867;1
10784;Gişeler;38.2768001290784;27.2165002914028;1
10785;Soğutma Fabrikası;38.2809;27.2039;1
10786;Yeşilköy;38.269586;27.238007;1
10787;Yeşilköy;38.269338;27.237935;1
10788;Mersinli Kahve Cami;38.2659540986399;27.2429675048966;1
10789;Mersinli Kahve Cami;38.2661;27.2423;1
10791;Oğlananası;38.2633000314169;27.2450002474577;1
10792;Ayrancılar Gölet;38.2566999812974;27.2544002333941;1
10793;Ayrancılar Gölet;38.256431979672;27.2542672330181;1
10794;Türkmenköy Jandarma;38.2499990684172;27.2646821721624;1
10795;Türkmenköy Jandarma;38.2500417270388;27.2639986467982;1
10796;Üç Pınarlar;38.2478353168808;27.2676365197435;1
10797;Üç Pınarlar;38.2477230143541;27.2675013560352;1
10798;Emlakçılar;38.2459;27.2703;1
10799;Emlakçılar;38.2459858929199;27.2694982142353;1
10800;Egekent 4 Kavşak;38.2422;27.2736;1
10801;Egekent 4 Kavşak;38.242699865602;27.2728002090047;1
10802;Ayrancılar Mezarlık;38.2403;27.2759;1
10803;Ayrancılar Mezarlık;38.2395998387178;27.2763002043027;1
10804;Havuzlu;38.2363;27.2889;1
10806;Sekseninci Yıl Cumhuriyet Parkı;38.2385;27.2792;1
10807;Sekseninci Yıl Cumhuriyet Parkı;38.238;27.2804;1
10808;Ayrancılar Petrol Ofisi;38.2378;27.2831;1
10809;Ayrancılar Petrol Ofisi;38.237327;27.284178;1
10810;Tevfik Fikret;38.235;27.2909;1
10812;Bahçelievler;38.2338095466779;27.2926124032636;1
10813;Bahçelievler;38.2325;27.294;1
10814;Ayrancılar Un Fabrikası;38.2303997384484;27.2982001996466;1
10815;Ayrancılar Un Fabrikası;38.2300997361695;27.2981001990514;1
10816;Selviler;38.2281997143586;27.3025001993509;1
10817;Selviler;38.2277997106298;27.3028001989226;1
10818;Ventola;38.2266;27.3056;1
10819;Ventola;38.22666;27.305161;1
10820;Yazıbaşı;38.224;27.3111;1
10821;Yazıbaşı;38.2238;27.3109;1
10822;Aksan;38.2223;27.3144;1
10823;Aksan;38.222;27.3145;1
10824;Oğlananası;38.2631380300147;27.2454932469471;1
10825;Havuzlu;38.2353947893073;27.289931202756;1
10826;Namet;38.22;27.3191;1
10827;Namet;38.2194506136115;27.3195472025398;1
10828;Beşyol;38.2174605884829;27.3240772051513;1
10829;Beşyol;38.2167895808899;27.325012205321;1
10830;Kuşçuburun Karayolları;38.2159165691491;27.3273012071062;1
10831;Kuşçuburun Karayolları;38.2156505667039;27.327315206687;1
10832;Kuşcuburun Barbaros Ortaokulu;38.2151895600404;27.3287672080403;1
10833;Kuşcuburun Barbaros Ortaokulu.;38.2145995533842;27.3295002081554;1
10834;Yüksek Kahve;38.2142605483128;27.3306422093154;1
10835;Yüksek Kahve;38.2134;27.3315;1
10838;Beşevler Çeşme;38.209822;27.33533;1
10839;Beşevler Çeşme;38.2096574975963;27.3350582086182;1
10840;Reysaş;38.2046744432757;27.3387072060698;1
10841;Reysaş;38.2057414556496;27.3376002060278;1
10842;Camel;38.1937;27.3458;1
10843;Camel;38.1938;27.3455;1
10844;Temel;38.1912;27.3476;1
10845;Temel;38.191;27.3474;1
10846;Çapak Yolu;38.1877552468106;27.3516871983363;1
10847;Çapak Yolu;38.1875;27.3514;1
10848;Çetineller Otel;38.1853;27.3529;1
10849;Çetineller Otel;38.18537;27.35248;1
10852;Torbalı Ticaret Odası;38.1797411549956;27.3550201868406;1
10853;Torbalı Ticaret Odası;38.1794151518319;27.3549131856656;1
10860;Torbalı Garajı;38.1464;27.3668;1
10862;Elif;38.1514;27.3664;1
10864;Torbalı Galeri;38.1485;27.3669;1
10865;Otel;38.1430227104638;27.3671621002148;1
10866;Torbalı Garajı;38.14638;27.366503;1
10867;Şehit Uzman Çavuş Mehmet Onur Özbent;38.1372;27.3704;1
10868;Otel;38.1418;27.3681;1
10869;Çaybaşı Lambalar;38.133089554263;27.3773440997419;1
10870;Yemişlik;38.139721;27.369404;1
10871;Çaybaşı Mermerci;38.1324;27.3788;1
10872;Şehit Uzman Çavuş Mehmet Onur Özbent;38.137152;27.370745;1
10873;Sepici;38.129374476944;27.3853801198552;1
10874;Çaybaşı Lambalar;38.1341003482767;27.3753537274864;1
10875;Bölge Trafik;38.127590438851;27.3893091305379;1
10876;Çaybaşı Mermerci;38.1329;27.3786;1
10877;Şahtaş;38.1238865944156;27.3973892833288;1
10878;Sepici;38.129556;27.385485;1
10879;Doğanay;38.121198299432;27.4032001716851;1
10880;Bölge Trafik;38.1278984431701;27.3892001313814;1
10881;Pamukyazı Tamsa Seramik Fabrikası A.Ş. İlkokulu;38.1203942817263;27.4048901769808;1
10882;Şahtaş;38.1243072251274;27.3968085578829;1
10883;Pamukyazı Merkez;38.1182152403551;27.4078111829282;1
10884;Doğanay;38.1217076689176;27.4024105065909;1
10886;Pamukyazı Tamsa Seramik Fabrikası A.Ş. İlkokulu;38.1200982739734;27.4058001804598;1
10887;Selçuk Kavşağı;38.1150761831731;27.411271187864;1
10888;Pamukyazı Merkez;38.1181635377958;27.4082491850378;1
10889;Fabrikalar;38.101859;27.408057;1
10891;Sağlık;38.0885298504357;27.4046880085668;1
10892;Selçuk Kavşağı;38.1150781823692;27.4114621889185;1
10893;Tulum;38.0795;27.4085;1
10894;Fabrikalar;38.10186;27.408245;1
10895;Şehit Yüzbaşı Cengiz Topel;38.0606445587294;27.4320479847787;1
10896;Sağlık;38.0885328483294;27.4050980111755;1
10897;Belevi Kavşak;38.020471;27.442161;1
10898;Tulum;38.0798;27.408447;1
10899;Küçük Menderes Nehri;38.012344;27.435068;1
10900;Şehit Yüzbaşı Cengiz Topel;38.060652;27.433003;1
10901;Zeytin Köy;37.9598;27.3721;1
10902;Belevi Kavşak;38.020619;27.442276;1
10903;Yemişlik;38.139949;27.36883;1
10904;Küçük Menderes Nehri;38.0128;27.4357;1
10905;Ayrancılar Hastane;38.2408175911758;27.2746837065188;1
10906;Zeytin Köy;37.959824;27.372455;1
10907;Bayraktar;38.2182575988571;27.322108203841;1
10908;Bayraktar;38.2184726007365;27.3221312042298;1
10909;Tasiş Ambar;38.3018132715847;27.1391484684744;1
10915;Seferihisar Belediyesi Şantiye;38.065896;26.896019;1
10916;Seferihisar Belediyesi Şantiye;38.065621;26.895999;1
10917;Koruluk;38.2249;27.1365;1
10918;Koruluk;38.2249;27.1368;1
10922;Çamlık;38.0553;27.193;1
10923;Çamlık;38.0553;27.1929;1
10924;Çobankızı;38.0278;27.1879;1
10925;Çobankızı;38.0277;27.1877;1
10926;Kalabak;38.0798;27.1918;1
10927;Kalabak;38.0801;27.1914;1
10928;Çamönü Seralar;38.1257;27.1549;1
10929;Çamönü Seralar;38.1256;27.1548;1
10930;Çamönü Orman;38.1101;27.1579;1
10931;Çamönü Orman;38.1101;27.1578;1
10932;Menderes Nikah Sarayı;38.2458000874356;27.1254003022864;1
10933;Menderes Nikah Sarayı;38.2464000904073;27.1249003059735;1
10934;Güzel Çam;38.0843;27.1882;1
10935;Güzel Çam;38.084405;27.187789;1
10936;Şirince Yolu;37.953207;27.371347;1
10937;Şirince Yolu;37.953441;27.371128;1
10938;Selçuk Belediyesi;37.949875;27.369567;1
10939;Selçuk Belediyesi;37.949984;27.369355;1
10940;Belevi;38.016918;27.445757;1
10941;Selçuk Yeni Son Durağı;37.942080002386;27.3658609544964;1
10942;Menderes Çevre Yolu;38.2546;27.1253;1
10943;Seydiköy;38.2447;27.1259;1
10944;Seydiköy;38.244413;27.126648;1
10945;Şehit Piyade Uzman Çavuş Ayhan Elmacı;38.2429;27.129;1
10946;Şehit Piyade Uzman Çavuş Ayhan Elmacı;38.2431;27.1291;1
10947;Menderes Çevre Yolu;38.2543;27.1249;1
10948;Dereköy Yol Ayrımı;38.251485;27.125114;1
10949;Dereköy Yol Ayrımı;38.2521458176161;27.1248441951353;1
10950;Menderes Adliye Sarayı;38.260224;27.12599;1
10951;Menderes Adliye Sarayı;38.2614;27.127;1
10952;Dereköy Yolu;38.24932;27.1265;1
10953;Dereköy Yolu;38.24923;27.12657;1
10956;Ege;38.2379;27.1355;1
10957;Ege;38.2370650377277;27.1353312452788;1
10958;Altın;38.2314;27.1365;1
10959;Altın;38.2315;27.1362;1
10960;Şehit Polis Hüseyin Dalgılıç;38.2224;27.1372;1
10961;Şehit Polis Hüseyin Dalgılıç;38.2224;27.1368;1
10962;Ünal Soğuk Hava;38.2154;27.139;1
10963;Ünal Soğuk Hava;38.2152;27.1388;1
10964;Küner Yol Ayrımı;38.2109;27.1396;1
10965;Küner Yol Ayrımı;38.2117;27.1392;1
10966;Ova;38.21;27.1444;1
10967;Ova;38.2099;27.1443;1
10968;Develi Yolu;38.204356;27.157083;1
10969;Develi Yolu;38.203782;27.157742;1
10970;Sera Sokak;38.1834613405016;27.1655689176531;1
10971;Sera Sokak;38.1835;27.1653;1
10972;Çileme Yolu;38.1589116120786;27.1562416739962;1
10973;Çileme Yolu;38.1585;27.156;1
10974;Sancaklı Yol Ayrımı;38.1509385802887;27.152920593159;1
10975;Sancaklı Yol Ayrımı;38.1511375815982;27.1528635950756;1
10976;Değirmendere Yol Ayrımı;38.141238;27.150192;1
10977;Değirmendere Yol Ayrımı;38.1413;27.15;1
10978;İbrahim Fatih Cami;38.1324264667699;27.1551344012534;1
10979;İbrahim Fatih Cami;38.132;27.1548;1
10980;Çamönü Yolu;38.1066;27.1584;1
10981;Çamönü Yolu;38.1066;27.1583;1
10982;Çamönü;38.102229;27.16191;1
10983;Çamönü;38.1024;27.1612;1
10984;Ataköy Giriş;38.0974;27.1654;1
10985;Ataköy Giriş;38.0967;27.1658;1
10986;Ataköy Mina;38.093663;27.170137;1
10987;Ataköy Mina;38.093345;27.17035;1
10988;Ataköy Çıkış;38.0916;27.1754;1
10989;Ataköy Çıkış;38.0915;27.1753;1
10990;Köseoğlu;38.0874;27.1849;1
10991;Köseoğlu;38.0873;27.1848;1
10992;Çakaltepe Yolu;38.0758;27.1934;1
10993;Çakaltepe Yolu;38.0758;27.1932;1
10994;Çile Giriş;38.0496;27.1934;1
10995;Çile Giriş;38.0497;27.1933;1
10996;Çile Çıkış;38.0471;27.1937;1
10997;Çile Çıkış;38.046547;27.193637;1
10998;Ahmetbeyli Market;38.0256;27.188;1
10999;Ahmetbeyli Market;38.0254;27.1879;1
11000;Ahmetbeyli Cami;38.0235;27.1881;1
11001;Ahmetbeyli Cami;38.023716;27.187937;1
11002;Ahmetbeyli Çeşme;38.0212;27.1882;1
11003;Ahmetbeyli Çeşme;38.0209;27.1882;1
11004;Claros;38.0077;27.1885;1
11005;Claros;38.0077;27.1884;1
11006;Sahil Evleri;38.002504;27.189127;1
11007;Sahil Evleri;38.0022;27.1889;1
11008;Kuşadası Yol Ayrımı;37.9948;27.1888;1
11009;Kuşadası Yol Ayrımı;37.995603;27.188559;1
11010;Yalçındağ;37.988955;27.183207;1
11011;Yalçındağ;37.988895;27.18282;1
11012;Maydanoz;37.9904;27.1755;1
11013;Maydanoz;37.9913;27.1763;1
11014;Maydanoz Çıkış;37.9866;27.1744;1
11015;Maydanoz Çıkış;37.9863;27.1742;1
11016;Koru Sitesi;37.9896;27.1518;1
11017;Koru Sitesi;37.9898;27.1515;1
11018;Zindancık Trafo;37.9923;27.1364;1
11019;Zindancık Trafo;37.9923;27.1365;1
11020;Grand Efe;38.0103;27.111;1
11021;Karayel;37.991087;27.139072;1
11022;Güneş Sitesi;38.0163610980659;27.1021034040231;1
11023;Grand Efe;38.0104;27.111;1
11024;Kültür Çarşısı;38.0192;27.0985;1
11025;Sümbül;38.0155170872751;27.1029233896627;1
11026;Özdere Belediyesi;38.0211321746304;27.0951374761503;1
11027;Güneş Sitesi;38.0170581043836;27.1017804173164;1
11028;Tosun Çeşmesi;38.0217;27.0911;1
11029;Kültür Çarşısı;38.0194;27.0985;1
11030;Kalemlik;38.0246088236211;27.0855985287429;1
11031;Özdere Belediyesi;38.0209;27.0962;1
11032;Göksu;38.026;27.0834;1
11033;Tosun Çeşmesi;38.0218;27.0904;1
11034;On Dört Evler;38.0297763233882;27.0801666014107;1
11035;Kalemlik;38.0247;27.0861;1
11037;Göksu;38.0264;27.0832;1
11038;Havacılar Kampı;38.0341983913081;27.07322566974;1
11039;On Dört Evler;38.0296;27.0805;1
11040;Turizm Okulu;38.040699486913;27.0630977722005;1
11041;Merkez Bankası Tesisleri;38.0331010837573;27.075371685443;1
11042;İş Bankası Evleri;38.0427;27.0612;1
11043;Havacılar Kampı;38.0345603925193;27.0733016773509;1
11044;Demirer;38.0460735490015;27.0569158638054;1
11045;Turizm Okulu;38.0408;27.0631;1
11046;Karafırın;38.048;27.0543;1
11047;İş Bankası Evleri;38.042734587971;27.0614192831615;1
11048;Meryem Ana;38.0617598796109;27.0103620888931;1
11049;Demirer;38.0464385521134;27.056660870439;1
11050;Tıp Merkezi;38.0663;27.0052;1
11051;Karafırın;38.0481;27.0543;1
11052;Karayel;37.990982;27.138932;1
11053;Meryem  Ana;38.0626;27.0093;1
11054;Gümüldür Lisesi;38.0707;26.9997;1
11055;Tıp Merkezi;38.0663;27.0053;1
11056;DSİ Kamp;38.073499995818;26.9945983034759;1
11057;Bahçecik;38.067137;27.015267;1
11058;Göçmen Konutları;38.076;26.9887;1
11059;Gümüldür Lisesi;38.0705;27.0003;1
11060;Hacı Sadık Cami;38.0763;26.9867;1
11061;DSİ Kamp;38.0733209923474;26.9951783004348;1
11062;Orman Kampı;38.0768;26.982;1
11063;Göçmen Konutları;38.0762;26.9889;1
11064;Stad;38.0786;26.972;1
11065;Hacı Sadık Cami;38.0765;26.9858;1
11066;İZDER;38.0797;26.9672;1
11067;Orman Kampı;38.077;26.9821;1
11068;Ürkmez Belediyesi;38.0786;26.9615;1
11069;Stad;38.078800121694;26.9721983958073;1
11070;Ürkmez Sağlık Ocağı;38.0778;26.9563;1
11071;İZDER;38.0800001481813;26.9672984183692;1
11072;Begonya;38.077998668736;26.9524469804812;1
11073;Ürkmez Belediyesi;38.0788;26.961;1
11074;Pansiyon;38.0775;26.9421;1
11075;Ürkmez Sağlık Ocağı;38.078123;26.956531;1
11076;Ürkmez Jandarma;38.076428;26.936424;1
11077;Begonya;38.0782;26.9522;1
11078;Fırın;38.0757;26.9324;1
11079;Huzur Sitesi;38.0783002479846;26.9464983857396;1
11080;Payamlı Muhtarlık;38.0741271052351;26.9283213073866;1
11081;Pansiyon;38.0779002640856;26.9430983784702;1
11082;Yıldız;38.07273;26.924045;1
11083;Ürkmez Jandarma;38.0764713011796;26.9351603518568;1
11084;Ozanköy;38.071715;26.919898;1
11085;Fırın;38.075782;26.931805;1
11086;Sahilkent;38.068843;26.908298;1
11087;Payamlı Muhtarlık;38.0741;26.9278;1
11088;Ar Konutları;38.0672;26.9011;1
11089;Yıldız;38.073;26.9237;1
11090;Sakızağacı;38.063906;26.894035;1
11091;Ozanköy;38.0718;26.9191;1
11092;Doğanbey Çıkış;38.0607;26.8912;1
11093;Çiçek Tatil Sitesi;38.0698;26.9108;1
11094;Antik;38.0142;27.1874;1
11095;Ar Konutları;38.0672;26.9004;1
11096;Bahçecik;38.067257;27.015516;1
11097;Sakızağacı;38.0643;26.894;1
11098;Merkez Bankası Tesisleri;38.0329984317822;27.075296889995;1
11099;Doğanbey Çıkış;38.0606;26.8909;1
11100;Çiftlik;38.0586;27.1948;1
11101;Doğanbey;38.0591;26.8879;1
11102;Doğanbey;38.0589;26.8881;1
11103;Antik;38.014;27.1873;1
11104;Akçaalan;38.2182;27.1384;1
11105;Şaşal Köprü;38.198606;27.1337;1
11106;Kekliktepe;38.1682;27.1587;1
11107;Çiftlik;38.058471;27.19459;1
11108;Huzur Sitesi;38.0781051241746;26.9466579480455;1
11109;Baraj;38.174613;27.101116;1
11110;Şaşal Köprü;38.1986;27.1339;1
11111;Sarıçay;38.229;27.1363;1
11112;Ahmet Beyli Çiftlik;38.0332;27.1903;1
11113;Ahmet Beyli Çiftlik;38.0334;27.1903;1
11114;Baraj;38.1744838695016;27.1011867969422;1
11115;Kekliktepe;38.1682;27.1585;1
11116;Ataköy Çiftlik;38.099;27.164;1
11117;Ataköy Çiftlik;38.0994;27.1638;1
11118;Ovacık;38.0748;26.9922;1
11119;Ovacık;38.0749;26.9924;1
11120;Çiçek Tatil Sitesi;38.0697;26.9116;1
11121;Sahilkent;38.068878;26.907417;1
11122;Sarıçay;38.2292;27.1366;1
11123;Akçaalan;38.2179;27.1381;1
11124;Mahkeme Tepesi;38.0609;27.196;1
11125;Mahkeme Tepesi;38.06093;27.195776;1
11126;Zeytin;38.0522;27.193;1
11127;Zeytin;38.0516317122494;27.1930004421803;1
11128;Çağlayan;38.1887998622437;27.1235999243759;1
11129;Çağlayan;38.1886998623729;27.1233999235639;1
11130;Şaşal Market;38.180351;27.115555;1
11131;Şaşal Market;38.1805;27.1154;1
11132;Deli Ömerli;38.1666;27.0879;1
11133;Deli Ömerli;38.1666;27.0878;1
11134;Santral;38.1498;27.0781;1
11135;Santral;38.1498;27.0778;1
11136;Gümüldür Öğretmen Emine Yazlalı Ortaokulu;38.0799998912662;27.0178984453166;1
11137;Gümüldür Öğretmen Emine Yazlalı Ortaokulu;38.0800998931125;27.0175984468608;1
11138;Şaşal Çıkış;38.1778;27.1094;1
11139;Şaşal Çıkış;38.1779;27.1093;1
11140;Eşen Mahallesi;38.1724398769849;27.0962827771409;1
11141;Eşen Mahallesi;38.1725008782302;27.0959657777768;1
11142;Dedealtı;38.041;27.1942;1
11143;Dedealtı;38.0411;27.1941;1
11144;Badem Ağacı;38.0171984700119;27.1878978335055;1
11145;Badem Ağacı;38.0171984685088;27.1880978346115;1
11146;Çam;38.083;27.011;1
11147;Çam;38.0829;27.0109;1
11148;Mandalin;38.0767528967413;27.0150703826849;1
11149;Mandalin;38.077;27.0147;1
11150;Gümüldür Muhtar;38.075016;27.01758;1
11151;Gümüldür Muhtar;38.0754;27.0172;1
11152;Gümüldür Meydan 2;38.0736;27.0181;1
11153;Gümüldür Meydan 2;38.0733;27.0177;1
11154;Gümüldür Pazaryeri;38.0698998703716;27.0162982548136;1
11155;Gümüldür Pazaryeri;38.0699998712082;27.0161982566063;1
11156;Gümüldür Kavşak;38.0616508608082;27.0136520910196;1
11157;Gümüldür Kavşak;38.0614578619427;27.0133500867918;1
11158;Ahmetbeyli Jandarma;37.997409;27.188893;1
11159;Ahmetbeyli Jandarma;37.997086;27.188717;1
11160;Özdere Spor Salonu;37.995;27.1309;1
11161;Özdere Spor Salonu;37.9953;27.1307;1
11162;Özkent;38.014428;27.1032;1
11163;Güverte;38.0109;27.1077;1
11164;Güverte;38.0108;27.1071;1
11165;Ahmetbeyli Kahveler;38.0001;27.1888;1
11166;Değirmendere Giriş;38.141034;27.149827;1
11167;Değirmendere Giriş;38.140956;27.149584;1
11168;Atatürk;38.133687;27.147302;1
11169;Atatürk;38.133747;27.147208;1
11170;Doğa;38.128914;27.145276;1
11171;Doğa;38.12913;27.1453;1
11172;Aykaş;38.12318;27.14152;1
11173;Aykaş;38.12318;27.14143;1
11174;Değirmendere İlköğretim Okulu;38.11733;27.14222;1
11175;Değirmendere İl Öğretim Okulu;38.117191;27.141929;1
11176;Eski Bulgurca Yolu;38.138418;27.147644;1
11177;Değirmendere Son Durak;38.114132;27.139485;1
11178;Badem;38.131466;27.146566;1
11179;Eski Bulgurca Yolu;38.1382524350271;27.1475431451398;1
11180;Taş Villa;38.125503;27.142681;1
11181;Badem;38.131413;27.146413;1
11182;Sera;38.2036468306567;27.1621730328998;1
11183;Sera;38.2035398298145;27.1622960321976;1
11190;Tekeli Belediyesi;38.1873;27.1903;1
11191;Tekeli Belediyesi;38.18725;27.19036;1
11192;Tekeli Park;38.1868;27.1937;1
11193;Tekeli Park;38.187;27.1928;1
11194;Tekeli Sağlık Ocağı;38.1852;27.1962;1
11195;Tekeli Sağlık Ocağı;38.1852;27.1961;1
11196;İTOB;38.1828325986662;27.2044859156194;1
11197;İTOB;38.1826965972939;27.2046589148798;1
11198;Pancar Mezarlık;38.1895140393166;27.2265817504525;1
11199;Pancar Mezarlık;38.1894995809762;27.2265999803989;1
11200;Pancar Çıkış;38.1915;27.2297;1
11201;Pancar Çıkış;38.1914995862316;27.2297999951888;1
11202;Pancar Köprü;38.1937875884149;27.2326634675449;1
11203;Pancar Köprü;38.1935917948194;27.2327052477076;1
11204;Pancar Muzaffer Hanım İlkokulu;38.1960321145569;27.2344259514161;1
11205;Pancar Muzaffer Hanım İlkokulu;38.1960091060317;27.2345169690156;1
11206;Pancar Cami;38.1969;27.2352;1
11207;Pancar Cami;38.1972;27.2353;1
11208;Pancar Meydan;38.1982203674517;27.2357835895965;1
11209;Pancar Meydan;38.1981704510785;27.2357546733152;1
11210;Defne;38.199515;27.23917;1
11211;Defne;38.1997196183469;27.2398450482635;1
11212;Pancar Giriş;38.2007566211316;27.2417500550796;1
11213;Pancar Giriş;38.2008;27.2422;1
11214;Gurbet Tepe;38.2037346299234;27.2471020738624;1
11215;Gurbet Tepe;38.203788;27.24754;1
11216;Organize;38.2118596721234;27.2546741140362;1
11217;Organize;38.211183;27.254414;1
11218;Çiftlik;38.2143996860649;27.2569001252327;1
11219;Çiftlik;38.2138323332979;27.2566333572425;1
11220;Otoyol;38.217316;27.259565;1
11221;Otoyol;38.217346;27.259777;1
11222;Sanayi Sitesi;38.220614;27.26253;1
11223;Sanayi Sitesi;38.221224;27.262897;1
11224;Bahçeler;38.2269;27.2666;1
11225;Bahçeler;38.2268;27.2666;1
11226;Pancar Viraj;38.2305277805221;27.2702381824609;1
11227;Pancar Viraj;38.2300017753881;27.2710661815856;1
11228;Ayrancılar Çıkış;38.2353;27.277;1
11229;Ayrancılar Çıkış;38.2354;27.2771;1
11230;Yıldız;38.2375;27.2784;1
11231;Yıldız;38.2379;27.2786;1
11232;Kırkpınar;38.2072;27.1512;1
11233;Kırkpınar;38.2071;27.151;1
11234;Marangoz;38.1216;27.1414;1
11235;Taş Villa;38.12608;27.14283;1
11236;Menekşe;38.115759434863;27.1408081778933;1
11237;Marangoz;38.12148;27.14126;1
11238;Değirmendere Son Durak;38.114248;27.139627;1
11239;Menekşe;38.115726435215;27.140692177254;1
11240;Özdere Aile Sağlığı Merkezi;38.0228301368099;27.0883090135512;1
11241;Özdere Aile Sağlığı Merkezi;38.023467280397;27.0879952891944;1
11242;23.Nis;38.114013;27.141472;1
11243;23.Nis;38.113953;27.141405;1
11247;Kınalıtaş;38.0363;27.1931;1
11248;Kınalıtaş;38.0361445875292;27.193074192427;1
11249;Özkent;38.0139;27.1035;1
11250;Menderes Sağlık Ocağı;38.2571;27.1308;1
11251;Dumlupınar;38.1838776583562;27.1861179066227;1
11252;Menderes İnönü;38.256000115787;27.1322003403511;1
11253;Menderes İnönü;38.25590011593;27.1318003405136;1
11254;Menderes Stadyum;38.2555;27.1362;1
11255;Menderes Stadyum;38.2553;27.1367;1
11256;Helvacı;38.247996;27.135314;1
11257;Helvacı;38.248063;27.135481;1
11258;Menderes Pazar Yeri;38.2555805255046;27.1390459197167;1
11259;Menderes Pazar Yeri;38.2555838423903;27.139622265318;1
11260;Gölcükler  Adnan Ocay Ortaokulu;38.2590191960488;27.1440882809575;1
11261;Gölcükler Adnan Ocay Ortaokulu;38.2591031124092;27.1445193351642;1
11262;Doğan;38.250877;27.135819;1
11263;Doğan;38.2508;27.13587;1
11264;Gölcükler Sera;38.261306;27.14687;1
11265;Gölcükler Sera;38.26131;27.14759;1
11266;Amber;38.2624;27.1562;1
11267;Amber;38.2623;27.1563;1
11268;Gençlik Parkı;38.254054;27.136953;1
11269;Gençlik Parkı;38.253993;27.137007;1
11270;Oğlananası Yol Ayrımı;38.261528;27.152266;1
11271;Oğlananası Yol Ayrımı;38.2615;27.1519;1
11280;Oğlananası Mezarlık;38.2417;27.2181;1
11281;Oğlananası Mezarlık;38.2416;27.2178;1
11282;Oğlananası Karaselvi;38.241659;27.222209;1
11283;Oğlananası Karaselvi;38.241587;27.221952;1
11284;Oğlananası Yeni Cami;38.2405;27.2243;1
11285;Oğlananası Yeni Cami;38.240434;27.22361;1
11286;Oğlananası İlkokulu;38.2385999019453;27.2253001977432;1
11287;Oğlananası İlkokulu;38.238978905745;27.2242801991105;1
11288;Küçük Köprü;38.2373;27.2272;1
11289;Küçük Köprü;38.2375;27.2269;1
11290;Oğlananası Üçyol;38.2362;27.2283;1
11291;Oğlananası Üçyol;38.236;27.2283;1
11294;Karakoç Çayı;38.0704;26.914;1
11298;Kargacık Koyu;37.9851;27.1711;1
11299;Kargacık Koyu;37.9851;27.1713;1
11301;Develi;38.203748;27.1644;1
11302;Yeni Bulgurca Giriş;38.2159;27.2289;1
11303;Yeni Bulgurca Giriş;38.2159;27.2286;1
11304;Yeni Bulgurca Cami;38.214;27.2295;1
11305;Yeni Bulgurca Cami;38.2139;27.2293;1
11306;Bahçeli;38.2041;27.2333;1
11307;Yeni Bulgurca Son Durağı;38.211368;27.23026;1
11308;Yeni Bulgurca Son Durağı;38.2119;27.2302;1
11309;Bahçeli;38.2042;27.2332;1
11310;Gürsel;38.2007;27.2346;1
11311;Gürsel;38.2008;27.2345;1
11313;Ege Koop. İş Merkezi;38.244269;27.27302;1
11314;Egekent 4 Giriş;38.2442;27.27275;1
11316;Egekent 4 2 Nolu Sağlık Ocağı;38.244965;27.274503;1
11317;Egekent 4 Tepe;38.2461958862503;27.2768252154408;1
11318;Çiftlik;38.2069;27.2324;1
11319;Egekent 4;38.24626;27.27519;1
11320;Egekent 4 Tepe;38.24623;27.27675;1
11321;Çiftlik;38.2067;27.2324;1
11322;Zeytinlik;38.2095;27.2311;1
11323;Zeytinlik;38.2094;27.2311;1
11324;Mezarlık;38.2231;27.2251;1
11325;Mezarlık;38.223;27.225;1
11326;Ayrancılar İlkokulu;38.2388748271376;27.2811982046933;1
11327;Ayrancılar İlkokulu;38.2393838306886;27.2814032056518;1
11328;Ahmetbeyli Kahveler;38.0002;27.189;1
11330;İnci;38.241286;27.281873;1
11331;İnci;38.241414;27.281991;1
11332;Karakoç Çayı;38.070334;26.913064;1
11334;Fevzi Çakmak;38.244025;27.282744;1
11335;Fevzi Çakmak;38.2437668617718;27.2827642130682;1
11338;Bulgurca Yolu;38.2317998602922;27.2252001751036;1
11339;Bulgurca Yolu;38.2318998610751;27.2251001754538;1
11345;Plastik Fabrikası;38.2244;27.2648;1
11346;Plastik Fabrikası;38.2242;27.2644;1
11348;Türkmen Köy Girişi;38.2504;27.2633;1
11350;Türkmen Köy Muhtarlık;38.2489;27.2617;1
11352;Sultan Abdülhamit İlkokulu;38.247617700144;27.2608410846515;1
11354;Çakarlar;38.2461139031025;27.2613982140802;1
11355;Çakarlar;38.2460469029586;27.261126213951;1
11358;Türk Telekom Mesleki ve Teknik Anadolu Lisesi;38.2429076228983;27.2637930222059;1
11359;Türk Telekom Mesleki ve Teknik Anadolu Lisesi;38.2428308777164;27.2636202078209;1
11362;Kamelya;38.2317;27.2741;1
11363;Kamelya;38.232;27.2745;1
11364;Fesleğen;38.233155;27.275409;1
11365;Fesleğen;38.2337;27.2758;1
11367;Egekent 4 Işık;38.243114;27.275576;1
11368;DEÜ Torbalı Meslek Yüksekokulu;38.1820793159974;27.3633121815576;1
11369;Egekent 4 Mavi;38.2451;27.2765;1
11370;Asfalt;38.22458;27.31199;1
11371;Asfalt;38.22405;27.31185;1
11372;Yazıbaşı Tekel;38.2272566904376;27.3135902081173;1
11373;Yazıbaşı Tekel;38.2272266900369;27.3136912081736;1
11374;Yazıbaşı Tariş;38.23008;27.31525;1
11375;Yazıbaşı Tariş;38.23001;27.31532;1
11376;Balkan;38.23198;27.31638;1
11377;Balkan;38.23145;27.31615;1
11378;Yazıbaşı Sağlık Ocağı;38.23461;27.31799;1
11379;Yazıbaşı Sağlık Ocağı;38.23435;27.31783;1
11380;Şehit Çağatay Necati Dinç İlkokulu;38.2362641345603;27.3186494172715;1
11381;Şehit Çağatay Necati Dinç İlkokulu;38.2363635923519;27.3187300852072;1
11382;Merkez Cami;38.23795;27.31913;1
11383;Merkez Cami;38.237868;27.319192;1
11384;Yazıbaşı Merkez;38.24;27.31915;1
11385;Yazıbaşı Merkez;38.24008;27.31921;1
11386;Üçgöz;38.2423298058113;27.319482119467;1
11387;Uluğbey İlkokulu;38.2433198196344;27.3191202286111;1
11388;Uluğbey İlkokulu;38.2432578192159;27.3190172285143;1
11389;Yazıbaşı Son Durak;38.24521;27.31824;1
11390;Oğlananası Giriş;38.263385;27.24445;1
11391;Üçgöz;38.2425998133092;27.3194002283847;1
11392;Kamp;38.0780498123913;26.9501361296016;1
11393;Kamp;38.0783110559068;26.9501033170771;1
11394;Tekeli İstasyon Yolu;38.186099;27.187071;1
11395;Tekeli İstasyon Yolu;38.185992;27.187151;1
11396;Ortaköy Kavşak;38.2147;27.3696;1
11397;Ortaköy Kavşak;38.2146;27.3695;1
11398;Torbalı Sanayi;38.1848;27.3541;1
11399;Torbalı Sanayi;38.1844;27.3541;1
11400;Torbalı Sanayi Çıkışı;38.1871;27.356;1
11401;Opel;38.1917;27.36;1
11402;Opel;38.1914;27.3595;1
11403;Tütün Fabrikası;38.192987;27.361173;1
11404;Tütün Fabrikası;38.193114;27.360879;1
11405;Mimteks;38.200288;27.365392;1
11406;Mimteks;38.200385;27.364943;1
11407;İl Özel İdare Asfalt Şantiye;38.2055;27.3666;1
11408;İl Özel İdare Asfalt Şantiye;38.2055;27.3665;1
11409;Ortaköy;38.2124;27.3684;1
11410;Ortaköy;38.2124;27.3683;1
11411;Torbalı Sanayi Çıkışı;38.1874;27.3564;1
11412;Çamlıca Kavşağı;38.216029;27.375585;1
11413;Çamlıca Kavşağı;38.2157;27.3757;1
11414;Zümrüt;38.217404;27.376029;1
11415;Zümrüt;38.217514;27.376197;1
11418;Punteks;38.2207;27.3772;1
11419;Punteks;38.220331;27.377177;1
11420;Palmiye;38.2253;27.3781;1
11421;Palmiye;38.2253;27.3782;1
11422;Verde;38.2291;27.3787;1
11423;Verde;38.22948;27.378951;1
11424;Kocatepe Zeytinlik;38.235;27.3814;1
11425;Kocatepe Zeytinlik;38.235;27.3816;1
11426;Karakuyu Mezarlık;38.2387862870729;27.38240050147;1
11427;Karakuyu Mezarlık;38.2377997116731;27.3824002908272;1
11428;Karakuyu Spor Tesisleri;38.2415;27.3838;1
11429;Karakuyu Spor Tesisleri;38.2414;27.384;1
11430;Karakuyu Gülfidan;38.2405;27.3878;1
11431;Karakuyu Gülfidan;38.2404;27.3878;1
11432;Karakuyu Pazar Yeri;38.2401212022697;27.3890943670816;1
11433;Karakuyu Pazar Yeri;38.2401;27.3891;1
11434;Karakuyu Meydan;38.2406426962148;27.390139744476;1
11435;Karakuyu Meydan;38.240732;27.390407;1
11436;Hacı Tahsin Irmak İlkokulu;38.2396997246902;27.391200300404;1
11437;Hacı Tahsin Irmak İlkokulu;38.2396884306738;27.3911561157735;1
11438;Bardakçılar;38.2391;27.3921;1
11439;Bardakçılar;38.239;27.3921;1
11440;Karakuyu Cami;38.2381969193564;27.3947785328539;1
11441;Karakuyu Cami;38.238198148263;27.394838377844;1
11442;Asmalı;38.2373240324318;27.3949454776457;1
11443;Asmalı;38.2373;27.3949;1
11444;Karakuyu Son Durak;38.236;27.3948;1
11445;Karakuyu Son Durak;38.2359;27.3947;1
11446;Oğlananası Zafer;38.240117;27.221339;1
11447;Oğlananası Zafer;38.240239;27.220843;1
11448;Oğlananası Sevgi;38.243064;27.225284;1
11449;Oğlananası Sevgi;38.243171;27.225585;1
11450;Oğlananası Köprü;38.245075;27.227875;1
11451;Oğlananası Köprü;38.245364;27.228147;1
11452;Oğlananası Zeytinlik;38.251534;27.230468;1
11453;Oğlananası Zeytinlik;38.251185;27.230537;1
11454;Meteroloji;38.256011;27.234042;1
11455;Meteroloji;38.255524;27.233546;1
11456;Çoban;38.260479;27.239816;1
11457;Çoban;38.260339;27.23982;1
11458;Torbalı Siteler;38.1826;27.3527;1
11459;Torbalı Siteler;38.182959;27.352553;1
11460;Torbalı Piri Reis Mesleki ve Teknik Anadolu Lisesi;38.1799880989342;27.3524133669101;1
11461;Torbalı Piri Reis Mesleki ve Teknik Anadolu Lisesi;38.1808028435702;27.3522684923466;1
11462;Çetineller Ortaokulu;38.1779991448182;27.351900173346;1
11463;Çetineller Ortaokulu;38.177799142984;27.3518001724918;1
11464;1 Nolu Sağlık Ocağı;38.176039;27.350993;1
11465;1 Nolu Sağlık Ocağı;38.175854;27.350764;1
11466;Torbalı Cami;38.1731228990848;27.3498257691405;1
11467;Torbalı Cami;38.1737;27.35;1
11470;Kasap;38.172;27.3489;1
11471;Kasap;38.172259;27.349012;1
11474;Haluk Alpsu Bulvarı;38.1685290562138;27.3479301316733;1
11475;Haluk Alpsu Bulvarı;38.1681;27.348;1
11476;Fidan;38.167;27.3489;1
11477;Fidan;38.1668;27.3488;1
11478;Pınar;38.1654440179068;27.3497991264857;1
11479;Pınar;38.165;27.35;1
11480;Anaokulu;38.1626969831843;27.3515241219591;1
11481;Anaokulu;38.1621;27.3518;1
11482;Halk;38.1610131135214;27.3526500000114;1
11483;Halk;38.1609205624796;27.3524504097464;1
11484;Barış Sitesi;38.159;27.3539;1
11485;Barış Sitesi;38.1587;27.3539;1
11486;Sevgi Yolu;38.157;27.3552;1
11488;PTT 2;38.1549;27.3567;1
11489;Sevgi Yolu;38.15652;27.35527;1
11491;PTT 2;38.1547;27.3565;1
11492;Torbalı Askerlik Şubesi;38.1522;27.3583;1
11495;Torbalı Askerlik Şubesi;38.1521;27.3581;1
11504;Torbalı Anadolu İmam Hatip Lisesi;38.1444987331893;27.3656001002753;1
11506;Tepeköy Aktarma;38.147483;27.361515;1
11507;Torbalı Anadolu İmam Hatip Lisesi;38.1444987324715;27.3658001010698;1
11509;Oğlananası Giriş;38.263107;27.244207;1
11510;Tepeköy Aktarma;38.147784;27.361525;1
11511;Torbalı Aktarma;38.1686900599159;27.3472471301734;1
11513;Torbalı Aktarma;38.1687250609944;27.347005129567;1
11515;Torbalı Aktarma;38.168839944588;27.3473392386993;1
11516;Kuşçuburun Aktarma;38.208979;27.310053;1
11517;Pancar Pazaryeri;38.1955515983918;27.2360370235405;1
11518;Pancar Aktarma;38.198197;27.238876;1
11519;Kuşcuburun İp Fabrikası;38.221156;27.311619;1
11520;Kuşcuburun İp Fabrikası;38.221496;27.311449;1
11521;Kuşçuburun Depolar;38.21842;27.31038;1
11522;Kuşçuburun Depolar;38.21832;27.310149;1
11523;Torbalı Depolar;38.212833;27.311222;1
11524;Torbalı Depolar;38.212648;27.31137;1
11525;Yaren Dede;38.24113;27.385692;1
11526;Yaren Dede;38.241037;27.385635;1
11527;Süt Fabrikası;38.201993;27.244802;1
11528;Süt Fabrikası;38.2022;27.244803;1
11529;Şehit Komando Çavuş Sinan Hamza;38.219359858778;27.2269039056783;1
11530;Şehit Komando Çavuş Sinan Hamza;38.2195422278844;27.2269098250056;1
11531;Tepeköy İstasyon Yolu;38.1452751233802;27.3631553286443;1
11532;Tepeköy İstasyon Yolu;38.1456889134937;27.3626951036847;1
11533;Ayrancılar Barış;38.2448438721003;27.2806762141431;1
11534;Ayrancılar Barış;38.245283;27.280509;1
11535;Tekke Mezarlığı;38.1360110716036;27.1475606888692;1
11536;Tekke Mezarlığı;38.1358720671909;27.1477947774769;1
11537;Market;38.15505;27.35834;1
11538;Market;38.15522;27.35856;1
11539;Ertuğrul Cami;38.1553;27.3603;1
11540;Ertuğrul Cami;38.1553668752311;27.3601681237851;1
11545;Elif;38.151494;27.366101;1
11546;Torbalı Aktarma;38.169039808287;27.34722390864;1
11547;Torbalı Galeri;38.147882;27.366591;1
11548;Torbalı Aktarma;38.1688425130504;27.3472044304622;1
11549;Torbalı Aktarma;38.1688805966056;27.3470737699793;1
11550;Torbalı Aktarma;38.1690470642718;27.3470431308095;1
11551;Kazım Dirik;38.1546068628758;27.3613381250656;1
11552;Kazım Dirik;38.1551008681158;27.3614291272817;1
11553;Çarşı;38.1527884109107;27.3615040756045;1
11554;Çarşı;38.1527071594768;27.3616852844676;1
11557;Torbalı Belediyesi 2;38.1502;27.3616;1
11558;Şehit Uzman Onbaşı Mustafa Eser;38.1575008957688;27.3611791353859;1
11559;Şehit Uzman Onbaşı Mustafa Eser;38.1575648968553;27.3610631352145;1
11560;Doğanbey Muhtarlık;38.068054;26.904852;1
11561;Doğanbey Muhtarlık;38.0680413653672;26.9038735635831;1
11562;Karakuyu Birlik Sitesi;38.231522;27.379505;1
11563;Karakuyu Birlik Sitesi;38.23123;27.37958;1
11564;Torbalı Belediyesi;38.150066;27.361869;1
11571;Şehit Uzman Çavuş Harun Şenöz;38.1796891132711;27.3707275802325;1
11572;Şehit Uzman Çavuş Harun Şenöz;38.1794781092877;27.3705142767449;1
11573;Yedi Eylül Mahallesi Mezarlık;38.1757406195227;27.3701872697853;1
11574;Yedi Eylül Mahallesi Mezarlık;38.1756077243059;27.3699768792403;1
11578;Torbalı Tıp Merkezi;38.159556;27.356957;1
11579;Torbalı Tıp Merkezi;38.159622;27.356771;1
11590;Özensu;38.170752;27.354675;1
11591;Özensu;38.170657;27.354628;1
11594;Fulya;38.167835;27.356342;1
11595;Fulya;38.167818;27.35614;1
11596;Torbalı Anadolu Lisesi;38.1648349914366;27.3564001453812;1
11597;Torbalı Anadolu Lisesi;38.1650029937356;27.3562431454511;1
11600;Torbalı Diyaliz Merkezi;38.1626049666138;27.3565701381467;1
11601;Torbalı Diyaliz Merkezi;38.1622989637955;27.3564001364946;1
11602;Engelsiz Yaşam Parkı;38.157859;27.358385;1
11603;Engelsiz Yaşam Parkı;38.157734;27.35822;1
11604;Güvercin;38.139872;27.378746;1
11605;Çaybaşı Eshot Garajı;38.1361069626425;27.3782439015793;1
11613;Çaybaşı Kahveler;38.13393;27.37723;1
11616;Çaybaşı Son Durak;38.1364525916307;27.3782101184184;1
11617;Çaybaşı;38.13631;27.37976;1
11618;Durmaz;38.13883;27.378199;1
11619;Eğerci Eski Okul;38.13718;27.38131;1
11620;Yeni Dünya;38.1399270819264;27.3801954449275;1
11621;Eğerci Dörtyol;38.137265;27.3831;1
11622;Yıldırım;38.13867;27.37981;1
11623;Ödemişliler;38.13901;27.38569;1
11624;Eğerci Eski Okul;38.13714;27.38039;1
11625;Eğerci İlkokulu;38.1395238881824;27.3892421967503;1
11626;Eğerci Dörtyol;38.137336;27.383297;1
11627;Çatkın;38.13864;27.39005;1
11628;Ödemişliler;38.1391231208326;27.3856091944225;1
11629;Çocuk Parkı;38.13775;27.3913;1
11630;Eğerci İlkokulu;38.1395688913916;27.3891720291645;1
11631;Güler;38.13934;27.3906;1
11632;Çatkın;38.13872;27.39;1
11633;Eğerci Kahveler;38.140827;27.390084;1
11634;Çocuk Parkı;38.1377691180698;27.3912173627029;1
11635;Eğerci Kabristan;38.141682;27.388833;1
11636;Güler;38.13944;27.39043;1
11637;Eğerci Kara Selviler;38.1464086855632;27.3855201884524;1
11638;Eğerci Kara Selviler;38.1408816021384;27.3899901875679;1
11639;Şehitler Viraj;38.149327;27.385132;1
11640;Eğerci Kabristan;38.141593;27.388672;1
11641;Şehitler Dörtyol;38.149806;27.389361;1
11642;Eğerci Kara Selviler;38.1462603633269;27.3854140161932;1
11643;Efeler;38.15034;27.39645;1
11644;Şehitler Viraj;38.14943;27.38514;1
11645;Eğerci Üçyol;38.1432;27.3881;1
11646;Şehitler Dörtyol;38.149717;27.389397;1
11647;Şehitler Köşe;38.150696;27.400701;1
11648;Efeler;38.15038;27.39638;1
11649;Şehitler Ağaç Kapı;38.149709;27.401448;1
11650;Eğerci Üçyol;38.143292;27.387817;1
11651;Şehitler Muhtarlık;38.1482;27.40218;1
11652;Şehitler Köşe;38.150739;27.400504;1
11653;Şehitler Kahveler;38.1469;27.40298;1
11654;Şehitler Ağaç Kapı;38.14943;27.40171;1
11655;Şehitler;38.14549;27.40432;1
11656;Şehitler Muhtarlık;38.14823;27.40222;1
11658;Şehitler Kahveler;38.14692;27.403;1
11659;Papatya;38.107802;27.456591;1
11660;Papatya;38.107948;27.456472;1
11662;Fatih İlkokulu;38.1552128588978;27.3646271392343;1
11663;Yedi Eylül;38.1814561331867;27.3687609736862;1
11664;Yedi Eylül;38.1812971337025;27.368735275637;1
11668;Çaybaşı Meydan;38.1344575704944;27.3767798867455;1
11669;Çaybaşı Meydan;38.1344941740452;27.3770834897055;1
11671;Evliya Çelebi;38.1891472454471;27.3579715991785;1
11672;Evliya Çelebi;38.1891406389109;27.3574631229731;1
11673;Ahmetbeyli Çiftlik Evleri;38.0306885773173;27.1882480752745;1
11674;Ahmetbeyli Çiftlik Evleri;38.0309985766903;27.1886880828706;1
11679;Tire Yol Ayrımı;38.1161981947957;27.4121001972852;1
11680;Tire Yol Ayrımı;38.1161451913686;27.4127282004792;1
11681;Yağmur;38.11195;27.42152;1
11682;Yağmur;38.111567;27.422582;1
11683;Tat Konserve;38.1097;27.4261;1
11684;Tat Konserve;38.1099;27.4259;1
11685;Osman Dirik Parkı;38.1078;27.4297;1
11686;Osman Dirik Parkı;38.1079;27.4297;1
11687;Subaşı Pazaryeri;38.1060979596597;27.4332002756661;1
11688;Subaşı Pazaryeri;38.1058979544818;27.4337002778608;1
11689;Subaşı Belediyesi;38.105831;27.436968;1
11690;Subaşı Belediyesi;38.105934;27.436957;1
11691;7 Nolu Sağlık Ocağı;38.106043;27.439574;1
11692;7 Nolu Sağlık Ocağı;38.106115;27.439366;1
11693;Akkoca Tavuk Çiftliği;38.1074;27.4523;1
11694;Akkoca Tavuk Çiftliği;38.1075;27.4523;1
11695;Çiftlik;38.1085;27.4622;1
11696;Çiftlik;38.108613;27.462565;1
11697;Atalan Aile Sağlığı Merkezi;38.1090978491811;27.4682005029149;1
11698;Yeniçiftlik İlkokulu;38.1214979174426;27.5004007283888;1
11699;Yeniçiftlik İlkokulu;38.121497916695;27.5006007296398;1
11700;Atalan Aile Sağlığı Merkezi;38.1090448555163;27.4665444922732;1
11701;Çocuk Parkı;38.1100818535296;27.4707615217832;1
11702;Çocuk Parkı;38.1100718550661;27.4703655192475;1
11703;Kırbaş Giriş;38.106607;27.439767;1
11704;Kırbaş Giriş;38.106579;27.439658;1
11705;Mezarlık;38.1157740102547;27.4435119690311;1
11706;Mezarlık;38.1156700784969;27.4432902455763;1
11707;Kırbaş Son Durak;38.117899;27.444949;1
11708;Bülbüldere Yol Ayrımı;38.120878;27.4978;1
11709;Bülbüldere Yol Ayrımı;38.12072;27.497607;1
11710;Hasköy Arıtma;38.137081;27.502758;1
11711;Hasköy Arıtma;38.13716;27.502665;1
11712;Yeniçiftlik Cami;38.1226739220945;27.5043577540706;1
11713;Yeniçiftlik Cami;38.1225729203375;27.5043827541568;1
11714;Yeniçiftlik Merkez;38.123997945559;27.5039007521079;1
11715;Yeniçiftlik Merkez;38.1238980607043;27.5037735955345;1
11716;Yeniçiftlik Çıkış;38.1262;27.504;1
11717;Yeniçiftlik Çıkış;38.1262;27.5039;1
11718;Hasköy Giriş;38.1399802112018;27.5019787449436;1
11719;Hasköy Giriş;38.1393;27.5021;1
11720;Hasköy Kahveler;38.1418;27.5022;1
11721;Hasköy Kahveler;38.1417;27.502;1
11722;Hasköy Meydan;38.143;27.5027;1
11723;Hasköy Meydan;38.1431;27.5026;1
11724;Hasköy Çıkış;38.1455;27.5018;1
11725;Hasköy Çıkış;38.1454;27.5017;1
11726;Çırpı Giriş;38.1639;27.5027;1
11727;Çırpı Giriş;38.1638;27.5027;1
11728;Çırpı Cami;38.1656;27.5015;1
11729;Çırpı Cami;38.1656;27.5014;1
11730;Çırpı Akasya;38.167;27.5005;1
11731;Çırpı Akasya;38.1669;27.5004;1
11732;Çırpı Belediyesi;38.1688;27.4991;1
11733;Çırpı Belediyesi;38.1687;27.4991;1
11734;Çırpı Park;38.1714;27.4971;1
11735;Çırpı Park;38.1713;27.497;1
11736;Bayındır Çırpı İlkokulu;38.1743075293691;27.4950416986407;1
11737;Bayındır Çırpı İlkokulu;38.1742987603768;27.4949006809898;1
11738;Arıkbaşı Kahveler;38.1821698820416;27.4922716566897;1
11739;Arıkbaşı Kahveler;38.1823668850751;27.4921926560099;1
11740;Çırpı Köprü;38.1607980346843;27.5034620194944;1
11741;Çırpı Köprü;38.1607778251949;27.5033666333334;1
11742;Arıkbaşıı İstasyon;38.1784988244991;27.4941006707182;1
11743;Arıkbaşı İstasyon;38.1783988232046;27.4940006704722;1
11744;Ekoten;38.1748265522137;27.3710224061205;1
11745;Ekoten;38.1743152313493;27.3710699090144;1
11746;Arıkbaşı Okul Yolu;38.1816951604104;27.4936370926156;1
11747;Dede Dağı;38.1843648985655;27.5015986898911;1
11748;Dede Dağı;38.184752;27.501907;1
11749;Arıkbaşı Okul Yolu;38.181697732439;27.4935003753775;1
11750;Arıkbaşı Akçam;38.1826807681352;27.4953983367025;1
11751;Arıkbaşı Akçam;38.1831;27.4966;1
11752;Canlı Kahveler;38.1926131433172;27.5496437479023;1
11753;Canlı Park;38.192038;27.552514;1
11754;Çiftçi Gediği Köy Yolu;38.1863605985365;27.5056266694639;1
11755;Çiftçi Gediği Köy Yolu;38.18618;27.505868;1
11756;Kızılcaova;38.1927929983997;27.5208567433123;1
11757;Kızılcaova;38.1927059949876;27.5225357502083;1
11758;Yakapınar Giriş;38.1928049710237;27.5448338398684;1
11759;Yakapınar Giriş;38.1925629657104;27.5461608463639;1
11760;Canlı Park;38.1921709522809;27.5529608764971;1
11761;Canlı Kahveler;38.19239;27.54992;1
11764;Canlı Çıkış;38.1921176248757;27.5590942194267;1
11765;Canlı Çıkış;38.1919789429845;27.5591259035597;1
11766;Yeşilova Köy Yolu;38.1940799654169;27.5739199569225;1
11767;Yeşilova Köy Yolu;38.1937749602697;27.5738439581782;1
11768;Elifli;38.195485;27.580977;1
11769;Elifli;38.195282;27.581739;1
11770;Furunlu Tulumba;38.196692;27.596254;1
11771;Furunlu Tulumba;38.1966;27.59659;1
11772;Furunlu Yolu;38.2009990705987;27.602971041725;1
11773;Furunlu Yolu;38.20079;27.603534;1
11774;Furunlu Yedikavak;38.203026;27.60826;1
11775;Furunlu Yedikavak;38.202908;27.608588;1
11776;Karahalilli;38.205625;27.614064;1
11777;Karahalilli;38.205629;27.614665;1
11778;Çiçekçiler;38.2085102051835;27.6236790766374;1
11779;Çiçekçiler;38.208508;27.623881;1
11780;Bayındır Çınar;38.2173;27.6358;1
11781;Bayındır Çınar;38.217086;27.63583;1
11782;Sera;38.192389;27.527942;1
11783;Sera;38.192566;27.527887;1
11784;Benzinlik;38.192374;27.534525;1
11785;Benzinlik;38.192591;27.53474;1
11786;Mezarlık;38.192357;27.538486;1
11787;Mezarlık;38.192586;27.538254;1
11788;Canlı Çınar;38.1919818931208;27.5622259771748;1
11789;Canlı Çınar;38.191782924922;27.5620784274895;1
11790;Salça Fabrikası;38.128407;27.504612;1
11791;Salça Fabrikası;38.128265;27.504489;1
11796;Sokullu;38.217404;27.642443;1
11797;Sokullu;38.217293;27.64248;1
11798;Bayındır Sadık Susamcıoğlu Anadolu Lisesi;38.2175093815167;27.6451820914187;1
11799;Bayındır Sadık Susamcıoğlu Anadolu Lisesi;38.2173593786884;27.6451810927214;1
11800;Bayındır Fatih İlkokulu;38.2175993848132;27.6475010999406;1
11801;Bayındır Fatih İlkokulu;38.2173993808193;27.6472011004922;1
11802;Güven;38.219696;27.64764;1
11803;Bayındır Jandarma;38.22;27.6484;1
11805;Atatürk İlkokulu;38.2205994438409;27.6504010847355;1
11807;Bayındır Devlet Hastanesi;38.2214;27.6494;1
11809;Bayındır;38.2213;27.6476;1
11810;Hasköy Çiftlik;38.148226;27.502753;1
11811;Hasköy Çiftlik;38.148246;27.502625;1
11818;Cumhuriyet Çam;38.0029;27.1262;1
11819;Cumhuriyet Çam;38.0026;27.1262;1
11820;Cumhuriyet Sümbül;38.0067;27.1283;1
11821;Cumhuriyet Sümbül;38.0069;27.1284;1
11822;Şükrü Özkan;38.0095;27.1293;1
11823;Şükrü Özkan;38.0102;27.1295;1
11824;Cumhuriyet Mahallesi Merkez;38.0149;27.1274;1
11825;Cumhuriyet Mahallesi  Merkez;38.015;27.1275;1
11826;Cumhuriyet Mahallesi Hastane;38.0135989083934;27.1256974489905;1
11827;Cumhuriyet Mahallesi Hastane;38.0136162271422;27.1256628300789;1
11828;Özdere Belediye Garajı;38.0144;27.1236;1
11829;Özdere Belediye Garajı;38.0144;27.1237;1
11830;7 Nolu Sağlık Ocağı;38.009829;27.116437;1
11831;7 Nolu Sağlık Ocağı;38.009487;27.11559;1
11832;Saklıbahçe;38.0005;27.1242;1
11833;Saklıbahçe;38.001;27.1244;1
11834;Cumhuriyet Park;38.013;27.1287;1
11835;Cumhuriyet Park;38.0128;27.1288;1
11838;Sönmez;38.0509;27.0509;1
11839;Sönmez;38.0508;27.0509;1
11840;Cumhuriyet Sanayi;38.0139;27.1206;1
11841;Özdere Son Durak;38.0527;27.0523;1
11843;Cumhuriyet Sanayi;38.014;27.1205;1
11852;Yenişehir Pazar Yeri;38.4183006029774;27.1550003230716;1
11853;Yenişehir Pazar Yeri;38.4186;27.1545;1
11854;Yenişehir Üst Geçit;38.4101;27.1546;1
11855;Yenişehir Üst Geçit;38.4133;27.1561;1
11856;Yeşildere;38.4076;27.1454;1
11857;Yeşildere;38.4072305604211;27.1444223995933;1
11859;Buca Köprüsü;38.3946805201416;27.1354204655278;1
11860;Buca Köprüsü;38.39528;27.13723;1
11862;Yenidoğan;38.4153019984934;27.1561230523527;1
11873;Buca Su Kemeri;38.3943105209082;27.1365004620073;1
11878;Atatürk Stadı;38.4332;27.1794;1
11886;Aziziye Parkı;38.420312;27.152501;1
11889;Altınyağ;38.4388;27.1709;1
11890;Altınyağ;38.439;27.1711;1
11892;Çınarlı Mesleki ve Teknik Anadolu Lisesi;38.4408006940929;27.1753013631499;1
11893;Birinci Sanayi Sitesi;38.4315026719337;27.1739021952067;1
11894;Birinci Sanayi Sitesi;38.4315516727164;27.1741961937447;1
11895;Veterinerlik;38.4289;27.1731;1
11896;Veterinerlik;38.4285;27.1731;1
11897;Yenişehir Gıda Çarşısı İZSU Yanı;38.426;27.173;1
11898;Yenişehir Gıda Çarşısı İZSU Yanı;38.4260491767441;27.1728735776698;1
11899;Kocakapı;38.418379281888;27.1543003016532;1
11900;Kocakapı;38.4183006020073;27.1545003251794;1
11901;Ballıkuyu Çeşme;38.4161;27.1552;1
11902;Ballıkuyu Çeşme;38.416;27.1554;1
11903;Ballıkuyu Eski Son Durak;38.4132;27.1557;1
11904;Ballıkuyu Eski Son Durak;38.413;27.1557;1
11905;Umut;38.411347;27.155167;1
11906;Umut;38.4113;27.1553;1
11907;Yeşildere Cami;38.4132;27.1544;1
11908;Yeşildere Cami;38.413534;27.154217;1
11909;Yeşiltepe İlkokulu;38.4146;27.1539;1
11910;Yeşiltepe İlkokulu;38.414643;27.15365;1
11911;Gayretiye Cami;38.4158;27.1518;1
11912;Gayretiye Cami;38.415911;27.151438;1
11913;Çeşme;38.4169674532863;27.1492383924053;1
11914;Çeşme;38.416929403828;27.1491313065231;1
11915;Muradiye Cami;38.417796;27.147315;1
11916;Muradiye Cami;38.417662;27.147136;1
11917;Gazozcu;38.416633;27.145395;1
11918;Gazozcu;38.416572;27.145457;1
11920;Ballıkuyu;38.4156;27.1434;1
11929;Hacı Bayram Cami;38.41913;27.160035;1
11930;Hacı Bayram Cami;38.419184;27.159691;1
11931;Zeytinlik;38.4196;27.1632;1
11932;Zeytinlik;38.4195696210576;27.1627512863151;1
11937;Barbaros Hayrettin İlkokulu;38.4202;27.1675;1
11938;Barbaros Hayrettin İlkokulu;38.4198;27.1672;1
11939;Levent Çeşme;38.4187;27.1665;1
11940;Levent Çeşme;38.418506;27.166563;1
11941;Levent Depo;38.4158;27.1659;1
11942;Levent Depo;38.4155;27.1659;1
11947;Dörtyol;38.413200611931;27.1656002954581;1
11949;Ferahlı;38.4121438106052;27.1651352745607;1
11952;Levent;38.4131;27.1663;1
11953;Gazi Caddesi;38.4125;27.1667;1
11954;Gazi Caddesi;38.4126;27.167;1
11955;Kahveler;38.4137006214421;27.1699002763343;1
11956;Kahveler;38.4137546214494;27.1698362764171;1
11957;Gültepe Karakol;38.4147;27.1735;1
11958;Gültepe Karakol;38.4145;27.1731;1
11959;Çobançeşme;38.4143;27.1765;1
11960;Çobançeşme;38.4141236362963;27.1768922466204;1
11961;Depo;38.4122576329372;27.1776292499667;1
11962;Depo;38.4124196286716;27.1776637950627;1
11963;Gültepe Kültür Merkezi;38.4120796340245;27.1784172474161;1
11964;Gültepe Kültür MErkezi;38.4120684867038;27.1785186758561;1
11973;Çamlık Cami;38.413;27.1791;1
11974;Çamlık Cami;38.413285;27.179627;1
11975;Kıbrıs Şehitleri İlkokulu;38.412604;27.181668;1
11976;Kıbrıs Şehitleri İlkokulu;38.4126;27.1813;1
11977;Sevgi;38.4126;27.1837;1
11978;Sevgi;38.4126;27.1839;1
11979;Çobançeşme Eski Son Durak;38.413;27.1862;1
11980;Çobançeşme Eski Son Durak;38.413;27.1861;1
11982;Çobançeşme;38.4141;27.1862;1
11984;Millet Mahallesi;38.413;27.1823;1
11989;Sarışın;38.42246;27.171138;1
11990;Sarışın;38.422693;27.171248;1
11991;Kahveler;38.420939;27.170817;1
11992;Kahveler;38.4206;27.1709;1
11993;Göksel Yaman Parkı;38.4192;27.1703;1
11994;Zafer;38.418513;27.169625;1
11995;Zafer;38.4183;27.1692;1
11996;Gözemel;38.4172;27.1685;1
11997;Gözemel;38.4173;27.1684;1
11998;Turgut Reis İlköğretim Okulu;38.4157441531242;27.1711092448373;1
11999;Turgut Reis İlköğretim Okulu;38.4155928457939;27.1710115281558;1
12000;Gültepe;38.4163;27.1736;1
12007;Adem Yavuz;38.41972;27.17139;1
12008;Adem Yavuz;38.419797;27.171372;1
12009;Fatih Cami;38.4187;27.1735;1
12010;Fatih Cami;38.418686;27.173865;1
12011;Adem Yavuz Parkı;38.4186;27.1762;1
12012;Adem Yavuz Parkı;38.418709;27.176479;1
12013;Nenehatun Çok Programlı Anadolu Lisesi;38.4189792813824;27.179118592925;1
12014;Nenehatun Çok Programlı Anadolu Lisesi;38.4188601998351;27.1795276338558;1
12021;Murat Mahallesi Muhtarlık;38.4177026567372;27.1823562119518;1
12022;Murat Mahallesi Muhtarlık;38.4167852310243;27.1825649508763;1
12023;Hafize Beşikçioğlu Sağlık Ocağı;38.4162;27.181;1
12024;Hafize Beşikçioğlu Sağlık Ocağı;38.416;27.1811;1
12028;Çamlık;38.4155;27.1826;1
12033;Mersinpınar Köşe;38.415100648144;27.1815002246828;1
12034;Mersinpınar Köşe;38.4151;27.1817;1
12036;Mersinpınar;38.414500651457;27.183900217167;1
12042;Düğün Salonu;38.4097;27.1792;1
12043;Düğün Salonu;38.409206;27.178965;1
12045;Dokuz Eylül Anadolu Lisesi;38.4102366363171;27.1820832390603;1
12049;Aydın;38.4083012654313;27.1802002544453;1
12050;Aydın;38.4081006280362;27.1808002511629;1
12051;Çınartepe Muhtarlık;38.4074;27.1831;1
12052;Çınartepe Muhtarlık;38.40745;27.18296;1
12054;Çınartepe;38.407692;27.186715;1
12057;Eşrefpaşa;38.4081;27.1285;1
12058;Eşrefpaşa;38.4083;27.1288;1
12059;Eşrefpaşa;38.407956;27.128317;1
12060;Eşrefpaşa;38.4077185348855;27.1284264648513;1
12061;Eşrefpaşa;38.4076;27.1283;1
12062;Yağhaneler;38.404626;27.129116;1
12063;Yağhaneler;38.403312;27.129349;1
12064;Yağhaneler 2;38.4011;27.1306;1
12065;Yağhaneler 2;38.401039;27.130441;1
12066;Arap Cami;38.4057085314853;27.1285914689866;1
12068;Konak Anadolu Lisesi;38.3978005216998;27.1321004723109;1
12069;Konak Anadolu Lisesi;38.3989965227376;27.1312004734007;1
12070;Şelale Parkı;38.396;27.134;1
12071;Şelale Parkı;38.395674;27.134191;1
12079;Kako;38.408;27.1319;1
12080;Kako;38.4081;27.1318;1
12081;Zafer Ortaokulu;38.4088005438802;27.1327004441923;1
12082;Zafer Ortaokulu;38.4091005451061;27.1331004417476;1
12083;Bloklar;38.410443;27.135449;1
12084;Bloklar;38.410606;27.135587;1
12085;Çeşme;38.4119;27.137;1
12086;Çeşme;38.411783;27.136669;1
12087;İtfaiye;38.412839;27.139606;1
12088;İtfaiye;38.413;27.1392;1
12089;Hava Şehitliği;38.4126;27.1408;1
12092;Surlar;38.4132;27.1428;1
12093;Surlar;38.413456;27.143749;1
12098;Kosova Mahallesi;38.4126305891152;27.1508133480382;1
12100;Hava Şehitliği;38.412699;27.140802;1
12116;Kasap;38.405633876788;27.1305247540886;1
12117;Kasap;38.4056;27.1305;1
12118;Çimentepe Aile Sağlık Merkezi;38.4042185369829;27.1338324507728;1
12119;Konak Ömer Lütfü Akad Ortaokulu;38.404800535672;27.1323004557152;1
12120;Düzyollar;38.4056115408208;27.1345404444775;1
12121;Çimentepe Aile Sağlık Merkezi;38.4042605366646;27.1335804517121;1
12122;Yayla Kahvesi;38.4077;27.1352;1
12123;Düzyollar;38.4056275410214;27.1346454440035;1
12124;Kadriye Mahallesi Çeşme;38.408918609772;27.1368370348795;1
12125;Yayla Kahvesi;38.4077;27.1353;1
12126;Konak Ömer Lütfü Akad Ortaokulu;38.4048577337271;27.1324066177138;1
12127;Kadriye Mahallesi Çeşme;38.4088;27.1369;1
12129;Kadriye Mahallesi;38.409828;27.138834;1
12135;Girgin;38.4042;27.1359;1
12136;Girgin;38.4043;27.136;1
12137;Beştepeler Lisesi;38.405886;27.136721;1
12138;Beştepeler Lisesi;38.405761;27.136581;1
12139;Gökalp;38.405917;27.139503;1
12140;Gökalp;38.406009;27.139466;1
12142;Kaynak;38.4083;27.1401;1
12147;Leventtepe Selamet Cami;38.403315;27.135483;1
12148;Leventtepe Selamet Cami;38.403399;27.135361;1
12149;Site;38.402756;27.137744;1
12150;Site;38.402846;27.13777;1
12151;Cephanelik;38.4014;27.137;1
12152;Cephanelik;38.401367;27.136955;1
12153;Beşyol;38.4017;27.1345;1
12154;Beşyol;38.4017;27.1344;1
12155;Sağlık;38.400116;27.134329;1
12156;Sağlık;38.400157;27.134411;1
12157;Esenlik;38.398458347491;27.1338078252554;1
12158;Esenlik;38.3984754872608;27.1339104124856;1
12159;Çimentepe;38.3975095249341;27.1346964624763;1
12167;Şato;38.41376553923;27.1247004654853;1
12169;Sarıkamış İlkokulu;38.4122795358199;27.1241574716515;1
12171;Doksan Beş;38.4104335352178;27.1256904697412;1
12173;Altıntaş;38.4088075284942;27.1232834839783;1
12175;Turgut Reis;38.4085215238084;27.1206614958297;1
12177;Asansör;38.4081175186464;27.1178225088975;1
12179;Kemal Reis;38.4079305119163;27.1137045269818;1
12181;Mektupçu;38.407871508958;27.1118495350985;1
12182;Halil Rıfat Paşa;38.4061395031737;27.1097835477264;1
12189;Türkoğlu;38.4026;27.1053;1
12190;Türkoğlu;38.4026;27.1052;1
12191;Gönül;38.4043;27.1036;1
12192;Gönül;38.4042;27.1039;1
12193;İnönü;38.404355;27.100779;1
12198;Yağhaneler 3;38.4013;27.1293;1
12199;Kilimci Tepe;38.396147;27.127128;1
12200;Kilimci Tepe;38.3962;27.1274;1
12201;Narlık;38.3935063175801;27.1266157117396;1
12202;Narlık;38.3936;27.1268;1
12203;Zincirlikuyu;38.3912;27.1245;1
12204;Zincirlikuyu;38.3922;27.1259;1
12205;Kestelli;38.390075;27.121875;1
12206;Kestelli;38.3901;27.1224;1
12207;Bozyaka Cami;38.3895310081042;27.1198908961109;1
12208;Bozyaka Cami;38.389558;27.120685;1
12209;Karakuyu;38.3872;27.1159;1
12210;Karakuyu;38.387572;27.116164;1
12211;Karaselvi;38.3851;27.1147;1
12212;Karaselvi;38.3854;27.1152;1
12213;Bayram Kahya;38.380773;27.112887;1
12214;Bayram Kahya;38.3814;27.1131;1
12215;Kuyu;38.3778;27.1106;1
12216;Kuyu;38.3778954567884;27.1108695875486;1
12217;Yıkık Cami;38.375302;27.107653;1
12218;Yıkık Cami;38.3757;27.1076;1
12219;Naci Şensoy Anadolu Lisesi;38.3725154432431;27.107264606106;1
12220;Naci Şensoy Anadolu Lisesi;38.372900444179;27.1075006049186;1
12221;Hulusi Kentmen 2;38.371419;27.106912;1
12222;Hulusi Kentmen Parkı;38.371001;27.107718;1
12223;Hulusi Kentmen Parkı;38.370785;27.107772;1
12224;Çiftlik;38.3692;27.1086;1
12225;Çiftlik;38.369085;27.10828;1
12226;Eskiizmir İlkokulu;38.367;27.1081;1
12227;Eskiizmir İlkokulu;38.3670514332883;27.1077506076769;1
12228;Reşat Nuri;38.365434;27.106643;1
12229;Reşat Nuri;38.3654774291434;27.1063896134773;1
12230;Gürsel;38.3633;27.1053;1
12231;Gürsel;38.3631;27.105;1
12232;İzmir Anadolu Lisesi;38.3603004174027;27.1041006234335;1
12233;İzmir Anadolu Lisesi;38.3600864168586;27.103916624139;1
12234;Asmalı;38.3562324091299;27.1036916252199;1
12235;Asmalı;38.3571;27.1036;1
12236;Çöp Fabrikası;38.3543;27.1029;1
12237;Çöp Fabrikası;38.3543;27.1028;1
12238;Türkeliler;38.3533;27.1006;1
12239;Türkeliler;38.3533290114288;27.1005922000851;1
12240;Uzundere;38.3522943986094;27.0988776418713;1
12255;Bozyaka Devlet Hastanesi;38.398501;27.126573;1
12256;Bozyaka Devlet Hastanesi;38.3984;27.1263;1
12257;Çevik Kuvvet;38.4;27.122;1
12258;Bahçelievler;38.4009;27.1201;1
12259;Bahçelievler;38.402;27.1181;1
12260;Çevik Kuvvet;38.3996;27.1225;1
12263;Spotçular;38.400596;27.123426;1
12266;Spotçular;38.4014;27.1236;1
12267;Yeşilyurt İtfaiye;38.401922;27.115524;1
12268;Yeşilyurt İtfaiye;38.4016;27.1155;1
12269;Karabağlar Cumhuriyet Mesleki ve Teknik Anadolu Lisesi;38.3999386690304;27.1126642605776;1
12270;Karabağlar Cumhuriyet Mesleki ve Teknik Anadolu Lisesi;38.3993480002701;27.1121610474082;1
12271;Yeşilyurt Çeşme;38.3988;27.1085;1
12272;Yeşilyurt Çeşme;38.398315;27.108267;1
12273;Yeşilyurt Devlet Hastanesi;38.398508;27.103524;1
12274;Yeşilyurt Devlet Hastanesi;38.398297;27.105037;1
12275;Yeşilyurt Huzurevi;38.39856;27.102404;1
12276;Yeşilyurt Huzurevi;38.398439;27.102374;1
12277;Basın Sitesi;38.3977;27.1001;1
12278;Basın Sitesi;38.3976;27.1004;1
12287;Osman Kibar;38.39799;27.122956;1
12288;Osman Kibar;38.397621;27.122591;1
12289;Gülyaka;38.395796;27.120113;1
12290;Gülyaka;38.3955;;0
12291;Karabağlar Kazım Karabekir Orta Okulu;38.392691984235;27.1186296537429;1
12292;Karabağlar Kazım Karabekir Ortaokulu;38.3925004930668;27.1188005362063;1
12293;Emek Sitesi;38.3911110061099;27.1186726938723;1
12294;Emek Sitesi;38.3909;27.1187;1
12303;İzsu;38.3968909720405;27.1136924258143;1
12304;İzsu;38.397284;27.112963;1
12305;Defne;38.3959;27.1151;1
12306;Defne;38.3962;27.1149;1
12307;Öztepe;38.3944284948962;27.1175545379035;1
12308;Öztepe;38.394998;27.116798;1
12315;Ahmet Ragıp Üzümcü İlkokulu;38.3932049475976;27.1171987750045;1
12316;Ahmet Ragıp Üzümcü İlkokulu;38.393121;27.117231;1
12317;Kazım Karabekir Mahalle Muhtarlığı;38.3928;27.1137;1
12318;Kazım Karabekir Mahalle Muhtarlığı;38.3927;27.1135;1
12323;Yeşilyurt Merkez Cami;38.39435;27.113307;1
12324;Yeşilyurt Merkez Cami;38.393701;27.1137;1
12325;Şehit Muzaffer Erdönmez İlkokulu;38.394772;27.111034;1
12326;Şehit Muzaffer Erdönmez İlkokulu;38.3947;27.1108;1
12331;Fidan;38.396804533042;27.1074011774349;1
12332;Mızraklı;38.396158;27.110175;1
12333;Yeşilyurt Devlet Hastanesi;38.3964;27.104;1
12334;Fidan;38.3967;27.1076;1
12335;Şehit Erkan Özcan Anadolu Lisesi;38.3957114767712;27.1022065992536;1
12336;Yeşilyurt Devlet Hastanesi;38.396343549836;27.1039915775495;1
12337;Hasan Tahsin;38.3939;27.0998;1
12338;Şehit Erkan Özcan Anadolu Lisesi;38.3953004758833;27.1020006007705;1
12339;Karabağlar Halk Eğitim Merkezi;38.392868;27.098058;1
12340;Hasan Tahsin;38.3937004703064;27.0995006136902;1
12341;Mermerci;38.3901;27.0962;1
12342;Karabağlar Halk Eğitim Merkezi;38.392315;27.097743;1
12343;Maliyeciler;38.3886529683531;27.0947098564037;1
12344;Mermerci;38.390218672102;27.0963786712312;1
12345;Esendere;38.3873;27.0928;1
12346;Maliyeciler;38.3886;27.0948;1
12347;Şehit Üsteğmen Sadullah Sever İlkokulu;38.386678;27.091021;1
12348;Esendere;38.3873;27.093;1
12350;Şehit Üsteğmen Sadullah Sever İlkokulu;38.3866;27.0911;1
12363;Şehit Halit Taş Ortaokulu;38.3958;27.1012;1
12364;Şehit Halit Taş Ortaokulu;38.395909;27.101132;1
12365;Şehit Muzaffer Erdönmez İlkokulu;38.3943676222837;27.1102969308343;1
12366;Şehit Muzaffer Erdönmez İlkokulu;38.3942574693183;27.110263424829;1
12367;Mızraklı;38.39582;27.110364;1
12368;Şehit Gazeteci Hasan Tahsin Ortaokulu;38.392;27.1106;1
12369;Şehit Gazeteci Hasan Tahsin Ortaokulu;38.3920143133546;27.1103763466439;1
12376;Üzümcü Parkı;38.392279;27.116442;1
12378;Vali Nevzat Ayaz Lisesi;38.3904;27.1143;1
12379;Basket Sahası;38.3922;27.1161;1
12380;Manolya Parkı;38.39;27.1125;1
12381;Vali Nevzat Ayaz Lisesi;38.3904;27.1142;1
12382;Bozyaka;38.3911004813146;27.1116005676919;1
12383;Manolya Parkı;38.3901;27.1123;1
12384;Dostluk;38.3882;27.1129;1
12385;Dostluk;38.3882;27.113;1
12386;Yunus Emre;38.3874;27.1109;1
12387;Yunus Emre;38.3876;27.1109;1
12399;Bozyaka;38.391;27.1113;1
12404;Tüpçü;38.38923;27.110321;1
12405;Yeşilyurt Türbe;38.3905004765516;27.1086005808246;1
12406;Kültür;38.3886;27.1093;1
12407;Tüpçü;38.3891;27.1097;1
12408;Etiler;38.3886077262403;27.1086125789876;1
12409;Kültür;38.3886;27.1096;1
12410;Tahsin Yazıcı;38.3877;27.1103;1
12411;Etiler;38.3888;27.1084;1
12413;Tahsin Yazıcı;38.3878;;0
12419;Fırın;38.3879;27.0889;1
12420;Yokuş;38.387;27.0887;1
12421;Şehitler;38.389549;27.087406;1
12422;Fırın;38.3881;27.0873;1
12423;Nevvar Salih İşgören Anadolu Lisesi;38.3904004539188;27.0898006588129;1
12424;Nevvar Salih İşgören Anadolu Lisesi;38.3904743122307;27.0900599077255;1
12425;Metin Oktay Mahallesi Muhtarlığı;38.389107;27.093932;1
12426;Metin Oktay Mahallesi Muhtarlığı;38.3892;27.0944;1
12427;Maliyeciler;38.3887;27.0965;1
12428;Maliyeciler;38.388782;27.097025;1
12429;Arap Deresi;38.3877204614219;27.0996986210116;1
12430;Arap Deresi;38.3878654618432;27.0998676201381;1
12431;Yadigar Cami;38.3863;27.1013;1
12432;Yadigar Cami;38.3863;27.1016;1
12433;Egzozcu;38.3849;27.1031;1
12434;Egzozcu;38.38514;27.103175;1
12435;Ülkü;38.382362;27.104481;1
12436;Ülkü;38.382248;27.104792;1
12437;Limontepe Seniye-Hasan Saray İlkokulu;38.379;27.1043;1
12438;Limontepe Seniye-Hasan Saray İlkokulu;38.379;27.1047;1
12439;Yadigar Sitesi;38.38681;27.102412;1
12440;Yadigar Sitesi;38.3867;27.1025;1
12441;Yeşilyurt;38.385997;27.104583;1
12452;Yeşilyurt Mezarlık;38.385553;27.111019;1
12453;Yeşilyurt Mezarlık;38.3854;27.1106;1
12454;Yeşilyurt Sağlık Ocağı;38.383425;27.110242;1
12455;Yeşilyurt Sağlık Ocağı;38.3835;27.1101;1
12456;Kooperatif Evleri Eski Son Durak;38.3797;27.1084;1
12457;Kooperatif Evleri Eski Son Durak;38.3795214141013;27.1080908615814;1
12458;Bahçe;38.378709;27.106611;1
12459;Bahçe;38.3789;27.1066;1
12460;Briketçi;38.3781551286;27.1047399096372;1
12461;Briketçi;38.3781;27.1045;1
12462;Umut Mahallesi Köprü;38.3765527189224;27.1037284984438;1
12463;Umut Mahallesi Köprü;38.3766;27.1037;1
12464;Küçük Trafo;38.3736;27.1011;1
12465;Küçük Trafo;38.3737362386614;27.1011476921767;1
12466;Çakırtepe;38.3718;27.0987;1
12467;Çakırtepe;38.3719;27.0987;1
12468;Ali Fuat Erden Mahallesi Muhtarlığı;38.3692859489187;27.0963355353437;1
12469;Ali Fuat Erden Mahallesi Muhtarlığı;38.3693;27.0962;1
12470;Memiş Kahya;38.3667004208217;27.0929006639432;1
12471;Memiş Kahya;38.3669;27.0931;1
12472;Güzel İzmir Cami;38.3641;27.0908;1
12473;Güzel İzmir Cami;38.3642;27.0908;1
12474;Toprak;38.3621004096509;27.0880006832394;1
12475;Toprak;38.3622004097482;27.0879006836198;1
12488;Dilek;38.381;27.1041;1
12489;Dilek;38.381071;27.104138;1
12490;Kavaklı;38.3827971142519;27.1033525439261;1
12491;Kavaklı;38.3826730561161;27.1034857708507;1
12492;Yıldırım;38.3845;27.1025;1
12493;Yıldırım;38.3844;27.1025;1
12494;Karanfil;38.3854;27.1011;1
12495;Karanfil;38.3854;27.1012;1
12496;Köşe;38.3847;27.0995;1
12497;Köşe;38.3848;27.0992;1
12498;Sevgi;38.3835;27.0982;1
12499;Sevgi;38.3836;27.0983;1
12501;Salih Omurtak;38.3839;27.0955;1
12502;Özlem Sitesi;38.3866934711311;27.1095015825682;1
12503;Özlem Sitesi;38.3864294707923;27.109604582509;1
12508;Yıkık Cami 2;38.3769;27.1069;1
12509;Yıkık Cami 2;38.377;27.107;1
12510;Birinci Trafo;38.3819;27.1034;1
12511;Bahriye Üçok Mahallesi Köprü;38.3794;27.1039;1
12512;Limontepe Cami;38.3837;27.1018;1
12513;Birinci Trafo;38.3821;27.1035;1
12514;Kardeşler;38.382864;27.10049;1
12515;Limontepe Cami;38.3838;27.1019;1
12516;İkinci Trafo;38.3814839341939;27.0975779675463;1
12517;Kardeşler;38.3827;27.1003;1
12518;Limontepe Pazar Yeri;38.3791;27.1005;1
12519;İkinci Trafo;38.3814141590957;27.0975826205432;1
12520;Karabağlar Emir Sultan Ortaokulu;38.3777004455114;27.1000006302315;1
12521;Limontepe Pazaryeri;38.379;27.1005;1
12522;Üçüncü Trafo;38.377100442661;27.0981006382221;1
12523;Karabağlar Emir Sultan Ortaokulu;38.3778004456792;27.1000006301475;1
12524;Saadet Onart İlkokulu;38.3748774394636;27.0986456377294;1
12525;Üçüncü Trafo;38.377200442923;27.0982006377482;1
12527;Saadet Onart İlkokulu;38.374600438954;27.0986006380977;1
12529;Limontepe;38.3730434350581;27.0972026445592;1
12538;Ali Fuat Erdem;38.3726;27.0958;1
12539;Hercai;38.3699064291078;27.096468649067;1
12540;Hercai;38.3698504288113;27.0962276500215;1
12541;Sacide Ayaz İlk ve Ortaokulu;38.3620004076917;27.0853006935181;1
12542;Sacide Ayaz İlk ve Ortaokulu;38.3621004077854;27.085200693905;1
12543;Vicdan;38.3882;27.1294;1
12544;Vicdan;38.3882;27.1295;1
12545;Köşe;38.3877;27.1306;1
12546;Köşe;38.3879;27.1308;1
12547;Fatih;38.389;27.1303;1
12548;Fatih;38.389;27.1302;1
12549;Düzlük;38.3908;27.1309;1
12550;Düzlük;38.3908;27.1311;1
12551;Kahveler;38.3915;27.1312;1
12552;Kahveler;38.391528;27.131131;1
12553;Çiçek;38.3923167212816;27.1310968823288;1
12554;Çiçek;38.3922971698433;27.1311103489946;1
12555;Cennetoğlu;38.3938;27.1315;1
12562;Zincirlikuyu 2;38.39;27.126;1
12563;Zincirlikuyu 2;38.3901;27.126;1
12564;Serdar;38.3888304953862;27.1259885137501;1
12565;Zincirlikuyu Trafo;38.3868584896398;27.1245575225904;1
12566;Zincirlikuyu Trafo;38.3871;27.1249;1
12567;Seniha Mayda Ortaokulu;38.385600486439;27.124000526722;1
12568;Seniha Mayda Ortaokulu;38.3851949812739;27.1239392238979;1
12573;Aydın;38.3859;27.1315;1
12574;Aydın;38.3859;27.1317;1
12575;Dutlu Kahve;38.386;27.1327;1
12576;Dutlu Kahve;38.3859;27.1325;1
12577;Sağlık Ocağı;38.38489;27.13035;1
12578;Sağlık Ocağı;38.3845;27.1302;1
12579;Yeşilkaya;38.3832;27.1282;1
12580;Yeşilkaya;38.3833;27.1285;1
12581;Uğur Mumcu;38.3825;27.1265;1
12582;Uğur Mumcu;38.3824;27.1265;1
12583;Berber;38.3813;27.1269;1
12584;Berber;38.3813;27.1271;1
12585;Eserkent;38.380155;27.12795;1
12586;Eserkent;38.3799;27.1283;1
12589;Eserkent Son Durak;38.3814224854856;27.1304785080151;1
12596;Kasap;38.375682;27.130769;1
12597;Kaymakkuyu 1;38.3784;27.1335;1
12598;Karabağlar Briketçi;38.374;27.1297;1
12599;Kasap;38.3759;27.1308;1
12600;Bademlik;38.372502;27.129627;1
12601;Karabağlar Briketçi;38.3744;27.1297;1
12602;Sinan Cami;38.3699;27.1297;1
12603;Bademlik;38.372641;27.129468;1
12604;Karabağlar Atatürk Mesleki ve Teknik Anadolu Lisesi;38.3681004545331;27.1294005277385;1
12605;Cevdet Güçlüer İlkokulu;38.3707374607275;27.129549524677;1
12607;Karabağlar Atatürk Mesleki ve Teknik Anadolu Lisesi;38.3683004549948;27.1294005275574;1
12617;Karanfil;38.3812584757814;27.11612028676;1
12618;Karanfil;38.381108;27.116252;1
12620;Çamlık Yol Ayrımı;38.3803;27.1139;1
12621;Çamlık Yol Ayrımı;38.3803290894167;27.1134770005568;1
12622;Kaymakkuyu 2;38.377;27.1334;1
12623;Kaymakkuyu 2;38.3773;27.1333;1
12624;Trafo;38.3821414738122;27.1190955507177;1
12625;Trafo;38.3821;27.118;1
12629;Bahar Yıldırım İlkokulu;38.3783004775701;27.1295005160407;1
12630;Bahar Yıldırım İlkokulu;38.3779004773596;27.1301005143185;1
12633;2 Nolu Çağdaş Kahraman Sağlık Ocağı;38.3790004766288;27.1273005234038;1
12634;2 Nolu Çağdaş Kahraman Sağlık Ocağı;38.3786187487314;27.1275331330686;1
12638;Hasan Ali Yücel Parkı;38.3802795282804;27.1241744564096;1
12639;Hasan Ali Yücel Parkı;38.3805004762989;27.1242005332094;1
12641;İlkkurşun Anadolu Lisesi;38.3820004769656;27.1221005392713;1
12642;İlkkurşun Anadolu Lisesi;38.3819004764207;27.1218005405641;1
12643;İsmail Hakkı Tonguç Parkı;38.383599;27.118883;1
12644;İsmail Hakkı Tonguç Parkı;38.3835004750544;27.1178805536486;1
12646;Emniyet;38.3795;27.1182;1
12647;Emniyet;38.3794;27.1182;1
12648;Aktaş Cami;38.378600467241;27.1195005535537;1
12649;Aktaş Cami;38.3784004669468;27.1196005534053;1
12650;Günaltay Meydan;38.3778;27.1214;1
12651;Günaltay Meydan;38.3776;27.1216;1
12652;Barış;38.3772;27.1235;1
12653;Barış;38.3771;27.1237;1
12654;Selvili Cami;38.3752;27.1265;1
12655;Selvili Cami;38.3751;27.1264;1
12656;Karabağlar Trafo Merkezi;38.3746;27.1241;1
12657;Karabağlar Trafo Merkezi;38.3747;27.124;1
12662;Eserkent Köşe;38.379026474746;27.1252131700211;1
12664;Çağdaş;38.377;27.1246;1
12665;Eserkent Köşe;38.3792;27.1251;1
12666;Asiler;38.3757988669122;27.123037824491;1
12667;Çağdaş;38.3772;27.1247;1
12668;Umut;38.3751;27.1215;1
12669;Asiler;38.3758287774454;27.1230801555046;1
12670;İyiburnaz Ortaokulu;38.3741004598921;27.1213005516744;1
12671;Umut;38.3753;27.1216;1
12672;Eda;38.3724;27.1204;1
12673;İyiburnaz Ortaokulu;38.3742619649566;27.1213840229595;1
12674;Dere;38.3712701662591;27.1174119831105;1
12675;Eda;38.3728;27.1205;1
12676;Durallar İlkokulu;38.3714004472263;27.1139005818435;1
12677;Dere;38.3714;27.1175;1
12679;Durallar İlkokulu;38.3715397671156;27.113909726409;1
12694;Günaltay Park;38.3741;27.1179;1
12695;Günaltay Park;38.3742;27.118;1
12696;Günaltay;38.3735;27.1165;1
12700;Karabağlar Polis Merkezi;38.3709930964657;27.1351637794925;1
12701;Karabağlar Polis Merkezi;38.3709012340453;27.1350896381077;1
12702;Aydın Parkı;38.3687;27.1342;1
12703;Aydın Parkı;38.3687;27.1341;1
12704;Dede;38.3659004525679;27.1329005172292;1
12705;Ali Akatlar;38.367399;27.135533;1
12706;Sucu;38.3642;27.1327;1
12707;Dede;38.3661180726641;27.1329410640795;1
12708;Begonvil;38.3633;27.1322;1
12709;Sucu;38.3643;27.1326;1
12710;Aydın Mahallesi Eski Son Durak;38.3619;27.1305;1
12711;Begonvil;38.3634;27.1321;1
12712;Ali Akatlar;38.3671336130582;27.1334293314197;1
12713;Aydın Mahallesi Eski Son Durak;38.3619;27.1303;1
12714;Saka;38.3588;27.1277;1
12716;Köşe;38.3574894273478;27.1266825442684;1
12717;Saka;38.3588;27.1273;1
12718;Aktepe Cami;38.3562263655487;27.1281777105777;1
12719;Köşe;38.357326426893;27.126592544644;1
12720;Demirkıran;38.354;27.131;1
12721;Aktepe Cami;38.3555084239443;27.1286305383902;1
12722;Aktepe Polis Lojmanları;38.35309;27.131188;1
12723;Demirkıran;38.3540004216334;27.1307005319429;1
12724;Peker Mahallesi Eski Son Durak;38.3517;27.1288;1
12725;Aktepe Polis Lojmanları;38.3529;27.1306;1
12726;Eyüp El Ensari Cami;38.3523;27.1245;1
12727;Peker Mahallesi Eski Son Durak;38.3518;27.1288;1
12728;Yentur;38.3516;27.1267;1
12729;Eyüp El Ensari Cami;38.3524;27.1245;1
12731;Yentur;38.3517;27.1266;1
12733;Aydın Mahallesi;38.3527;27.1227;1
12736;Şehit Süleyman Ergin;38.3506;27.1274;1
12737;Şehit Süleyman Ergin;38.3505;27.1272;1
12738;Palmiyeler;38.3715;27.1124;1
12739;Palmiyeler;38.3718;27.1124;1
12740;Tahir Merzeci Ortaokulu;38.3702154431342;27.1119935898834;1
12741;Tahir Merzeci Ortaokulu;38.369616571522;27.1116681643225;1
12742;Yeni Çamlık;38.3677676833855;27.1108787486469;1
12747;Öksüz;38.371462;27.104003;1
12748;Öksüz;38.371278;27.103686;1
12749;Doğan;38.3706;27.1015;1
12750;Doğan;38.37057;27.101605;1
12751;Turna;38.3696;27.0985;1
12752;Turna;38.3695;27.0985;1
12753;Ödemiş;38.3692734345424;27.1042396196907;1
12754;Hulusi Kentmen 2;38.371386;27.106984;1
12755;Orta;38.3681;27.1031;1
12756;Ödemiş;38.3691674344469;27.1043576193021;1
12757;Neşe;38.366;27.1009;1
12758;Orta;38.368;27.103;1
12759;Fatih Seylan Cami;38.368;27.1005;1
12760;Neşe;38.366;27.1007;1
12761;Köşe;38.3668;;0
12762;Fatih Seylan Cami;38.367607;27.100567;1
12763;Tepe;38.3654;27.098;1
12764;Özgür Mahallesi Köşe;38.3667;27.1001;1
12765;Yüzbaşı Şerafettin;38.3640004203342;27.0985006433988;1
12766;Tepe;38.3653;27.0979;1
12767;Yüzbaşı Şerafettin Muhtarlık;38.3632884190052;27.098446643759;1
12768;Yüzbaşı Şerafettin;38.3640474203954;27.0984686435075;1
12769;Çağlayan;38.3632;27.1001;1
12777;Sümbül;38.3668;27.09391;1
12778;Sümbül;38.36682;27.0941;1
12779;Market;38.36657;27.09584;1
12780;Market;38.3662;27.09593;1
12781;Remzi Oğuz Arık İlkokulu;38.3659910506679;27.0946100875113;1
12782;Remzi Oğuz Arık İlkokulu;38.365850420621;27.0945306579399;1
12787;Yurtoğlu Muhtarlık;38.3614554144273;27.0975063469247;1
12788;Yurtoğlu Muhtarlık;38.3613469654716;27.0975186482605;1
12789;Cennetçeşme Beyazıt Cami;38.3611812433457;27.0872013898314;1
12790;Cennetçeşme Beyazıt Cami;38.3612;27.0872;1
12791;Muran;38.3645;27.0928;1
12792;Muran;38.3647;27.0929;1
12793;Tekstil;38.364533738183;27.0949279117867;1
12794;Tekstil;38.364874;27.094391;1
12795;Yurtoğlu Son Durak;38.3626;27.0959;1
12796;Yurtoğlu Son Durak;38.3627;27.096;1
12797;Yurtoğlu Pazaryeri;38.3615534132824;27.0947406578569;1
12798;Yurtoğlu Pazaryeri;38.3617004136522;27.0949006572471;1
12800;Karabaglar Nene Hatun Mesleki Ve Teknik Anadolu Lisesi;38.3604260971458;27.0979665659275;1
12801;Yurtoğlu Üçyol;38.361696410017;27.089548677372;1
12802;Yurtoğlu Üçyol;38.3619794108189;27.0900346755317;1
12804;Şehit Egemen Öztürk Ortaokulu;38.3612004111477;27.0925006662622;1
12805;İlkkent;38.3633154150244;27.0928326648591;1
12806;Market;38.3603;27.0912;1
12807;Şehit Egemen Öztürk Ortaokulu;38.3608274102915;27.0921856674481;1
12808;Destan Aksoy Parkı;38.360509;27.094273;1
12809;Market;38.3604;27.0911;1
12810;Cennetçeşme;38.3586;27.0916;1
12811;Destan Aksoy Parkı;38.3606470880285;27.0942515779408;1
12818;Ana Sağlığı;38.3687;27.1262;1
12819;Ana Sağlığı;38.368795;27.127269;1
12820;Mevlana Cami;38.3694;27.1243;1
12821;Mevlana Cami;38.369289;27.124918;1
12822;Çamlık Cami;38.368239;27.121798;1
12823;Çamlık Cami;38.3682104476252;27.1215935558896;1
12824;Zeytin;38.3665;27.1204;1
12825;Zeytin;38.3663;27.1203;1
12826;Konut;38.364684;27.119696;1
12827;Konut;38.3647;27.1194;1
12828;Tepe;38.3641;27.1204;1
12829;Tepe;38.3641004375475;27.1203005633786;1
12830;Zambak;38.3629;27.121469;1
12831;Zambak;38.3635;27.1213;1
12832;Apdi İpekci Mahalle Muhtarlık;38.366383;27.11925;1
12833;Çamlık;38.3634;27.1202;1
12840;Sarısalkım;38.3676;27.1186;1
12842;Palmiye;38.3671;27.1172;1
12844;Ceviz;38.3654;27.1169;1
12846;Tulumba;38.3642004357181;27.1178005723203;1
12847;Tulumba;38.3643433913206;27.117649176449;1
12848;Karabağlar Sağlık Ocağı;38.3679;27.1255;1
12849;Karabağlar Sağlık Ocağı;38.3678;27.1253;1
12850;Demirci;38.3653;27.1244;1
12851;Demirci;38.3654;27.1244;1
12852;Trafo;38.3637;27.1235;1
12853;Trafo;38.3636;27.1234;1
12854;Tepe;38.3617;27.1243;1
12855;Tepe;38.3617;27.1242;1
12856;Sağlık Ocağı;38.3595;27.1234;1
12863;Demirci;38.364585;27.128885;1
12864;Demirci;38.3651;27.129;1
12865;Lalepaşa Cami;38.3628;27.1283;1
12866;Lalepaşa Cami;38.3628;27.1285;1
12867;Manav;38.3608;27.1284;1
12868;Manav;38.3607;27.1286;1
12874;Halkapınar Tramvay;38.4334524362462;27.1704068630941;1
12876;Halil Tan Parkı;38.3155;27.1319;1
12877;Büyükşehir Kurs Merkezi;38.324758;27.134262;1
12878;Büyükşehir Kurs Merkezi;38.3251;27.1359;1
12879;Gaziemir PTT;38.323747;27.131953;1
12880;Gaziemir PTT;38.3238;27.1323;1
12881;Gaziemir Belediyesi;38.3225003365559;27.1293005245524;1
12882;Gaziemir Belediyesi;38.3227;27.13;1
12883;Gaziemir Merkez Cami;38.321508;27.127265;1
12884;Gaziemir Merkez Cami;38.320597;27.127065;1
12885;Yeşil Mahallesi Muhtarlığı;38.316873;27.130797;1
12886;Gaziemir Trafo;38.3192;27.1286;1
12887;İkinci Nizamiye;38.3132;27.1335;1
12888;Yeşil Mahallesi Muhtarlığı;38.317772;27.130094;1
12889;Gazikent Muhtarlık;38.311421;27.136241;1
12890;İkinci Nizamiye;38.3131;27.1338;1
12891;Gaziemir Trafo;38.319044;27.128586;1
12892;Gazikent Muhtarlık;38.311033;27.137181;1
12893;Gaziemir Belediyesi Spor Tesisi;38.308727294194;27.1390954804779;1
12895;Halil Tan Parkı;38.3156;27.1317;1
12896;Gaziemir Belediyesi Spor Tesisi;38.3088802946666;27.1392204804062;1
12906;Lale;38.3292;27.1285;1
12907;Lale;38.3295;27.1283;1
12908;Sümbül;38.3301;27.1269;1
12909;Sümbül;38.3301;27.1267;1
12910;Yasemin;38.3291;27.1248;1
12911;Yasemin;38.3292;27.1242;1
12912;Evrensel Sitesi;38.3288;27.1229;1
12913;Evrensel Sitesi;38.329;27.1229;1
12914;Leylak;38.3277;27.1199;1
12915;Leylak;38.3279;27.1198;1
12918;Doktorlar Sitesi;38.3318;27.113;1
12919;Doktorlar Sitesi;38.3317;27.1133;1
12920;Güneş Sitesi;38.3329;27.1103;1
12921;Güneş Sitesi;38.3329;27.1105;1
12922;Akyüz;38.3341;27.1085;1
12923;Akyüz;38.3343;27.1086;1
12924;Zafer Mahallesi Muhtarlık;38.3351;27.1052;1
12925;Zafer Mahallesi Muhtarlık;38.3352;27.1053;1
12926;Evka 7;38.3367;27.1042;1
12927;Evka 7;38.3367;27.1043;1
12928;Evka 7 Son Durak;38.3381003714104;27.1043006156639;1
12931;Hasan Kara Parkı;38.3282;27.1305;1
12932;Hasan Kara Parkı;38.3282;27.1301;1
12934;Albay İbrahim Karaoğlanoğlu;38.326208;27.131615;1
12935;Albay İbrahim Karaoğlanoğlu;38.3263;27.1318;1
12937;Özcan Sitesi;38.307;27.1386;1
12939;Erol Özdil;38.3065;27.1375;1
12940;Şehit Üsteğmen Hakan Özkaner;38.313165;27.139003;1
12941;Şehit Serhat Sığnak Mesleki ve Teknik Anadolu Lisesi;38.3062002866089;27.1364004829582;1
12942;Birinci Nizamiye;38.313;27.1361;1
12943;Sosyal Konutlar;38.3053002831879;27.1386004760653;1
12944;Şehit Polis Ahmet Atilla Güneş İlkokulu;38.311805;27.140609;1
12945;Şehit Polis Ahmet Atilla Güneş İlkokulu;38.31179;27.14046;1
12946;Gaziemir İMKB Mesleki ve Teknik Anadolu Lisesi;38.3093002958217;27.1405004778843;1
12947;Gaziemir İMKB Mesleki ve Teknik Anadolu Lisesi;38.3094302962677;27.1403404784744;1
12948;Özcan Sitesi;38.3073;27.1387;1
12957;Sarnıç Köprüsü;38.311978303868;27.147293464823;1
12960;Hava Teknik Okulu;38.3077;27.1568;1
12961;Karakol;38.3034;27.1628;1
12962;Karakol;38.3036;27.1631;1
12963;Havacılık Meslek Yüksek Okulu;38.3016192638365;27.1650944105232;1
12964;Havacılık Meslek Yüksek Okulu;38.302061265599;27.1648174117167;1
12965;Adnan Menderes İlkokulu;38.2989002526876;27.1673004020798;1
12966;Adnan Menderes İlkokulu;38.2986020581646;27.1675705774192;1
12967;Sarnıç Meydan;38.2975;27.1681;1
12968;Sarnıç Meydan;38.2974482465951;27.1684843975323;1
12969;Bayrak;38.2957;27.1691;1
12970;Bayrak;38.2959652404597;27.1691413939485;1
12971;Sarnıç Belediye Garajı;38.2944;27.1695;1
12972;Sarnıç Belediye Garajı;38.2945852347336;27.1696293907963;1
12973;Sardunya;38.2935022295466;27.1717133850619;1
12974;Sardunya;38.2936572302347;27.171573385579;1
12975;Sarnıç Sağlık Ocağı;38.2935;27.174;1
12976;Sarnıç Sağlık Ocağı;38.2936;27.1739;1
12977;Sarnıç Trafo;38.2964;27.1732;1
12978;Sarnıç Trafo;38.2962;27.1732;1
12979;Bisikletçi;38.2981002479115;27.1729003897364;1
12980;Bisikletçi;38.2983792489626;27.1731973895377;1
12981;Çarşı;38.2977322456336;27.1756533838581;1
12982;Çarşı;38.297883;27.175502;1
12983;Muhtarlık;38.2986022484998;27.1784543795811;1
12984;Muhtarlık;38.2985922485306;27.1781663801244;1
12985;Sarnıç Eski Son durak;38.2995;27.1809;1
12986;Sarnıç Eski Son durak;38.2996;27.1808;1
12987;Sarnıç Çamlık;38.3014;27.1801;1
12988;Sarnıç Çamlık;38.3015;27.1799;1
12989;Sanayi Caddesi;38.3042672719339;27.1783603861463;1
12990;Sanayi Caddesi;38.3044;27.1781;1
12991;Sarnıç Piknik Alanı;38.3073;27.1757;1
12992;Sarnıç Piknik Alanı;38.3066332817738;27.1761133930966;1
12993;Karaçam;38.309808;27.17337;1
12994;Karaçam;38.30974;27.173688;1
12995;Gazeteler;38.310077;27.170214;1
12996;Gazeteler;38.309526;27.17096;1
12997;Dolmuşçular;38.310191;27.166259;1
12999;Açelya;38.3083;27.1579;1
13000;Sarnıç;38.31;27.1668;1
13002;Mimar Kemalettin Tekstil Meslek Lisesi;38.3049;27.1589;1
13003;Mimar Kemalettin Anadolu Lisesi;38.3042002747629;27.1596004259221;1
13004;Açelya;38.308157;27.157683;1
13005;Sarnıç Dere;38.3098002958476;27.1535004471476;1
13006;Sarnıç Dere;38.3101002969076;27.1534004477515;1
13007;Hava Teknik Okulu;38.3069;27.1568;1
13009;Gaziemir Belediye Şantiye;38.309498;27.163365;1
13010;Gaziemir Belediye Şantiye;38.309446;27.163756;1
13016;Havalimanı Dış Hatlar Geliş;38.2948002443296;27.1476004357995;1
13018;Havalimanı İç Hatlar Geliş;38.2914002315098;27.1488004260661;1
13021;Çatalca Mezarlık;38.2525713628713;27.0756484702508;1
13022;Çatalca Mezarlık;38.2520321551563;27.0758340870172;1
13029;PTT;38.27732;27.19454;1
13030;PTT;38.27722;27.19462;1
13031;Doğa;38.2753;27.1935;1
13032;Doğa;38.2748;27.1934;1
13033;Çam;38.2726;27.1921;1
13034;Çam;38.2721;27.192;1
13035;Demirci;38.2699;27.1907;1
13036;Demirci;38.2698;27.1909;1
13037;Birsan;38.2689;27.193;1
13038;Birsan;38.269;27.1932;1
13039;Kip;38.2712;27.1946;1
13040;Kip;38.2717;27.1946;1
13041;Köşe;38.2739;27.1959;1
13042;Köşe;38.2739;27.1957;1
13043;Kısık Köy;38.2754291352412;27.1962113134757;1
13054;Yukarı Sancaklı Çıkış;38.141568;27.165656;1
13055;Yukarı Sancaklı Çıkış;38.141446;27.165613;1
13056;Sancaklı Küme Evleri;38.147674;27.157743;1
13057;Sancaklı Küme Evleri;38.14866;27.15684;1
13058;Yukarı Sancaklı;38.1433;27.1696;1
13059;Yukarı Sancaklı;38.1433;27.1699;1
13060;Sancaklı Tepe;38.138621;27.16319;1
13061;Sancaklı Tepe;38.138613;27.163305;1
13062;Sancaklı Meydan;38.137899;27.161369;1
13063;Sancaklı Meydan;38.137902;27.161047;1
13064;Aşağı Sancaklı Giriş;38.13875;27.159695;1
13065;Aşağı Sancaklı Giriş;38.13852;27.159848;1
13066;Sancaklı Muhtarlık;38.1424;27.1675;1
13067;Sancaklı Muhtarlık;38.1424;27.1673;1
13068;Mandıra;38.14641;27.172474;1
13069;Mandıra;38.1464;27.1727;1
13070;Akasya;38.1478388249871;27.1765845977768;1
13071;Akasya;38.147899471122;27.1770995968096;1
13072;Gül;38.1486;27.179;1
13073;Gül;38.1486;27.1789;1
13074;Çileme Merkez;38.1502000872615;27.1789618935579;1
13075;Çileme Merkez;38.149892;27.179077;1
13078;Sancaklı Saha;38.140235;27.158575;1
13079;Çileme Bahçe;38.147;27.1743;1
13080;Çileme Bahçe;38.147;27.1742;1
13083;Sancaklı Saha;38.140128;27.158393;1
13084;Mezarlık;38.14489;27.15741;1
13085;Mezarlık;38.14494;27.157612;1
13086;Sevda;38.360757;27.131322;1
13087;Sevda;38.3607414386886;27.1312515268411;1
13088;Fulden;38.3589801735305;27.1303004948476;1
13089;Fulden;38.3590054394876;27.1302885634167;1
13090;Müjde;38.3578330261847;27.1296447833384;1
13091;Müjde;38.3579696787;27.1295974301767;1
13098;Refet Bele Mahalle Muhtarlığı;38.3897004791377;27.1118005690184;1
13099;Refet Bele Mahalle Muhtarlığı;38.3897;27.1116;1
13102;Aydınoğlu Mehmetbey İlkokulu;38.3893134716131;27.1061745924325;1
13103;Aydınoğlu Mehmetbey İlkokulu;38.3892714714425;27.1060905928338;1
13104;Vatan;38.391015;27.103556;1
13105;Vatan;38.391238;27.103295;1
13106;Semral Gülcemal Parkı;38.390562;27.101862;1
13107;Semral Gülcemal Parkı;38.390446;27.101931;1
13114;Adil İçel İlkokulu;38.3841;27.1007;1
13115;Adil İçel İlkokulu;38.3841;27.1005;1
13116;Salih Omurtak Üst Yol;38.3827;27.0983;1
13117;Salih Omurtak Üst Yol;38.3828;27.0984;1
13118;Şehit Astsubay Yahya Efiloğlu;38.3814;27.0961;1
13119;Şehit Astsubay Yahya Efiloğlu;38.3813;27.0962;1
13120;Dernek;38.3795;27.0977;1
13121;Dernek;38.379599;27.098106;1
13123;Salih Omurtak 2 Son Durak;38.3783;27.0948;1
13124;Menekşe;38.3794;27.096;1
13125;Menekşe;38.3793;27.0959;1
13130;Dereköy;38.246;27.1133;1
13162;Esbaş Otopark;38.335624;27.135535;1
13163;Esbaş;38.335522;27.136289;1
13164;Esbaş;38.3354608855736;27.1364229896989;1
13165;Esbaş;38.335339;27.136298;1
13166;Esbaş;38.335418;27.136299;1
13181;Yasemin Uysal;38.3415003956391;27.1441004914353;1
13182;Yasemin Uysal;38.3415016282067;27.1439672033303;1
13183;Serdengeçti;38.3421;27.1363;1
13184;Serdengeçti;38.3422;27.1361;1
13223;Şehit Üsteğmen Ahmet Konuksever;38.31317;27.140991;1
13234;Dokuz Eylül;38.3157;27.1464;1
13248;Yavuz Selim İlkokulu;38.3519563909246;27.084978691959;1
13249;Yavuz Selim İlkokulu;38.3520263911497;27.0851966911949;1
13250;Fatih Sultan Mehmet Teknik ve Endüstri Meslek Lisesi;38.351281389204;27.0837686960389;1
13251;Fatih Sultan Mehmet Teknik ve Endüstri Meslek Lisesi;38.3509783888221;27.0840496948424;1
13254;Yasemin;38.3558683959306;27.0821127042863;1
13255;Yasemin;38.3562003963481;27.0819007052028;1
13256;Sümbül;38.353096;27.082677;1
13257;Sümbül;38.3529170204957;27.0827249327675;1
13258;Nergiz;38.3539003941215;27.0848006935055;1
13259;Nergiz;38.3541;27.0849;1
13260;Leylak;38.3551;27.0859;1
13261;Leylak;38.355;27.086;1
13262;Lavanta;38.3529003937992;27.087500683156;1
13263;Lavanta;38.3528164095967;27.0876119726243;1
13264;Toki Evleri Son Durak;38.3538;27.0905;1
13265;Zambak;38.3585;27.0814;1
13266;Zambak;38.3586;27.0815;1
13267;Yaşar Kemal Mahalle Muhtarlığı;38.3539193926737;27.0819197041975;1
13268;Yaşar Kemal Mahalle Muhtarlığı;38.3539923928849;27.0821007035576;1
13274;Menderes Altgeçit;38.2626840014347;27.1612142811743;1
13275;Menderes Altgeçit;38.262482;27.161437;1
13276;Cumaovası Aktarma Merkezi;38.262745;27.162681;1
13277;Cumaovası Aktarma Merkezi;38.262733880243;27.1627535690386;1
13278;Cumaovası Aktarma Merkezi;38.2629139847252;27.1626405724885;1
13279;Cumaovası Aktarma Merkezi;38.2629151082168;27.1627473478212;1
13280;Cumaovası Aktarma Merkezi;38.2629947237811;27.1627022999752;1
13281;Cumaovası Aktarma Merkezi;38.2630749058509;27.1626824244529;1
13300;Sarnıç Aktarma Merkezi;38.3130623076489;27.1446784726641;1
13301;Sarnıç Aktarma Merkezi;38.3131923080789;27.1446234729634;1
13302;Sarnıç Aktarma Merkezi;38.3133573086231;27.144571473298;1
13303;Sarnıç Aktarma Merkezi;38.3134213088271;27.1446704731284;1
13304;Sarnıç Aktarma Merkezi;38.3132553082788;27.1447354727608;1
13306;Sarnıç Aktarma Merkezi;38.3130713076688;27.1448284722999;1
13329;Dereköy İlkokulu;38.2474445405328;27.1161837391423;1
13330;Dereköy İlkokulu;38.247168656385;27.1160246256027;1
13331;Dereköy;38.2461;27.1134;1
13332;İncir Fabrikası;38.248365;27.120973;1
13333;İncir Fabrikası;38.248715;27.121609;1
13334;Dereköy Kavşak;38.2486;27.1238;1
13335;Dereköy Kavşak;38.248815;27.124359;1
13338;Aktepe Giriş;38.352;27.1323;1
13339;Aktepe Giriş;38.3522;27.1324;1
13340;Kemer Aktarma Merkezi;38.42144;27.15689;1
13341;Kemer Aktarma Merkezi;38.42157;27.15685;1
13343;Kemer Aktarma Merkezi;38.42192;27.15673;1
13344;Kemer Aktarma Merkezi;38.42192;27.15681;1
13345;Kemer Aktarma Merkezi;38.4219;27.15685;1
13346;Kemer Aktarma Merkezi;38.42178;27.1569;1
13347;Kemer Aktarma Merkezi;38.42153;27.15653;1
13348;Kemer Aktarma Merkezi;38.4217912711507;27.1564417903111;1
13349;Kemer Aktarma Merkezi;38.4219606134256;27.1563703052364;1
13351;Kemer Aktarma Merkezi;38.4213407389478;27.156574811174;1
13352;Kemer Aktarma Merkezi;38.4215879490639;27.156695207182;1
13385;Yeşilyurt Pazaryeri;38.3915004682173;27.1005006126975;1
13386;Yeşilyurt Pazaryeri;38.3917;27.1007;1
13387;Münevver Teyze Parkı;38.3936;27.102;1
13388;Münevver Teyze Parkı;38.3936;27.1022;1
13389;Güven Cami;38.3942;27.1054;1
13390;Güven Cami;38.394;27.1054;1
13391;Karasu;38.3959;27.1065;1
13392;Karasu;38.3957;27.1068;1
13416;Dirmil Tarla;38.244433622684;27.4168586814937;1
13417;Dirmil Tarla;38.2444363262282;27.4170724126827;1
13418;Ongül;38.2427;27.4099;1
13419;Ongül;38.2426;27.4097;1
13421;Karakuyu Çıkış;38.2385997091301;27.3970003098905;1
13422;Karakuyu Çıkış;38.2386;27.3967;1
13423;Dirmil Giriş;38.2449640350097;27.4200940802926;1
13424;Dirmil Giriş;38.2449997664089;27.4202003308581;1
13425;Dirmil İlkokulu;38.245099766854;27.4221003333376;1
13426;Dirmil İlkokulu;38.2450997667168;27.4225003339131;1
13427;İncirağa;38.2448;27.424;1
13428;İncirağa;38.2448;27.4241;1
13429;Meydan;38.2439;27.4255;1
13430;Meydan;38.244;27.4254;1
13431;Beyaz Ev;38.2417;27.4277;1
13432;Beyaz Ev;38.2418;27.4276;1
13433;Dirmil Çıkış;38.2399411490101;27.4296901589991;1
13434;Dirmil Çıkış;38.2399997060406;27.4298003576052;1
13435;Ormanköy;38.2490998075527;27.4555003717385;1
13436;Ormanköy;38.2491548499395;27.455468356771;1
13437;Pınar Mevkii;38.2464997763622;27.4530003768071;1
13438;Pınar Mevkii;38.2461;27.4522;1
13439;Helvacı Köyü;38.2435477387697;27.4724184216905;1
13440;Helvacı Köyü;38.2434177371279;27.472277421929;1
13441;Çamlık;38.2445;27.4728;1
13442;Çamlık;38.2445;27.4727;1
13443;Dağtekke;38.2476;27.5097;1
13444;Ormanköy Meydan;38.2497;27.4573;1
13445;Ormanköy Meydan;38.2497;27.4574;1
13446;Yukarıcık;38.2498;27.4583;1
13447;Yukarıcık;38.2497;27.4583;1
13472;Gölcükler Cami;38.261648123311;27.1437543460942;1
13473;Yonca;38.2648371330934;27.1461973541658;1
13474;Yonca;38.2648622084616;27.1461068892956;1
13475;Gazi İlkokulu;38.2672407859768;27.1458703117373;1
13476;Gazi İlkokulu;38.2669901421728;27.1455453627876;1
13477;Gazipaşa Mah Muhtarlık;38.265436666667;27.143038333333;1
13478;Gazipaşa Mah Muhtarlık;38.265391;27.143103;1
13479;Ondokuz Mayıs;38.2642281348032;27.1424203577878;1
13480;Ondokuz Mayıs;38.2641011343178;27.1424173573232;1
13481;Çınar;38.263511;27.138952;1
13482;Çınar;38.263196134124;27.139462358539;1
13487;Uzlar;38.26393;27.13707;1
13488;Uzlar;38.26395;27.136895;1
13489;Zeytin;38.2615761320908;27.1358883578458;1
13490;Zeytin;38.2615291320845;27.1357423578884;1
13491;Ege Kar;38.2610071331712;27.1331553598736;1
13492;Ege Kar;38.2611111336156;27.1331033603771;1
13495;Merkez Sokak;38.2474;27.1104;1
13496;Merkez Sokak;38.24731;27.110486;1
13497;Üzüm Bağları;38.242729;27.089582;1
13498;Üzüm Bağları;38.242848;27.089777;1
13499;Akçaköy Yol Ayrımı;38.2419;27.0936;1
13500;Akçaköy Yol Ayrımı;38.2418;27.0937;1
13501;Çatalca Yol Ayrımı;38.2435;27.0852;1
13502;Çatalca Yol Ayrımı;38.2434;27.0863;1
13503;Çatalca Seralar;38.255033333333;27.07254;1
13504;Çatalca Seralar;38.254774;27.07265;1
13505;Çatalca;38.257123333333;27.070021666667;1
13506;Çatalca;38.256912;27.070018;1
13507;Çatalca Köprü;38.26011;27.067181;1
13508;Çatalca Köprü;38.260181;27.067007;1
13509;Tırazlı Yol Ayrımı;38.267925;26.992668333333;1
13510;Tırazlı Yol Ayrımı;38.268171;26.992452;1
13511;Efem Çukuru Hal;38.2785753416448;26.9725208648677;1
13512;Efem Çukuru Hal;38.2786733420327;26.9721458668031;1
13513;Efemçukuru İkokulu;38.2800613411425;26.9709225764032;1
13514;Efemçukuru İkokulu;38.2800856707811;26.9707412956686;1
13515;Efem Çukuru Son durak;38.280631533123;26.9686531959291;1
13516;Çatalca Meydan;38.259483;27.070136;1
13517;Çatalca Meydan;38.260235;27.069491;1
13518;Orman İşletmesi;38.243459;27.08238;1
13519;Orman İşletmesi;38.243564;27.082035;1
13520;Orhanlı;38.1682562082576;26.9541335680223;1
13521;Orhanlı;38.1681926206528;26.9539441196884;1
13535;Eksen Deresi;38.064220408943;26.8779405034542;1
13536;Eksen Deresi;38.0641241212874;26.8776296826667;1
13539;Doğanbey Payamlı Son Durak;38.086004;26.867287;1
13540;Ömür Beldesi;38.0608;26.8782;1
13542;Doğanbey Payamlı;38.085131379557;26.8605103686405;1
13543;Ömür Beldesi;38.0604;26.8785;1
13544;Haritacılar Sitesi;38.1307006777311;26.8376995701031;1
13545;Doğanbey Payamlı;38.0871656401566;26.8601406593705;1
13546;Güneşlikent;38.1406846736749;26.8346397570641;1
13547;Haritacılar Sitesi;38.1307995428565;26.8383535315911;1
13548;Kemerkaya Evleri;38.1540362053259;26.8326322174809;1
13549;Güneşlikent;38.1409387343456;26.8347081847827;1
13550;Yenikent;38.1588;26.8298;1
13551;Kemerkaya Evleri;38.1541006598716;26.8327999899825;1
13553;Yenikent;38.1593745023134;26.8296449934718;1
13554;Akarca;38.1642536662032;26.8261421792774;1
13556;Hıdırlık;38.1750470497854;26.8289338964323;1
13557;Akarca;38.1642088393647;26.8265474048458;1
13558;Tepecik Caddesi;38.1805646200579;26.8330363968551;1
13559;Hıdırlık;38.1751006368773;26.8293003314511;1
13560;Kuşadası Caddesi;38.1874006050772;26.8352004850881;1
13561;Tepecik Caddesi;38.181103;26.83381;1
13562;İzmir Caddesi;38.190936;26.834332;1
13563;Kuşadası Caddesi;38.1876;26.8354;1
13564;Sığacık Yol Ayrımı;38.194414;26.834147;1
13565;İzmir Caddesi;38.1919395999121;26.8343745508317;1
13567;Sığacık Yol Ayrımı;38.1957016014784;26.8343066349421;1
13568;Gümüşkent Yol Ayrımı;38.191223;26.982632;1
13569;Yeniköy Atış Poligonu;38.2243317476851;27.0558986539143;1
13570;Yeniköy Atış Poligonu;38.2238785418506;27.0552636505993;1
13571;Seven;38.226074;27.056904;1
13572;Seven;38.226087;27.057117;1
13573;Gümüşkent Yol Ayrımı;38.191248;26.983074;1
13574;Zambak;38.1642;26.9491;1
13575;Zambak;38.1642;26.949;1
13576;Maviçiçek;38.162245;26.944657;1
13577;Maviçiçek;38.1624;26.9446;1
13578;Yeniköy Kahveler;38.216457;27.044453;1
13579;Yeniköy Kahveler;38.2167;27.0447;1
13580;Yeniköy Menekşe;38.2221;27.0515;1
13581;Yeniköy Menekşe;38.2224;27.0517;1
13582;Yeniköy Zambak;38.2215;27.0495;1
13583;Yeniköy Zambak;38.221475;27.049316;1
13584;Plastik Fabrikası;38.241;27.1006;1
13585;Plastik Fabrikası;38.2411;27.1006;1
13586;Yeniköy Lale;38.2198;27.0478;1
13587;Yeniköy Lale;38.2198;27.0476;1
13588;Üzümlü;38.230724;27.060691;1
13589;Üzümlü;38.231;27.0609;1
13590;Bahçecik;38.233372;27.06535;1
13591;Bahçecik;38.233472;27.065236;1
13592;Orkide;38.2285;27.0587;1
13593;Orkide;38.2285;27.0586;1
13594;Yeniköy Giriş;38.218148;27.046504;1
13595;Yeniköy Giriş;38.2184;27.0466;1
13596;Yeniköy Ortaokulu;38.2154820269689;27.0435207545211;1
13597;Yeniköy Ortaokulu;38.2157392551963;27.0436627824782;1
13598;Menekşe;38.2114;27.0393;1
13599;Menekşe;38.2116;27.0395;1
13600;Sümbül;38.2025271692962;27.0232561375057;1
13601;Sümbül;38.2023871696518;27.0229971365866;1
13602;Kuyucak;38.191311;26.992742;1
13603;Kuyucak;38.191235;26.992159;1
13604;Karanfil;38.1915;26.9858;1
13605;Karanfil;38.191685;26.985812;1
13606;Gümüşkent;38.191207;26.980245;1
13607;Gümüşkent;38.191289;26.980166;1
13608;Beyler Köyü Yol Ayrımı;38.187933;26.971392;1
13609;Beyler Köyü Yol Ayrımı;38.189246;26.971149;1
13610;Leylak;38.1845;26.9686;1
13611;Leylak;38.184654;26.968578;1
13612;Nergis;38.181;26.9653;1
13613;Nergis;38.18112;26.96526;1
13614;Firdem;38.17712829435;26.9619389685648;1
13615;Firdem;38.1770955025788;26.9618244800432;1
13616;Yeni Orhanlı Ortaokulu;38.1690003070665;26.9550998777503;1
13617;Yeni Orhanlı Ortaokulu;38.16910030774;26.9548998794574;1
13618;Orhanlı Muhtarlık;38.166202;26.951605;1
13619;Orhanlı Muhtarlık;38.166204;26.951423;1
13620;Kuru Dere;38.1611;26.9415;1
13621;Kuru Dere;38.1612;26.9416;1
13622;Papatya;38.1570003662638;26.9350998825477;1
13623;Papatya;38.1570494432844;26.9351646900022;1
13624;Sardunya;38.1491;26.9269;1
13625;Sardunya;38.1492;26.9269;1
13626;Sarmaşık;38.1409;26.9236;1
13627;Sarmaşık;38.1407;26.9233;1
13628;Yeni Orhanlı Küme Evleri;38.135517;26.921031;1
13629;Yeni Orhanlı Küme Evleri;38.135494;26.920897;1
13630;Kavacık;38.128749;26.916664;1
13631;Kavacık;38.1289;26.9166;1
13632;Kavak;38.1065948190968;26.9153189126824;1
13633;Kavak;38.1066185509185;26.9147300079784;1
13634;Gonca;38.0998005529318;26.9117978874279;1
13635;Gonca;38.0999670371726;26.9116298333168;1
13636;Karakoç Kaplıcaları;38.0904;26.9173;1
13637;Karakoç Kaplıcaları;38.0905;26.916953;1
13638;Payamlı Yol ayrımı;38.087093;26.929197;1
13639;Payamlı Yol ayrımı;38.087225;26.928695;1
13640;Baraj Yolu;38.082398;26.949386;1
13641;Baraj Yolu;38.082438;26.949264;1
13642;Ürkmez Pazaryeri;38.0799;26.9564;1
13643;Ürkmez Pazaryeri;38.0801;26.956;1
13644;Gülhatmi;38.2095;27.0338;1
13645;Gülhatmi;38.2095;27.0335;1
13646;Hercai;38.2079;27.0301;1
13647;Hercai;38.2079;;0
13648;Dalya;38.2057;27.0269;1
13649;Dalya;38.2057;27.0268;1
13650;İnci;38.1961;27.0064;1
13651;İnci;38.196;27.0061;1
13652;Mimoza;38.1944;27.0012;1
13653;Mimoza;38.1944;27.001;1
13654;Saraypatı;38.193;26.9971;1
13655;Saraypatı;38.1931;26.9969;1
13656;Fulya;38.0953;26.9134;1
13657;Ardıç;38.182;26.9669;1
13658;Ardıç;38.182;26.9671;1
13659;Erguvan;38.1268;26.9166;1
13660;Erguvan;38.1268;26.9167;1
13661;Yağmur;38.1229004114528;26.9161992468963;1
13662;Yağmur;38.1229;26.9163;1
13663;Sarısalkım;38.1205;26.9156;1
13664;Sarısalkım;38.1207;26.9156;1
13665;Çoban Yıldızı;38.158;26.9372;1
13666;Çoban Yıldızı;38.1581;26.9375;1
13667;Nar Çiçeği;38.092233;26.915684;1
13668;Nar Çiçeği;38.092541;26.915452;1
13669;Karakoç Dere;38.1044206296718;26.9131003619505;1
13670;Karakoç Dere;38.1043794172547;26.9132519177956;1
13671;Fulya;38.095102;26.913421;1
13672;Orhanlı Gündoğdu;38.185478;26.969605;1
13673;Orhanlı Gündoğdu;38.185538;26.969548;1
13674;Ürkmez İstiklal;38.078556;26.956174;1
13675;Ürkmez İstiklal;38.078474;26.956017;1
13676;Mehmetcik;38.0813105054245;26.9534473184484;1
13677;Mehmetcik;38.081119;26.953521;1
13678;Ömür Sitesi Sahil Yolu;38.0625886640799;26.8585321163606;1
13679;Ömür Sitesi Sahil Yolu;38.0627096634799;26.8586441190116;1
13680;Dağ Evleri;38.138242;26.922357;1
13681;Dağ Evleri;38.138352;26.922239;1
13682;Ömür Sitesi Mavi;38.063375;26.8609;1
13683;Ömür Sitesi Mavi;38.063481;26.860886;1
13684;Ömür Sitesi Yağmur;38.0647396440273;26.862568160346;1
13685;Ömür Sitesi Güneş;38.0654326732221;26.8561201857774;1
13686;Ömür Sitesi Merkez;38.067095;26.855996;1
13687;Ömür Sitesi Yağmur;38.0654876443888;26.8623951777579;1
13688;Ömür Sitesi Güneş;38.0654156743438;26.8558771857593;1
13690;Taşkesik Camii;38.1719;27.4454;1
13691;Taşkesik Camii;38.1719;27.4456;1
13692;Taşkesik Zeytinlik;38.1745;27.4465;1
13693;Taşkesik Zeytinlik;38.1747;27.4468;1
13694;Taskesik İlkokulu;38.1760938858134;27.4480334885892;1
13695;Taskesik İlkokulu;38.1761338858732;27.4482464894002;1
13696;Taşkesik;38.1703748213828;27.4433671093343;1
13697;Taşkesik;38.170418816077;27.4452254769334;1
13698;Havuzbaşı Zeytinlik;38.1773032287771;27.4686717065266;1
13700;Değirmenaltı;38.1638;27.4144;1
13701;Değirmenaltı;38.1637;27.4145;1
13702;Saraç;38.154;27.4;1
13703;Saraç;38.1538;27.4002;1
13704;Şehitler Çıkış;38.1521127053364;27.4005697683253;1
13705;Şehitler Çıkış;38.1521087050484;27.4006527686609;1
13706;Aslanlar;38.1646;27.416;1
13707;Aslanlar;38.1646;27.4161;1
13708;Taşkesik Son Durak;38.1788;27.4502;1
13709;Havuzbaşı Çıkış;38.1724549846915;27.4704823263983;1
13710;Havuzbaşı Son Durak;38.1694;27.4702;1
13712;Havuzbaşı Çıkış;38.1725549864043;27.4703823260915;1
13713;Çiftçi Gediği Köy Yolu;38.1868209290485;27.5055406999115;1
13715;Çiftçi Gediği Çıkış;38.2005;27.5026;1
13716;Çiftçi Gediği Köy Yolu;38.1865089243376;27.5055587007605;1
13717;Çiftçi Gediği Giriş;38.2018;27.5045;1
13718;Çiftçi Gediği Çıkış;38.2005008678194;27.5025665180418;1
13719;Kızılcaova Çıkış;38.2043126478421;27.5126302738736;1
13720;Çiftçi Gediği Giriş;38.2018;27.5047;1
13721;Kızılcaova Merkez;38.2061843697694;27.5128042717391;1
13722;Kızılcaova Çıkış;38.204399182594;27.5124006726037;1
13723;Kızılcaova Giriş;38.2061168756385;27.5161699389559;1
13724;Kızılcaova Merkez;38.2062766460766;27.5126524181984;1
13725;Şehit Murat Cerit;38.2095;27.5393;1
13726;Kızılcaova Giriş;38.2060168738625;27.5163699399665;1
13727;Cumhuriyet Meydanı;38.209599240309;27.5414007524792;1
13728;Şehit Murat Cerit;38.2095;27.5392;1
13730;Cumhuriyet Meydanı;38.2096992419231;27.5413007516554;1
13731;Yakapınar Çıkış;38.21297;27.54393;1
13732;Yakapınar Çıkış;38.21293;27.54371;1
13733;Yakapınar Mezarlık;38.214435;27.545846;1
13734;Yakapınar Mezarlık;38.214437;27.545799;1
13735;Dere Balık;38.24079;27.55383;1
13736;Dere Balık;38.24072;27.55368;1
13737;Küçük Ev;38.24408;27.55439;1
13738;Küçük Ev;38.24407;27.55427;1
13739;Osmanlar Köyü Giriş;38.276088288459;27.5707252885988;1
13740;Osmanlar Köyü Giriş;38.27596;27.57017;1
13741;Özcan;38.2807712123646;27.5752852036281;1
13742;Özcan;38.2806900237454;27.5751102077109;1
13743;Küme Evleri;38.2822010710625;27.5764907060696;1
13744;Küme Evleri;38.282233;27.576598;1
13745;Balcılar Son Durak;38.2831003920888;27.5786903452515;1
13746;Kızılcaova Kurtuluş;38.2054;27.5194;1
13747;Kızılcaova Kurtuluş;38.2055;27.5191;1
13748;Cembekler;38.202699130672;27.5432007908133;1
13749;Cembekler;38.2026991305973;27.5433007911906;1
13750;Yeniay;38.2065021940955;27.5425338813102;1
13751;Yeniay;38.2065011911859;27.54243177064;1
13768;Kızılcaova Yol Ayrımı;38.1936790111413;27.5215637431369;1
13769;Kızılcaova Yol Ayrımı;38.193574;27.521487;1
13770;Kızılcaova Yolu;38.2001998492265;27.5167297877583;1
13771;Kızılcaova Yolu;38.1998991111761;27.5167007035821;1
13772;Kızılcaova İstiklal;38.2027917809671;27.5147544036554;1
13773;Kızılcaova İstiklal;38.2025917779839;27.514754404212;1
13776;Çınardibi Papatya;38.288752;27.516391;1
13777;Çınardibi Papatya;38.288656;27.516303;1
13778;Dernekli;38.26973;27.547099;1
13780;Çınardibi Yolu;38.28081;27.519549;1
13781;Çınardibi Yolu;38.280727;27.519477;1
13782;Çınardibi Giriş;38.290715;27.516826;1
13783;Çınardibi Giriş;38.29077;27.516747;1
13784;Çınardibi Merkez;38.291543;27.518952;1
13785;Çınardibi Merkez;38.291545;27.518837;1
13786;Çınardibi Çıkış;38.291846;27.520636;1
13787;Çınardibi Çıkış;38.291908;27.520645;1
13788;Osmanlar Son Durak;38.301512;27.558939;1
13798;Çapak Yol Ayrımı;38.233613;27.37279;1
13799;Çapak Yol Ayrımı;38.235155;27.37375;1
13800;Nezahat Onbaşı;38.219218;27.369903;1
13801;Nezahat Onbaşı;38.219024;27.370121;1
13802;Çakırbeyli Giriş;38.284938;27.374296;1
13803;Çakırbeyli Giriş;38.28483;27.374126;1
13804;Çakırbeyli Sağlık Ocağı;38.2851234689414;27.3790619551405;1
13805;Çakırbeyli Sağlık Ocağı;38.2845637730775;27.3801314302;1
13806;Çakırbeyli Çıkış;38.283588;27.383088;1
13807;Çakırbeyli Çıkış;38.283493;27.383014;1
13808;Çakırbeyli Yol Ayrımı;38.281341;27.397776;1
13809;Çakırbeyli Yol Ayrımı;38.281247;27.397778;1
13810;Bozköy Gelincik;38.277531597607;27.3661457160977;1
13811;Bozköy Gelincik;38.2775185974697;27.3662387161182;1
13812;Bozköy Nar;38.2746000709463;27.3635002220119;1
13813;Bozköy Nar;38.2745;27.3634;1
13814;Bozköy Bahçe;38.2733;27.3613;1
13815;Bozköy Bahçe;38.2732;27.3611;1
13816;Bozköy Yukarı Mahalle;38.2713461594015;27.3652792349597;1
13817;Bozköy Yukarı Mahalle;38.2714461602721;27.3650792345609;1
13818;Saipler Meydan;38.266711;27.369181;1
13819;Saipler Meydan;38.2662;27.3694;1
13820;Saipler;38.2659;27.3703;1
13821;Saipler;38.265817;27.37002;1
13822;Bozköy;38.271641;27.36127;1
13823;Bozköy;38.271643;27.361379;1
13824;Çakırbeyli;38.2839;27.3816;1
13825;Çakırbeyli;38.2839;27.3815;1
13826;Dağkızılca Zeytin;38.30428;27.391739;1
13827;Dağkızılca;38.30945;27.38953;1
13828;Dağkızılca Lale;38.305778;27.390709;1
13829;Dağkızılca Zeytin;38.3043;27.3918;1
13830;Dağkızılca Papatya;38.3074;27.3895;1
13831;Dağkızılca Lale;38.3058;27.3908;1
13832;Dağkızılca Çıkış;38.3144581147763;27.3866114160816;1
13833;Dağkızılca Çıkış;38.3142118296804;27.3870219581282;1
13834;Dağkızılca;38.309536400232;27.3893891088227;1
13835;Dağkızılca Papatya;38.3075;27.3896;1
13836;Doğancılar;38.301;27.3412;1
13838;Torbalı Muratbey Mahallesi;38.1493;27.3496;1
13839;Torbalı Muratbey Mahallesi;38.149101;27.349182;1
13840;Özbey Meydan;38.1320841303064;27.3234000751959;1
13841;Özbey Meydan;38.1319778425737;27.3231728961353;1
13844;Yeniköy Çıkış;38.123136;27.335675;1
13845;Yeniköy Çıkış;38.123;27.3355;1
13846;Ahmetli;38.0828;27.355802;1
13847;Ahmetli;38.082858;27.355467;1
13849;Sağlık Son Durak;38.085099;27.399429;1
13851;Torbalı Diş Hastanesi;38.1528768668223;27.3543860931792;1
13852;Torbalı Diş Hastanesi;38.1529568666737;27.3546920946065;1
13853;Özbey Giriş;38.1338;27.3264;1
13854;Özbey Giriş;38.1336;27.3263;1
13855;Özbey Çıkış;38.1305;27.3245;1
13856;Özbey Çıkış;38.1307;27.3245;1
13857;Yeniköy Giriş;38.124007;27.328951;1
13859;Yeniköy Muhtarlık;38.1218999139575;27.3309032355423;1
13860;Yeniköy Giriş;38.124055;27.329033;1
13861;Ahmetli Çıkış;38.08159767;27.35801;1
13862;Yeniköy Muhtarlık;38.121971;27.331083;1
13863;Sağlık Giriş;38.0875738758102;27.3973679564891;1
13864;Ahmetli Çıkış;38.081669;27.357743;1
13865;Düverlik Mezarlık;38.2156903995441;27.4488024507312;1
13866;Sağlık Giriş;38.0873588712398;27.3976759570188;1
13867;Karakuyu Çıkış;38.131861;27.236943;1
13868;Karakuyu Çıkış;38.132053;27.236896;1
13871;Torbalı Havuz Park;38.146811;27.34597;1
13872;Torbalı Havuz Park;38.146814;27.346179;1
13873;Güldeste;38.2416;27.3908;1
13874;Güldeste;38.2417;27.3907;1
13875;Enginar;38.2439;27.3915;1
13876;Enginar;38.2439;27.3914;1
13878;Çamlıca Giriş;38.2126524065648;27.4120223649619;1
13879;Çamlıca Giriş;38.2123994036694;27.4120003650787;1
13880;Çamlıca Meydan;38.2107693846491;27.4121033663342;1
13881;Çamlıca Meydan;38.2108464810323;27.4120091776155;1
13882;Akkız;38.2106383797195;27.4145473722668;1
13883;Akkız;38.2105028036605;27.414416296856;1
13884;Karakızlar Giriş;38.2789711439267;27.4385452359484;1
13885;Düverlik Meydan;38.218004;27.449238;1
13886;Karakızlar Meydan;38.280339;27.440834;1
13887;Karakızlar Giriş;38.2787971419583;27.4384472366351;1
13888;Karakızlar Çıkış;38.281719;27.440408;1
13889;Karakızlar Meydan;38.280289;27.440951;1
13890;Düverlik Mezarlık;38.2156233989316;27.4485784502892;1
13891;Karakızlar Çıkış;38.281835;27.440427;1
13893;Karaot Son Durak;38.295364;27.437452;1
13894;Ahmetli Çamlık;38.085674;27.35383;1
13895;Ahmetli Çamlık;38.0852475823562;27.353859674378;1
13897;Şehit Uzman Çavuş Tolga Sağlam;38.1451648197912;27.3437080193598;1
13898;Şehit Uzman Çavuş Tolga Sağlam;38.1450648186315;27.3437280189422;1
13899;Zeytinlik;38.2129263691553;27.4448164454828;1
13900;Zeytinlik;38.2130423706725;27.4447594451374;1
13901;Yangın Havuzu;38.2091048255974;27.4412744420586;1
13902;Yangın Havuzu;38.2091658263183;27.4413124420427;1
13903;Köprü;38.155209;26.934032;1
13904;Köprü;38.155225;26.934148;1
13905;Poyraz;38.1536;26.9324;1
13906;Poyraz;38.1536;26.9325;1
13907;Kurutaş;38.1514;26.9303;1
13908;Kurutaş;38.1514;26.9304;1
13909;Orhanlı Meydan;38.167568;26.953034;1
13910;Orhanlı Meydan;38.167421;26.953066;1
13911;Aynısefa;38.1428;26.9248;1
13912;Aynısefa;38.1428;26.9249;1
13913;Ürkmez Kardelen;38.0836044031181;26.9412953778415;1
13914;Ürkmez Kardelen;38.0837532796627;26.9411874960668;1
13915;Ürkmez İpek;38.083;26.9452;1
13916;Ürkmez İpek;38.0832002595561;26.9452984835971;1
13917;Akçaköy  İncir Fabrikası;38.255705;27.104031;1
13918;Akçaköy  İncir Fabrikası;38.25578;27.103843;1
13919;Akçaköy;38.2569813170972;27.1018527903888;1
13920;Ilgın;38.2447;27.1052;1
13921;Ilgın;38.244713;27.10498;1
13922;Anemon;38.2407;27.0737;1
13923;Anemon;38.2409;27.0738;1
13924;Aslanağazı;38.2139;27.0421;1
13925;Aslanağazı;38.214;27.0421;1
13926;Azelya;38.189728;26.977259;1
13927;Azelya;38.189615;26.976788;1
13928;Benefşe;38.188176;26.974066;1
13929;Benefşe;38.188287;26.974055;1
13930;Biberiye;38.174;26.961;1
13931;Biberiye;38.1738;26.9609;1
13932;Çalba;38.1712;26.9577;1
13933;Çalba;38.1713;26.9577;1
13934;Çingülü;38.150443;26.927941;1
13935;Çingülü;38.1505;26.928;1
13936;Çoban Yastığı;38.145248;26.926781;1
13937;Çoban Yastığı;38.145185;26.926676;1
13938;Fesleğen;38.1321999331461;26.9191985648517;1
13939;Fesleğen;38.132228003839;26.9191583259059;1
13940;Firuze;38.1188;26.9161;1
13941;Firuze;38.1187;26.9161;1
13942;Hatmi;38.084475;26.936166;1
13943;Hatmi;38.084493;26.935995;1
13944;Furunlu Giriş;38.2;27.6035;1
13945;Furunlu Giriş;38.2001;27.6034;1
13946;Furunlu Dörtyol;38.1948304517716;27.6040427357428;1
13947;Furunlu Dörtyol;38.1947989588566;27.6039010856818;1
13948;Furunlu Çamlık;38.1939;27.6071;1
13949;Furunlu Çamlık;38.1938;27.6071;1
13950;Hezaren;38.1942;27.6102;1
13951;Hezaren;38.1941;27.6103;1
13952;Itır;38.1950989593141;27.6153011359053;1
13953;Itır;38.1952;27.6154;1
13954;İris;38.1969;27.6152;1
13955;İris;38.197;27.6153;1
13956;Kartopu;38.205123;27.614465;1
13957;Kartopu;38.205285;27.614557;1
13958;Furunlu Yenicekuyu;38.197;27.6042;1
13959;Furunlu Yenicekuyu;38.1969;27.6041;1
13960;Lilyum;38.110400109125;26.9158984663544;1
13961;Lilyum;38.1105004094013;26.9156990276086;1
13962;Gülsümcük Mevki;38.2082823311657;27.4293904114808;1
13963;Gülsümcük Mevki;38.2082413305134;27.4295024118148;1
13964;Mersincik Mevki;38.208346;27.422499;1
13965;Mersincik Mevki;38.2082293392956;27.4230803952081;1
13966;Çakırtepe;38.2096513615342;27.4192873845448;1
13967;Çakırtepe;38.209590360975;27.4191703843002;1
13968;Öksüz Dere Mevki;38.2090483309074;27.4366104296351;1
13969;Öksüz Dere Mevki;38.2089643296143;27.4368054302594;1
13970;Sevgi;38.10202;27.4344;1
13971;Sevgi;38.102276;27.43432;1
13972;İncir;38.09878;27.43415;1
13973;İncir;38.09855;27.43401;1
13974;Naime Meydan;38.09497;27.43453;1
13975;Naime Meydan;38.095146;27.434419;1
13976;Tulum Okul;38.089311;27.432706;1
13977;Tulum Okul;38.08935;27.43259;1
13978;Tulum Giriş;38.0884947249992;27.4286961636019;1
13979;Tulum Giriş;38.08838;27.428215;1
13980;Tulum Son Durak;38.0872057289265;27.4243111275726;1
13981;Naime Yolu;38.1042;27.4342;1
13982;Naime Yolu;38.1042;27.4343;1
13983;Çamlıca Mezarlık;38.217176;27.407729;1
13984;Çamlıca Mezarlık;38.217291;27.407839;1
13985;Mavi Deniz;38.219173;27.400371;1
13986;Mavi Deniz;38.219278;27.400103;1
13988;Çakırbeylı Gündoğumu;38.2818957090985;27.3866862923567;1
13989;Çakırbeylı Gündoğumu;38.2819030027798;27.3861382832225;1
13990;Çakırbeyli Mezarlık;38.2818930024943;27.3912740054204;1
13991;Çakırbeyli Mezarlık;38.281710765683;27.3914606639098;1
13992;Şehit Şerife Bacı;38.291544;27.397077;1
13993;Şehit Şerife Bacı;38.291496;27.396936;1
13995;Bayındır Son Durak;38.224;27.6472;1
13996;Hükümet Önü;38.220153;27.65099;1
13997;Hükümet önü;38.220076;27.651244;1
13998;Bayındır Sanayi;38.2197;27.6547;1
13999;Bayındır Sanayi;38.2196;27.6547;1
14000;Turanlı;38.2221;27.6798;1
14001;Turanlı;38.2219;27.6795;1
14002;Yusuflu Köyü Yol Ayrımı;38.2252918945393;27.6891501042781;1
14003;Yusuflu Köyü Yol Ayrımı;38.2256;27.69;1
14004;Ergenli Giriş;38.2392858579407;27.6890880402129;1
14005;Ergenli Giriş;38.2392178568212;27.6892050413751;1
14006;Ergenli Meydan;38.2407;27.6906;1
14007;Ergenli Meydan;38.2407;27.6907;1
14008;Ergenli Çıkış;38.2424;27.6901;1
14009;Ergenli Çıkış;38.2423;27.6902;1
14010;Ilıca Meydan;38.2492200435038;27.685043915829;1
14011;Ilıca Meydan;38.2493600461326;27.6850109141492;1
14012;Kızıloba yol ayrımı;38.2500140560138;27.683778903001;1
14013;Kızıloba yol ayrımı;38.2500590569034;27.6837899025285;1
14014;Dereköy;38.2512;27.6778;1
14015;Dereköy;38.2513;27.6776;1
14016;Hisarlık giriş;38.2651;27.6528;1
14017;Hisarlık giriş;38.2652;27.6527;1
14018;Hisarlık;38.270294;27.652807;1
14020;Hisarlık Kestane;38.2696;27.6525;1
14021;Hisarlık Kestane;38.2694;27.6527;1
14022;Nene Hatun;38.297974;27.394189;1
14023;Nene Hatun;38.297953;27.394323;1
14024;Seyit Onbaşı;38.301086;27.393633;1
14025;Seyit Onbaşı;38.301303;27.393719;1
14026;Yusuflu Köyü Giriş;38.2205474854686;27.6942319618279;1
14027;Yusuflu Köyü Giriş;38.2204909300735;27.6946226567995;1
14028;Yusuflu Son Durak;38.2189839071566;27.697665987896;1
14077;Söğütören Çıkış;38.22139942337;27.5822008274844;1
14081;Söğütören Meydan;38.2253;27.5749;1
14082;Söğütören Mavi;38.2241994685817;27.5775007932808;1
14083;Söğütören Mavi;38.2242564695331;27.5775667931247;1
14084;Söğütören Giriş;38.2213994233504;27.5821008271419;1
14086;Çamlıbel Giriş;38.245819;27.587614;1
14087;Çamlıbel Giriş;38.245892;27.587728;1
14088;Çamlıbel orta durak;38.2469;27.5861;1
14089;Çamlıbel Orta Durak;38.2469;27.5863;1
14091;Çamlıbel Son Durak;38.248533;27.584419;1
14092;Alankıyı Yol Ayrımı;38.236;27.608;1
14093;Alankıyı Yol Ayrımı;38.236;27.6081;1
14094;Söğütören Yol Ayrımı;38.20133;27.602964;1
14095;Söğütören Yol Ayrımı;38.201333;27.603119;1
14114;Kolophon;38.11169;27.14651;1
14115;Kolophon;38.1117;27.1464;1
14116;Kurudere;38.113543;27.14529;1
14117;Kurudere;38.1133;27.1453;1
14118;Çamönü Vatan;38.104935;27.152688;1
14119;Çamönü Vatan;38.1049;27.1525;1
14120;Çamönü Naile Karadeniz İlkokulu;38.1030952896441;27.1554380477066;1
14121;Çamönü Naile Karadeniz İlkokulu;38.1029482893149;27.1553220454982;1
14122;Çamönü Orman;38.101427;27.158556;1
14123;Çamönü Orman;38.1012;27.1586;1
14124;Cumhuriyet;38.0975;27.1637;1
14125;Cumhuriyet;38.0974;27.1637;1
14126;Atatürk;38.093258;27.165664;1
14127;Atatürk;38.093389;27.165523;1
14129;Ataköy Son durak;38.0912;27.1663;1
14130;Ataköy Mezarlık;38.0952;27.1647;1
14131;Ataköy Mezarlık;38.0952;27.1645;1
14152;Kürnek Mevki;38.0732127383862;27.2170288596464;1
14153;Kürnek Mevki;38.0733457393386;27.217054861529;1
14154;Çakaltepe Giriş;38.071398;27.21418;1
14155;Çakaltepe Giriş;38.071479;27.214178;1
14157;Palamutarası Yolu;38.127878;27.240307;1
14158;Palamutarası Yolu;38.127827;27.240475;1
14159;Palamutarası Meydan;38.089686;27.227322;1
14160;Palamutarası Meydan;38.089939;27.22746;1
14161;Gölova Yol Ayrımı;38.076922;27.219618;1
14162;Gölova Yol Ayrımı;38.077207;27.220108;1
14163;Çakaltepe Meydan;38.070925;27.211743;1
14164;Seralar;38.078639;27.22884;1
14165;Seralar;38.078684;27.22808;1
14166;Gölova;38.033547;27.242874;1
14167;Gölova;38.033705;27.24286;1
14169;Gölova Son Durak;38.03219;27.242184;1
14170;Hanımeli;38.090462;27.226213;1
14171;Hanımeli;38.090405;27.226161;1
14172;Serköy Çiftlik Evleri;38.0797846287004;27.2457180678496;1
14173;Serköy Çiftlik Evleri Giriş;38.0795266359547;27.2440440572876;1
14174;Nohut Gölü;38.092369;27.224092;1
14175;Nohut Gölü;38.092103;27.224068;1
14176;Şehit Uzman Çavuş Harun Şenözüar;38.074274;27.236932;1
14177;Şehit Uzman Çavuş Harun Şenözüar;38.073905;27.237333;1
14206;Masal Konutları;38.241993;27.258547;1
14210;Şehit Üstğm İsmail Cazgır;38.227496;27.264218;1
14211;Şehit Üstğm İsmail Cazgır;38.227551;27.264388;1
14212;Şehit Polis Cemil Koç;38.224771;27.262068;1
14213;Ecir Sitesi;38.230457;27.263524;1
14214;Ecir Sitesi;38.230558;27.263541;1
14215;Şehit Polis Cemil Koç;38.224806;27.262239;1
14216;Başakkent Sitesi;38.2389998545037;27.2609001992697;1
14217;Başakkent Sitesi;38.2389998546378;27.2608001992516;1
14218;Huzurkent Sitesi;38.2366;27.2613;1
14219;Huzurkent Sitesi;38.2367418384214;27.2611171940962;1
14228;Dicle;38.2318607571211;27.2932261986364;1
14229;Dicle;38.2317857567852;27.2930421983785;1
14230;Gülistan;38.2292407389737;27.2914271924806;1
14231;Gülistan;38.2291897389155;27.2911931922108;1
14232;Ayrancılar TOKİ;38.2274117221952;27.2929291899916;1
14233;Ayrancılar TOKİ;38.2273667222471;27.2926581896874;1
14264;İstiklal;38.2995;27.1812;1
14265;İstiklal;38.2993;27.1812;1
14266;Hürriyet;38.2977;27.1829;1
14267;Hürriyet;38.2977;27.1827;1
14268;Çamlar;38.2956;27.1863;1
14269;Çamlar;38.2957;27.1861;1
14270;Sarnıç Gölet;38.292402;27.187643;1
14271;Sarnıç Gölet;38.292419;27.187442;1
14272;Sarnıç Yol Ayrımı;38.2803;27.1978;1
14273;Sarnıç Yol Ayrımı;38.2804;27.1977;1
14274;Sarnıç Yeşil;38.2941;27.1867;1
14275;Sarnıç Yeşil;38.2942;27.1866;1
14300;Eylül;38.1715;27.3508;1
14301;Eylül;38.1714;27.351;1
14308;Koruluk 2;38.1547;27.3522;1
14309;Koruluk 2;38.155411;27.351672;1
14310;Öğretmenler Sitesi;38.154622;27.35039;1
14311;Öğretmenler Sitesi;38.154674;27.350523;1
14312;Torbalı Ticaret Odası 80.Yıl İlkokulu;38.1516089819121;27.3504374289667;1
14313;Torbalı Ticaret Odası 80.Yıl İlkokulu;38.1516805341975;27.3502629960929;1
14320;Torbalı Konutlar;38.1498323242116;27.3509480963224;1
14321;Torbalı Konutlar;38.149596;27.35105;1
14322;Şehit Uzman Çavuş Harun Şenözüar Mesleki ve Teknik Anadolu Lisesi;38.1504723760013;27.358400449163;1
14323;Şehit Uzman Çavuş Harun Şenözüar Mesleki ve Teknik Anadolu Lisesi;38.1502747643513;27.3582740463436;1
14324;Torbalı Stad;38.1501;27.3538;1
14325;Torbalı Stad;38.149962;27.353841;1
14326;Çiçek;38.3289703568631;27.1387945032715;1
14327;Çiçek;38.3288233563932;27.1386475035971;1
14328;Kalp Damar Hastanesi;38.332;27.1379;1
14329;Kalp Damar Hastanesi;38.331757;27.1378;1
14333;Şehit Jandarma Uzman Çavuş Süleyman Güneri;38.3795654629256;27.1137265746901;1
14334;Hacı Bayram Cami;38.3266843501488;27.1393395001954;1
14335;Hacı Bayram Cami;38.3268593506433;27.1391755007804;1
14336;Dede;38.3806;27.1161;1
14337;Dede;38.3807;27.1163;1
14366;Canlı Merkez;38.1912;27.5557;1
14367;Canlı Merkez;38.1912;27.5556;1
14368;Filiz;38.18836;27.55644;1
14369;Filiz;38.1885;27.5563;1
14370;Orta;38.1817847720721;27.5591759483083;1
14371;Orta;38.1816427694747;27.5593269495984;1
14372;Yeşilova Mezarlık;38.1781070280625;27.5610553892814;1
14373;Yeşilova Mezarlık;38.1780987070336;27.5610009720185;1
14374;Konak;38.1709;27.5614;1
14375;Konak;38.1708;27.5614;1
14376;Yeşilova Son Durak;38.1675;27.5616;1
14377;Yeşilova Gönül;38.17437;27.561478;1
14378;Yeşilova Gönül;38.174327;27.561639;1
14384;Gaziemir Belediyesi;38.3235;27.1298;1
14385;Gaziemir Belediyesi;38.3231003383493;27.1302005226663;1
14390;Atalan;38.10908;27.46863;1
14391;Atalan;38.10906;27.46857;1
14392;Kurtuluş;38.10822;27.46954;1
14393;Kurtuluş;38.10819;27.46949;1
14394;Çiftlik;38.10789;27.47105;1
14395;Çiftlik;38.10779;27.47104;1
14396;Yol Ayrımı;38.096;27.48347;1
14397;Yol Ayrımı;38.09601;27.48342;1
14399;Göllüce Cami;38.09381;27.48306;1
14400;Bülbüldere Çıkış;38.104836718185;27.4995530585315;1
14401;Bülbüldere Çıkış;38.1048176448541;27.4995106998491;1
14402;Kahve;38.1034259897542;27.4999144962781;1
14403;Kahve;38.1034076197475;27.4998506995682;1
14404;Bülbüldere Son Durak;38.10211;27.50043;1
14406;Köprü;38.1011;27.48461;1
14407;Köprü;38.1011;27.48472;1
14414;Zeytinlik;38.2413;27.466;1
14415;Zeytinlik;38.2413;27.4659;1
14416;Dere;38.24054570123;27.4681144247346;1
14417;Dere;38.2405077007291;27.4682584251514;1
14418;Mezarlık;38.2422;27.4704;1
14419;Mezarlık;38.2421;27.4704;1
14420;Orman;38.2458;27.4737;1
14421;Orman;38.2457;27.4737;1
14422;Yol Ayrımı;38.246214;27.476099;1
14423;Yol Ayrımı;38.245716;27.475939;1
14440;Arı Deresi;38.143616;27.070908;1
14441;Arı Deresi;38.143508;27.070527;1
14442;Gümüldür Taşocağı;38.1092;27.0396;1
14443;Gümüldür Taşocağı;38.109;27.0392;1
14444;Bulanık Su;38.147577;27.075389;1
14445;Bulanık Su;38.1471;27.0749;1
14446;Zafer;38.1368;27.1532;1
14447;Zafer;38.1366;27.1532;1
14500;Moda;38.37604;27.074481;1
14501;Moda;38.3769004194264;27.0731007393324;1
14601;Fuar İzmir;38.3477;27.1222;1
14602;Fuar İzmir;38.3476188011591;27.1229259585871;1
14603;Aktepe Meşe;38.35;27.1243;1
14604;Aktepe Meşe;38.3499;27.1244;1
14623;Tire Kavşağı;38.173217;27.717334;1
14624;Tire Kavşağı;38.173203;27.717693;1
14625;Genceroğlu Parkı;38.2176;27.6519;1
14626;Genceroğlu Parkı;38.2177;27.6518;1
14629;Bayındır Yağcı;38.2074811996451;27.6650842654909;1
14631;Bayındır Meslek Yüksek Okulu;38.2027251082407;27.6729913456536;1
14632;Bayındır Meslek Yüksek Okulu;38.2030991156758;27.6727013408328;1
14633;Yusuflu;38.196012;27.688271;1
14634;Yusuflu;38.1964160534758;27.6876016374126;1
14635;Yakacık;38.194891;27.692683;1
14636;Yakacık;38.1951121283356;27.6927093157537;1
14637;Yakacık Papatya;38.1874987988082;27.7047016544907;1
14638;Yakacık Papatya;38.18763280178;27.7048966542533;1
14639;Buruncuk;38.1754305317928;27.7127318196691;1
14640;Buruncuk;38.177066;27.711951;1
14641;Zeytinova;38.17089;27.722181;1
14642;Zeytinova;38.171269;27.722029;1
14643;Bayındır Meşe;38.164085;27.728623;1
14644;Bayındır Meşe;38.164026;27.729105;1
14645;Bayındır Leylak;38.162805;27.733564;1
14646;Bayındır Leylak;38.163;27.7334;1
14647;Pınarlı;38.1619;27.7387;1
14648;Pınarlı;38.1619;27.7391;1
14649;Pınarlı Cami;38.160997;27.742476;1
14650;Pınarlı Cami;38.16092;27.742296;1
14651;Zeybek;38.1602005312653;27.7456831530888;1
14652;Zeybek;38.160325983647;27.7457309896553;1
14653;Kasımpatı;38.1580981140494;27.7547022753951;1
14654;Kasımpatı;38.158474993678;27.7548450435348;1
14655;Frezya;38.1540830087573;27.7700494314983;1
14656;Frezya;38.1542890139619;27.7700994295431;1
14657;Bayraktepe;38.1541;27.7761;1
14658;Bayraktepe;38.1542938014272;27.7763928596654;1
14659;Derebaşı;38.1544910158556;27.7847995369874;1
14660;Derebaşı;38.1547720231176;27.7849385346751;1
14661;Derebaşı Zeytin;38.1548930257069;27.791861585344;1
14662;Derebaşı Zeytin;38.1549860281714;27.7910955784233;1
14663;Doyranlı;38.1685700127561;27.8228764052314;1
14664;Doyranlı;38.168784;27.822819;1
14665;Gökçen;38.170907;27.85901;1
14666;Gökçen;38.1712476596638;27.8588567450072;1
14667;İlkkurşun;38.172959;27.866336;1
14668;İlkkurşun;38.1735361080537;27.8669356763183;1
14669;Şirinköy;38.1807688191508;27.8749471551841;1
14670;Şirinköy;38.180814;27.874824;1
14671;Yeniköy Cami;38.1944;27.8895;1
14672;Yeniköy Cami;38.1947;27.8897;1
14673;Yeniköy Şehit Cengiz Topel İlkokulu;38.1976993479559;27.8931026379598;1
14674;Yeniköy Şehit Cengiz Topel İlkokulu;38.1979993571784;27.8933026337796;1
14675;Demircili Yol Ayrımı;38.2062;27.9052;1
14676;Demircili Yol Ayrımı;38.206305;27.905069;1
14677;Demircili;38.216155;27.918073;1
14678;Demircili;38.216249;27.91794;1
14679;Demircili Trafo;38.2189;27.9273;1
14680;Demircili Trafo;38.21901;27.927357;1
14681;Ödemiş Giriş;38.2230343300835;27.9526304868519;1
14682;Ödemiş Giriş;38.223153;27.952202;1
14683;Ömür;38.22398;27.957895;1
14684;Ömür;38.223963;27.957414;1
14685;Ödemiş Çeşme;38.225261;27.959669;1
14686;Ödemiş Çeşme;38.2255;27.9597;1
14687;Cumhuriyet Ortaokulu;38.2266;27.9629;1
14688;Cumhuriyet Ortaokulu;38.2267;27.9629;1
14689;Prof.Dr.Muzaffer Kula Anadolu Lisesi;38.2272675420702;27.9657983389257;1
14690;Prof.Dr.Muzaffer Kula Anadolu Lisesi;38.2274005303627;27.9658024625225;1
14691;Ekin Pazarı;38.2277;27.9687;1
14692;Ekin Pazarı;38.2277;27.9683;1
14693;Ödemiş Hükümet Konağı;38.228149;27.974298;1
14694;Ödemiş Hükümet Konağı;38.2283;27.9741;1
14695;Ödemiş Belediye;38.2281;27.9764;1
14696;Ödemiş Belediye;38.2282;27.9766;1
14697;Muzaffer Gönen Parkı;38.2249;27.9762;1
14698;Muzaffer Gönen Parkı;38.225;27.9763;1
14699;Kurtuluş;38.221886;27.973467;1
14700;Kurtuluş;38.2218;27.9735;1
14704;Ödemiş Yeni Garaj;38.2163692411013;27.9760167650838;1
14705;Tokatbaşı Meydan;38.1665504161377;27.6193683348431;1
14706;Tokatbaşı Giriş;38.1687854585902;27.6199713253831;1
14707;Tokatbaşı Giriş;38.1685864548856;27.619859325909;1
14708;Tokatbaşı Mezarlık;38.1714900606816;27.6205773175016;1
14709;Tokatbaşı Mezarlık;38.1717339862846;27.6205301214113;1
14710;Tokatbaşı Arıtma;38.1777946265225;27.6214349765031;1
14711;Tokatbaşı Arıtma;38.1778190797571;27.621754275801;1
14712;Tokatbaşı Çiftlik;38.1824407163568;27.6246812661028;1
14713;Tokatbaşı Çiftlik;38.182468158878;27.6246226561299;1
14714;Tokatbaşı Köşe;38.1932061792021;27.6247855846145;1
14715;Tokatbaşı Köşe;38.1933023717301;27.6246981875987;1
14716;Şehit Jandarma Er Önder Turgay;38.1975460994042;27.6251628714515;1
14717;Şehit Jandarma Er Önder Turgay;38.1977944596255;27.6250494595012;1
14718;Şehit Yüzbaşı Halil Özdemir;38.2030895508556;27.6252888173457;1
14719;Şehit Yüzbaşı Halil Özdemir;38.2030916521483;27.6251548261663;1
14720;Tokatbaşı Yol Ayrımı;38.2083992033933;27.6252510840762;1
14721;Demircili Giriş;38.214032;27.91547;1
14722;Demircili Giriş;38.213824;27.915044;1
14723;Demircili Çiftlik;38.209609;27.909865;1
14724;Demircili Çiftlik;38.209854;27.90999;1
14725;Demircili Çıkış;38.221549;27.94132;1
14726;Demircili Çıkış;38.221787;27.941571;1
14915;Kurucuova Benzinlik;38.1699238241742;28.0963031687952;1
14916;Kurucuova Benzinlik;38.1700026160814;28.0966499152322;1
14918;Kaymakçı Giriş;38.1681400444505;28.1040003263269;1
14919;Kaymakçı Giriş;38.1680496193082;28.1040082473434;1
14920;Hasan Çavuş;38.094295;28.21183;1
14921;Hasan Çavuş;38.094166;28.211766;1
14922;Beydağ Değirmen;38.1004407410998;28.206396980166;1
14923;Kızılcahavlu Çıkış;38.137365;28.154632;1
14924;Kızılcahavlu Çıkış;38.137476;28.15487;1
14925;Ödemiş Garaj;38.228018;27.978592;1
14926;Ödemiş Garaj;38.228132;27.978571;1
14927;Beşgöz;38.2278676285834;27.9811495337763;1
14928;Beşgöz;38.2279;27.9821;1
14935;Ocaklı;38.2221;28.0052;1
14936;Ocaklı;38.2219;28.0055;1
14937;Büyükavulcuk;38.2173;28.0118;1
14938;Büyükavulcuk;38.2173;28.012;1
14939;Yolüstü Benzinlik;38.2123237533043;28.0188051632767;1
14940;Yolüstü Benzinlik;38.2114553293171;28.022627162399;1
14942;Yolüstü Kahveler;38.2103812899326;28.0256084508222;1
14944;Yolüstü Meydan;38.210699;28.027878;1
14946;Yolüstü Seralar;38.2077062585226;28.0326453185385;1
14947;Gerçekli;38.2046338165057;28.0356093645134;1
14948;Gerçekli;38.2046061714939;28.0361144183826;1
14949;Gereli;38.1985;28.0453;1
14950;Gereli;38.1985000106774;28.0455036353793;1
14951;Türkönü;38.1915278128371;28.054703878155;1
14952;Türkönü;38.191599816477;28.0549038777873;1
14953;Ertuğrulköy;38.1820232039852;28.0632954630273;1
14954;Ertuğrulköy;38.1826995394329;28.0636041719394;1
14955;Yel Aldı;38.1789994340184;28.0697043159578;1
14956;Yel Aldı;38.1793474458346;28.0694933052306;1
14957;Kurucaova;38.1760663763091;28.0799824762986;1
14958;Kurucaova;38.1760993796839;28.0804044788975;1
14959;Kurucaova Tarla;38.1728992939648;28.0874046221505;1
14960;Kurucaova Tarla;38.1728992959821;28.0878046255172;1
14961;Kaymakçı Üçyol;38.1677681954398;28.1069559293275;1
14962;Kaymakçı Üçyol;38.1679;28.1078;1
14963;Kaymakçı Zafer;38.166499167494;28.1112050018523;1
14964;Kaymakçı Zafer;38.1665;28.1115;1
14965;Hasan Çavuş;38.1651401433925;28.116928090661;1
14966;Hasan Çavuş;38.1652491471412;28.1168160866048;1
14967;Kaymakçı Sanayi;38.1650991531425;28.1191051112872;1
14968;Kaymakçı Sanayi;38.165139;28.119539;1
14969;Kaymakçı Köprü;38.1643851378669;28.1216241540313;1
14970;Kaymakçı Köprü;38.164517;28.121517;1
14971;Ödemiş Cezaevi;38.1621460874567;28.1291412858838;1
14972;Ödemiş Cezaevi;38.1621990909987;28.1294052867825;1
14973;Çaylı Aydın;38.15196;28.138807;1
14974;Çaylı Aydın;38.152096;28.138953;1
14975;Çaylı Koşuyolu;38.148567;28.141074;1
14976;Çaylı Koşuyolu;38.148484;28.141465;1
14977;Alaşarlı;38.143175;28.146884;1
14978;Alaşarlı;38.143426;28.146797;1
14979;Kızılcahavlu;38.139893;28.150991;1
14980;Kızılcahavlu;38.1400714257722;28.151065087153;1
14981;Yeşilköy;38.129415;28.162827;1
14982;Yeşilköy;38.1294;28.1631;1
14983;Yeşil Ova;38.123902;28.168067;1
14984;Yeşil Ova;38.1241;28.1682;1
14985;Sarıkaya;38.115414;28.176791;1
14986;Sarıkaya;38.115561;28.176852;1
14987;Bahar;38.1097190882195;28.1845294201328;1
14988;Bahar;38.1099150971486;28.1845344142595;1
14989;Nar Ağacı;38.1056878678806;28.1925742846241;1
14990;Nar Ağacı;38.10587094227;28.1925626366558;1
14991;Çiftlikköy;38.103355;28.201629;1
14992;Çiftlikköy;38.1033;28.2021;1
14993;Menderes Üçyol;38.097047;28.210078;1
14994;Menderes Üçyol;38.09703;28.210253;1
14995;Beydağ Giriş;38.0915407716459;28.211657882951;1
14996;Beydağ Giriş;38.091664;28.211831;1
14997;Beydağ Yağmur;38.089412;28.21069;1
14998;Beydağ Yağmur;38.089474;28.210794;1
14999;Beydağ Köşe;38.087853;28.210006;1
15000;Beydağ Köşe;38.0884771882202;28.2103934063751;1
15001;Beydağ Değirmen;38.100895;28.205575;1
15002;Beydağ Hükümet Konağı;38.0871481835483;28.2120218791482;1
15003;Sarıtaş;38.1775468290576;28.0751904703657;1
15004;Sarıtaş;38.1777288299433;28.0753790815667;1
15005;Kültürpark Kavşak;38.227768;27.997404;1
15006;Kültürpark Kavşak;38.227694;27.997729;1
15119;Ödemiş Sanayi;38.176553450654;28.1616204305488;1
15120;Ödemiş Sanayi;38.1756089704713;28.1604679206222;1
15121;Yağlar Çıkış;38.1934157554511;28.1873368248741;1
15122;Yağlar Çıkış;38.1936727632005;28.1869578136551;1
15123;Medeniyet;38.1609091327842;28.134629743649;1
15124;Medeniyet;38.1612470782382;28.134270358798;1
15125;Çaylı Yem Sokak;38.1609363703174;28.1423999629812;1
15126;Çaylı Yem Sokak;38.1610991162243;28.1424054382448;1
15127;Orhangazi;38.1638972749217;28.1501094265799;1
15128;Orhangazi;38.1627942205953;28.1485844453391;1
15129;Köfündere;38.1847282829531;28.1725869843822;1
15130;Köfündere;38.1841132457455;28.1709459902692;1
15131;Yağlar;38.1957259354062;28.197679829004;1
15132;Yağlar;38.1978774978205;28.1990259847148;1
15133;Bahçe;38.2047623465521;28.2013935578975;1
15134;Bahçe;38.2048453489708;28.2012715542672;1
15135;Arkacılar;38.2073928291865;28.2022352394441;1
15136;Arkacılar;38.2074014623832;28.2020044744828;1
15137;Arkacılar Bulut;38.2111726363071;28.203840361388;1
15138;Arkacılar Bulut;38.2109113142861;28.2033823467126;1
15139;Kiraz Giriş;38.2191270004168;28.2074041178145;1
15140;Kiraz Giriş;38.219181;28.207022;1
15141;Kiraz İlçe Tarım  Müdürlüğü;38.2222511110913;28.205444000048;1
15142;Kiraz İlçe Tarım  Müdürlüğü;38.2209810624751;28.2058490453826;1
15143;Atatürk İlkokulu;38.2247332016023;28.2042229089053;1
15144;Atatürk İlkokulu;38.2250582118443;28.2039008959967;1
15145;Kiraz Yeni Mahalle Cami;38.2273022932067;28.2028038138811;1
15146;Kiraz Yeni Mahalle Cami;38.2271;28.2028;1
15147;Kiraz Son Durak;38.2303024078846;28.2020037082873;1
15148;Doyranlı Fidanlık;38.1609051836946;27.8055909936026;1
15149;Doyranlı Fidanlık;38.1607681749028;27.8058207607467;1
15150;Doyranlı Lale Bahçesi;38.1653042999639;27.8145117639475;1
15151;Doyranlı Lale Bahçesi;38.1651392904185;27.8147715317784;1
15152;Buruncuk Kirazlar;38.1843337322712;27.7077773211365;1
15153;Buruncuk Kirazlar;38.1837971128862;27.7077830845386;1
15154;Bayındır Tariş;38.2191274162431;27.6585602771424;1
15155;Bayındır Tariş;38.2192720264375;27.6587515177242;1
15156;Aslanlar Yol Ayrımı;38.1744689552798;27.4093927282994;1
15157;Aslanlar  Yol Ayrımı;38.1740965499694;27.4098164965318;1
15210;Yeniçiftlik Nar;38.121963;27.508736;1
15211;Yeniçiftlik Nar;38.121826;27.509027;1
15212;Yeniçiftlik Tavuk Çiftliği;38.120939;27.515389;1
15213;Yeniçiftlik Tavuk Çiftliği;38.120808;27.515087;1
15214;Yeniçiftlik Ekin;38.1193527901615;27.5249998853684;1
15215;Yeniçiftlik Ekin;38.119351;27.524306;1
15220;Işıklar Kantar;38.127445;27.55952;1
15221;Işıklar Kantar;38.127351;27.559974;1
15222;Tire Çiftlik;38.1288935944609;27.6468700791095;1
15223;Tire Çiftlik;38.1287262123647;27.6471126184582;1
15224;Eski Minare;38.118321;27.53148;1
15225;Eski Minare;38.118457;27.531563;1
15226;Işıklar;38.1216;27.5431;1
15227;Işıklar;38.1213;27.5427;1
15228;Yenioba;38.1292;27.5809;1
15229;Yenioba;38.1290498504571;27.5805536743752;1
15230;Eskioba;38.1299977687365;27.5909013142794;1
15231;Eskioba;38.1297977660206;27.590501312118;1
15232;Tokatbaşı;38.1313;27.6101;1
15233;Tokatbaşı;38.1312;27.6095;1
15234;Mahmutlar;38.130018;27.625779;1
15235;Mahmutlar;38.1295116597764;27.6270855710745;1
15236;Turgutlu;38.1281686180807;27.6372927956485;1
15237;Turgutlu;38.128;27.6366;1
15238;Akkoyunlu;38.1286;27.6546;1
15239;Akkoyunlu;38.1284975701751;27.6541017753018;1
15240;Selvili;38.1314;27.6683;1
15241;Selvili;38.131369;27.66783;1
15242;Karateke;38.1306;27.6748;1
15243;Karateke;38.1305;27.674;1
15244;Karateke Orkide;38.1293;27.6811;1
15245;Karateke Orkide;38.1293;27.6806;1
15246;Tire Organize 1;38.121076;27.699036;1
15247;Tire Organize 1;38.1215;27.699;1
15248;Tire Organize 2;38.11783;27.703939;1
15249;Tire Organize 2;38.118026;27.704166;1
15250;Ödemiş Kavşağı;38.105825;27.713568;1
15251;Ödemiş Kavşağı;38.105652;27.7133;1
15252;Maltepe;38.101579;27.717244;1
15253;Maltepe;38.101504;27.716984;1
15254;Tire Hastanesi;38.0998040563679;27.7199478108372;1
15255;Tire Hastane;38.0996513107192;27.7198491905997;1
15256;Tire Toplu Konutlar;38.0986003740858;27.7218332983211;1
15257;Tire Toplu Konutlar;38.097777664523;27.7223205407498;1
15258;Tire Anadolu İmam Hatip Lisesi;38.0963;27.7261;1
15259;Tire Anadolu İmam Hatip Lisesi;38.096403;27.725197;1
15260;Tire Park;38.0944;27.7283;1
15261;Tire Park;38.094854;27.727481;1
15262;Tire İstasyon;38.091492;27.730439;1
15263;Tire İstasyon;38.0931301783641;27.7290321850266;1
15264;Tire Meydan;38.09002;27.732245;1
15265;Tire Meydan;38.0892;27.7316;1
15266;Tire Stadı;38.090737;27.73489;1
15267;Tire Stadı;38.0905;27.7348;1
15268;Tire Sanatkarlar;38.0917;27.738;1
15269;Tire Sanatkarlar;38.0917;27.7383;1
15270;Tire Zümrüt;38.0926;27.7409;1
15271;Tire Zümrüt;38.092873;27.741973;1
15272;Tire Terminal;38.0936;27.7431;1
15273;Tire Terminal;38.093491;27.743901;1
15275;Tire Terminal İçi;38.094288;27.743501;1
15425;Gölcükler Bahçe;38.264893;27.166943;1
15426;Gölcükler Bahçe;38.265064;27.166885;1
15427;Yeni Mahalle Altyol;38.2728611365063;27.1785443313206;1
15428;Yeni Mahalle Altyol;38.272991;27.178634;1
15429;Ormancı Altyol;38.274803143239;27.1812003322992;1
15430;Ormancı Altyol;38.274971;27.181404;1
15431;Kısıkköy Altyol;38.2771141491753;27.1877253282705;1
15432;Kısıkköy Altyol;38.277244;27.187941;1
15435;Fulya;38.1693930747478;27.3447001250354;1
15436;Çaybaşı Fabrikalar;38.125254389171;27.3942381441658;1
15437;Çaybaşı Fabrikalar;38.1257583964897;27.3937474817803;1
15438;Kızıloba Ilıca Giriş;38.247335072485;27.6869329681166;1
15439;Kızıloba Ilıca Giriş;38.2471355389035;27.6869252886026;1
15440;Dağkızılca Yol Ayrımı;38.3125880755594;27.3881024862708;1
15441;Dağkızılca  Yol Ayrımı;38.3124434243378;27.3879110977439;1
15448;Uzundere Mezarlığı;38.3566334061515;27.097574647347;1
15449;Uzundere Mezarlığı;38.3564664058397;27.0975766473231;1
15450;Nasrettin Hoca Parkı;38.3581924085209;27.0967246505611;1
15451;Nasrettin Hoca Parkı;38.3580394081831;27.0966356508809;1
15453;Limontepe Merkez Cami;38.3827484573337;27.103245612459;1
15454;Doğancılar Mezarlık;38.3019182941666;27.3431701641335;1
15455;Doğancılar Mezarlık;38.301820293545;27.3434101642218;1
15456;Elifli Sera;38.1952109751953;27.5878310113986;1
15457;Elifli Sera;38.1954509795548;27.5875740088898;1
15458;Ahmetli Zeytinlik;38.0816999921335;27.3617366952326;1
15459;Ahmetli Zeytinlik;38.0818299946194;27.3615846953741;1
15460;Köfündere Çiftlik;38.1895605174677;28.1772398693575;1
15461;Köfündere Çiftlik;38.1896565187687;28.1768818634921;1
15462;Tekeli Beton Santrali;38.1838706189991;27.1997249180361;1
15463;Tekeli Beton Santrali;38.1839906193617;27.1998599189736;1
15466;Karakızlar Dört Yol;38.2738220829016;27.4302282516782;1
15467;Karakızlar Dört Yol;38.2737580820076;27.4298342516613;1
15468;Yakacık Çiftlik;38.1902298569218;27.7001706027141;1
15469;Yakacık Çiftlik;38.1901718558324;27.7007406063803;1
15470;Beydağ Hükümet Konağı;38.0869831217561;28.2119744745084;1
15471;Beydağ Denizli Yolu;38.0875971674903;28.2170765250072;1
15472;Beydağ Denizli Yolu;38.087272;28.216847;1
15473;Beydağ Stadı;38.0890372436486;28.2191435076869;1
15476;Beşevler;38.129857453489;27.1547453718208;1
15477;Beşevler;38.1295234526373;27.1544903675994;1
15478;Ödemiş Devlet Hastanesi;38.2316187861163;27.9881604842241;1
15479;Ödemiş Devlet Hastanesi;38.2317647895181;27.9879604797881;1
15480;Şehit Polis Gökhan Kirazlı;38.2301247158225;27.9841064976327;1
15481;Şehit Polis Gökhan Kirazlı;38.2301297146072;27.9838674962619;1
15482;Atatürk Kültür Merkezi;38.4151337949573;27.1258526990704;1
15484;Ödemiş Son Durak;38.216098234006;27.9763007728096;1
15485;Ödemiş Nikah Sarayı;38.2305847831669;27.993183534674;1
15486;Ödemiş Nikah Sarayı;38.2306827871218;27.9933285331362;1
15487;Örentepe Yolu;38.190032964752;27.5143307261647;1
15488;Örentepe Yolu;38.1898419613419;27.5146957281759;1
15489;Kırbaş Üçyol;38.1179310788109;27.4453703902853;1
15490;Kırbaş Meydan;38.1179590715464;27.4472334011389;1
15491;Naime Çiftlik;38.0926757640865;27.4331062140551;1
15492;Naime Çiftlik;38.0925217622669;27.4330162127067;1
15493;Karakuyu Çiftlik;38.2543298738122;27.3948462802698;1
15494;Karakuyu Çiftlik;38.2545278758523;27.3947762798004;1
15495;Narlık;38.0578232894797;27.4246919406368;1
15496;Narlık;38.0576412866761;27.4246979393441;1
15497;Belevi Çiftlik;38.0539582097578;27.427971937494;1
15498;Belevi Çiftlik;38.0537612070429;27.4279219356273;1
15499;Belevi İstasyon;38.0303858045508;27.4330707885559;1
15500;Belevi İstasyon;38.0306328105146;27.4327917882641;1
15501;Kozpınar;38.024397402247;27.4409107943353;1
15502;Kozpınar;38.0242886466231;27.4411528074775;1
15503;Belevi Depolar;38.0213995818115;27.4434428028823;1
15504;Belevi Depolar;38.0212485803525;27.4433018002122;1
15505;Lavanta;38.1986001709937;27.0194781052513;1
15506;Lavanta;38.1985311704814;27.0196291043166;1
15507;Halide Edib Adıvar;38.1841196051299;27.2050979248157;1
15508;Halide Edib Adıvar;38.1840766057186;27.204796924236;1
15509;Ömer Seyfettin;38.1870346213298;27.205947944666;1
15510;Ömer Seyfettin;38.1872636229838;27.2058779460754;1
15511;Peyami Safa;38.1893716296974;27.2083229616195;1
15512;Peyami Safa;38.1892546299214;27.2079669605741;1
15513;Reşat Nuri Güntekin;38.1934326513936;27.2099129877594;1
15514;Reşat Nuri Güntekin;38.1935686529714;27.2096419883565;1
15515;Ahmet Hamdi Tanpınar;38.1966156789125;27.2070530044814;1
15516;Ahmet Hamdi Tanpınar;38.1963846779455;27.2068650029956;1
15517;Sait Faik Abasıyanık;38.2004217071452;27.2052200253368;1
15518;Sait Faik Abasıyanık;38.2002207061276;27.2051300241391;1
15519;Sabahattin Ali;38.2004887160229;27.201775023836;1
15520;Sabahattin Ali;38.2001907138193;27.2019340221964;1
15521;Kemal Tahir;38.1972676973037;27.2014110047085;1
15522;Kemal Tahir;38.1972686967711;27.2016230048426;1
15523;Rıfat Ilgaz;38.1944216874091;27.1985199855851;1
15524;Rıfat Ilgaz;38.1944156867576;27.1987549856991;1
15525;Orhan Kemal;38.1924266752027;27.1985379731069;1
15526;Orhan Kemal;38.1924546747419;27.1987749734479;1
15527;Tarık Buğra;38.1907716534217;27.2028449658404;1
15528;Tarık Buğra;38.190875653439;27.2030789666787;1
15529;Yusuf Atılgan;38.1876683702569;27.2035232985037;1
15530;Yusuf Atılgan;38.1878346328497;27.2036309477581;1
15531;Konak;38.4166665479394;27.1269254480862;1
15532;Konak;38.416361548199;27.1273644470157;1
15533;Ayrancılar Toki Giriş;38.2303197425058;27.2948991970438;1
15534;Ayrancılar Toki Giriş;38.2304354870983;27.2948163943863;1
15535;Fesleğen;38.2573691095878;27.1412403329219;1
15536;Fesleğen;38.2575021096556;27.1416053329422;1
15537;Yeniçiftlik Benzinlik;38.1200469158434;27.494566690419;1
15538;Yeniçiftlik Benzinlik;38.119823913567;27.494216687965;1
15539;Pamukyazı Ova;38.1075050871036;27.4097131439208;1
15540;Pamukyazı Ova;38.1075320888025;27.409424142402;1
15541;Havuzbaşı Zeytinlik;38.1787428713469;27.4719285801745;1
15542;Arslanlar Trafo;38.1696188646033;27.4217253853109;1
15543;Arslanlar Trafo;38.169419861923;27.4217803852944;1
15544;Harmanlılar;38.1675108418326;27.4201593768373;1
15545;Harmanlılar;38.1674778411409;27.420261377185;1
15546;Karakuyu Zeytinlik;38.2606469375917;27.3992772700913;1
15547;Karakuyu Zeytinlik;38.260520936307;27.3992532703771;1
15548;Korucuk Yol Ayrımı;38.264205974;27.4034862642452;1
15549;Korucuk Yol Ayrımı;38.2639969718416;27.4032122646026;1
15550;Karakızlar Zeytinlik;38.269401031027;27.419052259866;1
15551;Karakızlar Çiftlik Evleri;38.2701920416987;27.4254732617778;1
15552;Karakızlar Zeytinlik;38.2694700316659;27.4187672594334;1
15553;Karakızlar Çiftlik Evleri;38.2701410411728;27.4255292620006;1
15554;Karakızlar Arılık;38.2759181075564;27.4337702457349;1
15555;Karakızlar Arılık;38.275870107094;27.4338662459888;1
15556;Karakızlar Çiftlik;38.277519126597;27.4363722407911;1
15557;Karakızlar Çiftlik;38.2774361256836;27.4363562411265;1
15558;Subaşı Ova;38.1094312938375;27.4411713418443;1
15559;Subaşı Ova;38.1093979715148;27.4412553372185;1
15560;Yıldırım Beyazıt;38.3709894530336;27.1209935557776;1
15561;Yıldırım Beyazıt;38.370832452718;27.1210125558459;1
15562;Menderes SGK;38.2444454599654;27.1347688696042;1
15563;Menderes SGK;38.2445490687489;27.1345252843308;1
15564;Menderes Son Durak;38.2414772520666;27.1359587723935;1
15567;Arıtma;38.0380534559733;27.0660727269715;1
15568;Arıtma;38.0385154598712;27.0657917355407;1
15571;Bayındır Yağcı;38.2070481915598;27.6660452737831;1
15572;Menderes Düğün Salonu;38.2419570579616;27.1348992710107;1
15573;Menderes Düğün Salonu;38.2418580579885;27.1346362708188;1
15574;Ormancı;38.1358558855376;27.0570883487364;1
15575;Ormancı;38.1360114895782;27.0548481330733;1
15576;Pirenlik Çayır;38.3019342737127;27.133650481702;1
15577;Pirenlik Çayır;38.3017902732539;27.1336444814306;1
15578;Pirenlik Orman;38.3005822702572;27.1311544849067;1
15579;Pirenlik Orman;38.3006062702958;27.1312594847064;1
15580;Pirenlik Tepe;38.302066275442;27.1296244916643;1
15581;Pirenlik Tepe;38.3021303490192;27.1297249066625;1
15582;Pirenlik Depo;38.302968277083;27.1334194842814;1
15583;Pirenlik Depo;38.3030333368547;27.1335758085207;1
15584;Gümüldür Stat;38.0855009272637;27.0138935416168;1
15585;Dirmil Yol Ayrımı;38.2432857498788;27.4142343261881;1
15586;Dirmil Yol Ayrımı;38.2433357505291;27.4140083257604;1
15587;Karakızlar Yol Ayrımı;38.285845217849;27.4379702054168;1
15588;Karakızlar Yol Ayrımı;38.2858952183485;27.4379292051751;1
15589;Karaot Orman;38.2895482601881;27.4406241891538;1
15590;Karaot Orman;38.289800262796;27.4405321879324;1
15591;Karaot Giriş;38.2923482898053;27.4403111756737;1
15592;Karaot Giriş;38.2921982881328;27.4402451763842;1
15593;Saipler Çiftlik;38.2640419733845;27.3743882462719;1
15594;Saipler Çiftlik;38.2643247490065;27.3741930140152;1
15595;Bozköy Köşe;38.2814651339835;27.3702852070364;1
15596;Bozköy Köşe;38.2814661339198;27.3700462070299;1
15597;Çakırbeyli Viraj;38.2844521613432;27.3716371993226;1
15598;Çakırbeyli Viraj;38.2844161609957;27.3715761994211;1
15604;Tünel İşletme Şefliği;38.399032041911;27.1391648856134;1
15605;Halkapınar 2;38.4353856671831;27.168116205035;1
15606;Halkapınar 2;38.4353536668541;27.1680032056598;1
15607;Torbalı OSB;38.0901402419259;27.3346816116624;1
15608;Pancar Prefabrik;38.2087916550855;27.2522050999236;1
15609;Pancar Prefabrik;38.2090696562074;27.2526221014032;1
15610;Pancar Zeytin;38.2058236383094;27.2500600857027;1
15611;Pancar Zeytin;38.2056036375324;27.2496950844282;1
15612;Sosyal Konutlar;38.3054305677604;27.1374759580149;1
15613;Şehit Uzman Çavuş Muhammed Mustafa Ak;38.3741244351267;27.0952796514225;1
15614;Şehit Uzman Çavuş Muhammed Mustafa Ak;38.3742894355737;27.0954746505539;1
15615;Ali Fuat Erden Mahallesi;38.3711684301516;27.0951816534464;1
15621;Albay Mustafa Mümin Aksoy;38.4328766444308;27.1603712488754;1
15622;Meslek Fabrikası;38.4353136553143;27.163008227861;1
15623;İlkkent;38.3630114145184;27.0928556648069;1
15624;Ali Fuat Erden;38.3726444330326;27.095669650769;1
15625;Serköy Çiftlik Evleri Giriş;38.0793282722731;27.2437011067519;1
15626;Şehit Mustafa Yaman Anadolu İmam Hatip Lisesi;38.3205143306586;27.1206995464448;1
15627;Irmak Mahallesi Park;38.3227083365377;27.1195625525549;1
15628;Irmak Mahallesi Park;38.3226313363225;27.1193535530626;1
15629;Gazi Umurbey Okul;38.3264823464278;27.1186865595654;1
15630;Gazi Umurbey Okul;38.3263103459668;27.1185805596901;1
15631;Zihni Dağlı;38.2449157582274;27.4469343720611;1
15632;Zihni Dağlı;38.2447107558037;27.4468603725854;1
15633;Ormanköy Giriş;38.2478017919617;27.4539053737892;1
15634;Ormanköy Giriş;38.247786791776;27.4540283740392;1
15635;Gıda Sanayi;37.9963263794499;27.4170542902959;1
15636;Gıda Sanayi;37.9964103766436;27.4175502961941;1
15637;ÇİKOOP;38.2122542742202;27.6253140545975;1
15638;ÇİKOOP;38.2121682726975;27.625492055991;1
15639;Bayındır Zeytin;38.2151053263006;27.6252400319419;1
15640;Bayındır Zeytin;38.2153473306418;27.6250630293313;1
15641;Bayındır Gül;38.2171003659834;27.632025042638;1
15642;Bayındır Gül;38.2173713712348;27.6325120423209;1
15643;Karakuyu Cami;38.1320031228488;27.2357565771909;1
15644;Karakuyu Okul;38.1340591413547;27.2352435940135;1
15645;Karakuyu Okul;38.1339561407504;27.2351925929677;1
15646;Karakuyu Bahçe;38.1372991659247;27.2355006229029;1
15647;Karakuyu Bahçe;38.1372491660809;27.2353656221194;1
15648;Karakuyu Mezarlık;38.1417491504266;27.2367762511761;1
15649;Karakuyu Mezarlık;38.1417141960288;27.2366586631757;1
15650;Karakuyu Yolu Silo;38.1599993572382;27.2308397933956;1
15651;Karakuyu Yolu Silo;38.160342875084;27.2307094540764;1
15652;Karakuyu Yolu Tarım;38.177139479546;27.2317229121974;1
15653;Karakuyu Yolu Tarım;38.1769684781787;27.2317689111815;1
15654;Karakuyu Yolu Sanayi;38.1824419407743;27.2275343565317;1
15655;Karakuyu Yolu Sanayi;38.1823115289782;27.2273849385028;1
15656;Karakuyu Yolu Lojman;38.1850545430628;27.2291819573631;1
15657;Karakuyu Yolu Lojman;38.1851723546902;27.2291235036914;1
15658;Karakuyu Yolu Köprü;38.1913518389091;27.2315279136077;1
15659;Karakuyu Yolu Köprü;38.1912155799202;27.231444995396;1
15660;Kılıç;38.372825443575;27.1069996068895;1
15661;Kılıç;38.3725334426547;27.1065886086745;1
15662;Limontepe;38.3732804355751;27.0973346439006;1
15663;Merkez Cami;38.1489607907062;27.3638011118676;1
15664;Merkez Cami;38.1487457881197;27.3638401111398;1
15665;Torbalı Diş Hastanesi;38.145708746495;27.3657811061035;1
15666;Torbalı Diş Hastanesi;38.1453957426563;27.3658461050461;1
15667;İmam Hatip 2;38.1438594528726;27.3654281937117;1
15668;İmam Hatip 2;38.1436997258317;27.3650830947873;1
15669;Torbalı Altgeçit;38.1422727204317;27.3620570763996;1
15670;Torbalı Altgeçit;38.1423287222479;27.361737075372;1
15671;Lodos;38.144176748974;27.3601950775453;1
15672;Lodos;38.1440567483648;27.3599860761908;1
15673;Güneybatı;38.1449637690734;27.3570970690191;1
15674;Güneybatı;38.1453607746035;27.3568030696728;1
15675;İbrahim Kesici;38.1491318164453;27.3569390867242;1
15676;İbrahim Kesici;38.1493298192925;27.3567570868933;1
15677;Uygar;38.1507118644908;27.3481200614256;1
15678;Uygar;38.1505758634523;27.3479920603594;1
15679;Siteler;38.1539498989711;27.3483290763212;1
15680;Siteler;38.1539188992373;27.3481500755657;1
15681;Koruluk;38.1558979076033;27.3521030975355;1
15682;Koruluk;38.1560689104037;27.3518190972471;1
15683;Değirmendere Seralar;38.1163623639825;27.1568492179826;1
15684;Değirmendere Seralar;38.1165693666665;27.1565402198317;1
15685;Saipler Çıkış;38.2680760116131;27.3690262362705;1
15686;Saipler Çıkış;38.2682270130069;27.3690562359935;1
15687;Taştepe Caddesi;38.2194725035227;27.3963923273193;1
15688;Taştepe Caddesi;38.2196340754925;27.3962626705259;1
15689;Cumhuriyet İlkokulu;38.1578899344883;27.3505041000825;1
15690;Cumhuriyet İlkokulu;38.1578809350032;27.3503150994075;1
15691;Hacı Nurşen Hüsnü Ay Cami;38.1611739751436;27.3488561075157;1
15692;Hacı Nurşen Hüsnü Ay Cami;38.1611839757262;27.3487051070619;1
15693;Çınar Evleri;38.1644450104079;27.3487601195668;1
15694;Çınar Evleri;38.1644400108736;27.3485901190111;1
15696;Şehit Çavuş Haydar Arda Erertingi Ortaokulu;38.1493347699841;27.3710721412974;1
15697;Şehit Çavuş Haydar Arda Erertingi Ortaokulu;38.1494045422728;27.370974282373;1
15698;Çakabey Anaokulu;38.150090772239;27.372991151589;1
15699;Çakabey Anaokulu;38.1501927732786;27.3730351521384;1
15700;Meşe;38.1526318013851;27.3731141613265;1
15701;Meşe;38.1526748022521;27.3730031610588;1
15702;Zeytin;38.1554448354528;27.3726541694631;1
15703;Zeytin;38.1553558346553;27.3725831688939;1
15704;Torbalı Spor Salonu;38.1567288578993;27.3702641651083;1
15705;Torbalı Spor Salonu;38.1568208592848;27.3701601650469;1
15706;Tarla;38.1604288993863;27.3704981782991;1
15707;Tarla;38.1605099007002;27.370371178114;1
15708;Yıldırım Beyazıt Cami;38.1649219524797;27.3697671898238;1
15709;Yıldırım Beyazıt Cami;38.1649379529116;27.3696821895853;1
15710;Tren Yolu Geçidi;38.1678889866229;27.3694921976396;1
15711;Tren Yolu Geçidi;38.1679829877966;27.3694501977713;1
15712;Mezarlık;38.1709860178858;27.3706962101087;1
15713;Mezarlık;38.1706793823233;27.3703335833207;1
15714;Torbalı Kabristan;38.1736500484772;27.3703712160154;1
15715;Torbalı Kabristan;38.1733750454919;27.3703442152315;1
15716;Beton Santrali;38.1757150882346;27.3640172019924;1
15717;Beton Santrali;38.1756560898906;27.3631551992706;1
15718;Torbalı Sanayi Sitesi;38.1835663944125;27.3542193892291;1
15719;Torbalı Sanayi Sitesi;38.1835603927828;27.3545233908055;1
15720;Torbalı Fatih Cami;38.1832001827306;27.3585162051808;1
15721;Torbalı Fatih Cami;38.1833181841426;27.358450205286;1
15722;Şehit Binbaşı Ercan Ortaokulu;38.2137279673313;27.1232881139737;1
15723;Küner Yolu;38.2114109500291;27.1267540957834;1
15724;Küner Yolu;38.2115269504089;27.1267980965607;1
15725;Küner Küme Evler;38.2108089392136;27.130375089592;1
15726;Küner Küme Evler;38.2109439403123;27.1301450906444;1
15727;Pirentepe;38.2103169274888;27.1345550841143;1
15728;Pirentepe;38.2104399288114;27.1342120851167;1
15729;Küner Kavşak;38.2096719166449;27.1380250781795;1
15730;Küner Kavşak;38.2098157075458;27.1379794788689;1
15731;Özdere Mezarlığı;38.0457935344995;27.0590518635656;1
15732;Özdere Mezarlığı;38.0458155355233;27.0589028636281;1
15733;Ortaköy Merkez Cami;38.0488665592752;27.0571389196385;1
15734;Ortaköy Merkez Cami;38.0487585589671;27.0571159174569;1
15735;Ekin;38.0528826024113;27.0527529881574;1
15736;Ekin;38.0527206020393;27.0527069848969;1
15737;Tire Mezarlık;38.0938904910387;27.746853805964;1
15738;Kır Düğün Salonu;38.0934814682989;27.7509108492698;1
15739;Tire Mezarlık;38.0940904969108;27.7466478023878;1
15740;Kır Düğün Salonu;38.0938014777257;27.750586843534;1
15741;Tire Küçük Sanayi Sitesi;38.0922094186197;27.7562999131473;1
15742;Tire Küçük Sanayi Sitesi;38.0924114230882;27.7566209147293;1
15743;Tire Küçük Sanayi Sitesi-2;38.091797391164;27.7619219730661;1
15744;Tire Küçük Sanayi Sitesi-2;38.0921323971535;27.762984980997;1
15745;Urgancı;38.092225388776;27.7668090188446;1
15746;Urgancı;38.092390393472;27.7667350166848;1
15747;Boynuyoğun Yağ Fabrikası;38.0927163858501;27.7726610738834;1
15748;Boynuyoğun Yağ Fabrikası;38.0928683461063;27.7728106644104;1
15749;Hilal;38.0931213854982;27.7768801131289;1
15750;Hilal;38.0932643893023;27.7769321123632;1
15751;Çukuryer;38.0935403886164;27.7800501415604;1
15752;Boynuyoğun Dörtyol;38.0938193868873;27.7836651758047;1
15753;Boynuyoğun Dörtyol;38.093937171157;27.7838472575753;1
15754;Boynuyoğun Pazaryeri;38.0942473900152;27.7870932067365;1
15755;Boynuyoğun Pazaryeri;38.0943753939886;27.7869382039303;1
15756;Işıklı Köyü Giriş;38.0948063939446;27.7917762491855;1
15757;Işıklı Köyü Giriş;38.0949833991821;27.7916722463872;1
15758;Işıklı Mezarlık;38.0954094013458;27.7957132834973;1
15759;Işıklı Mezarlık;38.0954994048831;27.7953012783817;1
15760;Öztürk;38.0966244282986;27.7988693034786;1
15761;Saka;38.0981774643468;27.8024293237207;1
15762;Öztürk;38.0968974356396;27.7990443024753;1
15763;Saka;38.0982144662098;27.8020653196345;1
15764;Benzinlik;38.0995814951241;27.80670835234;1
15765;Benzinlik;38.0996274977828;27.8060753454319;1
15766;Kürdüllü Giriş;38.1005225126631;27.8112623883341;1
15767;Kürdüllü Giriş;38.1005535146977;27.8107003822999;1
15768;Konserve Fabrikası;38.1019995455312;27.8161914218604;1
15769;Konserve Fabrikası;38.1023945560073;27.8166894224477;1
15770;Kireli;38.1071186807772;27.8236264374679;1
15771;Kireli;38.1069526768795;27.8230584337766;1
15772;Kireli Giriş;38.1091327307482;27.8292624692581;1
15773;Kireli Giriş;38.1092107337498;27.8287724634675;1
15774;Gökkurt;38.1102217544171;27.8350955135647;1
15775;Gökkurt;38.1103737590506;27.8349775105063;1
15776;Eken;38.1111717760626;27.839963549743;1
15777;Peşrefli;38.1124998046249;27.8492336242281;1
15778;Peşrefli;38.112614809084;27.8483136136136;1
15779;Tire Gökçen Mezbaha;38.1126988035306;27.8559196878869;1
15780;Tire Gökçen Mezbaha;38.1128038068326;27.8557926852058;1
15781;Gökçen Mezarlık Yolu;38.1132388120052;27.8642357633095;1
15782;Gökçen Mezarlık Yolu;38.1133728160219;27.8643237623207;1
15783;Gökçen Anadolu Lisesi;38.1133518116909;27.8686058054012;1
15784;Zafer Meydanı;38.1133758394006;27.8720126960591;1
15785;Gökçen Anadolu Lisesi;38.1142886577725;27.8701043965549;1
15786;Ekin;38.1152468675539;27.8717718099877;1
15787;Ekin;38.1152578679739;27.8716588087061;1
15788;Gün;38.1188969807102;27.8701327413128;1
15789;Gün;38.1188909806045;27.8699987400915;1
15790;Park;38.1216950668222;27.8688556885186;1
15791;Park;38.1215530625424;27.868761689668;1
15792;Gökçen Efe İlkokulu;38.1248611635848;27.8674146288765;1
15793;Düzyol;38.1279272566299;27.8659465705022;1
15794;Düzyol;38.1279892585378;27.8657835680823;1
15795;Bahar Yeli;38.1306673392004;27.8646585186226;1
15796;Bahar Yeli;38.13067133934;27.8645285173721;1
15797;Kahratlı;38.1332424162946;27.8636544717878;1
15798;Kahratlı;38.1332004150498;27.8635164711553;1
15799;Meydan;38.1354424818341;27.863449437609;1
15800;Stad;38.108756963286;27.7133133824938;1
15801;Stad;38.1087399633308;27.7131403810729;1
15802;Gökçen Yol Ayrımı;38.1121460438136;27.7142793671535;1
15803;Gökçen Yol Ayrımı;38.1122040458768;27.7140243645067;1
15804;Kutsan;38.1169231564852;27.7159403467515;1
15805;Kutsan;38.1171281617903;27.7158083440983;1
15806;Toki Yol Ayrımı;38.1267913947934;27.7164002750606;1
15807;Toki Yol Ayrımı;38.1268663967986;27.716298273638;1
15808;Sarı Zeybek;38.1247783386336;27.7201923221424;1
15809;Sarı Zeybek;38.1249463428328;27.720134320326;1
15810;Tire Toki Şehit Mehmet Çağlar Bölük İlkokulu;38.1250593314269;27.7274583801537;1
15811;Tire Toki Şehit Mehmet Çağlar Bölük İlkokulu;38.1251783345008;27.7273803785197;1
15812;Toki Konutlar;38.1239713016549;27.7290104021339;1
15813;Toki Konutlar;38.1240943035619;27.7295994060494;1
15814;Hacı Saim Mutlu Cami;38.1251903271307;27.7314734125349;1
15815;Hacı Saim Mutlu Cami;38.1254713341951;27.7314124096487;1
15816;Toki Son Durak;38.1271563770818;27.7307073894992;1
15817;Çapak Meydan;38.2315706790637;27.3526702552231;1
15828;Eken;38.1113457811204;27.8400375482615;1
15829;Gökçen Efe İlkokulu;38.1246781580742;27.8673276307097;1
15830;Çukuryer;38.0934023845498;27.7801421437682;1
15832;Uygur;38.151217;27.352317;1
15833;Uygur;38.151151;27.352023;1
15834;Torba Kent;38.1819531801805;27.3542701906333;1
15835;Torba Kent;38.182196;27.353793;1
15836;Bahriye Üçok Mahallesi Köprü;38.379611;27.103447;1
15837;Ormanköy Çıkış;38.2480347946736;27.4593203817466;1
15838;Ormanköy Çıkış;38.2479977942228;27.4592233817228;1
15839;Gündoğdu;38.245529;27.459662;1
15840;Gündoğdu;38.245321;27.459611;1
15841;İmbat;38.242392;27.463005;1
15842;İmbat;38.24225;27.463137;1
15844;Soğuk Hava Deposu;38.1933733005537;27.3534372149122;1
15845;Payidar;38.1986823520983;27.3547092277518;1
15847;Gıda Fabrikası;38.2032126767783;27.3507750036036;1
15848;Gıda Fabrikası;38.2030854044349;27.3507172266676;1
15849;Depolar;38.2067594524154;27.3445262205579;1
15850;Depolar;38.2067614522009;27.3446522207958;1
15851;Gün kurusu;38.2101104811905;27.3466732294959;1
15852;Gün kurusu;38.2100734809897;27.346582229282;1
15854;Beton Fabrikası;38.1965833238242;27.357986231483;1
15855;Ela;38.1486717702411;27.368763129776;1
15856;Ela;38.1488187712121;27.36897413117;1
15857;Yakamoz;38.3867014541492;27.0946506429547;1
15858;Yakamoz;38.3866734539394;27.0944996436081;1
15859;Maliyeciler Park;38.3850339927618;27.0947467827764;1
15860;Cemal Süreya Parkı;38.388335457552;27.095513637486;1
15861;Siteler;38.3873274561149;27.0955706384471;1
15862;Siteler;38.3875804556682;27.0948416411587;1
15863;Cemal Süreya Parkı;38.3882244579639;27.0960176355373;1
15864;Şehit Mehmet Kıvık;38.0500491509823;27.0552918770372;1
15865;Şehit Mehmet Kıvık;38.049882444149;27.0556976638144;1
15866;Torbalı Caddesi;38.160841933797;27.3609031464542;1
15867;Torbalı Caddesi;38.1607399330217;27.3607891457072;1
15868;Naci Tuncel Caddesi;38.1648319800349;27.3601821576749;1
15869;Naci Tuncel Caddesi;38.1647209789502;27.3601371571587;1
15870;Ekinci;38.1687150311145;27.3572201608639;1
15871;Ekinci;38.1686690300661;27.3574101613103;1
15872;Turkuaz Sitesi;38.1736970917404;27.3547051687199;1
15873;Turkuaz Sitesi;38.1736130904834;27.3548361688526;1
15874;Karaçam;38.2953632768491;27.3960621618064;1
15875;Karaçam;38.2952540551488;27.3960202425734;1
15876;Yenitepe Erguvan;38.3601804282314;27.1194665683005;1
15877;Yenitepe Meydan;38.3619583529022;27.120120394597;1
15878;Yenitepe Meydan;38.3621741537028;27.1203774279231;1
15879;Yenitepe Erguvan;38.3603674287729;27.1196335676332;1
15880;Yenitepe Giriş;38.3587914245259;27.118630571763;1
15881;Yenitepe Giriş;38.3584245974652;27.1183440931795;1
15882;Mezarlık;38.2260776267528;27.3525312533339;1
15883;Çapak Girişi;38.2292236569256;27.3524872544351;1
15884;Çapak Girişi;38.229346658116;27.3524732544529;1
15885;Mezarlık;38.2259976258815;27.3526112534095;1
15886;Komutan;38.2204735707605;27.3538372521295;1
15887;Doğalgaz Akım Tesisi;38.2130214965127;27.3545042469484;1
15888;Doğalgaz Akım Tesisi;38.2129514959405;27.3544302467454;1
15889;Komutan;38.2203815697362;27.3539262522062;1
15890;Şenyüz;38.2097264664729;27.3529432404218;1
15891;Şenyüz;38.2097894669091;27.3530522407012;1
15892;Cemal Parkı;38.2086719328703;27.3441687850907;1
15893;Cemal Parkı;38.2084854695716;27.3443252229031;1
15894;Ayrancılar Sağlık Ocağı;38.2432638651474;27.276627210781;1
15898;Uzundere Kavşağı;38.358100415808;27.108205608925;1
15899;Uzundere Kavşağı;38.3584319608675;27.1080490282236;1
15900;Hilal;38.3735964348164;27.0959006493107;1
15901;Hilal;38.3737094349458;27.0958366494927;1
15903;İPOSB Mesleki ve Teknik A.L.;38.2166407177636;27.2488981278529;1
15904;İPOSB Mesleki ve Teknik A.L.;38.2172037214366;27.2490421300207;1
15905;Kuşçu;38.2662461386513;27.1461533592295;1
15906;Kuşçu;38.2662441386175;27.1461783591834;1
15907;Köşe;38.2672921448438;27.1440723661905;1
15908;Köşe;38.2672551441262;27.144636365158;1
15909;Mimar Sinan;38.1453557207282;27.3718901289409;1
15910;Mimar Sinan;38.1451227172922;27.372089128805;1
15911;Mimar Kemaleddin;38.1425356806624;27.3738091253018;1
15912;Mimar Kemaleddin;38.1427186826458;27.3738591262588;1
15913;Ege;38.1563199210026;27.3494260900512;1
15914;Ege;38.1562309195384;27.3495780902049;1
15915;Ertuğrul Mahallesi;38.1555508705104;27.36223913189;1
15916;Ertuğrul Mahallesi;38.1555138687585;27.3626481332186;1
15917;Yeşil Bahçe;38.1020794190624;26.9126328752629;1
15918;Yeşil Bahçe;38.1020504184953;26.9127668745413;1
15919;Havalimanı;38.2945832464338;27.1410944493469;1
15921;Keresteciler Sitesi;38.288544;27.143275;1
15922;Keresteciler Sitesi;38.288625;27.143546;1
15923;Mobilyacılar;38.282624;27.145862;1
15924;Mobilyacılar;38.282794;27.146063;1
15925;Aydın;38.27333;27.152882;1
15926;Aydın;38.273464;27.15312;1
15927;Gölcükler Yol Ayrımı;38.266438117966;27.1673923288405;1
15928;Gölcükler Yol Ayrımı;38.266643;27.167284;1
15929;Ödemiş Müzesi;38.228211;27.988946;1
15930;Ödemiş Müzesi;38.228084;27.988934;1
15931;Bayındır Giriş;38.214757;27.656643;1
15932;Bayındır Giriş;38.214438;27.656736;1
15933;İzsu;38.213378;27.647538;1
15934;İzsu;38.213418;27.649338;1
15935;Beydağ Terminal;38.086161;28.21075;1
15936;Kiraz Devlet Hastanesi;38.231042;28.218045;1
15937;Özkan;38.231803;28.216513;1
15938;Özkan;38.231918;28.216143;1
15939;Ziya Gökalp;38.231587;28.212094;1
15940;Ziya Gökalp;38.231432;28.21204;1
15941;Beyazıt;38.231755;28.209687;1
15942;Beyazıt;38.231599;28.209716;1
15943;Kiraz Hükümet Konağı;38.231494;28.206588;1
15944;Kiraz Hükümet Konağı;38.2314365015965;28.2067616976866;1
15945;Okul;38.2309684537881;28.2038926968651;1
15946;Okul;38.2309184517772;28.2038956985687;1
15947;Soğutma Fabrikası;38.281152;27.20306;1
15948;Çamlık;38.280409;27.199183;1
15949;Kısıkköy Sanayi Estim;38.2791901549962;27.1938033239101;1
15950;Kısıkköy Giriş Alt Yol;38.277366;27.187039;1
15951;Ormancı Alt Yol;38.27502;27.180829;1
15952;Yeni Mahalle Alt Yol;38.272686;27.177819;1
15953;Benzinlik;38.275098;27.151894;1
15954;Benzinlik;38.27517;27.151495;1
15955;Torbalı Devlet Hastanesi Kavşağı;38.1769761270725;27.3545221777973;1
15956;Torbalı Devlet Hastanesi Kavşağı;38.1768558325917;27.3543257970271;1
15957;Yol Üstü Benzinlik Anayol;38.21248;28.018775;1
15958;Pancar Tekstil;38.2133586869286;27.2527071181895;1
15959;Pancar Tekstil;38.2131906858569;27.2526411175033;1
15960;Orhan Veli Kanık;38.2158597094412;27.2503421258879;1
15961;Orhan Veli Kanık;38.2156977085077;27.2502341252139;1
15962;Cahit Sıtkı;38.2135486977744;27.2480101155111;1
15963;Cahit Sıtkı;38.2133746964726;27.2480471148588;1
15964;Fazıl Hüsnü Dağlarca;38.2109646839496;27.2458911036735;1
15965;Fazıl Hüsnü Dağlarca;38.2109626835873;27.2460571037888;1
15966;Haldun Taner;38.2086696649536;27.2471960952105;1
15967;Haldun Taner;38.2087536653222;27.2473020956473;1
15968;Kemal Tahir;38.2104066716968;27.24984310446;1
15969;Kemal Tahir;38.2102346711818;27.2495041034971;1
15973;Kosova Mahallesi;38.4126505825574;27.1505273591882;1
15974;Kaleiçi;38.4134085835369;27.1501853583697;1
15975;Kaleiçi;38.4134495838377;27.1503023577603;1
15976;Kadifekale Son Durak;38.4141975804876;27.1476223667462;1
15977;Beydağ Yol Ayrımı;38.1596650113588;28.1338164001787;1
15978;Beydağ Yol Ayrımı;38.1596120083303;28.1336514001698;1
15980;Kuyucak Yolu;38.1903072311745;26.990712068283;1
15981;Kuyucak Yolu;38.1904462325413;26.9902650706521;1
15982;Akkoyunlu Mezarlık;38.1306705988548;27.6620418228411;1
15983;Akkoyunlu Mezarlık;38.1308606025649;27.6622418232393;1
15984;Orhangazi Yolu;38.1814591177861;28.1683810518781;1
15985;Orhangazi Yolu;38.1815579404369;28.1681488253184;1
15986;Çileme Açelya;38.1497624719365;27.1799256188371;1
15987;Çileme Açelya;38.1497434722107;27.179821618497;1
15988;Peşrefli Çiftlik;38.1119857951528;27.844099580177;1
15989;Peşrefli Çiftlik;38.1121227991142;27.8441965793622;1
15990;Tire Fabrika;38.1231143043204;27.7171823102459;1
15991;Tire Fabrika;38.123128304923;27.7170553090813;1
15992;Çaylı Çıkış;38.1457180026767;28.1437565289306;1
15993;Çaylı Çıkış;38.1458264900635;28.1438628971517;1
15994;Çırpı Pazar;38.16777465689;27.4973357012021;1
15995;Çırpı Pazar;38.1676526550389;27.4973347013585;1
15996;Çam;38.1670866530019;27.4944096886844;1
15997;Çam;38.1669846515575;27.4943666886087;1
15998;Tarla;38.1665606507407;27.491912677873;1
15999;Tarla;38.1664336489013;27.4918816778678;1
16000;Güzçiçek;38.1662096503477;27.4897916685607;1
16003;Bayır;38.1874626845547;28.0581300075721;1
16004;Bayır;38.1875326882458;28.0583540074746;1
16005;Değirmenönü;38.2151618279492;28.2066022461798;1
16006;Değirmenönü;38.2152008272918;28.2063562432363;1
16007;Saipler Kavşak;38.2508378433489;27.3816032738943;1
16008;Saipler Kavşak;38.2507198422077;27.3815372740093;1
16009;Maliyeciler Son Durak;38.3841814476747;27.0921296559776;1
16010;Maliyeciler Park;38.3851394518489;27.094684644528;1
16011;Torbalı İZSU;38.1657669721926;27.3663001808102;1
16012;Torbalı İZSU;38.1657789729218;27.3660981801787;1
16013;Torbalı Tren Yolu;38.1658859737461;27.3662231809218;1
16014;Torbalı Tren Yolu;38.1659899335632;27.3662439920589;1
16015;Çınaraltı Evleri;38.0787996486223;27.2407010336352;1
16016;Çınaraltı Evleri;38.0789116504036;27.2405650344032;1
16017;Tepeli;38.2437948878424;27.26081620952;1
16019;TOKİ Yolu;38.2411268759757;27.2557452034295;1
16020;TOKİ Yolu;38.2411248757037;27.2559432034406;1
16021;Ayrancılar Yeni TOKİ;38.2394998666391;27.2544401995063;1
16022;Ayrancılar Yeni TOKİ;38.2394138655579;27.2548071993405;1
16023;Ayrancılar Anadolu Lisesi;38.2396788621473;27.2587042004548;1
16024;Ayrancılar Anadolu Lisesi;38.2395268612432;27.2585952000919;1
16025;Şehit Öğretmen Ayhan Kökmen;38.121102545637;28.1709529166775;1
16026;Şehit Öğretmen Ayhan Kökmen;38.1212165494536;28.1706519098059;1
16027;Süt Toplama Merkezi;38.1996729007856;27.6254701319756;1
16028;Süt Toplama Merkezi;38.1997670433554;27.6252591486019;1
16029;Mermer Fabrikası;38.1740450143635;27.384872263045;1
16030;Mermer Fabrikası;38.1742340174664;27.3845202622935;1
16031;Kışla Mahallesi;38.1958669377853;28.0491817278702;1
16032;Kışla Mahallesi;38.1956619286284;28.0488287305503;1
16033;Oğlananası Bahçe;38.2577860051229;27.2364982426694;1
16034;Oğlananası Bahçe;38.257928005977;27.236507242938;1
16035;Bahçe;38.1479368420064;27.345914040764;1
16036;Bahçe;38.1478708420021;27.3457130397229;1
16037;Demir;38.1459448285156;27.3436380229186;1
16038;Demir;38.1458518270359;27.3437680229433;1
16039;Narenciye;38.0103674114161;27.1881647082559;1
16040;Narenciye;38.0108494172566;27.1879277159562;1
16041;Cumhuriyet Sitesi;38.0976276687358;27.7196895169107;1
16042;Cumhuriyet Sitesi;38.0975076667142;27.719364514647;1
16043;Tire Hemzemin Geçit;38.0942195783684;27.7211255532758;1
16044;Tire Hemzemin Geçit;38.0941495773707;27.7208825514052;1
16045;Lale Park;38.091443504595;27.7221815817198;1
16046;Lale Park;38.0915475081083;27.7219155784535;1
16047;Turgut Özal Bulvarı;38.0865603810745;27.721913610363;1
16048;Turgut Özal Bulvarı;38.0865913809361;27.7221816128333;1
16049;Tire Linyit;38.0844103337674;27.7197576021411;1
16050;Tire Linyit;38.0845373369165;27.7197836016281;1
16051;Yapı Market;38.0836843442871;27.7117795266804;1
16052;Yapı Market;38.0838063471595;27.7118355265428;1
16053;Topalak;38.0840923833277;27.7039954471767;1
16054;Topalak;38.0842314976398;27.7038424118114;1
16055;Yuvalı;38.0854864394784;27.6981873827976;1
16056;Yuvalı;38.0855354413881;27.6979983806998;1
16057;Tire Fabrika;38.0831324186439;27.6885193000416;1
16058;Tire Fabrika;38.0832244192378;27.6889423037411;1
16059;Tarihi Çavuş Çeşmesi;38.0749213340215;27.6616500685312;1
16060;Tarihi Çavuş Çeşmesi;38.0749548173187;27.6613688921927;1
16061;Çayırlı;38.0735534193113;27.6531411211909;1
16062;Çayırlı;38.0735983421106;27.6529459868742;1
16063;Büyükkale Çıkış;38.0439892347478;27.5542340061545;1
16064;Büyükkale Çıkış;38.0439812364633;27.5539340031623;1
16065;Büyükkale Giriş;38.041313;27.546616;1
16066;Büyükkale Giriş;38.041393;27.54664;1
16067;Küçükkale;38.025212120636;27.5159905383707;1
16068;Küçükkale;38.025134122677;27.5154935328626;1
16069;Üzümler;38.0206650711752;27.5107634572641;1
16070;Üzümler;38.0206580740521;27.5103514529847;1
16071;Mehmetler;38.0127029959331;27.5005592973058;1
16072;Mehmetler;38.0127470096367;27.4988742800104;1
16073;Halkapınar;38.014720143757;27.4860931630345;1
16074;Halkapınar;38.0149641498339;27.4858821627684;1
16075;Belevi Karayolları Şantiye;38.0182964540794;27.4534958703542;1
16076;Belevi Karayolları Şantiye;38.0182744568156;27.4530838662136;1
16077;Demokrasi Üniversitesi;38.34829138668;27.0906529662652;1
16078;Veteriner İşleri Müdürlüğü;38.3454123834891;27.095248651565;1
16079;Veteriner İşleri Müdürlüğü;38.3455233838028;27.095489650796;1
16080;Uzundere Yol Ayrımı;38.3474783892921;27.0992836386641;1
16081;Uzundere Yol Ayrımı;38.3472663888437;27.0992326387402;1
16082;Trafo;38.3508153971068;27.1015886318686;1
16083;Trafo;38.3504193963137;27.1015966317233;1
16085;Ali Fuat Erden Son Durak;38.3701344271381;27.0936416598972;1
16086;Ali Fuat Erden Mahallesi;38.3712394302641;27.0951746534386;1
16087;Belevi İstasyon;38.030216801799;27.4330757871146;1
16088;Saipler Zeytinlik;38.253284867934;27.3806322692309;1
16089;Saipler Zeytinlik;38.2534618697347;27.3804782688169;1
16090;Saipler Tarla;38.2561868966829;27.3797812637783;1
16091;Saipler Tarla;38.2562738975722;27.3796512635303;1
16092;Saipler Yol Ayrımı;38.2586439209158;27.3785582586354;1
16093;Saipler Yol Ayrımı;38.2586919214155;27.378418258453;1
16094;Saipler Yolu;38.2616779503832;27.3775032524483;1
16095;Saipler Yolu;38.2617469510701;27.3773592522325;1
16096;Elifli Meydan;38.2003040679885;27.5796919475404;1
16097;Çırpı Çiftlik;38.1550434418182;27.5049307525243;1
16098;Çırpı Çiftlik;38.1547484380772;27.5045827510327;1
16099;Payamlı Mezarlık;38.085703319611;26.9330505387816;1
16100;Payamlı Mezarlık;38.0856743203137;26.9328935383017;1
16101;Büyükkale Villa;38.0379051320652;27.5510549538288;1
16102;Büyükkale Villa;38.0380121345021;27.551012953792;1
16103;Büyükkale Bahçe;38.0358960742183;27.5536669730796;1
16104;Büyükkale Bahçe;38.0358820730796;27.5537969743574;1
16105;Büyükkale Sağlık Merkezi;38.0345000335603;27.5555099869102;1
16106;Büyükkale Sağlık Merkezi;38.0344660322029;27.5556099878166;1
16107;Büyükkale Meydan;38.0323229732118;27.5578580032754;1
16108;Büyükkale Meydan;38.0324459750539;27.5579620048101;1
16109;Büyükkale Cami;38.0334809962223;27.5579870088275;1
16110;Büyükkale Cami;38.0335559986961;27.5578470076454;1
16111;Nar Çiçeği;38.0355270431543;27.5572500084862;1
16112;Nar Çiçeği;38.0356060455627;27.55713000753;1
16113;Hayvan Çiftliği;38.0378160954894;27.5564120078287;1
16114;Hayvan Çiftliği;38.0379080981721;27.5562880068807;1
16115;Büyükkale Zeytinlik;38.0401241481732;27.5555370067184;1
16116;Büyükkale Zeytinlik;38.0401421491276;27.5554450058517;1
16117;Tire Yolu;38.0159374470313;27.4491428074728;1
16118;Tire Yolu;38.0160994508247;27.4490058076311;1
16119;Belevi;38.0170622289103;27.4454812293609;1
16120;Kurşak Yolu;38.051715274814;27.5737062173729;1
16121;Kurşak Yolu;38.0515972726724;27.5736542166401;1
16122;Alaylı Yolu;38.053855299845;27.5770442537925;1
16123;Alaylı Yolu;38.0536552962723;27.5769422524706;1
16124;Mermer Fabrikası;38.2257336013601;27.3702262793302;1
16125;Mermer Fabrikası;38.2257456017831;27.3699752789389;1
16126;Gökçen Bahçe;38.1129438066819;27.8602627277705;1
16127;Gökçen Bahçe;38.1130748107932;27.8601267246176;1
16128;Taşkesik Benzinlik;38.1712228132604;27.4509174998243;1
16129;Taşkesik Benzinlik;38.171418816016;27.4508814996956;1
16130;Taşkesik Yolu;38.1706628518661;27.4320344254962;1
16131;Taşkesik Yolu;38.1709228553549;27.4319954255357;1
16132;Osmanlar Yolu;38.2923404115352;27.5234082149267;1
16133;Osmanlar Yolu;38.2923254111981;27.52333121498;1
16134;Emek;38.3725314472888;27.1115835896761;1
16135;Emek;38.3725614474934;27.1117395890614;1
16136;Duğrallar ilkokulu;38.3722784483279;27.1132165837108;1
16137;Duğrallar ilkokulu;38.3724024487985;27.1134565827041;1
16138;Günaltay;38.3746584542255;27.1144755768629;1
16139;Günaltay;38.3749124548294;27.1145815762213;1
16140;M.Kemal Kürekçi Parkı;38.3772584574056;27.1126385813596;1
16141;M.Kemal Kürekçi Parkı;38.3774614578769;27.1127215808333;1
16142;Kent;38.3628904133094;27.0914226702353;1
16143;Görece Zeytinlik;38.2812922118743;27.1246754486325;1
16144;Görece Zeytinlik;38.2812542118446;27.1245524487671;1
16145;İlkkurşun Ova;38.1707304955706;27.8535608232572;1
16146;İlkkurşun Ova;38.170818497451;27.8531238187124;1
16147;Arslanlar Çıkış;38.1702858620784;27.4260444023268;1
16148;Arslanlar Çıkış;38.1703238629104;27.4259094018512;1
16149;Yel Değirmeni;38.2240525532773;27.3966243248892;1
16150;Yel Değirmeni;38.2238915515687;27.3965853249351;1
16151;Kurucuova Çifttlik;38.1710392500288;28.0927887176624;1
16152;Kurucuova Çiftlik;38.1712581949265;28.0930197879945;1
16153;Akçaşehir;38.0595622307451;27.6114005964246;1
16154;Akçaşehir;38.0596622324391;27.6114945973441;1
16155;Saha;38.2492660908441;27.1319013103573;1
16156;Saha;38.2493750911297;27.1319913107474;1
16157;İlkkurşun Küme;38.1867260006488;27.8810207533607;1
16158;İlkkurşun Küme;38.186930006612;27.8810707501747;1
16162;Karakuyu Tarım;38.2395777175885;27.3999013125684;1
16163;Karakuyu Tarım;38.2396297182242;27.3997743123089;1
16164;Dirmil Gazi;38.241111731268;27.4044073164309;1
16165;Dirmil Gazi;38.2412047322638;27.4044143162794;1
16166;Halide Onbaşı;38.2865731946376;27.398155193296;1
16167;Halide Onbaşı;38.2863781927248;27.3981051939634;1
16168;Dağkızılca Çiftlik;38.3163184529036;27.3836540846642;1
16169;Dağkızılca Çiftlik;38.3163944532065;27.3833800845643;1
16170;Fidanlık;38.0004294003766;27.4225543915382;1
16171;Fidanlık;38.0005474045294;27.422284390205;1
16172;Nar;38.0062364394154;27.4294465219409;1
16173;Nar;38.0059064341547;27.4294255182593;1
16174;Tire ATATÜRK Std.;38.103445826263;27.715508438782;1
16175;Tire ATATÜRK Std.;38.1033058234951;27.7152634374912;1
16176;Belevi Meydan;38.013786410833;27.4491007873243;1
16177;Belevi Meydan;38.0136688131547;27.4493965782486;1
16178;Kent;38.3629338270097;27.0915983391364;1
16179;Gümüldür Bahçeler;38.0797338391812;27.0122908706652;1
16180;Gümüldür Bahçeler;38.0801749243689;27.0116014428729;1
16181;M.Akif ERSOY İÖO;38.2258821361546;27.2915925572845;1
16182;M.Akif ERSOY İÖO;38.2259547121779;27.2918811861503;1
16183;Göllüce;38.0355444618947;27.5289564456751;1
16185;Çayırlı;38.045229237628;27.5578050452146;1
16186;Çayırlı;38.0454132369291;27.5585220528351;1
16187;Göllüce;38.0359482313668;27.5300657357029;1
16188;Torbalı Anadolu İmam-Hatip Lisesi;38.1490847018625;27.3469270995361;1
16189;Torbalı Anadolu İmam-Hatip Lisesi;38.1490247014975;27.3467930980158;1
16190;Pancar OSB Trafo;38.2190982030092;27.2492374109994;1
16191;Pancar OSB Trafo;38.2190044655003;27.2497312738957;1
16193;Torbalı Şantiye;38.2413127374931;27.2623344090896;1
16194;Menderes Son Durak;38.2413821108147;27.1350725358166;1
16195;Menderes Devlet Hastanesi;38.2388470427081;27.136643253193;1
16196;Menderes Devlet Hastanesi;38.2385990414167;27.1368182517222;1
16197;Altıntepe Sera;38.2340340094175;27.1444562203958;1
16198;Altıntepe Sera;38.2341440100181;27.1443812210411;1
16199;Altıntepe İlkokulu;38.2365940226762;27.1497564576078;1
16200;Altıntepe İlkokulu;38.2367190233437;27.1498814586342;1
16201;Altıntepe Cami;38.2458180984796;27.1509295427399;1
16202;Altıntepe Cami;38.246201101504;27.1510115459847;1
16203;Armutlu 1 Küme;38.2502921557661;27.143931598738;1
16204;Armutlu 1 Küme;38.2500311536521;27.1439305964446;1
16205;Spor Sahası;38.2496471581914;27.141210599853;1
16206;Spor Sahası;38.2496591589501;27.1409756005554;1
16207;Öztürkler;38.246353204524;27.139642860256;1
16208;Öztürkler;38.2463032037935;27.1396718594466;1
16209;Menderes Jandarma;38.2445711266598;27.138124560188;1
16210;Menderes Jandarma;38.2443831252856;27.1380825584725;1
16211;Çatalca Köşe;38.2609602123572;27.0683574839512;1
16212;Çatalca Köşe;38.2609192123469;27.0682894838864;1
16213;Karpuzlu İstasyon;38.1841928149456;27.5573389298418;1
16214;Karpuzlu İstasyon;38.1842558159386;27.5573899298094;1
16217;Sempati;38.2295273706036;28.2014267309456;1
16218;Sempati;38.2293773667889;28.2016607373599;1
16219;Menderes Damlar;38.2329099970003;27.1487442108297;1
16220;Menderes Damlar;38.2327109961073;27.1487562097789;1
16221;Altıntepe Nefes;38.2419230320402;27.1512432532043;1
16222;Altıntepe Nefes;38.2417010310586;27.1512572521498;1
16223;Altıntepe Çiftçi;38.2440630410513;27.1513802629571;1
16224;Altıntepe Çiftçi;38.2439240405876;27.1512922624134;1
16225;Altıntepe Tarım;38.2487260633508;27.1496832856035;1
16226;Altıntepe Tarım;38.2486490627709;27.1498642850595;1
16227;Menderes Meslek lisesi;38.2476160715153;27.1408172911906;1
16228;Menderes Meslek Lisesi;38.2476880716214;27.1409432913673;1
16229;Menderes Oto Sanayi;38.2420990526178;27.1386282674377;1
16230;Menderes Oto Sanayi;38.2420610520659;27.1388802669655;1
16231;Gümüldür Atatürk;38.0836429324182;27.0118735065253;1
16232;Gümüldür Atatürk;38.0836209312966;27.0120825062863;1
16233;Karaot Köşe;38.2945413107899;27.4382901646966;1
16234;Karaot Köşe;38.2945713112278;27.438395164565;1
16235;Havuzbaşı Mezarlık;38.1677897224006;27.4689535752125;1
16236;Havuzbaşı Mezarlık;38.1680307263963;27.468719574122;1
16237;Havuzbaşı İç Yolu;38.1692137443959;27.4682305715894;1
16238;Havuzbaşı İç Yolu;38.1690897426069;27.4682415716851;1
16239;Yoğurtçular Giriş;38.2670770310588;27.2821272345943;1
16240;Yoğurtçular Giriş;38.2667910292282;27.2818032345853;1
16241;Hardal Damları;38.2079162172841;27.5360667413855;1
16242;Hardal Damları;38.2078952170426;27.535935741016;1
16243;Halkapınar Metro;38.4332326665229;27.1698452059889;1
16244;Halkapınar Metro;38.4329616655869;27.1696942077132;1
16245;Toprak;38.1630096310694;27.1572367128662;1
16246;Toprak;38.1633606322679;27.1574467162533;1
16247;Torbalı Huzurevi;38.1625399915879;27.348272110867;1
16248;Torbalı Huzurevi;38.1624749905795;27.3483731109442;1
16249;Yeniköy Yolu;38.2365341472766;27.0711223322738;1
16250;Yeniköy Yolu;38.2364079123594;27.0709074449606;1
16251;Zeytin Dalı;38.0471652342744;27.5647871195084;1
16252;Zeytin Dalı;38.0472374754393;27.5644712331314;1
16253;Çatalca Üzüm;38.2537102226769;27.0487944874934;1
16254;Çatalca Üzüm;38.253356222075;27.0487134855215;1
16255;Segen Göleti;38.2569662232773;27.053202496577;1
16256;Segen Göleti;38.2569942230341;27.0534264962143;1
16257;Efemçukuru Yolu;38.2772713336654;26.9803088294991;1
16258;Efemçukuru Yolu;38.2772983337712;26.9802138299909;1
16259;Yukarı Çakaltepe;38.1143610134787;27.2286153869293;1
16260;Yukarı Çakaltepe;38.1144160139116;27.228617387499;1
16272;Değirmendere Bahçe;38.1273209714082;27.1439196482322;1
16273;Değirmendere Bahçe;38.1272474851742;27.143947323296;1
16274;Köfündere Meydan;38.2064400266373;28.1543111718714;1
16275;Köfündere Küme Evler;38.205393005011;28.1568662220194;1
16276;Köfündere Küme Evler;38.2053220027702;28.1569412247406;1
16277;Bayır;38.2042299703682;28.1583692685958;1
16278;Bayır;38.2042109691884;28.1583152688022;1
16279;Ova;38.2002328255471;28.1603574067384;1
16280;Ova;38.2001808234637;28.1603584083579;1
16281;Gelincik;38.2008268678227;28.16274640566;1
16282;Gelincik;38.2007858659312;28.1627154067115;1
16283;İncir;38.1976957635105;28.1656465246112;1
16284;İncir;38.1976757622028;28.1655815247526;1
16285;Köfündere Giriş;38.1846872720022;28.1712939751549;1
16289;Tulum Çıkış;38.087610499702;27.4214322217993;1
16290;Tulum Son Durak;38.0872904623379;27.4241212535936;1
16294;Alaşarlı Giriş;38.1435374110639;28.1474580001085;1
16295;Üçmezar;38.147023;28.149659;1
16296;Üçmezar;38.147182;28.149729;1
16297;Yıldırım;38.1487486509762;28.1516198894265;1
16298;Yıldırım;38.1487676510969;28.1514858875332;1
16299;Alaşarlı Meydan;38.1501497186777;28.1533198649188;1
16300;Çaylı Giriş;38.1483915880677;28.1419768039996;1
16301;Çaylı Ortaokulu;38.1500416618357;28.1430017662968;1
16302;Çaylı Ortaokulu;38.1500706621678;28.1428257637223;1
16303;Çaylı Meydan;38.1533468049736;28.1441246810541;1
16304;Çaylı Meydan;38.1532648007077;28.1439576818302;1
16305;Dere;38.1540258220234;28.1419656404369;1
16306;Dere;38.153934818152;28.1419456428904;1
16307;Çaylı Sağlık Ocağı;38.1544148264938;28.1397026073895;1
16308;Çaylı Sağlık Ocağı;38.1543508234983;28.1396336085809;1
16309;Yeşilpınar;38.173964170595;28.0531893101491;1
16310;Ertuğrul Meydan;38.1738651823967;28.0565993406676;1
16311;Ertuğrul Meydan;38.173943185172;28.0565813385552;1
16312;Irmak;38.1742202056389;28.0588333500868;1
16313;Irmak;38.1742322055594;28.0587203488539;1
16314;Ova;38.1761552792326;28.0593923056244;1
16315;Ova;38.1761570537264;28.0592875016613;1
16316;Dörtyol;38.1781403573502;28.0605232642866;1
16317;Dörtyol;38.1781299740795;28.0603510846745;1
16318;Saha;38.1807854612204;28.0619672082177;1
16319;Saha;38.1807944611042;28.0618772072752;1
16320;Ödemiş Cezaevi;38.1688463878104;28.13450514102;1
16321;Kaymakçı Mezarlık;38.1625971075503;28.1294902761688;1
16322;Kaymakçı Mezarlık;38.1625491051677;28.1294072767852;1
16323;Kurucuova Son Durak;38.1804385886148;28.0890554334197;1
16324;Kurucuova İlköğretim Okulu;38.1789615229324;28.0872194583279;1
16325;Kurucuova İlköğretim Okulu;38.1789335225168;28.0873404600608;1
16326;Kurucuova Mezarlık;38.1761003724159;28.0789574669751;1
16327;Kurucuova Mezarlık;38.1760233696759;28.078987469251;1
16328;Çiftlik;38.1696071143726;28.0761206133664;1
16329;Çiftlik;38.169568113142;28.0761716148178;1
16330;Kurucuova Trafo;38.1662379807845;28.0747126887539;1
16331;Kurucuova Trafo;38.1663179847235;28.0749156884466;1
16332;Zeytin;38.1682580373993;28.0704265995917;1
16333;Zeytin;38.1681860347454;28.0704366015303;1
16334;Çayır Mahalle İlkokulu;38.1698030829199;28.0677305369111;1
16335;Çayır Mahalle İlkokulu;38.1697900792399;28.0676417009218;1
16336;Kurucuova Muhtarlık;38.1710551334094;28.0685575117607;1
16337;Kurucuova Muhtarlık;38.1710851340697;28.0684585101554;1
16338;Market;38.1726541972885;28.0694734782655;1
16339;Market;38.1726491966026;28.0693674775094;1
16340;Kurucuova Üçyol;38.1741052546554;28.0701724465972;1
16341;Kurucuova Üçyol;38.1740075340153;28.0699879480873;1
16342;Başak;38.1744862826752;28.0730344604012;1
16343;Akasya;38.177176610725;28.0695008846928;1
16344;Gereli Sağlık Ocağı;38.1997170561114;28.0459976080768;1
16345;Gereli Sağlık Ocağı;38.1997500567901;28.045910606641;1
16346;Gereli Cami;38.2007881041562;28.0478785939093;1
16347;Gereli Cami;38.2008741068755;28.0478245913544;1
16348;Sevgi;38.2034152081403;28.0499465410766;1
16349;Sevgi;38.2034062072676;28.0498495406515;1
16350;Gereli Mezarlık;38.2073943675451;28.053313461334;1
16351;Gereli Mezarlık;38.2072983631492;28.0531414626798;1
16352;Sera;38.2151316838706;28.0605333059041;1
16353;Sera;38.2151516836518;28.0603903044879;1
16354;Gerçekli;38.2187118417024;28.0654252412108;1
16355;Gerçekli;38.2186918406117;28.0653672413912;1
16356;Bayır;38.2186138082212;28.0609002163729;1
16357;Bayır;38.218563807159;28.0610042183234;1
16358;Zeytin;38.2177797413923;28.0551142031577;1
16359;Zeytin;38.2177017382821;28.0550522048171;1
16360;Dutluk;38.2140405659055;28.0478442552275;1
16361;Dutluk;38.213970563275;28.0478102568132;1
16362;Topçukuyu;38.213130516971;28.0449842606526;1
16363;Topçukuyu;38.2130905161862;28.045082262288;1
16364;Çiftlik;38.2107474222853;28.042908308182;1
16365;Çiftlik;38.210745422792;28.0430053088509;1
16366;Trafo;38.2067292585989;28.038591381653;1
16367;Trafo;38.2067242588984;28.038674382322;1
16368;Atatürk Ortaokulu;38.3129773085626;27.1310225075206;1
16369;Atatürk Ortaokulu;38.3128439243967;27.1312735199916;1
16370;Nevvar Salih İşgören Devlet Hastanesi;38.310503300567;27.1343584951182;1
16371;Nevvar Salih İŞgören Devlet Hastanesi;38.3116823043957;27.1329855004552;1
16372;Gaziemir Şantiye;38.3093612969052;27.1349754917517;1
16373;Gaziemir Şantiye;38.3107723014262;27.1341924959592;1
16376;Kazım Dirik;38.165766148171;28.1130660387392;1
16377;Kazım Dirik;38.1658441518244;28.1131760375446;1
16378;Hasançavuşlar Yolu;38.0407244705595;27.5438387841467;1
16379;Hasançavuşlar Yolu;38.0406582337546;27.5438648920805;1
16380;Elmalı;38.3170204452614;27.3728870908576;1
16381;Elmalı;38.3170494453514;27.3727630908528;1
16382;Patlak Mevki;38.0574944257381;27.2452767811458;1
16383;Patlak Mevki;38.0575664254238;27.2454317829195;1
16384;Torbalı OSB;38.0903552437741;27.3348026141317;1
16385;Torbalı OSB 2;38.0950012965219;27.3349876537412;1
16386;Torbalı OSB 2;38.0950792965748;27.3351506552254;1
16387;Köfündere Mezarlık;38.1923081347598;28.1687624332857;1
16388;Köfündere Mezarlık;38.1923301381862;28.1688714335918;1
16389;Sahil;37.9968757819954;27.1278781061703;1
16390;Sahil;37.9964577752748;27.1283730996112;1
16391;Yolüstü Kahveler;38.210287309021;28.0260222123884;1
16392;Yolüstü Meydan;38.2103063226666;28.0283272265258;1
16393;Yolüstü Seralar;38.2077422582687;28.0323813159348;1
16394;Nehir;38.1282827954898;27.5709291827963;1
16395;Nehir;38.1284122371939;27.5711407091823;1
16396;Benzinlik;38.1633001155625;28.1256512211782;1
16397;Benzinlik;38.1632431128782;28.1255772221278;1
16398;Ceviz;38.027559287315;27.5191291671548;1
16399;Ceviz;38.0276381474999;27.5187925806061;1
16400;Limon;38.0303313444837;27.5227122693397;1
16401;Limon;38.0304781767917;27.522458632886;1
16402;Montrö;38.4289695970862;27.1416343457313;1
16403;Medeniyet;38.156293885481;28.1361265189709;1
16404;Medeniyet;38.1562248820225;28.1360045198022;1
16405;Topçu Kuyu;38.2132896034184;28.0580483386638;1
16406;Topçu Kuyu;38.2133626058448;28.0580273366219;1
16407;Ahmetbeyli Yolayrımı;37.9940609618653;27.1868848898264;1
16408;Ahmetbeyli Yolayrımı;37.9944076845204;27.187218392238;1
16409;Şahin;38.1903969311417;27.5456728532043;1
16410;Şahin;38.1900429253909;27.5456778546547;1
16411;Yakapınar;38.1867128702849;27.5464048709972;1
16412;Yakapınar;38.1868828731607;27.5463258699883;1
16413;Buğday;38.4071735376491;27.1307484564375;1
16414;Buğday;38.4070705368169;27.1303524583475;1
16415;Kavacık Çıkış;38.3126143558437;26.9591000915059;1
16416;Orkide;38.311660356747;26.9568500969207;1
16417;Kavacık Yol Ayrımı;38.3257703897396;27.0035541912836;1
16418;Efem Çukuru;38.3192663422719;27.0121559033781;1
16419;Tırazlı Mezarlık;38.3253653420091;27.0707897093028;1
16420;Benzinlik;38.1264627605876;28.1659016997104;1
16421;Benzinlik;38.1263447548039;28.165756701585;1
16422;Taziye Evi;38.1624839243874;27.3699511829438;1
16423;Taziye Evi;38.162819928206;27.3699461839793;1
16424;Ortaç;38.2320677858402;27.9857154611207;1
16425;Ortaç;38.2320625670779;27.9853529187394;1
16427;Zeytinler;38.2335398149134;27.2617771864799;1
16428;Zeytinler;38.2336368158444;27.2616111866693;1
16429;Çatalca Bahçe;38.2493571693575;27.0785143982818;1
16430;Çatalca Bahçe;38.2494921697279;27.0785073990746;1
16431;Torbalı OSB Yolu;38.0907201690612;27.3496596979785;1
16432;Karateke;38.0837299809028;27.3684377515614;1
16433;Torbalı OSB Yolu;38.0905351664151;27.3497376969395;1
16434;Karateke;38.0838399831823;27.3682787514569;1
16435;Dağtekke Yolu;38.2438507453326;27.5017244785012;1
16436;Dağtekke Yolu;38.2439337465102;27.501979478634;1
16437;Çakaltepe Köprü;38.0660528058484;27.1961416724563;1
16438;Çakaltepe Köprü;38.0656758020449;27.1962826675862;1
16439;Kışlalı Kümesi;38.2001690534519;28.0426305734558;1
16440;Peker;38.3609938319277;27.1219281592495;1
16441;Peker;38.3609864318225;27.1218135596573;1
16442;Türkönü Küme Evler;38.1896777580019;28.0568979416543;1
16443;Türkönü Küme Evler;38.1896987568289;28.0565309383835;1
16446;Küme Evler;38.2151064089771;28.0151290275061;1
16447;Küme Evler;38.215010404562;28.0149100284959;1
16448;Değirmenci;38.1220975956348;27.3364668590127;1
16449;Değirmenci;38.1218155928644;27.3363858568317;1
16450;Tarla;38.2167046895461;28.0528492173362;1
16451;Tarla;38.2166866893674;28.0529192182324;1
16452;Torbalı Mezarlık;38.1750690171462;27.388363276431;1
16453;Torbalı Mezarlık;38.1753630201369;27.3885292775276;1
16454;Yoğurtçular Çıkış;38.270641055718;27.2827922354037;1
16455;Yoğurtçular Çıkış;38.270723056345;27.2826762354677;1
16458;Demiryolu;38.1766807968787;27.4944166751092;1
16459;Demiryolu;38.176757798254;27.4942986744821;1
16460;Çukur;38.2635263024765;26.9993246824636;1
16461;Çukur;38.2636653024287;26.9994776828841;1
16462;Doğa Evi;38.220100482414;27.6957482750552;1
16463;Doğa Evi;38.2199964804661;27.6958922767797;1
16464;Eğerci;38.1287455858578;27.6498747422911;1
16465;Eğerci;38.1286515833773;27.6500607441721;1
16466;Sevgi;38.3077677913185;27.1379150818648;1
16467;Sevgi;38.3078351915573;27.1377983822615;1
16468;Saha;38.1470977938555;27.3568800776839;1
16469;Saha;38.1470087921479;27.3570800780514;1
16470;Festival;38.2514761336112;27.1073853580748;1
16471;Festival;38.2515001335786;27.1074633580676;1
16472;Çağlayan;38.3632194201066;27.1001296374946;1
16473;Yüzbaşı Şerafettin Muhtarlık;38.3634714195373;27.0987206426959;1
16476;Yeni Kent;38.2216736392879;27.3156532015619;1
16477;Sağlık Son Durak;38.0849528277069;27.3996409536922;1
16478;Turkuaz;38.3801437472888;27.0977544370265;1
16479;Turkuaz;38.3800433471323;27.0977598370956;1
16480;Fide;38.1595166221527;27.3959045381081;1
16481;Fide;38.1597246277607;27.3958135384417;1
16482;Köşem Parkı;38.3051502830039;27.1373544788109;1
16484;Konak;38.4152495450739;27.1266494531316;1
16485;Kızılcaağaç Çıkış;38.2353412342711;27.6369137338441;1
16486;Kızılcaağaç Çıkış;38.2351687002013;27.6372649054383;1
16487;Kiraz;38.2449078496705;27.619473763697;1
16488;Kiraz;38.2448458485667;27.6194467641639;1
16489;Esbaş Otopark;38.3356813756502;27.1364175135365;1
16490;Mesire Alanı;38.2610231304497;27.6230886261418;1
16491;Mesire Alanı;38.2610231300654;27.6228856256712;1
16492;Orman İşletme Şefliği;38.2837905162174;27.6261844074036;1
16493;Orman İşletme Şefliği;38.2838535170225;27.6260994066233;1
16494;Alankıyı Giriş;38.2858735521211;27.6268683869414;1
16495;Alankıyı Giriş;38.2858805519649;27.626769386721;1
16496;Alankıyı Meydan;38.28727657923;27.6283833745636;1
16497;Kızıloba Giriş;38.2772985663204;27.68268458234;1
16498;Kızıloba Giriş;38.2773395669498;27.6826445817637;1
16499;Kızıloba Meydan;38.2781945879605;27.6843255748889;1
16500;Sarıyurt Giriş;38.283114769014;27.7103435651112;1
16501;Sarıyurt Giriş;38.2832177707622;27.7102825636312;1
16502;Sarıyurt Meydan;38.2834177836865;27.7127545658953;1
16503;Yakamoz 2;38.0579866469746;27.048641078176;1
16504;Yakamoz 2;38.057859644525;27.0489740764109;1
16505;Karanfil;38.0584246615658;27.0464410822049;1
16506;Karanfil;38.0584436603135;27.0466670830156;1
16507;Tahtalı;38.1558715997421;27.1550176438326;1
16508;Tahtalı;38.1557956000149;27.1548266428952;1
16510;İstiklal;38.0836779735968;28.2084671533304;1
16511;İstiklal;38.0837547738544;28.2084415267243;1
16512;Cumhuriyet;38.0874773283354;28.2060807723934;1
16513;Cumhuriyet;38.0872773082429;28.206900726401;1
16514;Zambak;38.0864680496798;28.2030573938799;1
16515;Zambak;38.0861059177808;28.2028461951302;1
16516;Adnan Menderes;38.0844302779931;28.2045229770598;1
16517;Adnan menderes;38.0845109398947;28.2045629652129;1
16518;Beydağ Hastane;38.0848883372004;28.2147303361497;1
16519;Beydağ Hastane;38.0850517485787;28.2147280243184;1
16520;Sevgi Mahalle Muhtarlığı;38.3840414734615;27.115613561819;1
16521;Sevgi Mahalle Muhtarlığı;38.383899473164;27.1155865621141;1
16523;Eser;38.0546006124405;27.052226020379;1
16524;Eser;38.054277609842;27.0524450145957;1
16525;Kızılcaağaç Meydan;38.242724836193;27.6373658362562;1
16526;Kızılcaağaç Kümeevler;38.2403777890476;27.6335718462366;1
16527;Kızılcaağaç Kümeevler;38.2403727891924;27.6337478468288;1
16528;Kızılcaağaç Giriş;38.2358857061925;27.6313878797127;1
16529;Kızılcaağaç Giriş;38.235915706835;27.6314798797453;1
16530;Otuzbirler Kümeevler;38.2409607769414;27.6156357866167;1
16531;Otuzbirler Kümeevler;38.2409157761509;27.6156217869576;1
16532;Otuzbirler Üçyol;38.2402377624396;27.6138147873108;1
16533;Otuzbirler Üçyol;38.2402827633735;27.6139587873616;1
16534;Otuzbirler Mezarlık;38.2419658021849;27.62212379723;1
16535;Otuzbirler Mezarlık;38.2421198045922;27.6219097952439;1
16536;Kurucuova Ova;38.178562430557;28.0722433477658;1
16537;Kurucuova Ova;38.1783344221288;28.0722513537755;1
16538;Çatalca Çiftlik;38.2695912950541;27.0113336830596;1
16539;Çatalca Çiftlik;38.2695235901358;27.0112503658311;1
16540;Çatalca Manzara;38.2633712649611;27.0298575932805;1
16541;Çatalca Manzara;38.262936264114;27.0299915903504;1
16542;Botanik;38.171821515657;27.8457327498949;1
16543;Botanik;38.1718515161497;27.8454707475577;1
16544;Karakuyu Meydan;38.1326941257924;27.2363665850221;1
16545;Karakuyu Meydan;38.1327351267585;27.2362145849662;1
16546;Fatih Sultan Mehmet;38.1309071353746;27.2307575535259;1
16547;Fatih Sultan Mehmet;38.1308461351809;27.2306905527851;1
16550;Karakuyu Bahçeler;38.2563698944127;27.3957932768868;1
16551;Karakuyu Bahçeler;38.2563288939842;27.3958442770209;1
16552;Gözlem;38.042438632309;27.1939763005357;1
16553;Gözlem;38.0426086329225;27.1940883038341;1
16554;Alankıyı Dörtyol;38.2690632611857;27.6211105450652;1
16555;Alankıyı Dörtyol;38.269035260874;27.6211825454817;1
16556;Alankıyı Yolu;38.2791994364191;27.6244444513056;1
16557;Alankıyı Yolu;38.279239437189;27.624489450979;1
16560;Havuzbaşı Seralar;38.1738168286544;27.4596605345414;1
16561;Havuzbaşı Seralar;38.1736048259243;27.459569534246;1
16586;Mimar Kemalettin;38.4236835718674;27.1335113987905;1
16623;Ağaçlı Yol;38.2642740429977;27.5294904149477;1
16624;Ağaçlı Yol;38.2642440425023;27.5294164150209;1
16625;Esen;38.1645779720178;27.3619221625567;1
16626;Esen;38.1648539746613;27.3620571639042;1
16627;Arslanlar Trafo;38.1660138294761;27.4176683652561;1
16628;Arslanlar Trafo;38.166071829803;27.4178193659198;1
16629;Hakkı Efendi;38.0553326172004;27.0519160338712;1
16630;Hakkı Efendi;38.0552746173402;27.0518540326176;1
16631;Karakuyu Zeytinlik;38.2577369081982;27.3966422746498;1
16632;Karakuyu Zeytinlik;38.2577399082113;27.3967522747389;1
16635;Çatal;38.2552842228722;27.0509514919373;1
16636;Çatal;38.2550012223995;27.0508734904292;1
16637;Ergenli Şantiye;38.2371878177641;27.6897880659139;1
16638;Ergenli Şantiye;38.2371338168609;27.6898790668352;1
16639;Şehitler Giriş;38.1608118204806;27.3980352803058;1
16640;Şehitler Giriş;38.1607478200674;27.3979112796836;1
16641;Permakültür;38.2598299808332;27.5292444428924;1
16642;Permakültür;38.2599219819966;27.5291124420794;1
16643;Çiftçi Gediği Mezarlık;38.1981981007149;27.5034466610318;1
16644;Çiftçi Gediği Mezarlık;38.198233101146;27.5035156611768;1
16645;Çamönü Güven;38.1021892781042;27.1566210388219;1
16646;Çamönü Güven;38.102236277579;27.1567840398481;1
16647;Akçaköy Yolu;38.2488551226766;27.1090013419777;1
16648;Akçaköy Yolu;38.2489641230921;27.1089643426026;1
16649;Çamlık Müze;37.8860429271692;27.3803820386081;1
16650;Çamlık Müze;37.8860819223365;27.3808210455045;1
16651;Çamlık Market;37.8843828535536;27.3839800527523;1
16652;Çamlık Market;37.8845848556326;27.3840910586427;1
16653;Havutçulu Giriş;37.8833064081163;27.4176725110061;1
16654;Havutçulu Giriş;37.8832494060675;27.4177505109964;1
16655;Havutçulu Meydan;37.8848144380654;27.4175155390218;1
16656;Zeytinköy Bakkal;37.9883084397044;27.2801119417843;1
16657;Zeytinköy Bakkal;37.9882964389087;27.2801879421866;1
16658;Taşduvar;37.9899004450757;27.2816339815309;1
16659;Taşduvar;37.9899074434996;27.2818269831967;1
16660;Kazangöl;37.9880835199161;27.2767974888426;1
16661;Kazangöl;37.9881954655026;27.2769739146699;1
16663;Nar Ağacı;37.990068417068;27.2851240124399;1
16664;Nar Ağacı;37.9901234176446;27.2851320134433;1
16665;Zeytinköy Mezarlık;37.982406287184;27.2895879167616;1
16666;Zeytinköy Mezarlık;37.9823372853459;27.2897019165131;1
16667;Zeytinköy;37.9768778178727;27.2921278347594;1
16668;Zeytinköy;37.9761971833756;27.2927778343073;1
16669;Zeytinköy Çiftlik;37.9730241096231;27.2965788108623;1
16670;Zeytinköy Çiftlik;37.9727971052078;27.2967528083295;1
16671;Mandalina Bahçesi;37.9732060105426;27.3076119128847;1
16672;Mandalina Bahçesi;37.9732790110067;27.3076629146255;1
16673;Barutçu Yol Ayrımı;37.9779297491796;27.3431303203518;1
16674;Barutçu Yol Ayrımı;37.9779387500487;27.3430483197191;1
16675;Transfer Merkezi;37.976259632466;27.3533593920083;1
16676;Transfer Merkezi;37.9762166613789;27.3535116337806;1
16677;Tariş Arkası;37.9745815732545;27.357181403137;1
16678;Tariş Arkası;37.9745755721097;27.3572964041723;1
16679;Ayvalık Küme Evleri;37.970311493344;27.3590923550998;1
16680;Ayvalık Küme Evleri;37.9705554969711;27.3590863588944;1
16681;Tariş Küme Evleri;37.9648283705655;27.3635153126782;1
16682;Tariş Küme Evleri;37.9649203672289;27.3640083192288;1
16683;Zeytinköy Fabrika;37.9644863364116;27.3665533385749;1
16684;Zeytinköy Fabrika;37.9644843335022;27.3668543416612;1
16685;Zeytinköy Çıkış;37.9874964810465;27.2742498806495;1
16686;Tarla;38.2171625428056;28.0630345355132;1
16687;Tarla;38.217180773183;28.0632042683149;1
16688;Zeytin Ağacı;38.0117039478978;27.1187623782533;1
16689;Zeytin Ağacı;38.0118019487484;27.1187303801527;1
16690;Develi Demiryolu;38.2029798143572;27.1674440287483;1
16691;Develi Demiryolu;38.2030488151808;27.1672540291812;1
16692;Develi Bahçeler;38.2077688466256;27.1642270592847;1
16693;Develi Bahçeler;38.2076518460545;27.1642180585504;1
16694;Develi Seralar;38.2066978311422;27.1684880524208;1
16695;Develi Seralar;38.2066868307764;27.1686190523522;1
16696;Eskiizmir Anaokulu;38.37308644591;27.1089815991227;1
16697;Eskiizmir Anaokulu;38.3733334461376;27.1087285998937;1
16699;İZTAŞIT Garaj;38.219143418079;27.6527171070738;1
16700;Zeytinova Yol Ayrımı;38.1718644494733;27.7218009111695;1
16701;Zeytinova Yol Ayrımı;38.1719484514138;27.7217159097955;1
16702;Küme Evler;38.1830157047179;27.7266508262889;1
16703;Küme Evler;38.1829907040842;27.7264388253011;1
16704;Fen İşleri;38.1860307739691;27.7283278039316;1
16705;Fen İşleri;38.1859907729916;27.7281718034575;1
16706;Bayındır Anadolu Lisesi;38.1910038870535;27.7288767530417;1
16707;Bayındır Anadolu Lisesi;38.1910198873177;27.7287207519928;1
16708;Aile Sağlığı Merkezi;38.2020291345297;27.7289026301095;1
16709;Aile Sağlığı Merkezi;38.2020671351532;27.7286866285636;1
16710;Zeytinova Meydan;38.2054322086193;27.7275675845464;1
16711;Zeytinova Meydan;38.2054252083117;27.7274335839542;1
16712;Zeytinova Çıkış;38.2073082473056;27.7252615516693;1
16713;Zeytinova Çıkış;38.2072402456976;27.7251655519711;1
16714;Karapınar Yol Ayrımı;38.2299697777743;27.744313362716;1
16715;Karapınar Yol Ayrımı;38.23005177939;27.7442303613137;1
16716;Karahayıt Yol Ayrım;38.240724011821;27.7441782216836;1
16717;Karahayıt Yol Ayrımı;38.2407220109988;27.743880220597;1
16718;Gaziler;38.2394630160251;27.7560822837679;1
16719;Gaziler;38.2395340171985;27.7559372822411;1
16720;Alanköy;38.2454284214151;27.7767575552767;1
16721;Alanköy;38.2453624181053;27.7767075568365;1
16722;Lütuflar Meydan;38.2703697732904;27.8049579664209;1
16723;Lütuflar Meydan;38.2703598857165;27.8047989829109;1
16724;Orman İşletme;38.296536415645;27.7942465258859;1
16725;Orman İşletme;38.2964964140062;27.7940995262825;1
16726;Kızılkeçili Meydan;38.321607930855;27.7916701001288;1
16737;Keller Kırığı Küme Evleri;38.0785773554403;27.6768882056108;1
16738;Keller Kırığı Küme Evleri;38.0785823548653;27.6770552072342;1
16739;TOKİ Evleri;38.3581614130275;27.1038226246962;1
16740;TOKİ Evleri;38.3580784130061;27.1040396239175;1
16741;Armutluk;38.1328480117662;28.1598054434545;1
16742;Armutluk;38.1325830005769;28.159864451916;1
16743;Yıldız Kenter Kültür Merkezi;38.3878334708595;27.1076145886302;1
16744;Yıldız Kenter Kültür Merkezi;38.3879394706756;27.1073085897243;1
16745;Mehmetler Mezarlığı;38.0153610145677;27.504754359943;1
16746;Mehmetler Mezarlığı;38.0153940175281;27.5044443569431;1
16787;7 Eylül;38.1603989225799;27.3629211518148;1
16788;7 Eylül;38.160039919345;27.3626751497154;1
16789;Orman Fidanlığı;38.1698100375752;27.3591021701707;1
16790;Orman Fidanlığı;38.1709050516344;27.3583311711502;1
16791;Acil Servis;38.1744460928044;27.357235178386;1
16792;Acil Servis;38.1744960943928;27.3568491773944;1
16793;Kızılcaova Çiftlik;38.1964730562681;27.5195057257789;1
16794;Kızılcaova Çiftlik;38.1963640546426;27.5194757260361;1
16795;Karahalilli Bahçe;38.2073781839058;27.6184870633456;1
16796;Karahalilli Bahçe;38.2073801840131;27.6194850675163;1
16797;Yakapınar Çayırı;38.1840130884934;27.5475322375758;1
16798;Yakapınar Çayırı;38.1836718187602;27.5476828883949;1
16799;Zeytinköy Giriş;37.9912344107311;27.2874640510993;1
16800;Zeytinköy Giriş;37.991286;27.287117;1
16801;Acarlar;37.9146816000508;27.3634784116873;1
16802;Acarlar;37.91517660523;27.3637124244091;1
16803;Menderes Devlet Hastanesi 2;38.2391270449524;27.1359672553744;1
16804;Menderes Devlet Hastanesi 2;38.2392930453848;27.1361092560751;1
16805;Çiftlik;38.1813385015957;28.0659892257887;1
16806;Çiftlik;38.1813975009342;28.0654282198346;1
16807;Organize Sanayi;38.2228165260135;27.6868332091999;1
16808;Organize Sanayi;38.2230215301455;27.6868362070679;1
16809;İntepe;38.1921140103039;27.5039706800771;1
16810;İntepe;38.1916560032355;27.5041666820502;1
16811;Kavaflar 2;38.4223585747349;27.136214391002;1
16812;Arap Mahallesi;38.2712110404488;27.3624752284111;1
16813;Arap Mahallesi;38.2712220405442;27.3627602284568;1
16814;İşciler;38.4337746352925;27.155438267302;1
16815;Üst Geçit;38.0796488914224;27.0176734386773;1
16817;Yapı Market;38.3187313259662;27.1426584842701;1
16818;Yapı Market;38.3186479455437;27.1426037235825;1
16819;İstasyon Alt Geçidi;38.3238863419107;27.1409784935103;1
16820;İstasyon Alt Geçidi;38.3244563436482;27.140894494199;1
16821;Gaziemir İstasyon;38.3268003506244;27.140000498428;1
16822;Gaziemir İstasyon;38.3270473513778;27.1400424984823;1
16823;İstasyon Üst Geçit;38.330658361817;27.1386505046782;1
16824;İstasyon Üst Geçit;38.3308143622923;27.1387115045882;1
16825;Nazım Hikmet Parkı;38.3356033757645;27.1373675106765;1
16826;Nazım Hikmet Parkı;38.3355613757865;27.1377675094719;1
16827;Beyazevler Köprü;38.3363613785804;27.1391195057066;1
16828;Beyazevler Köprü;38.336611379344;27.139233505438;1
16829;Beyazevler;38.3388393865215;27.1410785003887;1
16830;Beyazevler;38.3390063869278;27.140903500939;1
16831;Zeytinlik Ek Hizmet Binası;38.4211028386874;27.1646505519885;1
16833;Tepecik Otopark;38.4222069162977;27.1641135914206;1
16834;Yeşildere Mahalle Muhtarlığı;38.4112108876404;27.1550391448073;1
16835;Yüzbaşı Şerafettin Muhtarlık 2;38.3633224193021;27.0987696425448;1
16836;Alankıyı Bahçe;38.2749683667098;27.6244864937572;1
16837;Alankıyı Bahçe;38.2755073760043;27.6246434886772;1
16838;Çeşme;38.2303476840944;27.6913871468557;1
16839;Çeşme;38.2305296873923;27.691168144037;1
16840;Sarnıç Aktarma Merkezi;38.3128743070409;27.1445394727766;1
16841;Ödemiş İtfaiye;38.2211143928764;27.9765916619362;1
16842;Ödemiş İtfaiye;38.2211803957699;27.9767496613411;1
16843;Üçyol Sevgi Yolu Parkı;38.405236520517;27.1221254971929;1
16847;Zeytin;38.2088822477691;27.5136236604729;1
16849;Vadi Park;38.2440048817083;27.2671142104768;1
16850;Yeniköy Küme Evleri;38.2350351478216;27.0685933266522;1
16851;Yeniköy Küme Evleri;38.235052148204;27.0684043271;1
16852;Karapınar;38.2588875611346;27.78960911952;1
16853;Karapınar;38.2587515569659;27.7893281207144;1
16854;Zeytin;38.2487452834777;27.7761052265955;1
16855;Zeytin;38.2486192804484;27.7760472282399;1
16856;Pirenlik Park;38.3032732785784;27.1316544891486;1
16857;Pirenlik Park;38.3031192781716;27.1314004894644;1
16858;Kale;38.0845300060623;28.2126165598467;1
16859;Kale;38.0845290035157;28.2117845483814;1
16861;Arslanlar Zeytinlik;38.1612037956489;27.4081383200939;1
16862;Sultan Abdülhamit İlkokulu;38.2468599030889;27.2659252155272;1
16863;Binbaşı Reşatbey Mahallesi;38.3522884214065;27.1368975120339;1
16864;Aslanlar İlkokulu;38.3518684190699;27.1350375182661;1
16865;Serdar;38.3886554944822;27.1255555157491;1
16866;Sarnıç Mezarlık;38.2913512214189;27.1700493845099;1
16867;Sarnıç Mezarlık;38.2912733210673;27.1701248842319;1
16868;Sarnıç Kızılçam;38.2915162203718;27.1741093773298;1
16869;Sarnıç Kızılçam;38.2914542201322;27.1740633773093;1
16870;Tepeli;38.2435998866406;27.2607002091172;1
16871;Torbalı Şantiye;38.2412998688277;27.2622002044993;1
16872;Masal Konutları;38.2417998759937;27.2593002052318;1
16874;Kapalıbağ;38.1963170065727;27.7286376929908;1
16875;Kapalıbağ;38.196860037904;27.7288603762352;1
16876;Şehit Fethibey;38.423735570046;27.1325114030431;1
16878;Gazi Mahallesi;38.3255603453492;27.129988525712;1
16879;Gazi Mahallesi;38.3255833454609;27.1303285247626;1
16884;Tokatbaşı Meydan;38.1667914206373;27.6194933341807;1
16887;Şehit Fethibey;38.4230035680738;27.1321214070032;1
20001;Karşıyaka İskele;38.4555935911955;27.1215463412276;1
20002;Karşıyaka İskele;38.455611684051;27.1219315485399;1
20003;Karşıyaka İskele;38.4556437541138;27.122291128443;1
20004;Karşıyaka İskele;38.4556506509303;27.1225807107001;1
20020;Bostanlı İskele;38.4535715604624;27.0973529027227;1
20021;Bostanlı İskele;38.453435;27.0974;1
20022;Bostanlı İskele;38.4533435350455;27.0976734677447;1
20023;Bostanlı İskele;38.4535007945748;27.09726249125;1
20024;Bostanlı İskele;38.453292;27.09738;1
20025;Bostanlı İskele;38.453165;27.097438;1
20026;Bostanlı İskele;38.45305;27.097387;1
20027;Bostanlı İskele;38.453643;27.097137;1
20028;Bostanlı İskele;38.45319;27.09716;1
20029;Bostanlı İskele;38.4530304645583;27.0972700633667;1
20030;Bostanlı İskele;38.4532748860414;27.0974957520996;1
20031;Bostanlı İskele;38.453326;27.097239;1
20032;Bostanlı İskele;38.453636207601;27.0975369396122;1
20033;Bostanlı İskele;38.4531971351854;27.0973068532936;1
20040;Çınarlı Hastanesi;38.4419206918656;27.1726721578732;1
20041;Çınarlı Hastanesi;38.4418;27.1728;1
20042;Egem;38.4436;27.173;1
20043;Egem;38.4440301469948;27.1732141450569;1
20044;Zafer Payzın Kavşağı;38.4455;27.1729;1
20045;Salhane İş Merkezi;38.44991;27.172302;1
20046;Salhane İş Merkezi;38.4508;27.1716;1
20047;Makine Mühendisleri Odası;38.4537;27.17;1
20048;Makine Mühendisleri Odası;38.4525;27.1705;1
20049;Körfez;38.4561434034835;27.1688457110155;1
20050;Körfez;38.4564217098186;27.16847611251;1
20051;Çevre ve Şehircilik İl Müdürlüğü;38.4593007113549;27.1671001055268;1
20052;Çevre ve Şehircilik İl Müdürlüğü;38.4588723166545;27.1671545367302;1
20053;Bayraklı İstasyon;38.463232;27.164705;1
20054;Bayraklı İstasyon;38.463;27.1647;1
20055;Bayraklı Çamlık;38.4671007080465;27.1611000970153;1
20056;Bayraklı Park;38.4646;27.1635;1
20057;Turan;38.467551;27.149388;1
20058;Bayraklı Çamlık;38.4676007049387;27.1597001014175;1
20059;Naldöken;38.4667006225634;27.1293002559099;1
20060;Turan;38.4675;27.1503;1
20061;Öztürk;38.4683226030761;27.1210052904561;1
20062;Naldöken;38.4661;27.1297;1
20063;Soğukkuyu Trafik;38.4675;27.1174;1
20064;Öztürk;38.468321;27.122283;1
20065;Dedebaşı;38.4722;27.1081;1
20066;Soğukkuyu Trafik;38.4674;27.1179;1
20067;Ege Üniversitesi Karşıyaka Sağlık Yerleşkesi;38.4733005699889;27.1063003438819;1
20068;Dedebaşı;38.4722;27.1077;1
20069;Serin Kuyu;38.4754469890133;27.1028595433542;1
20070;Serinkuyu;38.4741005659881;27.1045003497148;1
20071;Kayalar Mezarlığı;38.4772;27.0993;1
20072;Kayalar Mezarlığı;38.4769;27.0994;1
20073;Karşıyaka Jandarma;38.4785;27.0951;1
20074;Karşıyaka Jandarma;38.4784;27.0947;1
20077;Ayyıldız;38.4810505348284;27.090758391377;1
20078;Ayyıldız;38.4796;27.0924;1
20079;15 Temmuz Şehitler Anadolu Lisesi;38.4830005272332;27.0875004001083;1
20080;15 Temmuz Şehitler Anadolu Lisesi;38.4821005294804;27.088500398765;1
20081;Çiğli İtfaiye;38.4885;27.0722;1
20082;Çiğli İtfaiye;38.4882;27.0726;1
20083;Eğitim Gönüllüleri;38.49;27.0689;1
20084;Eğitim Gönüllüleri;38.4896;27.069;1
20085;Çiğli Belediye;38.4915009576302;27.0663009284543;1
20086;Çiğli Belediye;38.4911004750688;27.0665004782005;1
20087;Çiğli Şaraphane;38.4985004505299;27.0573004957425;1
20088;Çiğli Şaraphane;38.4986564488442;27.0566584986389;1
20089;Çiğli Santral;38.5009134422977;27.0543605011082;1
20090;Çiğli Santral;38.5004454426392;27.0544375028628;1
20091;Küçük Çiğli;38.504356;27.051658;1
20092;Küçük Çiğli;38.503133;27.052173;1
20093;Ata;38.505601;27.050345;1
20094;Ata;38.5059;27.0495;1
20095;Balatçık Kahveler;38.5128254123244;27.0448654981472;1
20096;Balatçık Kahveler;38.5119;27.0452;1
20097;Eski Sinema;38.515859;27.042617;1
20098;Eski Sinema;38.5161;27.0421;1
20134;Bayraklı Üst Geçit;38.4641007070689;27.1625001047187;1
20135;Bayraklı Üst Geçit;38.4641;27.1631;1
20137;Nikah Salonu;38.4667;27.1606;1
20144;Tersane;38.461587;27.128038;1
20145;Tersane;38.4629;27.1282;1
20146;Selçuk Yaşar Alaybey Ortaokulu;38.4596;27.1265;1
20147;Selçuk Yaşar Alaybey Ortaokulu;38.459512;27.126278;1
20148;Muammer Aksoy Parkı;38.457293;27.125002;1
20149;Muammer Aksoy Parkı;38.45754;27.124995;1
20151;Karşıyaka İskele;38.456;27.1223;1
20153;Osman Bey Parkı;38.4541;27.1178;1
20154;Osman Bey Parkı;38.4545;27.1187;1
20155;Tarık Dursun Kakınç;38.4520005733394;27.1155003848181;1
20157;Dokuz Eylül Dispanser;38.4504;27.1126;1
20159;Karşıyaka Yelken Kulübü;38.4503;27.1085;1
20161;Yunuslar;38.4509;27.106;1
20172;Bostanlı İskele;38.4542875357174;27.097643464449;1
20185;Yıllar;38.4526;27.1022;1
20189;Bostanlı Pazaryeri;38.4609;27.0869;1
20191;Beşikçioğlu Cami;38.4635955119016;27.084305497404;1
20194;Bostanlı Pazaryeri;38.4606;27.0869;1
20196;Beşikçioğlu Cami;38.4631;27.0844;1
20197;Bostanlı Market;38.4573;27.0914;1
20198;Bostanlı Market;38.4571;27.0913;1
20199;Şehit Diplomat Erdoğan Özen;38.452672;27.105261;1
20200;Şehit Diplomat Erdoğan Özen;38.4525;27.1047;1
20201;Metin Aşıkoğlu Ortaokulu;38.4543959222496;27.1064259419909;1
20202;Metin Aşıkoğlu Ortaokulu;38.454431;27.106258;1
20203;Geçit 2;38.45759;27.107376;1
20204;Geçit 2;38.4574;27.107;1
20205;Geçit 1;38.4589;27.1076;1
20206;Geçit 1;38.458502;27.107243;1
20207;Girne Bulvarı;38.461;27.1081;1
20208;Girne Bulvarı;38.460889;27.107785;1
20209;Çayırcı;38.4647;27.109;1
20211;Zafer Takı;38.467061;27.10977;1
20212;Çayırcı;38.4649;27.1088;1
20214;Zafer Takı;38.4671;27.1096;1
20223;Lunapark;38.462571;27.110124;1
20224;Lunapark;38.462694;27.110086;1
20225;Atatürk Bulvarı;38.46199;27.112996;1
20226;Atatürk Bulvarı;38.462102;27.113202;1
20230;Remzi Bey;38.46235;27.1148;1
20231;Remzi Bey;38.4625;27.11506;1
20232;Bahriye Üçok;38.46557;27.11545;1
20233;Bahriye Üçok;38.46587;27.11576;1
20238;Bahriye Üçok;38.4654748152723;27.1270141465762;1
20239;Karşıyaka Öğretmen Evi;38.4657506059996;27.1231702907901;1
20240;Karşıyaka Öğretmen Evi;38.4656706054912;27.1230002919901;1
20241;Ptt Santral;38.466;27.1204;1
20242;Ptt Santral;38.46591;27.12016;1
20243;Fevzi Paşa İlkokulu;38.4662655934968;27.1179663147456;1
20244;Fevzi Paşa İlkokulu;38.4661405936382;27.1180703147578;1
20249;Faik Muhittin Adam İlkokulu;38.468268;27.101566;1
20250;Faik Muhittin Adam İlkokulu;38.467722;27.101778;1
20251;Nalkesen;38.4703;27.1016;1
20253;Adnan Menderes Anadolu Lisesi;38.4682015686234;27.107227361051;1
20256;Nalkesen;38.4704;27.102;1
20258;Adnan Menderes Anadolu Lisesi;38.4684109601194;27.1072973244603;1
20260;Velidedeoğlu;38.4558;27.0976;1
20261;Nergiz Sağlık Ocağı;38.46956;27.10418;1
20262;Nergiz Sağlık Ocağı;38.4697605625259;27.1042803695673;1
20263;Onur;38.4583;27.0994;1
20264;Onur;38.4582;27.0992;1
20265;Ümit;38.459663;27.101129;1
20266;Ümit;38.4598;27.1011;1
20273;Cengiz Parkı;38.4609;27.0999;1
20274;Cengiz Parkı;38.4607;27.0999;1
20275;Şehit Hikmet Ayerdem Parkı;38.4623435421129;27.097866432716;1
20276;Şehit Hikmet Ayerdem Parkı;38.4621005424856;27.0981004324806;1
20281;Tren Yolu 2;38.4615;27.1025;1
20282;Tren Yolu 2;38.4614;27.1025;1
20283;Tren Yolu 1;38.46275;27.101216;1
20284;Tren Yolu 1;38.4629;27.1009;1
20289;İl Özel İdare Lojmanları;38.461189;27.096567;1
20290;İl Özel İdare Lojmanları;38.4615;27.0967;1
20291;Arya;38.4637785457191;27.0989934212884;1
20292;Arya;38.4635;27.0985;1
20295;Sadi Hoşses Parkı;38.461685;27.096304;1
20296;Sadi Hoşses Parkı;38.4614;27.096;1
20297;Kanalboyu;38.463526;27.09605;1
20298;Kanalboyu;38.463514;27.095753;1
20330;Spor Kompleksi;38.466701;27.088803;1
20331;Spor Kompleksi;38.466825;27.089081;1
20332;Zübeyde Hanım Sağlık Merkezi;38.463656;27.093467;1
20333;Zübeyde Hanım Sağlık Merkezi;38.46384;27.093088;1
20334;Efes Sitesi;38.4692;27.0868;1
20335;Efes Sitesi;38.4696;27.0866;1
20336;Haydar Aliyev Parkı;38.4727005141374;27.0836004650073;1
20337;Haydar Aliyev Parkı;38.472687632483;27.0840429346076;1
20338;Mavişehir;38.4749004932583;27.0745005042598;1
20339;Mavişehir;38.475761267976;27.0749096577682;1
20340;Karya;38.4762635752471;27.0667196404245;1
20341;Karya;38.478456;27.065578;1
20352;Spor Merkezi;38.4682;27.081;1
20353;Spor Merkezi;38.4683;27.0812;1
20354;Pamukkale Sitesi;38.4694;27.0785;1
20355;Pamukkale Sitesi;38.4695;27.0786;1
20356;Mavişehir Dört Yol;38.4694;27.0764;1
20357;Mavişehir Dört Yol;38.4695;27.0765;1
20358;Kuğu;38.4694;27.0722;1
20359;Kuğu;38.4695;27.0723;1
20360;Albatros;38.4682;27.0691;1
20361;Albatros;38.4682;27.0689;1
20362;Martı;38.4708;27.0671;1
20363;Martı;38.4707;27.0671;1
20366;Flamingo Sitesi 2;38.4723;27.0708;1
20367;Flamingo Sitesi 2;38.4723;27.0709;1
20368;Flamingo Sitesi;38.4723;27.0731;1
20369;Flamingo Sitesi;38.4722;27.073;1
20382;Pamukkale Sitesi 2;38.469889;27.075362;1
20383;Pamukkale Sitesi 2;38.4702;27.0755;1
20384;Süleyman Demirel Lisesi;38.4738;27.0738;1
20385;Süleyman Demirel Lisesi;38.4740684962492;27.0758545004346;1
20395;Atakent Anadolu Lisesi;38.4697005150814;27.0845004724658;1
20396;Atakent Anadolu Lisesi;38.4692005137066;27.0840004770857;1
20410;Şemikler Meydan;38.4709983260082;27.0942481480576;1
20411;Şemikler Lisesi;38.472;27.0964;1
20412;Şemikler Lisesi;38.472;27.0963;1
20415;Birlik;38.4748885561933;27.100408367583;1
20416;Birlik;38.4749575562835;27.1004283671777;1
20417;Naldöken İtfaiye;38.4666;27.1343;1
20418;Naldöken İtfaiye;38.4668;27.1342;1
20419;Çam;38.467371;27.137276;1
20420;Çam;38.4674106435422;27.13707021394;1
20421;Naldöken Yol Ayrımı;38.4666;27.131;1
20422;Leylak;38.472183;27.097962;1
20423;Leylak;38.471922;27.097967;1
20426;Soğukkuyu;38.469;27.1167;1
20428;Demirci;38.471214;27.118158;1
20429;Bahçe;38.4711546112444;27.1231362670438;1
20430;Bahçe;38.4711946129039;27.1237612636877;1
20431;Gümüşpala Çamlık;38.4702;27.1257;1
20432;Gümüşpala Çamlık;38.470035;27.12601;1
20433;Terzi;38.4694;27.1279;1
20434;Terzi;38.4695;27.1279;1
20439;Ellinci Yıl İlkokulu;38.4694746272441;27.1299432402172;1
20440;Ellinci Yıl İlkokulu;38.4695266272503;27.1299242400767;1
20441;Gümüşpala Dört Yol;38.469316;27.131674;1
20442;Gümüşpala Dört Yol;38.4694225312289;27.1316343418567;1
20443;Gümüşpala Karakol;38.469305;27.134717;1
20444;Gümüşpala Karakol;38.469405;27.134929;1
20447;Gümüşpala Kahveler;38.468627644438;27.1368562094291;1
20448;Gümüşpala Kahveler;38.4685216438526;27.1366822107853;1
20449;Muhtar;38.470336;27.137376;1
20450;Muhtar;38.4701;27.1372;1
20451;Emek;38.472206;27.138245;1
20452;Emek;38.47207;27.138014;1
20453;Gümüşpala Merkez;38.4742;27.1403;1
20454;Gümüşpala Merkez;38.4743;27.14;1
20455;Gümüşpala Su Deposu;38.476539;27.140546;1
20456;Gümüşpala Su Deposu;38.4766;27.1405;1
20457;Cemil Atlas İlköğretim Okulu;38.4791;27.1415;1
20458;Cemil Atlas İlköğretim Okulu;38.4789;27.1413;1
20459;Doğançay Viyadüğü;38.4838006820056;27.1441000987909;1
20460;Doğançay Viyadüğü;38.4836006812012;27.1439001008471;1
20461;Kentaş;38.4887;27.1468;1
20462;Kentaş;38.489;27.1469;1
20463;Doğançay Mezarlık;38.494537;27.150663;1
20464;Doğançay Mezarlık;38.4945;27.1505;1
20465;Çolakoğlu;38.4954931555685;27.1540562945985;1
20466;Çolakoğlu;38.4956;27.1541;1
20467;Doğançay Meydan;38.4955;27.155;1
20468;Doğançay Meydan;38.4956;27.155;1
20469;Doğançay;38.4978;27.1559;1
20470;Doğançay;38.49782;27.155747;1
20481;Kuyumcu Abdullah Altınçubuk İlkokulu;38.4722127491138;27.1190161495889;1
20482;Girne Konutları;38.4737;27.1148;1
20483;Girne Konutları;38.4737;27.1151;1
20484;Yeni Girne;38.4758;27.1152;1
20485;Yeni Girne;38.4754;27.1155;1
20486;Girne Pazaryeri;38.4788;27.1151;1
20487;Girne Pazaryeri;38.4788;27.1155;1
20488;Zihni Üstün İlkokulu;38.48101;27.114532;1
20489;Zihni Üstün İlkokulu;38.4812;27.1149;1
20492;Soğukkuyu Atölye;38.4733;27.1214;1
20493;Soğukkuyu Atölye;38.4732;27.1214;1
20494;Dostluk;38.4741456170695;27.1242832475554;1
20495;Dostluk;38.4741006173367;27.1244002471648;1
20496;Kadızade Zühtü Işıl;38.474;27.1274;1
20497;Kadızade Zühtü Işıl;38.4739;27.1277;1
20498;Pazaryeri;38.4744350375566;27.1312918053264;1
20499;Bakkal;38.474;27.1289;1
20500;Kubilay;38.4748;27.1337;1
20501;Anadolu Cami;38.475;27.137;1
20502;Anadolu Cami;38.4751;27.1366;1
20503;Yunus;38.4757;27.1395;1
20504;Yunus;38.4758;27.1398;1
20515;Gümüşpala Ticaret Lisesi;38.4774;27.1351;1
20516;Gümüşpala Ticaret Lisesi;38.477386;27.134356;1
20517;Karşıyaka Endüstri Meslek Lisesi;38.477232;27.136836;1
20518;Karşıyaka Endüstri Meslek Lisesi;38.477176;27.136569;1
20519;Nafiz Gürman Muhtarlık;38.4775;27.1398;1
20520;Nafiz Gürman Muhtarlık;38.4775106272593;27.1396986560903;1
20523;Gümüşpala Lisesi;38.478821;27.134748;1
20524;Gümüşpala Lisesi;38.478442;27.134303;1
20525;Nuri Atik Mesleki ve Teknik Anadolu Lisesi;38.4797886540861;27.135840161444;1
20526;Nuri Atik Mesleki ve Teknik Anadolu Lisesi;38.4796686533683;27.1356281631225;1
20527;Vali Namık Kemal İlköğretim Okulu;38.480957;27.13669;1
20528;Vali Namık Kemal İlköğretim Okulu;38.480898;27.136445;1
20529;Nafiz Gürman Eski Son Durak;38.4822766647002;27.1386761344844;1
20530;Nafiz Gürman Eski Son Durak;38.4822413267042;27.1382172740586;1
20531;Kayalık;38.4838807951114;27.140058018077;1
20532;Kayalık;38.4838614877494;27.1398910065926;1
20535;Orkide;38.486;27.1419;1
20536;Orkide;38.4863;27.1418;1
20543;Yamanlar PTT;38.474939;27.128506;1
20544;Yamanlar PTT;38.475076;27.128404;1
20545;Yamanlar Çeşme;38.4776791108343;27.1299171912387;1
20546;Yamanlar Çeşme;38.4779;27.1287;1
20547;Cemal Gürsel İlköğretim Okulu;38.478881;27.131153;1
20548;Yamanlar Semt Kütüphanesi;38.4802;27.1304;1
20549;Yamanlar Karakol;38.480908;27.13275;1
20550;Yamanlar Karakol;38.4814;27.1325;1
20551;Nergis;38.4826;27.1357;1
20552;Nergis;38.4825;27.1355;1
20553;Tünel;38.4839;27.1378;1
20554;Tünel;38.484;27.1378;1
20558;Seyir Tepe;38.488476;27.129102;1
20559;Seyir Tepe;38.488572;27.129573;1
20560;Seyit Onbaşı;38.4826476257777;27.1247192049873;1
20561;Seyit Onbaşı;38.4826126262664;27.1249062041833;1
20562;Zehra Semahat İlköğretim Okulu;38.4770006047979;27.1187002630621;1
20563;Zehra Semahat İlköğretim Okulu;38.4768006054281;27.1190002624381;1
20564;Çiçek Parkı;38.4771013172604;27.1213030903887;1
20565;Çiçek Parkı;38.4773006141009;27.1221002441059;1
20566;Gürgen;38.479953;27.124798;1
20567;Gürgen;38.479722;27.12471;1
20568;Çınar Parkı;38.4838826296849;27.1257521935544;1
20569;Çınar Parkı;38.4839036302224;27.1259381924799;1
20570;Mutlu Parkı;38.4778;27.1178;1
20571;Mutlu Parkı;38.478418;27.117855;1
20572;Okul;38.480412;27.117294;1
20573;Okul;38.4805;27.1174;1
20574;Postacılar Muhtarlık;38.482600608645;27.1185002376982;1
20575;Postacılar Muhtarlık;38.4827;27.1181;1
20576;Postacılar Trafo;38.4822;27.1204;1
20577;Postacılar Trafo;38.4820236159159;27.1213232257167;1
20578;İnönü Kültür Merkezi;38.4819733213086;27.1230692857575;1
20579;İnönü Kültür Merkezi;38.4818186191536;27.1230751546601;1
20581;Halit Özpirinç Lisesi;38.4816006311953;27.1270001982203;1
20582;Halit Özpirinç Lisesi;38.4817006318378;27.1272001966953;1
20593;Milli İrade Orta Okulu;38.482900642977;27.1308001721151;1
20594;Milli İrade Orta Okulu;38.4828593103299;27.1306503991602;1
20595;Salkım Söğüt;38.4838;27.1329;1
20596;Salkım Söğüt;38.4839;27.133;1
20597;Kurtuluş İpek İşeri İlköğretim Okulu;38.4845006561259;27.1349001428298;1
20598;Kurtuluş İpek İşeri İlköğretim Okulu;38.4846006565088;27.1350001418058;1
20599;Camcı;38.4866;27.137;1
20600;Camcı;38.4866;27.1369;1
20601;Kahvehane;38.4882;27.1384;1
20602;Kahvehane;38.4882;27.1382;1
20603;Market;38.4899;27.1392;1
20604;Market;38.4897;27.1389;1
20605;Şirin Camii;38.4909006757059;27.1395000857701;1
20606;Şirin Camii;38.4909244973724;27.1394110498044;1
20607;Mutlu;38.4926;27.1397;1
20608;Mutlu;38.4926;27.1396;1
20609;Barış;38.4945;27.1399;1
20610;Barış;38.4944;27.1398;1
20611;Onur Mahallesi;38.4961;27.1403;1
20622;Şehit Yarbay Songül Yakut;38.4852144557003;27.1120248956866;1
20623;Şehit Yarbay Songül Yakut;38.4853975942382;27.1121331724337;1
20624;İmbatlı Muhtarlık Durağı;38.475367;27.111486;1
20626;Havva Özişbakan Lisesi;38.4762205809138;27.1097933127926;1
20627;İmbatlı Merkez Cami;38.4735125779509;27.1093893269708;1
20628;Örnekköy İlköğretim Okulu;38.478;27.1102;1
20629;Havva Özişbakan Lisesi;38.476203;27.109963;1
20630;Örnekköy  Muhtarlık;38.4806;27.1106;1
20631;Örnekköy İlköğretim Okulu;38.4778;27.1102;1
20632;Örnekköy Polis Merkezi;38.4825005893727;27.111400275437;1
20633;Örnekköy Pazaryeri;38.4805;27.1106;1
20634;Deniz Baykal Kültür Merkezi;38.4841967961065;27.1131882132876;1
20635;Örnekköy Polis Merkezi;38.4823005892429;27.1114002763791;1
20636;Mandıra;38.4885;27.1129;1
20637;Deniz Baykal Kültür Merkezi;38.4838255940098;27.1128012617772;1
20638;Şehit Profesör Doktor İlhan Varank İmam Hatip Lisesi;38.49030060247;27.1144002217502;1
20640;Köprü;38.491408;27.115328;1
20641;Şehit Profesör Doktor İlhan Varank İmam Hatip Lisesi;38.4902006026911;27.1145002217139;1
20642;Şantiye;38.4946;27.1159;1
20643;Köprü;38.491701;27.115471;1
20645;Şantiye;38.4947;27.1161;1
20650;Mezbaha;38.4988484899432;27.1167490144718;1
20651;Mezbaha;38.4987084906412;27.1171490129048;1
20652;Zübeyde Hanım Huzurevi;38.496682;27.1167;1
20653;Zübeyde Hanım Huzurevi;38.496632;27.116827;1
20656;Çam;38.474853;27.113245;1
20657;Örnekköy;38.4815005730941;27.1055003111826;1
20658;Dizdar Cami;38.485;27.1062;1
20659;Dizdar Cami;38.4849;27.1062;1
20660;Dostlar;38.4864;27.1063;1
20661;Dostlar;38.4867;27.1063;1
20662;Nuri Vesugay Parkı;38.494;27.1119;1
20663;Nuri Vesugay Parkı;38.4938004789062;27.1118009090435;1
20664;Örnekköy Saha;38.4834;27.1102;1
20665;Örnekköy Saha;38.4836;27.1103;1
20666;Çilek;38.484472;27.107473;1
20667;Çilek;38.4847;27.1066;1
20672;Daryol;38.4949;27.1137;1
20673;Daryol;38.495;27.1136;1
20674;Halime Çavuş;38.4814565471388;27.0955203642179;1
20675;Halime Çavuş;38.4812945472755;27.095825063855;1
20676;Geçit;38.477391;27.09924;1
20677;Geçit;38.478114;27.098692;1
20678;Cumhuriyet Mahallesi Trafo;38.479613;27.096854;1
20679;Cumhuriyet Mahallesi Trafo;38.4797;27.0969;1
20680;Cumhuriyet Mahallesi Üçyol;38.4813877349209;27.0959686505534;1
20681;Cumhuriyet Mahallesi Üçyol;38.4813819944968;27.0961856769692;1
20682;Mürşide Altınçubuk İlköğretim Okulu;38.483;27.0969;1
20683;Mürşide Altınçubuk İlköğretim Okulu;38.4828;27.0968;1
20684;Atatürk İlköğretim Okulu;38.4832;27.0946;1
20685;Atatürk İlköğretim Okulu;38.4834998789321;27.0945996322511;1
20687;Daryol;38.484263;27.091446;1
20688;Daryol;38.4843744332857;27.0913913693146;1
20689;Hüseyin Tokatlı Parkı;38.4849435431643;27.09343835947;1
20695;Surlar;38.483436;27.096464;1
20696;Hüseyin Tokatlı Parkı;38.485065542699;27.0932423599607;1
20697;Şair Eşref İlköğretim Okulu;38.482588;27.09869;1
20698;Surlar;38.4834;27.0967;1
20699;Şair Eşref İlköğretim Okulu;38.4827;27.0987;1
20700;Nafiz Gürman;38.488182;27.143249;1
20701;Fırın;38.4834;27.0985;1
20702;Fırın;38.4835;27.0985;1
20703;Behçet Uz Anadolu Lisesi;38.4822855582275;27.0996603384686;1
20704;Behçet Uz Anadolu Lisesi;38.4821290933287;27.100330407374;1
20705;Saraç;38.480706;27.102039;1
20706;Saraç;38.4808;27.1021;1
20707;Cumhuriyet;38.4796005670433;27.1036003298892;1
20716;İnönü Mahallesi Muhtarlığı;38.484;27.0997;1
20717;İnönü Mahallesi Muhtarlığı;38.4842;27.0999;1
20718;Marangoz;38.485395;27.10002;1
20719;Marangoz;38.4859;27.1002;1
20720;Yamaç Parkı;38.487922;27.099657;1
20721;Yamaç Parkı;38.4882;27.0995;1
20729;Dörtyol;38.4917;27.1092;1
20730;Dörtyol;38.4918;27.1088;1
20731;Elit Sitesi;38.4933;27.1063;1
20732;Elit Sitesi;38.4933;27.1062;1
20733;Ata;38.4914;27.1059;1
20734;Ata;38.4911;27.1054;1
20735;Martı Parkı;38.4896;27.1067;1
20736;Martı Parkı;38.4896;27.1069;1
20737;Meydan;38.492187;27.109975;1
20738;Meydan;38.492524;27.11051;1
20749;Denge Koleji;38.4897;27.0733;1
20751;Çiğli Emniyet Müdürlüğü;38.4879;27.0775;1
20752;Çiğli Emniyet Müdürlüğü;38.48806;27.077493;1
20753;Göknar;38.488356;27.079847;1
20754;Göknar;38.4884;27.0795;1
20755;Akasya;38.4883;27.0825;1
20756;Akasya;38.4883;27.0828;1
20757;Aydınlıkevler Muhtarlık;38.4903;27.0834;1
20758;Aydınlıkevler Muhtarlık;38.4902;27.0833;1
20759;Aydınlıkevler Cami;38.4907;27.0839;1
20760;Aydınlıkevler Cami;38.4908;27.084;1
20761;Fakir Baykurt Parkı;38.488718;27.081151;1
20762;Fakir Baykurt Parkı;38.4888;27.0813;1
20763;Aydınlıkevler Park;38.4905;27.0862;1
20764;Aydınlıkevler Park;38.4905;27.0861;1
20769;Çifte Havuzlar;38.4897;27.0801;1
20770;Çifte Havuzlar;38.489925;27.079737;1
20771;Yamanlar Sitesi;38.4917;27.0826;1
20772;Dostlar;38.4918;27.0825;1
20773;Su Deposu;38.4934;27.0837;1
20774;Su Deposu;38.4935;27.0837;1
20779;Eczane;38.4979;27.0881;1
20780;Eczane;38.4977;27.0881;1
20781;Yamaç;38.4946;27.0851;1
20782;Yamaç;38.495;27.0847;1
20783;Evka 2 Telekom;38.495;27.0877;1
20784;Evka 2 Telekom;38.4949;27.0873;1
20785;Evka 2 Postane;38.4959;27.0889;1
20786;Evka 2 Postane;38.4959;27.0887;1
20789;Evka 2 Merkez Cami;38.4999005297947;27.0871003225324;1
20790;Evka 2 Merkez Cami;38.5;27.0868;1
20791;Milli Piyango Anadolu Lisesi;38.5005005215777;27.0841003361951;1
20792;Milli Piyango Anadolu Lisesi;38.5004005215704;27.0841003366903;1
20793;Eski Son Durak;38.4994005154825;27.0819003538318;1
20794;Eski Son Durak;38.4989;27.0816;1
20795;Dede;38.5013;27.0826;1
20796;Dede;38.5013;27.0828;1
20797;Evka 2 Manzara;38.4997;27.0809;1
20798;Evka 2 Manzara;38.49971;27.08109;1
20799;Evka 2 Son Durak;38.4971946568574;27.0797941432469;1
20815;Sevgi Ormanı;38.5044;27.0891;1
20816;Sevgi Ormanı;38.5045;27.0889;1
20818;Akçaağaç;38.4916;27.0874;1
20819;Akçaağaç;38.4917;27.0875;1
20820;Acer;38.4933;27.0893;1
20821;Acer;38.4933;27.0895;1
20822;Kızılağaç;38.4953;27.0909;1
20823;Kızılağaç;38.4954;27.0911;1
20824;Ketenci;38.4963005426828;27.0920003133066;1
20825;Ketenci;38.4962146963481;27.0920517636353;1
20826;Yıldız;38.4984;27.0918;1
20827;Yıldız;38.4985;27.0918;1
20828;Şehit Jandarma Komando Fikri Koruer Parkı;38.4994005380339;27.0901003084297;1
20829;Şehit Jandarma Komando Fikri Koruer Parkı;38.4997005372487;27.0898003085917;1
20830;Kamelya;38.501;27.0879;1
20831;Kamelya;38.5011;27.0878;1
20832;Şehit Astsubay Uğur Görkem Harmankaya;38.5030005315107;27.0876003042176;1
20833;Şehit Astsubay Uğur Görkem Harmankaya;38.5033005326623;27.0880003004711;1
20834;Gürgen;38.5035;27.0906;1
20835;Gürgen;38.5033;27.0905;1
20836;Evka 6;38.5012905408542;27.0910032939627;1
20853;Mustafa Kemal Mahallesi Muhtarlığı;38.4943005553457;27.0968002968894;1
20854;Şehit Üsteğmen Onur Özkaya;38.491700539392;27.0912003399379;1
20855;Şehit Üsteğmen Onur Özkaya;38.491821540151;27.0914713378864;1
20856;Körfez Köy;38.4938;27.094;1
20857;Körfez Köy;38.4936;27.0935;1
20858;Mustafa Kemal Mahallesi Muhtarlığı;38.4944005545512;27.0965002980331;1
20865;Maltepe Giriş;38.4910004811467;27.068900465389;1
20866;Maltepe Giriş;38.4909004801351;27.0685004680496;1
20867;Maltepe;38.492;27.0709;1
20868;Maltepe;38.492;27.0711;1
20869;Kıraathane;38.4933;27.0732;1
20870;Kıraathane;38.4934;27.0734;1
20871;Teğmen Ali Rıza Akıncı Anadolu Lisesi;38.4943005052632;27.0782003988258;1
20872;Teğmen Ali Rıza Akıncı Anadolu Lisesi;38.4944005026359;27.0772004038732;1
20873;Kömürcü;38.4942;27.0834;1
20874;Kömürcü;38.4942;27.0837;1
20875;Cemil Meriç Parkı;38.4939005123605;27.0809003858404;1
20876;Cemil Meriç Parkı;38.4941005115864;27.0806003865452;1
20885;Mobilyacı;38.4934133184706;27.0654227154934;1
20887;Dereyolu;38.496431;27.067324;1
20889;Çiğli Kız Meslek Lisesi;38.498;27.0685;1
20890;Çiğli Kız Meslek Lisesi;38.4984;27.0686;1
20891;Üçyol;38.5065;27.0712;1
20892;Üçyol;38.5064;27.0711;1
20893;Park;38.5048;27.0717;1
20894;Park;38.5046;27.0716;1
20895;Düzyol;38.5045;27.0746;1
20896;Düzyol;38.5044;27.0746;1
20897;Site;38.5045;27.0779;1
20898;Site;38.5046;27.0777;1
20899;Yakakent;38.505775505705;27.0783543419342;1
20902;Köyiçi Mahallesi Muhtarlık;38.4950004665666;27.0633004782445;1
20904;Okul;38.4965;27.0657;1
20906;Güzeltepe Dört Yol;38.5001;27.0702;1
20907;Güzeltepe Dört Yol;38.5;27.0703;1
20908;Güzeltepe Muhtarlık;38.501;27.0724;1
20909;Güzeltepe Muhtarlık;38.501;27.0726;1
20910;Güzeltepe Esentepe Cami;38.5018684213119;27.0753095488917;1
20911;Güzeltepe Esentepe Cami;38.5018012294371;27.0753023818847;1
20912;Kemal Hadımlı Ortaokulu;38.5024624895202;27.0771761660065;1
20913;Kemal Hadımlı Ortaokulu;38.5023005021405;27.0770003668853;1
20923;Güzeltepe Futbol Sahası;38.5039003112658;27.0770005407396;1
20924;Güzeltepe Futbol Sahası;38.5037005085605;27.0769003534375;1
20925;Kanuni İlkokulu;38.5037012609377;27.0749993625302;1
20926;Kanuni İlkokulu;38.5036008588922;27.0749997086414;1
20927;Çiğli Kooperatif 1;38.503700500058;27.0730003105907;1
20928;Çiğli Kooperatif 1;38.5036;27.0728;1
20929;Mehmetçik;38.5041724935992;27.071094385018;1
20930;Mehmetçik;38.5042004850825;27.0708003923404;1
20931;Çiğli Kooperatif 2;38.5069;27.0704;1
20932;Çiğli Kooperatif 2;38.5071;27.0704;1
20934;Bayır;38.505726483219;27.0704535347174;1
20935;Bayır;38.5058464835598;27.0705855333757;1
20937;Şehit Erdal Kılıç;38.4981630403125;27.0722944138152;1
20938;Şehit Erdal Kılıç;38.4983509387442;27.0725178119498;1
20939;Güzeltepe Üçyol;38.5006;27.0766;1
20940;Güzeltepe Üçyol;38.5005;27.0764;1
20941;Güzeltepe Manzara;38.4997;27.0738;1
20942;Güzeltepe Manzara;38.4997;27.0737;1
20943;Güzeltepe İlkokulu;38.4965004871389;27.071300426684;1
20944;Güzeltepe İlkokulu;38.4966004871339;27.0713004262126;1
20945;Güzeltepe Karakol;38.495;27.0694;1
20946;Güzeltepe Karakol;38.4949;27.0694;1
20947;Şirintepe Market;38.4932004790205;27.0681004597976;1
20948;Şirintepe Market;38.4933004792712;27.0682004587846;1
20949;Güzeltepe Kahve;38.4936207243401;27.0704683127298;1
20950;Güzeltepe Kahve;38.4937405508092;27.0704551455792;1
20951;Güzeltepe Eski son durak;38.4951;27.0727;1
20952;Güzeltepe Eski Son Durak;38.4952;27.0727;1
20953;Şehit Ahmet Ay Parkı;38.4951160058275;27.0738701060735;1
20954;Şehit Ahmet Ay Parkı;38.4951;27.0739;1
20956;Güzeltepe;38.4961;27.0754;1
20965;Egekent Dispanser;38.496768;27.061033;1
20966;Egekent Dispanser;38.4969;27.0609;1
20967;Ormancı Sitesi;38.5001;27.0644;1
20968;Ormancı Sitesi;38.501;27.0645;1
20969;Çağdaş Sitesi;38.5029064725207;27.066061425406;1
20970;Çağdaş Sitesi;38.5031;27.0659;1
20971;Egekent Üçyol;38.506486;27.067086;1
20972;Egekent Üçyol;38.506;27.0668;1
20973;Egekent Köşe;38.5076;27.0666;1
20974;Egekent Köşe;38.5074906991644;27.0667509036071;1
20975;Egekent Devlet Hastanesi;38.5068;27.0633;1
20976;Egekent Devlet Hastanesi;38.5067;27.0633;1
20977;Büyük Çiğli Anadolu Lisesi;38.4983004650219;27.0629004651719;1
20978;Büyük Çiğli Anadolu Lisesi;38.4983004639842;27.0625004674178;1
20985;Akiş Öğütçü İlköğretim Okulu;38.5025004700342;27.065100432796;1
20986;Akiş Öğütçü İlköğretim Okulu;38.501400464692;27.0630004499331;1
20987;Egekent Postane;38.5023;27.0605;1
20988;Egekent Postane;38.5024;27.0602;1
20989;Turan Çakın İlkokulu;38.5042004523849;27.0586004614035;1
20990;Turan Çakın İlkokulu;38.5040847383114;27.0584658708978;1
20991;Egekent Trafo;38.5065;27.0572;1
20992;Egekent Trafo;38.5064;27.0571;1
20993;Adliyeciler Sitesi;38.5067718988998;27.0583003264403;1
20994;Adliyeciler Sitesi;38.5072;27.0585;1
20995;Eshotçular Sitesi;38.5050414547947;27.0596004516471;1
20996;Eshotçular Sitesi;38.5054;27.0598;1
20997;Egekent Park;38.5043143498863;27.0615588061747;1
20998;Egekent Park;38.5052;27.0614;1
20999;Egekent Cami;38.5066494607083;27.0619774302564;1
21000;Egekent Cami;38.5078;27.0632;1
21001;İzkent Çay Bahçesi;38.5081004666171;27.0643004098347;1
21002;İzkent Çay Bahçesi;38.5091043640268;27.0646756970533;1
21003;İzkent Meydan;38.5101304679025;27.0649663958445;1
21004;İzkent Meydan;38.5108683599946;27.0645729569989;1
21019;İzkent Üçyol;38.5135004675802;27.0652003773141;1
21020;İzkent Üçyol;38.5134953655819;27.0651402875309;1
21021;Tepe;38.5148;27.0663;1
21022;Tepe;38.5152;27.0663;1
21023;Çiğli İzkent;38.5163;27.0672;1
21024;Çiğli İzkent;38.5174;27.0667;1
21025;Yoldaş;38.5177;27.0661;1
21026;Yoldaş;38.5180077448223;27.0655061110688;1
21027;Atatürk Mahallesi Zirve;38.5190004631725;27.0643003537789;1
21028;İzkent Son Durak;38.5179004658544;27.0651003549622;1
21029;Atatürk Mahallesi Gezer;38.5199004651304;27.0651003443634;1
21031;Atatürk Mahallesi Doğan;38.5209004685104;27.0664003314785;1
21035;Atatürk Mahallesi Zirve;38.5188050797394;27.0640791519008;1
21049;Münevver Öğretmen Ortaokulu;38.5119874292042;27.0510084667258;1
21050;Münevver Öğretmen Ortaokulu;38.5123384803071;27.0513530073547;1
21051;Çiğli İMKB Mesleki ve Teknik Anadolu Lisesi;38.513400435315;27.0535004452337;1
21052;Çiğli İMKB Mesleki ve Teknik Anadolu Lisesi;38.5134004342257;27.0531004475467;1
21053;Evka 5 Park;38.5159;27.0546;1
21054;Evka 5 Park;38.5158;27.0551;1
21055;İlkevler;38.5149;27.0533;1
21056;İlkevler;38.515;27.0534;1
21057;Atatürk;38.5145289798938;27.0497096940342;1
21058;İlkevler 2;38.5138;27.0518;1
21059;9 Eylül;38.5162004315513;27.0526004362162;1
21060;Atatürk;38.5150004233929;27.0494004609108;1
21061;Evka 5 İş Merkezi;38.517;27.0529;1
21062;9 Eylül;38.5154326949456;27.0519641311193;1
21063;Evka 5 Cumhuriyet;38.5186676317772;27.0541648593274;1
21064;Evka 5 Cumhuriyet;38.5188004341629;27.0540004146525;1
21065;Gülen Kora Ortaokulu;38.5195706511137;27.0565927873426;1
21066;Gülen Kora Ortaokulu;38.5197004413037;27.0567003942235;1
21069;Palmiye;38.517565;27.050539;1
21070;Palmiye;38.517583;27.050627;1
21071;Önder;38.518861;27.049665;1
21072;Önder;38.518962;27.049772;1
21073;Yıldız Tınas İzmiroğlu Anadolu Lisesi;38.5176064196426;27.0485304527044;1
21074;Yıldız Tınas İzmiroğlu Anadolu Lisesi;38.5175834191559;27.0483484538841;1
21094;Söğüt;38.4861637331565;27.0600541680654;1
21095;Söğüt;38.4862154565635;27.0588565418796;1
21096;Bayraktar Sitesi;38.4858584505656;27.0563495572402;1
21097;Bayraktar Sitesi;38.486;27.0561;1
21106;Organize Sanayi;38.4759;27.03992;1
21114;Tenis Kulübü;38.4871;27.0533;1
21115;Tenis Kulübü;38.4869961532473;27.0535005649942;1
21116;Kent Hastanesi;38.4905004396899;27.0522005603382;1
21117;Kent Hastanesi;38.4907004401313;27.0524005583502;1
21122;Büyük Çiğli Mezarlık;38.4894725842928;27.0549831883595;1
21123;Büyük Çiğli Mezarlık;38.489400446986;27.0551005489554;1
21129;Eshotçular Sitesi;38.4916984508126;27.0568295292439;1
21130;Eshotçular Sitesi;38.4921724520035;27.0573445242664;1
21132;Şehit Ali Karaoğlan Lisesi;38.4932;27.0545;1
21133;Şehit Ali Karaoğlan Lisesi;38.4935;27.053;1
21135;Tariş depoları;38.4936;27.0498;1
21136;Tariş depoları;38.4935;27.0493;1
21137;Tariş İpek;38.4939;27.0431;1
21138;Tariş İpek;38.4936;27.0434;1
21139;Organize Sanayi Cami;38.4939;27.0381;1
21140;Organize Sanayi Cami;38.4937;27.0381;1
21142;Benzinlik;38.4754994071536;27.0363707087724;1
21145;Sasalı Piknik Alanı;38.4951;26.9845;1
21146;Sasalı Piknik Alanı;38.4949;26.9843;1
21147;Ana Jet Üssü;38.4952;26.9804;1
21148;Ana Jet Üssü;38.495;26.9804;1
21149;Çakabey;38.4923;26.9588;1
21150;Çakabey;38.492;26.9584;1
21151;Hanımeli;38.491554891891;26.9450668758712;1
21152;Hanımeli;38.4915313106018;26.9451994589565;1
21153;Çiğli Fen Lisesi;38.495246200501;26.9454471651071;1
21154;Neşeli;38.492946;26.946403;1
21155;Kutup Yıldızı;38.4947;27.002;1
21156;Kutup Yıldızı;38.4944;27.0022;1
21157;Kaklıç Kavşağı;38.4949;26.9936;1
21158;Kaklıç Kavşağı;38.4946;26.9942;1
21161;Neşeli;38.4928872066505;26.9468001654856;1
21169;Tel Örgü;38.500316;26.990217;1
21170;Tel Örgü;38.500456;26.990021;1
21171;Fabrika;38.5041;26.989;1
21172;Fabrika;38.5044;26.9888;1
21173;Kaklıç Köprü;38.506200278411;26.988500860942;1
21174;Kaklıç Köprü;38.5058802793009;26.988733860935;1
21175;Kaklıç Mezarlık;38.5074988118945;26.9878887616151;1
21176;Kaklıç Mezarlık;38.5076002754581;26.9879008584351;1
21177;Kaklıç Cami;38.509300272824;26.9876008527498;1
21178;Kaklıç Cami;38.509200272707;26.9875008537931;1
21179;Kaklıç İlkokulu;38.5102892713357;26.9874518492499;1
21180;Kaklıç İlkokulu;38.5102952709278;26.9872798502575;1
21181;Kaklıç;38.5115;26.9858;1
21193;Eyüp Sitesi;38.4943004347727;27.0506005525791;1
21194;Eyüp Sitesi;38.4944004340011;27.050300553822;1
21195;Çiğli Devlet Hastanesi;38.4967094307562;27.0492845491973;1
21196;Çiğli Devlet Hastanesi;38.4971954842483;27.0487895241967;1
21200;Bankalar;38.4914;27.0369;1
21201;Serbay;38.4992;27.0438;1
21203;Zakkum;38.5008004113449;27.0421705710434;1
21204;Sistaş;38.502918;27.039959;1
21205;Sistaş;38.5034;27.0402;1
21207;Tepaş;38.5045;27.0376;1
21208;Banka;38.4978;27.0445;1
21209;Çiftel;38.5026;27.037;1
21210;Tepaş;38.504402;27.038921;1
21211;Lider;38.4998;27.0369;1
21212;Zakkum;38.5009304106334;27.041910571935;1
21213;Pırıl;38.4969;27.0369;1
21214;Serbay;38.499322;27.043796;1
21215;Bankalar;38.492;27.0367;1
21216;Metro;38.4846;27.0366;1
21217;Elektral;38.4883004030239;27.0365006577324;1
21220;Elektral;38.4887377816633;27.0367602145571;1
21221;Metro;38.4843;27.0364;1
21223;Vena;38.4821004085063;27.0379006749713;1
21225;Trafo 2;38.4821;27.0414;1
21227;Bora;38.4821;27.0447;1
21229;Polibak;38.482;27.0483;1
21231;Egepen;38.4839;27.049;1
21233;Senkromeç;38.486191071678;27.0483977676664;1
21235;Namlı;38.4862;27.045;1
21237;Gökova;38.4867;27.0419;1
21239;Ege Fermuar;38.4889;27.042;1
21241;Ata Sanayi Dispanser;38.491;27.0392;1
21246;Ahmet Yesevi Cami;38.511307;27.037769;1
21247;Ahmet Yesevi Cami;38.511393;27.037847;1
21248;Kyk Çiğli Öğrenci Yurdu;38.5129125414933;27.0376568973684;1
21249;Kyk Çiğli Öğrenci Yurdu;38.512724648511;27.0376946758954;1
21252;Şerbetçi;38.5083;27.0402;1
21253;Şerbetçi;38.508023;27.040269;1
21254;Neyhan;38.510625;27.040479;1
21255;Neyhan;38.5107;27.0406;1
21256;Düğüm;38.5142713928183;27.0378375319351;1
21257;Düğüm;38.5144253929872;27.0379385305827;1
21258;Çiğli Ege Sanayi Sitesi;38.5164024179534;27.0350012232432;1
21259;Çiğli Ege Sanayi Sitesi;38.5166002515357;27.0349992193236;1
21263;Doğal Yaşam Sitesi;38.4992062244469;26.959917061941;1
21264;Koza Sitesi;38.5031386338257;26.95926879313;1
21266;Flamingo Sitesi;38.50514580459;26.9587010764278;1
21269;Gazi Çiçek;38.5075;26.9579;1
21271;Sasalı Doğal Yaşam Parkı;38.4878002375146;26.9589011105192;1
21272;Sasalı Giriş;38.4919;26.95336;1
21273;Sasalı Giriş;38.4919;26.95347;1
21274;Sasalı Meydan;38.4944404313397;26.9524322510968;1
21275;Sasalı Meydan;38.4942302168496;26.9528711236603;1
21276;Çiçek;38.49398;26.95146;1
21277;Çiçek;38.494;26.95138;1
21278;Manolya;38.4931;26.95053;1
21279;Manolya;38.49308;26.95053;1
21280;Portakal;38.492275;26.949395;1
21281;Portakal;38.49216;26.94963;1
21296;Tuz İşletmesi Lokali;38.4777422506952;26.9145691226825;1
21297;Tuz İşletmesi Lokali;38.4774198582999;26.9145362665692;1
21317;Şehit Üsteğmen İbrahim Fahri Efendi;38.537916;27.056072;1
21318;Şehit Üsteğmen İbrahim Fahri Efendi;38.537871;27.056307;1
21321;Tekel Lojmanlar;38.5184;27.0336;1
21322;Tekel Lojmanlar;38.5183;27.0332;1
21325;Yörük;38.5398;27.0567;1
21326;Yörük;38.5398153263638;27.0564838418255;1
21328;Katip Çelebi Üniversitesi;38.5178073727356;27.0311655535299;1
21329;Meydan Yolu;38.520113397909;27.0411384831278;1
21330;Meydan Yolu;38.5196003954208;27.0401004918604;1
21333;Uğur Mumcu Sağlık Ocağı;38.5224004070697;27.0450004485538;1
21334;Uğur Mumcu Sağlık Ocağı;38.5225004064505;27.0448004492072;1
21335;Uğur Mumcu;38.5254504082046;27.0461054259369;1
21336;Uğur Mumcu;38.5252484069897;27.0456274298338;1
21337;İnönü Mahallesi;38.527;27.0472;1
21338;İnönü Mahallesi;38.527;27.047;1
21339;Papatya;38.528432;27.047613;1
21340;Papatya;38.528408;27.047373;1
21341;Zambak;38.5314;27.0488;1
21342;Zambak;38.5314;27.0486;1
21343;Jandarma;38.5185845962006;27.0405869586849;1
21344;Jandarma;38.5186973948623;27.0398962498919;1
21345;Sarmaşık;38.5318;27.0525;1
21346;Sarmaşık;38.5318;27.0524;1
21348;Askeri Havaalanı;38.5134803641917;27.0266396014513;1
21351;Harmandalı Mezarlık;38.537583;27.051776;1
21352;Harmandalı Mezarlık;38.5378;27.0508;1
21353;Cumhuriyet Mahallesi Muhtarlığı;38.5384524196247;27.0530373128572;1
21354;Cumhuriyet Mahallesi Muhtarlığı;38.5384;27.0529;1
21355;Site 1;38.54;27.0538;1
21356;Site 1;38.5403;27.0538;1
21357;Site 2;38.5418;27.0551;1
21358;Site 2;38.5418;27.0549;1
21359;Site Son Durak;38.5446564250003;27.0562492574886;1
21362;Simge Sitesi;38.5421;27.0427;1
21365;Simge Sitesi;38.542;27.0426;1
21367;Harmandalı Sağlık Ocağı;38.5311;27.0505;1
21368;Harmandalı Sağlık Ocağı;38.5312;27.0506;1
21370;Fevzi Çakmak;38.5407584344014;27.0584142673735;1
21371;Fevzi Çakmak;38.5408964337102;27.058219267736;1
21372;Harmandalı;38.537627;27.054363;1
21373;Harmandalı İlköğretim Okulu;38.5339;27.0511;1
21374;Harmandalı İlköğretim Okulu;38.5337;27.0513;1
21375;Harmandalı Eski Belediye;38.5349;27.0499;1
21376;Harmandalı Eski Belediye;38.5348;27.0498;1
21377;Harmandalı Cumhuriyet;38.5382;27.0497;1
21378;Harmandalı Cumhuriyet;38.537862;27.049985;1
21381;Subay Lojmanları;38.5249;27.0326;1
21382;Subay Lojmanları;38.525138;27.03201;1
21385;Astsubay Lojmanları;38.536893;27.033148;1
21388;Eski Yol;38.540877;27.033754;1
21389;Eski Yol;38.5405;27.034;1
21390;Kargılar;38.5445;27.0346;1
21391;Kargılar;38.543936;27.034745;1
21392;Ulukent Gar;38.5465;27.0351;1
21393;Jandarma Ormanı;38.5529;27.0394;1
21394;Ulukent Trafo;38.5558;27.0408;1
21395;Ulukent Trafo;38.5559;27.0413;1
21396;Üst Geçit;38.559494;27.04342;1
21397;Üst Geçit;38.558;27.0428;1
21398;Bakım Merkezi;38.56336;27.04766;1
21399;Egekent 2;38.559905;27.044426;1
21400;Tarımsal Araştırma;38.5665;27.0515;1
21401;Tarımsal Araştırma;38.5667403929232;27.0521901460827;1
21402;Koyundere;38.5741004129892;27.0603000478799;1
21403;Koyundere;38.573552;27.060114;1
21404;Koyundere İlkokulu;38.57735;27.06351;1
21405;Koyundere İlkokulu;38.5771;27.06367;1
21406;Asarlık Giriş;38.58218;27.0693;1
21407;Asarlık Giriş;38.5827330482219;27.0704919999296;1
21408;Haldun Koşay Lisesi;38.586420444146;27.0725098880277;1
21409;Haldun Koşay Lisesi;38.5869840078063;27.0730839835525;1
21410;Asarlık Mezarlık;38.59011;27.07411;1
21411;Asarlık Mezarlık;38.5909963621106;27.0747880582913;1
21412;Asarlık Esat Paşa Mahallesi;38.59706;27.07635;1
21413;Asarlık İnönü Mahallesi;38.5973404487419;27.076759783961;1
21414;Son Direk;38.60168;27.07782;1
21415;Son Direk;38.60203;27.07833;1
21416;Menemen Jandarma;38.6069;27.0764;1
21417;Menemen Jandarma;38.6069;27.0767;1
21418;Menemen Üst Geçit;38.608924;27.075339;1
21419;Menemen Üst Geçit;38.6085;27.07585;1
21420;Astsubay Lojmanları;38.5370703614255;27.0328827921992;1
21442;Aliağa Sanayi;38.7435097057399;26.9683493022306;1
21444;Aliağa Sanayi Çıkış;38.74801;26.96458;1
21445;Aliağa Sanayi;38.7435;26.96876;1
21459;Ulukent Gar;38.546946;27.035865;1
21470;Ulukent İlköğretim Okulu;38.5376283988518;27.0393754000161;1
21471;Ulukent İlköğretim Okulu;38.5377999305937;27.0396427993403;1
21472;Yamaçevler;38.535957;27.041069;1
21473;Yamaçevler;38.5360523807992;27.0411419839396;1
21474;Harmandalı Siteler;38.530216;27.040927;1
21475;Harmandalı Siteler;38.5303370524591;27.0407296986953;1
21476;Harmandalı Kuzey Kent;38.5297372847898;27.0434667789393;1
21477;Harmandalı Kuzey Kent;38.5298717331936;27.0434583731963;1
21478;Gönül;38.529119;27.046166;1
21479;Gönül;38.5293044051006;27.0459808281896;1
21487;Kule;38.6873451793552;26.9272300590983;1
21488;Kule;38.6872683845838;26.9278737558763;1
21489;35 Evleri;38.5340281329526;27.0418400043121;1
21490;35 Evleri;38.5339767258804;27.0415529840647;1
21491;Eski Foça Çiftlik;38.6864538421531;26.9599148525056;1
21492;Eski Foça Çiftlik;38.6863308436913;26.960259851277;1
21493;Gerenköy Fabrika;38.666054;26.903715;1
21494;Gerenköy Fabrika;38.666198;26.903463;1
21495;Ulukent Aktarma;38.5478;27.0353;1
21496;Subay Lojmanları 4;38.5254;27.0343;1
21497;Subay Lojmanları 4;38.5252;27.0344;1
21498;Subay Lojmanları 3;38.5277;27.0354;1
21499;Subay Lojmanları 3;38.5277;27.0356;1
21500;Subay Lojmanları 2;38.5305;27.0366;1
21501;Subay Lojmanları 2;38.5305;27.0367;1
21502;Subay Lojmanları 1;38.5328850569956;27.0366613971328;1
21503;Subay Lojmanları 1;38.5329003760503;27.0367004416786;1
21504;Hava Üssü Lojmanları Son Durak;38.5348;27.0345;1
21507;Şair Namık Kemal;38.6582269837871;26.8275106589818;1
21508;Şair Namık Kemal;38.6581025336342;26.8270446617797;1
21509;Ulukent Ortaokulu;38.538368;27.038815;1
21510;Ulukent Ortaokulu;38.538513;27.038991;1
21511;Ulukent İlköğretim Okulu;38.5442;27.0363;1
21513;Ulucak Cami;38.5442;27.0382;1
21515;Ulukent Meydan;38.5459;27.039;1
21516;Gazi Mahallesi Son Durak;38.561978;27.067973;1
21517;Ulukent Çıkış;38.548;27.0378;1
21519;9 Eylül Muhtarlık;38.5383;27.0356;1
21520;9 Eylül Muhtarlık;38.5386;27.0356;1
21521;Zirve;38.5402;27.0419;1
21522;Zirve;38.5405;27.0418;1
21523;Market;38.5601;27.0453;1
21524;Market;38.559772;27.045221;1
21526;İrem Sitesi;38.557659;27.045549;1
21527;İrem Sitesi;38.5573;27.0458;1
21528;Ege;38.5569;27.0483;1
21529;Ege;38.5568;27.0483;1
21530;Cansu Sitesi;38.5581;27.0499;1
21531;Cansu Sitesi;38.5581;;0
21532;Centaş;38.5596;27.0528;1
21533;Centaş Sitesi;38.55979;27.053143;1
21534;Centaş 2 Sitesi;38.558481;27.055427;1
21535;Centaş 2 Sitesi;38.5584;27.0551;1
21536;Taş Duvar;38.5555;27.0544;1
21537;Taş Duvar;38.555207;27.054641;1
21538;Ulu-Koop;38.540518;27.044089;1
21539;Ulu-Koop;38.54053;27.044289;1
21540;Manzara;38.554387;27.055925;1
21541;Manzara;38.5537594158065;27.0555822067204;1
21542;Metrokent;38.5519;27.0542;1
21543;Metrokent;38.552;27.0542;1
21545;Ulukent Aktarma;38.5494;27.0381;1
21546;Santral;38.550151;27.052778;1
21547;Santral;38.550035;27.052417;1
21548;Şelale;38.549438;27.048738;1
21549;Şelale;38.549206;27.048759;1
21550;Kent 2;38.551649;27.048987;1
21551;Kent 2;38.5518272488046;27.0492294101729;1
21552;EGEKENT-2-SON DURAK;38.5547996129025;27.0498000292625;1
21553;Celalettin Akar;38.5486;27.0402;1
21555;Otuz Ağustos;38.5523923250868;27.0421863775179;1
21556;Otuz Ağustos;38.5524;27.0423;1
21557;Esenlik;38.5547;27.0445;1
21558;Esenlik;38.5547;27.0443;1
21559;Simge Sitesi;38.5568;27.0459;1
21560;Simge Sitesi;38.5564;27.0457;1
21561;Top Sahası;38.5507;27.0409;1
21562;Top Sahası;38.5511;27.0408;1
21563;Yamaç;38.559539;27.054921;1
21564;Yamaç;38.5595;27.0554;1
21565;Geri Gönderme Merkezi;38.5548154613345;27.0698311136941;1
21566;Umut;38.546931;27.051013;1
21567;Umut;38.547143;27.05093;1
21568;Asarlık Köprü;38.590534;27.084476;1
21569;Keyifli Yaşam Evleri;38.5951422369694;26.9355268159043;1
21570;Keyifli Yaşam Evleri;38.5949525220613;26.9353804835256;1
21571;Ova Küme Evleri;38.5548662963445;27.0170574363479;1
21572;Çitlenbik;38.5558732858114;27.0139114498697;1
21575;Hobi Park;38.5633902484815;27.0047004622102;1
21576;Hobi Park;38.563080249131;27.0047704636512;1
21577;Günerli Üçyol;38.566342;27.00232;1
21578;Günerli Üçyol;38.566228;27.002462;1
21579;Günerli Dörtyol;38.570798;26.996396;1
21580;Günerli Dörtyol;38.570696;26.996259;1
21581;Ekin Koleji;38.5753316489559;26.9852732943862;1
21582;Ekin Koleji;38.5752101725059;26.9852105123713;1
21583;Seyrek Belediyesi;38.578292;26.978718;1
21584;Seyrek Belediyesi;38.578022;26.978837;1
21585;Kumtepe;38.57927;26.97731;1
21586;Kumtepe;38.57924;26.97724;1
21587;Seyrek İlköğretim Okulu;38.5803501348151;26.9754405422734;1
21588;Seyrek İlköğretim Okulu;38.5803;26.97553;1
21589;Seyrek Meydan;38.58165;26.97355;1
21590;Seyrek Meydan;38.581612;26.973467;1
21591;Aşağı Çeşme;38.58215;26.96752;1
21592;Aşağı Çeşme;38.58209;26.96744;1
21593;Bakırçay Üniversitesi;38.582290098352;26.9641006027335;1
21594;Bakırçay  Üniversitesi;38.5824090955917;26.96321760766;1
21595;Villakent Giriş;38.59842;26.9359;1
21596;Villakent Giriş;38.5982959833753;26.9354406841644;1
21597;Teraslı Park;38.59955;26.93009;1
21598;Teraslı Park;38.59934;26.93019;1
21599;Hüseyin Baradan Parkı;38.6011549464547;26.9245697361507;1
21600;Spor Sahası;38.59993;26.927188;1
21601;Spor Sahası;38.600188;26.926866;1
21602;Hüseyin Baradan Parkı;38.60093;26.92448;1
21603;Merdivenli Park;38.60311;26.92188;1
21604;Çiftlik;38.621155;26.95026;1
21605;Çiftlik;38.62113;26.950514;1
21606;Merdivenli Park;38.60306;26.92132;1
21607;Villakent Merkez;38.604746;26.917957;1
21608;Menemen Serbest Bölge;38.6217669108561;26.9293675604716;1
21609;Şehit Astsubay Ümit İnce;38.6061799114689;26.9162377567261;1
21610;Villakent Merkez;38.604652;26.918005;1
21611;Maltepe Giriş;38.625968;26.907925;1
21612;Şehit Astsubay Ümit İnce;38.6060909112661;26.9160857583377;1
21613;Maltepe Ortaokulu;38.6294908337497;26.9093966355706;1
21614;Maltepe Giriş;38.627497;26.908648;1
21615;Villakent Anadolu Lisesi;38.6025759786444;26.9371826438877;1
21616;Villakent Anadolu Lisesi;38.6024127688565;26.9369649590982;1
21617;Florya;38.60628;26.91363;1
21618;Florya;38.60619;26.913543;1
21619;Şahin;38.608732;26.912964;1
21620;Şahin;38.608835;26.913012;1
21621;Menemen Serbest Bölge;38.6218999097999;26.9291175611533;1
21622;Maltepe Mezarlık;38.630517;26.924;1
21623;Maltepe Mezarlık;38.63075;26.9237;1
21624;Maltepe Ortaokulu;38.6292008341734;26.9092806384801;1
21626;Koyundere Eski Son Durak;38.576649;27.064099;1
21627;Koyundere Eski Son Durak;38.576568;27.064011;1
21628;Koyundere Kahveler;38.57454;27.06745;1
21629;Koyundere Kahveler;38.57441;27.06729;1
21630;İstiklal;38.5729;27.069;1
21631;İstiklal;38.57296;27.06886;1
21632;Ege;38.574905;27.0699;1
21633;Ege;38.57496;27.07003;1
21634;Çocuk Parkı;38.577114;27.070447;1
21635;Çocuk Parkı;38.577012;27.070514;1
21636;Kılıçkent;38.5775984520672;27.0723879494075;1
21637;Kılıçkent;38.5769004517531;27.0721239557724;1
21638;Güvenel;38.57912;27.07383;1
21639;Güvenel;38.5789165085748;27.0740235003345;1
21640;Aksu;38.58144;27.0762;1
21641;Aksu;38.58126;27.07625;1
21642;Şehit Er Serdar Amak Ortaokulu;38.5833794679586;27.0782128735189;1
21643;Şehit Er Serdar Amak Ortaokulu;38.5839496614477;27.0790190448175;1
21644;Mutlu;38.58426;27.08056;1
21645;Mutlu;38.5843;27.08052;1
21646;Vali Kutlu Aktaş;38.58165;27.08242;1
21647;Vali Kutlu Aktaş;38.58162;27.08232;1
21648;Koyundereli Hacı Mehmet Camii;38.5824404949163;27.0852798360286;1
21649;Koyundereli Hacı Mehmet Camii;38.5822946611484;27.0851805797412;1
21650;Fatma Koşay İlköğretim Okulu;38.58406;27.08883;1
21651;Fatma Koşay İlköğretim Okulu;38.58401;27.08871;1
21652;Asarlık Toki Evleri;38.5833513308248;27.0917387565766;1
21653;Asarlık Toki Evleri;38.5833105181054;27.0916397903894;1
21655;Gazi Toki Yol Ayrımı;38.565066454637;27.0700900467676;1
21656;Gazi Toki Yol Ayrımı;38.5647194558306;27.0703590473713;1
21657;Koyundere Mezarlık;38.567761;27.069995;1
21658;Aktaşlar;38.58545;27.08989;1
21659;Aktaşlar;38.5855;;0
21660;Beyaz Ev;38.58653;27.08605;1
21661;Beyaz Ev;38.58655;27.08613;1
21662;Duman;38.5864464841002;27.0832988203547;1
21663;Duman;38.5865384837337;27.0832228201829;1
21664;Asarlık Pazar Yeri;38.5886804838737;27.0837698016536;1
21665;Asarlık Pazar Yeri;38.5886304846365;27.0839598008175;1
21666;Asarlık Park;38.593417;27.0821;1
21667;Asarlık Park;38.593498;27.082141;1
21668;Fırın;38.595514;27.079922;1
21669;Fırın;38.595341;27.080082;1
21670;Zerdeçal;38.596094;27.083057;1
21671;Zerdeçal;38.595988;27.083041;1
21672;Miyase İnceer İlkokulu-Ortaokulu;38.602630484289;27.0873596783395;1
21673;Miyase İnceer İlkokulu-Ortaokulu;38.6026304850392;27.0875496771342;1
21674;Menemen Devlet Hastanesi;38.606214;27.086651;1
21675;Menemen Devlet Hastanesi;38.606738;27.086593;1
21676;Sekseninci Yıl İlköğretim Okulu;38.58399;27.0919;1
21677;Sekseninci Yıl İlköğretim Okulu;38.58395;27.0917;1
21678;Genç;38.5827005189083;27.0917297941099;1
21679;Genç;38.5827405194943;27.0918927928166;1
21680;Asarlık Toki Evleri Trafo;38.5823205191941;27.0917297967726;1
21681;Asarlık Toki Evleri Trafo;38.582210518937;27.0916397981018;1
21682;Asarlık Toki Evleri Üçyol;38.5813;27.09206;1
21683;Asarlık Toki Evleri Üçyol;38.58142;27.09193;1
21684;Asarlık Toki Evleri Tepe;38.57956;27.09019;1
21685;Asarlık Toki Evleri Tepe;38.57956;27.09003;1
21686;Asarlık Toki Evleri Son Durak;38.57983;27.09087;1
21687;Menemen Devlet Hastanesi Acil;38.607545;27.08633;1
21688;Koyundere Mezarlık;38.567404;27.070174;1
21689;Koyundere Mera;38.57061;27.069847;1
21690;Koyundere Mera;38.57044;27.070064;1
21691;Nergis;38.59967;27.087615;1
21692;Nergis;38.59979;27.087475;1
21695;Papatya;38.597811;27.086964;1
21696;Papatya;38.597779;27.086702;1
21697;İstasyon Köprü;38.6042804516169;27.0794797162651;1
21698;İstasyon Köprü;38.6052164547828;27.0805587025208;1
21699;Anadolu Lisesi;38.6096215058099;27.0945135808345;1
21702;Anadolu Lisesi;38.6098155066543;27.0947695777422;1
21703;Menemen İZSU;38.6119315463272;27.1048634972711;1
21706;Menemen İZSU;38.6121885441804;27.1044104982089;1
21709;Mermerci;38.61646;27.11529;1
21711;Fabrikalar;38.61696;27.12075;1
21712;Mermerci;38.61658;27.11545;1
21713;Menemen Devlet Hastanesi Kavşak;38.6077054700825;27.0851366549536;1
21714;Fabrikalar;38.61711;27.12055;1
21717;Maltepe Saha;38.628374;26.927734;1
21718;Maltepe Saha;38.628203;26.927784;1
21719;Çiftlik;38.630767;27.032221;1
21720;Çiftlik;38.631527;27.030986;1
21721;Gerenköy Bahçe;38.66067;26.90198;1
21722;Gerenköy Bahçe;38.66068;26.90187;1
21723;Yumurtacı;38.67441;26.89788;1
21724;Yumurtacı;38.67392;26.896656;1
21727;Çileklik;38.6188006838387;27.1375432344541;1
21728;Çileklik;38.6191006875488;27.1383992265691;1
21729;Yol;38.6204556991202;27.1411151983067;1
21730;Yol;38.6206457001561;27.1413671951679;1
21731;Emiralem Kabristan;38.62139;27.13901;1
21732;Emiralem Kabristan;38.6213545161445;27.1389612722941;1
21733;Yayla Muhtarlık;38.6224736791281;27.1371022081007;1
21734;Yayla Muhtarlık;38.6225386785995;27.1369982082539;1
21735;Beyaz Çeşme;38.6230563594568;27.1400773662965;1
21736;Beyaz Çeşme;38.6231349442768;27.1401575845479;1
21737;Yayla;38.623491;27.142512;1
21738;Yayla;38.6235;27.1424;1
21739;Gönül;38.62327;27.14398;1
21740;Gönül;38.62319;27.14404;1
21741;Küçük Çay;38.62211;27.14455;1
21742;Küçük Çay;38.62209;27.14461;1
21743;Trafo;38.6211027206571;27.1458351627117;1
21744;Trafo;38.6212147207671;27.1458741615628;1
21746;Emiralem Dörtyol;38.6215627286121;27.1475931476821;1
21747;Emiralem Dörtyol;38.6214667282309;27.1474991490593;1
21748;Emiralem Jandarma;38.6230737293285;27.1479511332203;1
21749;Emiralem Jandarma;38.6231257299326;27.1480861319291;1
21750;Emiralem İstasyon;38.6243012665483;27.1473980723537;1
21751;Emiralem İstasyon;38.6243607257247;27.1473691266127;1
21752;Belediye;38.6260757276155;27.1480141085808;1
21753;Belediye;38.6258827279813;27.1480631098246;1
21754;Değirmendere;38.6269467325302;27.1491710940206;1
21755;Sera;38.621686;27.15007;1
21756;Merkez İlköğretim Okulu;38.62041;27.15304;1
21757;Merkez İlköğretim Okulu;38.6205;27.15263;1
21758;Emiralem Üçyol;38.6182;27.15803;1
21759;Emiralem Üçyol;38.61873;27.15712;1
21760;Sebahat Akşıray Otistik Eğitim Merkezi;38.62004;27.16258;1
21761;Sebahat Akşıray Otistik Eğitim Merkezi;38.61966;27.16243;1
21762;Yağ Fabrikası;38.62589;27.16208;1
21763;Yağ Fabrikası;38.62561;27.16215;1
21764;Emiralem;38.627367;27.165944;1
21765;Süleymanlı;38.635249;27.177897;1
21766;Süleymanlı;38.635281;27.177599;1
21767;Hanımeli;38.63665;27.17662;1
21768;Hanımeli;38.63667;27.17652;1
21769;Defne;38.64039;27.1759;1
21770;Defne;38.6404;27.1758;1
21771;Görece Eski Yol;38.6463008227338;27.1700087968318;1
21772;Görece Eski Yol;38.6462746620172;27.1700632429293;1
21773;Görece Çocuk Parkı;38.6487898369702;27.1661213325919;1
21774;Görece Çocuk Parkı;38.6485795039008;27.1660753365067;1
21775;Bahçe;38.6777000348191;27.0064096199821;1
21776;Bahçe;38.6774950386105;27.0072686160177;1
21778;Gerenköy Son Durak;38.6496997667837;26.9048735116256;1
21789;Maltepe Kubilay;38.6298;26.91075;1
21790;Maltepe Kubilay;38.629881;26.91083;1
21791;Maltepe Son Durak;38.6310998482503;26.9159005807389;1
21792;Maltepe Son Durak;38.6312158478908;26.9158795800156;1
21793;Gerenköy Mezarlık;38.646438;26.90369;1
21794;Gerenköy Mezarlık;38.64712;26.90362;1
21795;Gerenköy Üçyol;38.648407;26.904006;1
21796;Gerenköy Üçyol;38.648738;26.904361;1
21797;Gerenköy İlkokulu;38.6520027507388;26.9015365155535;1
21798;Gerenköy İlkokulu;38.6515897512828;26.9013305201589;1
21799;Gerenköy Bakkal;38.652855;26.901773;1
21800;Gerenköy Bakkal;38.65306;26.90172;1
21801;Gerenköy Atatürk;38.65749;26.90112;1
21802;Gerenköy Atatürk;38.6576;26.901;1
21803;Gerenköy Çeşme;38.6623;26.90251;1
21804;Gerenköy Çeşme;38.66243;26.90248;1
21805;Gerenköy Çam;38.655306;26.901415;1
21806;Gerenköy Çam;38.6555;26.9013;1
21807;Maltepe Köşe;38.62988;26.912733;1
21808;Maltepe Köşe;38.629934;26.912673;1
21809;Yıldırım;38.677706;26.998784;1
21810;Yıldırım;38.67752;26.9989;1
21811;Fatih;38.68020891196;26.9749578058919;1
21812;Fatih;38.6800699133247;26.9752378052048;1
21816;Yeni Bağarası Giriş;38.662199;26.84321;1
21817;Yeni Bağarası Giriş;38.662309;26.843274;1
21819;Yeni Bağarası İlkokulu;38.6635005562631;26.8428348105206;1
21821;Alan Çiftliği;38.6871897651819;26.9378599904824;1
21822;Alan Çiftliği;38.6870622172268;26.9378638475332;1
21824;Cemalettin Asku;38.687825;27.00611;1
21825;Türkelli Karakol;38.6784200596208;27.0132695688826;1
21826;Türkelli Karakol;38.6783100596878;27.0132195701195;1
21827;Helvacı Ovası;38.6776250221859;27.0030546426728;1
21828;Helvacı Ovası;38.6774120237317;27.0033246426506;1
21829;Foça Bahçelievler;38.6821498883393;26.9697598238919;1
21830;Foça Bahçelievler;38.6820498882145;26.9696498254425;1
21831;Güven;38.6873;26.93346;1
21832;Güven;38.68722;26.93348;1
21835;Ilıpınar Meydan;38.6851688523456;26.9180098218983;1
21836;Ilıpınar Meydan;38.68509;26.9184;1
21837;Ilıpınar Benzinlik;38.6859248708989;26.9204353896515;1
21838;Gerenköy Dörtyol;38.675547;26.904538;1
21839;Gerenköy Dörtyol;38.6763775010979;26.9046124170964;1
21840;Gerenköy Dörtyol;38.676394692145;26.9050322951887;1
21841;Bağarası Giriş;38.671;26.88699;1
21842;Bağarası Giriş;38.6709;26.8872;1
21843;Bağarası Buz;38.668482;26.881043;1
21844;Bağarası Buz;38.66893;26.8826;1
21845;Bağarası Küçük Sanayi;38.66663;26.87641;1
21846;Bağarası Küçük Sanayi;38.6671150426019;26.8777088329508;1
21847;Malaçay;38.66163;26.86578;1
21848;Malaçay;38.66181;26.86635;1
21849;Bağarası Mavi;38.66012;26.86152;1
21850;Bağarası Mavi;38.66;26.86146;1
21851;Halim Foçalı Spor Salonu;38.6584;26.8561;1
21852;Halim Foçalı Spor Salonu;38.65823;26.85634;1
21853;Bağarası İlkokulu;38.65935;26.85138;1
21854;Bağarası İlköğretim Okulu;38.65923;26.85121;1
21855;Bağarası Atatürk Parkı;38.65963;26.8488;1
21856;Bağarası Atatürk Parkı;38.659474;26.848174;1
21857;Yeni Bağarası;38.659889;26.843745;1
21858;Yeni Bağarası;38.659927;26.843672;1
21859;Foça Cezaevi;38.65657;26.81363;1
21860;Foça Cezaevi;38.65647;26.81359;1
21861;Selvi;38.68474;26.95331;1
21862;Selvi;38.68462;26.95328;1
21863;Hilal;38.685927;26.947509;1
21864;Hilal;38.685849;26.947283;1
21865;Arpa Deresi;38.6587255602154;26.8387558767036;1
21866;Arpa Deresi;38.658508;26.837937;1
21867;Ekiz;38.68715;26.94378;1
21868;Ekiz;38.68709;26.94331;1
21869;Mehmetçik Parkı;38.66297;26.868294;1
21870;Mehmetçik Parkı;38.662971;26.868603;1
21871;Foçaköy;38.657572;26.817917;1
21872;Foçaköy;38.657342;26.817691;1
21874;Foça Yolu;38.656563;26.808247;1
21875;Türkelli Üçyol;38.6845;27.0287;1
21876;Türkelli Üçyol;38.6845;27.0284;1
21877;Türkelli Belediye;38.6858;27.0312;1
21881;Yeldeğirmenleri;38.66989;26.75811;1
21882;Yeldeğirmenleri;38.67024;26.75832;1
21883;Esnaf Sanatkarlar Odası;38.6676423425989;26.7581743379918;1
21884;Esnaf Sanatkarlar Odası;38.6674683424949;26.7578713415416;1
21885;Kuşburnu;38.6625083668658;26.7618253581133;1
21886;Kuşburnu;38.6623153678143;26.761979358741;1
21887;Barış;38.66405;26.75969;1
21888;Barış;38.664341;26.759169;1
21889;Foça Stad;38.6653693473315;26.757021365561;1
21890;Foça Stad;38.6654713472192;26.7571193640157;1
21891;Eski Foça;38.6662;26.7552;1
21892;Yıldırım;38.675254;27.016732;1
21893;Yıldırım;38.675164;27.017277;1
21894;Türkelli Giriş;38.6792;27.0144;1
21895;Türkelli Giriş;38.6794;27.0147;1
21896;İrem;38.6829;27.0206;1
21897;İrem;38.6828;27.0204;1
21898;Türkelli Düğün Salonu;38.6839;27.0245;1
21899;Türkelli Düğün Salonu;38.6837;27.024;1
21900;Türkelli Belediye;38.6857;27.0311;1
21901;Türkelli Çıkış;38.688100106504;27.0306993733622;1
21902;Türkelli Çıkış;38.6883001052065;27.0304993730093;1
21903;Helvacı Tekel;38.698026;27.027489;1
21904;Helvacı Tekel;38.697945;27.027376;1
21905;Helvacı İlkokulu;38.69966;27.02707;1
21906;Helvacı İlkokulu;38.69966;27.02696;1
21907;Helvacı Meydan;38.70163;27.02759;1
21908;Helvacı Meydan;38.70133;27.02758;1
21909;Helvacı Muhtarlık;38.7023258508954;27.0261983327481;1
21910;Helvacı Muhtarlık;38.7023000518592;27.025899285155;1
21911;Helvacı Belediye;38.70164;27.02315;1
21912;Helvacı Belediye;38.70162;27.02327;1
21913;Helvacı Çeşme;38.6998800481593;27.0182024887627;1
21914;Helvacı Çeşme;38.6997449361443;27.0182460042629;1
21915;Helvacı Tekstil;38.697198;27.014283;1
21916;Helvacı Tekstil;38.697374;27.014363;1
21917;Helvacı Hayratı;38.6953920178686;27.009252522181;1
21918;Helvacı Hayratı;38.69463;27.00917;1
21919;Helvacı Çıkış;38.69164;27.00372;1
21920;Helvacı Çıkış;38.69139;27.0036;1
21921;Ahşap Ev;38.670815;26.903124;1
21922;Ahşap Ev;38.670491;26.902983;1
21923;Yeniköy Küme Evleri;38.698286;26.900501;1
21924;Yeniköy Küme evleri;38.698416;26.900396;1
21927;Mimar Sinan;38.72908;26.88898;1
21929;Yeniköy;38.690267;26.90027;1
21930;Yeniköy;38.690144;26.90023;1
21931;Kozbeyli Giriş;38.7122415599348;26.8970160390051;1
21932;Kozbeyli Giriş;38.7123495588694;26.8967790395701;1
21933;Kozbeyli Meydan;38.7157;26.89382;1
21934;Kozbeyli Meydan;38.7154955396108;26.8937100312701;1
21939;Lale;38.694628;26.899902;1
21940;Lale;38.6936646248432;26.8996371843681;1
21941;Doğakent;38.7374704808664;26.8731670732584;1
21942;Doğakent;38.736936366966;26.8733599282973;1
21943;Alize;38.74022;26.87005;1
21944;Alize;38.74025;26.86963;1
21945;Meltem Sitesi;38.7448853550126;26.8636359515531;1
21946;Meltem Sitesi;38.744695;26.863566;1
21947;Foça Şahin Tepesi;38.74773;26.86192;1
21948;Foça Şahin Tepesi;38.74778;26.85982;1
21949;Petra Koyu;38.7475316515273;26.8564539420911;1
21950;Petra Koyu;38.7474013257629;26.8562979732537;1
21951;Öğretmen Evi;38.74732;26.85222;1
21952;Öğretmen Evi;38.74725;26.852;1
21953;Mercan;38.7469993021218;26.8473000327394;1
21954;Mercan;38.74602;26.84595;1
21955;Gazi Mustafa Kemal;38.74358;26.84494;1
21956;Gazi Mustafa Kemal;38.74347;26.84504;1
21957;Yeni Foça Birlik Evleri;38.7386;26.84421;1
21958;Yeni Foça Birlik Evleri;38.73858;26.84438;1
21961;Doğal Kent;38.735708;26.839629;1
21962;Doğal Kent;38.7354412440443;26.8391553227332;1
21963;Yücel Sitesi;38.73577;26.83629;1
21964;Yücel Sitesi;38.735587;26.836741;1
21967;Yeni Foça Otogar;38.7380792969024;26.8343101985047;1
21968;Ilıpınar Benzinlik;38.6861968348183;26.9219647345217;1
21969;Ulus;38.729736;26.891583;1
21970;Ulus;38.7301204164676;26.8920798830308;1
21971;Fatih;38.731844163017;26.897004037146;1
21972;Fatih;38.731776;26.896234;1
21973;Ören;38.7334094821252;26.9009621470937;1
21974;Ören;38.7334519421576;26.9005527803116;1
21975;Çakmaklı Yolu;38.7345095155998;26.9054027852497;1
21976;Çakmaklı Yolu;38.7345715142229;26.905033787026;1
21977;Horozgediği;38.73581;26.91666;1
21978;Horozgediği;38.73593;26.916747;1
21979;Çakmaklı;38.737506;26.923014;1
21980;Çakmaklı;38.737723;26.9231;1
21981;Sanayi;38.73466;26.94252;1
21983;Tır parkı;38.7348526690813;26.9510434908328;1
21984;Tır parkı;38.7350426727232;26.9508464793596;1
21985;Sarı Evler;38.4838;27.0719;1
21986;Sarı Evler;38.4839;27.0717;1
21987;Yetmiş Beşinci Yıl Lisesi;38.485019;27.072095;1
21988;Yetmiş Beşinci Yıl Lisesi;38.484881;27.071937;1
21991;İstasyon Altı 1;38.487079;27.064905;1
21992;İstasyon Altı 1;38.488329;27.065043;1
21993;İsmail Rahmi Karadavut İlkokulu;38.4892599272856;27.0618740239888;1
21994;İsmail Rahmi Karadavut İlkokulu;38.4894399265822;27.0617390238971;1
21995;Park;38.485774;27.067266;1
21996;Park;38.4859;27.0671;1
21997;Elit;38.4848;27.0676;1
21998;Elit;38.4847;27.0677;1
21999;İsmail Cem Kültür Merkezi;38.4962;27.112;1
22000;İsmail Cem Kültür Merkezi;38.4961;27.1115;1
22001;Müyesser Turfan Güçsüzler Evi;38.4961;27.1066;1
22002;Müyesser Turfan Güçsüzler Evi;38.496;27.1068;1
22003;Elit Sitesi Yol Ayrımı;38.4955;27.1044;1
22004;Elit Sitesi Yol Ayrımı;38.4952;27.1046;1
22005;Buruncuk Son Durak;38.667136;27.025492;1
22009;Şehit Üsteğmen Ahmet Konuksever;38.4987;27.0921;1
22010;Şehit Üsteğmen Ahmet Konuksever;38.4985;27.092;1
22011;Oyak Blokları;38.4931;27.0903;1
22012;Oyak Blokları;38.493;27.0906;1
22013;Taş Duvar;38.5001005448486;27.0925002916773;1
22014;Taş Duvar;38.5;27.0923;1
22015;Yüksek Vadi;38.5015005462275;27.0929002824009;1
22016;Yüksek Vadi;38.5014;27.0934;1
22017;Asarlık Köprü;38.590722;27.08422;1
22021;Karanfil Parkı;38.5007;27.0868;1
22022;Karanfil Parkı;38.5008;27.0871;1
22023;Tarihi Su Kemeri;38.5022;27.084;1
22024;Tarihi Su Kemeri;38.5022;27.0837;1
22025;Güzeltepe Parkı;38.5046;27.0827;1
22026;Güzeltepe Parkı;38.5046;27.0825;1
22027;Güzeltepe Bloklar;38.504;27.0796;1
22028;Güzeltepe Bloklar;38.5039;27.0798;1
22029;Güzeltepe;38.5031;27.0785;1
22030;Güzeltepe;38.5028;27.0786;1
22031;Hakimevleri Giriş;38.4922;27.1349;1
22032;Hakimevleri Giriş;38.4921;27.1348;1
22035;Körfez Mahallesi;38.4873006523935;27.1327001401087;1
22036;Körfez Mahallesi;38.4871006516368;27.1325001421743;1
22037;Körfez Evleri Giriş;38.4888;27.1342;1
22038;Körfez Evleri Giriş;38.489;27.134;1
22039;Körfez Koru Evleri;38.489600662633;27.1355001135898;1
22040;Körfez Koru Evleri;38.4894006621574;27.1354001151531;1
22041;Körfez Evleri;38.4910362922158;27.1353145434433;1
22042;Körfez Evleri;38.4911006636823;27.1354001062942;1
22044;Körfez Evleri Son Durak;38.4929;27.1342;1
22045;Yüksek Vadi 2;38.500808;27.09474;1
22046;Yüksek Vadi 2;38.500891;27.094687;1
22047;Doğa Koleji;38.4803;27.0839;1
22048;Emiralem İlköğretim Okulu;38.6238358739642;27.1496794807479;1
22049;Albayrak Mavişehir Evleri;38.4818705085794;27.0801924443602;1
22050;Soyak;38.476623;27.075705;1
22051;Soyak;38.4772;27.0759;1
22052;Fotoğraf Müzesi;38.47914;27.075715;1
22053;Fotoğraf Müzesi;38.4796013150152;27.0758689733587;1
22054;Bayrak;38.481711;27.077231;1
22055;Bayrak;38.481576;27.077425;1
22058;Albayrak Mavişehir Evleri;38.4819752212956;27.0816051409246;1
22061;Yaşam;38.4785;27.0856;1
22065;Ormancı Sitesi 2;38.5010894722093;27.0658244355092;1
22066;Ormancı Sitesi 2;38.5012164718382;27.0656924356428;1
22067;Bahar;38.5026;27.0671;1
22068;Bahar;38.5024;27.0669;1
22069;Şirinevler Giriş;38.5052;27.0683;1
22070;Şirinevler Giriş;38.505;27.0681;1
22071;Şirinevler Son Durak;38.5062657669838;27.0690021744253;1
22072;Osman Gazi;38.739771;26.833466;1
22073;Osman Gazi;38.7396492944937;26.8333012223057;1
22074;Doğan Çingil;38.742618;26.832426;1
22075;Doğan Çingil;38.7424192759575;26.8323552354469;1
22077;Atatürk Mahallesi TOKİ İlkokulu;38.5219004588696;27.0632003447063;1
22078;Atatürk Mahallesi TOKİ İlkokulu;38.5223004589915;27.0633003419754;1
22079;Prim Konutları;38.5127;27.0617;1
22080;Prim Konutları;38.5126;27.0615;1
22081;İzkent Su Deposu;38.5150004489403;27.0587004070352;1
22082;İzkent Su Deposu;38.5150004483853;27.0585004081907;1
22083;Ahmet Yesevi;38.518068;27.058279;1
22084;Ahmet Yesevi;38.5178;27.0582;1
22085;Atatürk Mahallesi Toki Evleri 1;38.5212819336602;27.0594323539258;1
22086;Atatürk Mahallesi Toki Evleri 1;38.5212700996051;27.0594048786645;1
22087;Atatürk Mahallesi Toki Evleri 2;38.5213004562415;27.0622003537373;1
22088;Atatürk Mahallesi Toki Evleri 2;38.5213004559543;27.0621003543191;1
22090;Atatürk Mahallesi Nergis;38.5198604449572;27.0580203856979;1
22122;Türkelli Katı Atık;38.6919572069879;27.0279823020835;1
22123;Türkelli Katı Atık;38.6924;27.0284;1
22125;Menemen Cezaevi;38.6961;27.02648;1
22126;Hatundere 3;38.699922;27.040901;1
22127;Hatundere 3;38.699818;27.04094;1
22128;Menemen Cezaevi;38.696025;27.026317;1
22129;Helvacı Jandarma;38.701017;27.021677;1
22130;Helvacı Jandarma;38.700726;27.02114;1
22137;Mehmetçik;38.4939545516467;27.1292828211403;1
22138;Mehmetçik;38.4937856351909;27.1293607562407;1
22139;Bayraklı Evleri;38.4907416464832;27.1296571384749;1
22140;Tuzçullu;38.5497980929016;26.938720957508;1
22141;Soyak;38.4883;27.0917;1
22142;Soyak;38.4883;27.0916;1
22143;Çiğli Aktarma Merkezi;38.4918294621527;27.0613905032641;1
22144;Çiğli Aktarma Merkezi;38.4919804625268;27.0615475017147;1
22145;Çiğli Aktarma Merkezi;38.4918984623919;27.0614895024047;1
22146;Çiğli Aktarma Merkezi;38.4920694626459;27.0615995010264;1
22152;Çağlayan;38.4862;27.0695;1
22153;Çağlayan;38.4864;27.0695;1
22168;Tüvtürk;38.5104;27.0435;1
22170;Egekent Aktarma Merkezi;38.507586;27.046441;1
22171;Egekent Aktarma Merkezi;38.5072216629541;27.0465151420909;1
22172;Egekent Aktarma Merkezi;38.5073787638064;27.0463714961238;1
22173;Egekent Aktarma Merkezi;38.5073471586691;27.0465272098439;1
22174;Egekent Aktarma Merkezi;38.5074950937689;27.0463886850242;1
22190;Mavişehir Aktarma Merkezi;38.481;27.0837;1
22192;Mavişehir Aktarma Merkezi;38.4809678073668;27.0836790456004;1
22220;Salhane Aktarma Merkezi;38.451281;27.172254;1
22230;Gazeteci Çetin Altan Anadolu Ticaret Lisesi;38.4737;27.1172;1
22237;Hatundere İstasyon;38.690366;27.017638;1
22244;Biçerova İstasyon;38.750189;26.96153;1
22255;Menemen Aktarma Merkezi;38.603738;27.076372;1
22256;Menemen Aktarma Merkezi;38.603675;27.076181;1
22257;Menemen Aktarma Merkezi;38.603665;27.076036;1
22258;Menemen Aktarma Merkezi;38.603642;27.075835;1
22272;Yağmur;38.5218;27.0579;1
22273;Yağmur;38.5219;27.0576;1
22274;Orkide;38.521;27.0565;1
22275;Orkide;38.5209;27.0564;1
22276;Helvacı Cem Evi;38.6982493174906;27.0306160253415;1
22277;Helvacı Cem Evi;38.6979484032238;27.0309149897439;1
22278;Hatundere 2;38.6994874240731;27.0356211872;1
22279;Hatundere 2;38.699221;27.035793;1
22280;Hatundere Meydan;38.70078;27.04385;1
22281;Bulut;38.5203;27.0546;1
22282;Bulut;38.5204;27.0546;1
22288;Yeniköy Türktelekom;38.686095;26.900498;1
22289;Yeniköy Türktelekom;38.68678;26.90073;1
22290;Yeniköy Çiftlik;38.68318;26.90143;1
22291;Yeniköy Çiftlik;38.68316;26.90155;1
22292;Kozbeyli Çamlık;38.70707;26.8974;1
22293;Kozbeyli Çamlık;38.7073;26.89757;1
22294;Kozbeyli Karanfil;38.7145145465474;26.8949700319375;1
22295;Kozbeyli Karanfil;38.7143865470344;26.8949980328981;1
22298;Doğançay Mezarlık Üstü;38.502;27.1532;1
22299;Doğançay Mezarlık Üstü;38.5019;27.1533;1
22300;Çamlıkent;38.514203;27.075548;1
22301;Çamlıkent Giriş;38.5104565487083;27.0708629381053;1
22302;Çamlıkent Giriş;38.5105244848821;27.0711153587681;1
22303;Çamlıkent Meydan;38.5119634879267;27.0723013446071;1
22304;Çamlıkent Meydan;38.5119113867567;27.0724900435155;1
22305;Çamlıkent Çıkış;38.5126974902514;27.0731743358216;1
22306;Çamlıkent Çıkış;38.512644939619;27.0733280354875;1
22311;Sancaklı Giriş;38.5174;27.1535;1
22312;Sancaklı Giriş;38.5174;27.1533;1
22313;Sancaklı Meydan;38.5183;27.1528;1
22321;Kabristan;38.5032496116551;27.1152161504944;1
22322;Örnekköy Mezarlık;38.502661;27.115686;1
22323;Örnekköy Mezarlık;38.502773;27.115508;1
22324;Yamanlar Mesire Yeri;38.516461;27.125209;1
22325;Yamanlar Mesire Yeri;38.516489;27.125586;1
22327;Yamanlar Köyü Son Durak;38.541932;27.134131;1
22332;Süleymanlı Tavuk Çiftliği;38.6415208865082;27.1820141619878;1
22333;Süleymanlı Tavuk Çiftliği;38.6413908890889;27.1822824592349;1
22334;Süleymanlı Üst Yol;38.6403782592677;27.1781574910256;1
22335;Süleymanlı Üst Yol;38.6405808692208;27.1782097909457;1
22336;Kır Mahalle Girişi;38.627694;27.163222;1
22337;Kır Mahalle Girişi;38.627586055556;27.163221388889;1
22338;Süleymanlı Meydan;38.63504;27.178421;1
22339;Süleymanlı Meydan;38.634938333333;27.17846;1
22340;Süleymanlı İlköğretim Okulu;38.637131;27.178621;1
22341;Süleymanlı İlköğretim Okulu;38.636971463675;27.178801720085;1
22342;Telekler Köyü;38.661584214286;27.216111533333;1
22343;Telekler Köyü;38.661495;27.21616;1
22344;Sarı Nasuhlar Yolu;38.6779543609778;27.2108365777077;1
22345;Sarı Nasuhlar Yolu;38.6780610263777;27.2106392447837;1
22346;Bozalan Keçi Çiftliği;38.6894894430214;27.2020668523108;1
22347;Bozalan Keçi Çiftliği;38.6895809651895;27.2021872002919;1
22348;Bozalan Giriş;38.700360283019;27.196952993711;1
22349;Bozalan Giriş;38.700435;27.196959;1
22350;Bozalan Düğün Salonu;38.702053166667;27.195576833333;1
22351;Bozalan Düğün Salonu;38.701934;27.195682;1
22353;Bozalan Meydan;38.704205907286;27.1954381164899;1
22354;Telekler Çeşme;38.6634;27.218;1
22355;Telekler Çeşme;38.663606;27.218244;1
22364;Menemen Toplum Sağlığı Merkezi;38.6096643455438;27.0712674080666;1
22365;Menemen Toplum Sağlığı Merkezi;38.6094919451606;27.0709600930474;1
22366;Gökbaş;38.616559;27.084571;1
22367;Gökbaş;38.616895;27.0851;1
22368;Öğretmen Evi;38.6128851006398;27.0741922256085;1
22369;Öğretmen Evi;38.6127217774145;27.0741432111069;1
22370;Menemen Garaj Karşısı;38.6112;27.071811;1
22371;Menemen Garaj Karşısı;38.6109;27.071607;1
22372;Belen Meydan;38.636388;27.102061;1
22373;Belen Meydan;38.636315;27.102154;1
22374;Çukurköy Yolu;38.637779;27.110667;1
22375;Çukurköy Yolu;38.637756;27.110843;1
22376;Haykıran Çıkış;38.6384565573759;27.1138912309627;1
22377;Haykıran Çıkış;38.6383403989486;27.1141504546305;1
22378;Haykıran Meydan;38.639363;27.117322;1
22379;Haykıran Meydan;38.639391;27.117515;1
22380;Haykıran Giriş;38.640527;27.118851;1
22381;Haykıran Giriş;38.640518;27.118979;1
22382;Hasanlar;38.639894;27.126023;1
22383;Hasanlar;38.639952;27.125747;1
22384;Görece Meydan;38.649728;27.164271;1
22385;Görece Meydan;38.649802;27.164289;1
22387;Görece;38.650438;27.163598;1
22388;Görece;38.650307;27.163336;1
22389;İğnedere Meydan;38.656282;27.159556;1
22390;Menemen Şehir Parkı;38.6073109450472;27.0739802030862;1
22391;Menemen Şehir Parkı;38.6072380093726;27.0739128853353;1
22392;Sarıkaya Mevki;38.6415705916802;27.1221491516862;1
22393;Sarıkaya Mevki;38.6414115931965;27.1224361510959;1
22398;Gül Körfezi;38.732231;26.883061;1
22399;Gül Körfezi;38.7320583042751;26.8829386539986;1
22400;Yeni Foça Yol Ayrımı;38.7336467519066;26.9725063631222;1
22401;Yeni Foça Yol Ayrımı;38.7334767519849;26.9723903653778;1
22402;Beş Kardeşler;38.7347294099646;26.9608188580303;1
22403;Beş Kardeşler;38.7344547919982;26.9618351333946;1
22404;Gencelli;38.7300016648407;26.8856229613351;1
22407;Donat Kent;38.7346;26.87786;1
22408;Çamkoru Sitesi;38.74187;26.86599;1
22409;Çamkoru Sitesi;38.74176;26.86658;1
22421;Siesta Konutları 2;38.4856217693717;27.0880862425155;1
22422;Siesta Konutları Yolu;38.4868805374833;27.0910063636204;1
22423;Siesta Konutları Yolu;38.4867495336107;27.0895373721463;1
22424;Siesta Konutları;38.4853695294927;27.0881043861841;1
22425;Soyak İzsu;38.4869;27.0952;1
22426;Soyak İzsu;38.4867;27.0952;1
22427;İnönü Mahallesi Trafo;38.4874;27.0971;1
22428;İnönü Mahallesi Trafo;38.4874;27.097;1
22454;Menemen Karakol;38.61599;27.06675;1
22455;Menemen Karakol;38.6161703882041;27.0670097078792;1
22456;Yıldız Mandıra;38.6235703433063;27.0582297087873;1
22457;Yıldız Mandıra;38.622120349808;27.0593387125822;1
22458;Menemen Fidanlık;38.63163;27.05433;1
22459;Menemen Fidanlık;38.63149;27.05476;1
22460;Çukurköy Yol Ayrımı;38.6429442718304;27.0482356245104;1
22461;Çukurköy Yol Ayrımı;38.6432879735242;27.0482568534503;1
22462;Gediz;38.647156;27.049417;1
22463;Gediz;38.6468412691718;27.0493445866;1
22464;Yanık köy Mezarlık;38.650965;27.078761;1
22465;Yanık köy Mezarlık;38.650816;27.078595;1
22467;Yanıkköy;38.652500390542;27.0807993349524;1
22469;Doğa köyü Meydan;38.64946;27.09163;1
22470;Belen Eski Okul;38.636792;27.099464;1
22471;Belen Eski Okul;38.636824;27.099383;1
22506;Çukurköy Meydan;38.695799;27.117585;1
22509;Ahıska;38.56007;27.063532;1
22510;Ahıska;38.560182;27.063475;1
22511;Çukurköy Çınaraltı;38.6950397924916;27.1179210172205;1
22512;Çukurköy Çınaraltı;38.6945724918751;27.1180947878929;1
22513;Gazi Mah  Toki Evleri;38.562124;27.065755;1
22514;Gazi Mah  Toki Evleri;38.561511;27.065319;1
22516;Toki Okul;38.560448;27.061844;1
22520;Ulukent Mezarlık;38.5440383892663;27.0444033325456;1
22521;Ulukent Mezarlık;38.5441053895772;27.0445253314189;1
22522;Çocuk Bahçesi;38.54944;27.043925;1
22523;Çocuk Bahçesi;38.549353;27.044177;1
22524;Egekent 2 Sağlık Ocağı;38.552394;27.045481;1
22525;Egekent 2 Sağlık Ocağı;38.5531;27.0464;1
22528;Cumhuriyet Mahallesi Son Durak;38.5704044184326;27.0608460688551;1
22529;Koyundere Muhtarlık;38.5731844175372;27.061361047366;1
22530;Koyundere Muhtarlık;38.5732514186257;27.0616960448464;1
22531;İnkılap;38.575346;27.063886;1
22532;İnkılap;38.575495;27.063412;1
22533;Ulukent Üçyol;38.5429873934739;27.0455063319809;1
22534;Ulukent Üçyol;38.543015;27.045032;1
22537;Egekent 2 Pazaryeri;38.555221;27.047839;1
22538;Egekent 2 Pazaryeri;38.555281;27.04761;1
22539;Toki Okul;38.560478;27.061989;1
22540;Yamanlar Muradiye Cami;38.487329;27.13997;1
22541;Yamanlar Muradiye Cami;38.487;27.1399;1
22543;Şehit Yüzbaşı Ali Rıza Sadak İlkokulu;38.4894006787301;27.1410000858039;1
22544;Şehit Yüzbaşı Ali Rıza Sadak İlkokulu;38.4894466778968;27.1407050871057;1
22545;Anıt Park;38.4928;27.142;1
22546;Anıt Park;38.4928;27.1419;1
22547;Ahmet Taner Kışlalı;38.495953694428;27.1440760344775;1
22548;Ahmet Taner Kışlalı;38.4955666909846;27.1430800418653;1
22550;Yamanlar Yeni Son Durak;38.4972;27.1468;1
22560;Maltepe Üçyol;38.637716;26.916994;1
22561;Maltepe Üçyol;38.637738;26.917111;1
22562;Maltepe Arıtma Tesisi;38.6159418824117;26.914413700624;1
22563;Maltepe Arıtma Tesisi;38.615985;26.914558;1
22564;Maltepe Çiftlik;38.6116460908821;26.9140731559809;1
22565;Maltepe Çiftlik;38.6116203690863;26.9141507322233;1
22566;Maltepe Üçyol;38.6220468089217;26.907199747603;1
22567;Maltepe Üçyol;38.6220492926007;26.9072831138956;1
22569;Maltepe Gediz;38.6293629694424;26.9102058235621;1
22570;Maltepe Gediz;38.6292016384496;26.9103805168163;1
22571;Maltepe Cumhuriyet;38.6288;26.9129;1
22572;Maltepe Cumhuriyet;38.629129;26.913087;1
22573;Maltepe Cami;38.630074;26.914675;1
22574;Maltepe Cami;38.630107;26.914529;1
22575;Maltepe Sevgi;38.631024;26.918063;1
22576;Maltepe Sevgi;38.631138;26.918213;1
22620;Ata;38.67292;26.90338;1
22621;Ata;38.67304;26.90347;1
22624;Fidelya;38.497867;27.094536;1
22625;Fidelya;38.498006;27.094596;1
22626;Ortanca;38.497142;27.095414;1
22627;Ortanca;38.497295;27.095524;1
22630;Yonca;38.4958;27.0983;1
22631;Yonca;38.4954;27.0986;1
22634;İncirlik;38.918635;27.062014;1
22635;İncirlik;38.9184052294922;27.0620053190488;1
22737;Aliağa İlçe Emniyet Müdürlüğü;38.791664;26.970197;1
22738;Aliağa Terminal İçi;38.790064;26.967581;1
22739;Gazeteci Hasan Tahsin;38.796881;26.975939;1
22740;Aliağa İlçe Emniyet Müdürlüğü;38.7916975526025;26.9701168543822;1
22741;Aliağa Santral;38.8012995453908;26.9768987244093;1
22742;Gazeteci Hasan Tahsin;38.7965;26.9755;1
22743;Aliağa Liman;38.8051995333917;26.9773986857459;1
22744;Aliağa santral;38.800964;26.976667;1
22745;Karayolları;38.8116;26.9787;1
22746;Aliağa Liman;38.804999533312;26.9771986888108;1
22747;Aliağa Sahil;38.8138355121391;26.9799265914467;1
22748;Karayolları;38.8116;26.9785;1
22749;Termik Santral Tesisleri;38.8165;26.9818;1
22750;Aliağa Sahil;38.8146995104679;26.9802985812924;1
22751;Kombine;38.8199;26.9836;1
22752;Termik Santral Tesisleri;38.816169;26.981306;1
22753;Aliağa İskele;38.8231074966842;26.9845734786686;1
22754;Kombine;38.819608;26.983128;1
22755;Sahil Sağlık Denetleme;38.8263;26.9841;1
22756;Aliağa İskele;38.823724493391;26.9843344745491;1
22757;Tabakçı plajı;38.829119;26.983197;1
22758;Sahil Sağlık Denetleme;38.8263;26.9839;1
22759;Fabrika;38.8351;26.9896;1
22760;Tabakçı plajı;38.829003;26.982994;1
22761;Pınarcık  Yol Ayrımı;38.8432735348767;27.0115291324604;1
22762;Fabrika;38.8351;26.9891;1
22763;Saha;38.8535456848374;27.0339381180103;1
22764;Pınarcık  Yol Ayrımı;38.8441715345118;27.0122341201965;1
22765;Çaltılıdere;38.8544996125172;27.0378978709054;1
22766;Saha;38.8535215930725;27.033000909915;1
22767;Çoraklar;38.8553;27.0456;1
22768;Çaltılıdere;38.8543436037931;27.0359448844581;1
22769;Kalabak;38.8569;27.0517;1
22770;Çoraklar;38.8555;27.0451;1
22771;Hacıömerli Jandarma;38.8651207078417;27.0592830387978;1
22772;Kalabak;38.857074;27.051398;1
22773;Mavi Köşe;38.867445448144;27.0614781411462;1
22774;Hacıömerli Jandarma;38.8651996738167;27.0589976471821;1
22775;Hacı Ömerli Muhtarlık;38.871422;27.0647;1
22776;Mavi Köşe;38.867543;27.061335;1
22777;Yeni Şakran Giriş;38.8807046769521;27.0688213907313;1
22778;Hacı Ömerli Muhtarlık;38.871212;27.064284;1
22779;Üst Geçit;38.8843416384237;27.0675824347943;1
22780;Yeni Şakran Giriş;38.8807346640489;27.0684862791316;1
22781;Yeni Şakran  Merkez;38.8882;27.0665;1
22782;Üst Geçit;38.8824148107574;27.0680717169899;1
22783;Yeni Şakran Yol Ayrımı;38.8943515810069;27.0648713708882;1
22784;Yeni Şakran  Merkez;38.888091;27.066143;1
22785;Demirkent;38.9162994673716;27.0619972156396;1
22786;Yeni Şakran Yol Ayrımı;38.8928385875247;27.0648533831493;1
22787;Ilıca;38.9276;27.0598;1
22788;Demirkent;38.9153;27.0617;1
22789;Mavi Kent;38.9396993010975;27.0510971027551;1
22790;Ilıca;38.9274884021938;27.059503145051;1
22791;Kazıkbağları Merkez;38.9436;27.0484;1
22792;Mavi Kent;38.939439;27.050806;1
22793;Çandarlı Yol Ayrımı;38.958722;27.045081;1
22794;Kazıkbağları Merkez;38.944708;27.047261;1
22796;Çandarlı Yol Ayrımı;38.9595;27.044;1
22797;Çandarlı Zeytin;38.961;26.993253;1
22799;Çandarlı Bahçe;38.9554;26.9676;1
22800;Çandarlı Zeytin;38.960897;26.992958;1
22801;Çandarlı Sevgi;38.949336;26.95515;1
22802;Çandarlı Bahçe;38.9551988625218;26.9674974294904;1
22803;Çandarlı Mezarlık;38.9465;26.947;1
22804;Çandarlı Sevgi;38.949211;26.955178;1
22805;Çandarlı Yakamoz;38.940492;26.944142;1
22806;Çandarlı Mezarlık;38.9468;26.9474;1
22807;Çandarlı Sahil;38.938656;26.938575;1
22808;Çandarlı Yakamoz;38.940578;26.944525;1
22809;Çandarlı Terminal;38.940239;26.938203;1
22810;Çandarlı Sahil;38.9384;26.9381;1
22811;Çandarlı Dörtyol;38.941139;26.939789;1
22812;Çandarlı Dörtyol;38.940983;26.939461;1
22813;Deliktaş;38.9892;26.9532;1
22814;Deliktaş;38.9894;26.953;1
22815;Demirtaş Cami;38.999;26.9522;1
22816;Demirtaş Cami;38.999014;26.951989;1
22817;Demirtaş;39.0029;26.9505;1
22818;Demirtaş;39.003;26.9503;1
22819;Esentepe;39.025;26.9122;1
22820;Esentepe;39.024847;26.912325;1
22821;Uzunburun;39.0323202912272;26.9066690877551;1
22822;Uzunburun;39.0323171896214;26.9065163076298;1
22823;Dikili Nergis;39.057;26.8895;1
22824;Dikili Nergis;39.0567981297005;26.8896969618654;1
22825;Dikili Sarmaşık;39.059208;26.886081;1
22826;Dikili Sarmaşık;39.0592;26.8857;1
22827;Dikili Zeyrek;39.063217;26.881392;1
22828;Dikili Zeyrek;39.0633;26.881;1
22829;Dikili Sahil;39.065617;26.883125;1
22830;Dikili Sahil;39.065833;26.883208;1
22831;Dikili Çocuk Bahçesi;39.067317;26.886067;1
22832;Dikili Çocuk Bahçesi;39.067464;26.886075;1
22833;Dikili Hastane;39.071219;26.888456;1
22834;Dikili Hastane;39.071497;26.888464;1
22835;Bülent Ecevit Meydanı;39.0755310349082;26.8903388325344;1
22836;Bülent Ecevit Meydanı;39.075608;26.890181;1
22837;Dikili Lise;39.0762;26.8916;1
22838;Dikili Lise;39.0763;26.8914;1
22839;Burmalı Çeşme;39.077786;26.894353;1
22840;Burmalı Çeşme;39.078;26.8944;1
22841;Dikili Terminal İçi;39.07970562271;26.8955457713288;1
22842;Dikili Terminal;39.0797686676407;26.8964917086264;1
22843;Aliağa Organize Sanayi Yol Ayrımı;38.8391;27.0023;1
22844;Aliağa Organize Sanayi Yol Ayrımı;38.8393;27.002;1
22847;Çelik;38.7340166187287;26.968399038473;1
22848;Çelik;38.733846735792;26.9683607720438;1
22849;Çeşme;38.7367363511569;26.974414707075;1
22850;Çeşme;38.7367227478225;26.9739033268244;1
22975;Desen;39.078736;27.118468;1
22976;Desen;39.0762096934238;27.1174868683909;1
22979;Tekkedere;38.9959;27.0578;1
22980;Tekkedere;38.9961;27.0576;1
22981;Yenikent;39.0071560109233;27.063665583232;1
22982;Yenikent;39.0074;27.0635;1
22983;Kurfallı;39.018;27.0723;1
22984;Kurfallı;39.0179;27.0718;1
22985;Sarıdere;39.031761;27.082536;1
22986;Sarıdere;39.0316;27.0821;1
22987;Eğrigöl;39.0621014385465;27.1099656680427;1
22988;Eğrigöl;39.0619989254091;27.1092960824368;1
22989;Bergama Park;39.0868879151852;27.1228920698774;1
22990;Terminal;39.0839;27.118;1
22991;Yalnız Ev;39.0896008547756;27.1286938973124;1
22992;Bergama Park;39.0871453642897;27.1228455559514;1
22993;Küçükkaya;39.0925988773386;27.1358958533165;1
22994;Yalnız Ev;39.0893248501244;27.1275899036076;1
22995;Termal;39.097868;27.152052;1
22996;Küçükkaya;39.0925708714576;27.1348928585318;1
22997;Yuvam;39.0991039565681;27.1558567353804;1
22998;Bergama Termal;39.0977949343723;27.1509377639486;1
22999;Eroğlu;39.1008;27.161;1
23000;Yuvam;39.0995;27.1564;1
23001;Karayolları Bakımevi;39.1043989876241;27.1663956699832;1
23002;Eroğlu;39.101204;27.16138;1
23003;Bergama Tuna;39.1058989927704;27.1687956548034;1
23004;Karayolları Bakımevi;39.1044510329656;27.1661432084597;1
23005;Mezarlıkbaşı Cami;39.1059510302709;27.1744146239386;1
23006;Bergama Tuna;39.1060989926586;27.1689956534395;1
23007;Bergama Sardunya;39.1069990430007;27.1773956060992;1
23008;Mezarlıkbaşı Cami;39.1061660280834;27.1743226241641;1
23009;Bergama Begonya;39.1091990420468;27.1795955912833;1
23010;Bergama Sardunya;39.1071990408567;27.177295606407;1
23011;Bergama Salkım;39.1107060398192;27.1808755825363;1
23012;Bergama Begonya;39.1092210395904;27.1792625931081;1
23014;Bergama Salkım;39.1106930374191;27.1805145845554;1
23016;Bergama Son Durak;39.1109631087585;27.1909615255091;1
23127;Bergama Sanayi;39.1151;27.1874;1
23128;Bergama Sanayi;39.1151250465413;27.1865335469371;1
23129;Bergama Hastane;39.1168631270591;27.1996014715976;1
23130;Bergama Hastane;39.117182;27.199407;1
23131;Saklıbahçe;39.1176997999121;27.2169954410547;1
23132;Bergama Saklıbahçe;39.1179992531766;27.2175953651646;1
23133;Dündarlı;39.1018631275526;27.3044157842949;1
23134;Dündarlı;39.102218;27.305084;1
23135;Kınık Ocak;39.095811;27.323787;1
23136;Kınık Ocak;39.0959;27.3239;1
23137;Poyracık Beyaz Zambak;39.0949379974434;27.3395268107279;1
23138;Poyracık Beyaz Zambak;39.0950988958811;27.3392948980054;1
23139;Poyracık Zeytinlik;39.0936;27.3444;1
23140;Poyracık Zeytinlik;39.0934006015931;27.3449944705214;1
23141;Poyracık Meydan;39.0919;27.3465;1
23142;Poyracık Meydan;39.0918;27.3472;1
23143;Poyracık Anıt;39.0911;27.3504;1
23144;Poyracık Anıt;39.091283;27.349708;1
23145;Poyracık Park;39.091;27.3555;1
23146;Poyracık Park;39.0913;27.3552;1
23147;Kınık Stad;39.0902472028762;27.3613864173323;1
23148;Kınık Stad;39.0906;27.3608;1
23149;Kınık Ulu Cami;39.0899009064776;27.3705942584982;1
23150;Kınık Ulu Cami;39.0903008990879;27.3701942617664;1
23151;Kınık Sanayi;39.0871;27.3761;1
23152;Kınık Sanayi;39.0877959696752;27.3748522228521;1
23153;Kınık Kaymakamlık;39.0874;27.3804;1
23154;Kınık Kaymakamlık;39.0875;27.3806;1
23156;İsmet İnönü Parkı;39.0887010895507;27.3858941265217;1
23207;Kesik Tarla;38.618653;26.977843;1
23208;Kesik Tarla;38.618714;26.978361;1
23209;Kesik Kanal;38.617831;26.983416;1
23210;Kesik Kanal;38.617955;26.983434;1
23211;Kesik Mavi;38.617226;26.99086;1
23212;Kesik Mavi;38.617321;26.990729;1
23213;Kesik Çocuk Bahçesi;38.616841;26.993167;1
23214;Kesik Çocuk Bahçesi;38.616958;26.993042;1
23215;Kesik Meydan;38.61693;26.995973;1
23216;Kesik Meydan;38.616837;26.995881;1
23217;Kesik Fabrikalar;38.618858;26.995398;1
23218;Kesik Fabrikalar;38.618413;26.995318;1
23219;Kesik Saha;38.617115;26.987041;1
23220;Kesik Saha;38.617266;26.986854;1
23237;Musabey Meydan;38.63667;27.008612;1
23238;Musabey Meydan;38.6367;27.0085;1
23239;Musabey Çamlar;38.6368;27.0105;1
23240;Musabey Çamlar;38.6369;27.0106;1
23241;Çavuş Köy Cami;38.6368301902738;27.0240118300086;1
23242;Çavuş Köy Cami;38.636898;27.02395;1
23243;Çavuş Köy Üçyol;38.634731;27.026106;1
23244;Çavuş Köy Üçyol;38.634796;27.026202;1
23245;Tarımsal Araştırma ve Eğitim Merkezi;38.625896;27.04495;1
23246;Tarımsal Araştırma ve Eğitim Merkezi;38.626001;27.044931;1
23247;Musabey Yol Ayrımı;38.6257231738785;27.0136309815283;1
23248;Musabey Yol Ayrımı;38.6259221741806;27.0138229787988;1
23249;Uzman Çavuş Asım Türkel;38.5117040180534;27.0671665884327;1
23250;Uzman Çavuş Asım Türkel;38.5119108210249;27.0672467738551;1
23251;Uzman Çavuş Ferruh Dikmen;38.5090114755556;27.067641386237;1
23252;Uzman Çavuş Ferruh Dikmen;38.5091293740216;27.0678537849882;1
23253;Çilek Bahçesi;38.6196367660763;27.155273113661;1
23254;Çilek Bahçesi;38.6194527665727;27.1553571146025;1
23255;Egekent 2 Koruluk;38.5554660679308;27.0567430441969;1
23256;Egekent 2 Koruluk;38.5557059483249;27.0568081450926;1
23257;Egekent 2 İstiklal;38.5562559779285;27.0582810761258;1
23258;Egekent 2 İstiklal;38.5564361274773;27.0582145997231;1
23259;Seyrek Konutlar;38.5789541206933;26.9696795880407;1
23260;Seyrek Konutlar;38.5788801204832;26.9695585892834;1
23261;Akkoç;38.5818601200737;26.9713395589439;1
23262;Akkoç;38.5817201205389;26.9714095593884;1
23263;Belen Yayla;38.6330125064354;27.1009583587514;1
23264;Belen Yayla;38.6332485071155;27.1011813554334;1
23265;Gediz;38.6264394944822;27.0963164404747;1
23266;Gediz;38.6267164960222;27.0967564354677;1
23267;Şehit Pilot Albay Gökselin Saylan;38.5643244495214;27.0684170618265;1
23268;Şehit Pilot Albay Gökselin Saylan;38.5642134487266;27.0681570641368;1
23269;Site Son Durak;38.5440294244318;27.0559182631792;1
23270;Süleymanlı Gölet yolu;38.6441788610627;27.1770637680334;1
23271;Süleymanlı Gölet yolu;38.6444358619368;27.1772607645452;1
23274;Foça İlçe Terminali;38.670594057406;26.762546223553;1
23275;Katip Çelebi Üniversitesi Öğrenci Yurdu;38.5123663960127;27.0385995368606;1
23276;Kemal Atatürk Parkı;38.5771654592571;27.0742909405363;1
23277;Kemal Atatürk Parkı;38.5771744584401;27.074064941877;1
23278;Dikili Liman;39.0694540610794;26.8875588797232;1
23279;Kozbeyli At Çifliği;38.7042515909691;26.8990740961573;1
23280;Kozbeyli At Çifliği;38.7041505906528;26.898870098359;1
23281;İğnedere Giriş;38.655231768575;27.1610297808882;1
23282;İğnedere Giriş;38.6554437686079;27.1610747787872;1
23283;İzkent mahalle muhtarlığı;38.5107174685367;27.0652543912274;1
23284;Çağdaş Sitesi Çıkış;38.5046334748849;27.0670614113235;1
23285;Kaklıç muhtarlık;38.5057362851953;26.9912328466339;1
23286;Kaklıç muhtarlık;38.5055922859352;26.9914868457434;1
23287;Kaklıç Üçyol;38.5044092975544;26.9959898240743;1
23288;Kaklıç Üçyol;38.50458729701;26.9958328242353;1
23289;Bergama Zeytinlik;39.1132960386805;27.1834665655979;1
23290;Bergama Zeytinlik;39.1135740358138;27.1833505659926;1
23291;Osman Nuri Ersezin Orta Okulu;39.1112691306786;27.1851361163175;1
23292;Osman Nuri Ersezin Ortaokulu;39.1110361326048;27.1850281179859;1
23293;Saltukbey;39.1092640902913;27.1865865520177;1
23294;Saltukbey;39.1092900887411;27.186393553082;1
23295;Bergama Meslek Yüksek Okulu;39.1094513576525;27.1899793450732;1
23296;Bergama Meslek Yüksek Okulu;39.1094011146945;27.1901755314875;1
23301;Ada;38.4977405486015;27.0940232950898;1
23302;Ada;38.497566548036;27.0938342969922;1
23303;Sancaklı Yolu Son Durak;38.4976846447362;27.1273111145835;1
23304;Bayraklı Evleri;38.491182293758;27.1296712722526;1
23305;Mustafa Kemal Mahallesi Eski Son Durak;38.5002295552688;27.0961942706571;1
23306;Spor Kondisyon Parkı;38.4995015503331;27.0945002836611;1
23307;Spor Kondisyon Parkı;38.4990995495074;27.0942372871274;1
23308;Hasanlar Çıkış;38.6417176404;27.1325430822519;1
23309;Ulukent Aktarma Merkezi;38.5491223682542;27.0389793356862;1
23310;Ulukent Koop Giriş;38.5435854008618;27.0481123127876;1
23311;Ulukent Koop Giriş;38.5432214011157;27.0480993149844;1
23312;Ulukent Siteler;38.5480373893865;27.0455813019558;1
23313;Ulukent Siteler;38.5482763893479;27.0456373002003;1
23314;Çiftel;38.5028293979666;27.0372335900526;1
23317;MKE Aliağa Hurda Müdürlüğü;38.7368325569642;26.9204026688982;1
23318;MKE Aliağa Hurda Müdürlüğü;38.7368755553585;26.9199606713193;1
23319;Oruç Reis;38.7419032759667;26.8311941812143;1
23320;Oruç Reis;38.7416762764066;26.8310731841456;1
23321;Görece Seralar;38.6439667663084;27.1586488916766;1
23322;Görece Seralar;38.6437807660562;27.1585688937611;1
23323;Görece Giriş;38.647228780085;27.1618848428779;1
23324;Görece Giriş;38.6471077787827;27.1616108457132;1
23325;Nezahat Onbaşı;38.4852336319949;27.1261751846688;1
23326;Nezahat Onbaşı;38.4851186309628;27.1258421869826;1
23327;Ulukent Park;38.546055400687;27.0487162946708;1
23328;Ulukent Park;38.5465613991443;27.048350293901;1
23332;İzsu Hizmet Binası;38.5099964335618;27.0523034691357;1
23333;İzsu Hizmet Binası;38.5098774345624;27.05265846768;1
23334;Çakır;38.5090388750129;27.0536309324506;1
23335;Çakır;38.5092024381976;27.0539134637942;1
23336;Kooperatif Sitesi;38.5088394449411;27.0563764514514;1
23337;Kooperatif Sitesi;38.5090684435538;27.055891453101;1
23338;Şehit Uzman Onbaşı Ahmet Alpaslan;38.5114684413395;27.0554154438967;1
23339;Şehit Uzman Onbaşı Ahmet Alpaslan;38.5113654419559;27.0556274431918;1
23340;Şehit Uzman Onbaşı Emre Baysal;38.5142034438866;27.0567554223494;1
23341;Şehit Uzman Onbaşı Emre Baysal;38.5146124450967;27.0572554173725;1
23349;Gurbet;38.5565044418405;27.0642901367601;1
23350;Gurbet;38.556656442369;27.0644861346168;1
23351;Göç İdaresi Yolu;38.5555804471687;27.0657001339665;1
23352;Göç İdaresi Yolu;38.5557954474406;27.065831131828;1
23353;Kanal;38.6794099292054;26.9791787848055;1
23354;Kanal;38.6792929288218;26.978988787018;1
23355;Bergama Höyük;39.1162740953551;27.1946125005302;1
23356;Bergama Höyük;39.1162997241143;27.1932144222678;1
23363;Şehit Sezai Geçkin İlkokulu;39.0897871072152;27.3880921068653;1
23364;Şehit Sezai Geçkin İlkokulu;39.0907581204607;27.389832091283;1
23365;Kınık Mesleki ve Teknik Anadolu Lisesi;39.0945611384203;27.3937290563316;1
23366;Kınık Mesleki ve Teknik Anadolu Lisesi;39.0944921346052;27.3933620595859;1
23368;Atatürk Caddesi;39.0954801354533;27.3940500534824;1
23370;Şehit Gökhan Çakır Anadolu Lisesi;38.7889996294073;26.986998772799;1
23371;Şehit Gökhan Çakır Anadolu Lisesi;38.7893119279324;26.9859313559704;1
23372;Cengiz Topel;38.7906996157803;26.985098769394;1
23373;Cengiz Topel;38.7905866151813;26.9848547719585;1
23374;Mevlana Anaokulu;38.7903374089916;26.9817726683547;1
23375;Mevlana Anaokulu;38.7901491933784;26.9816208481397;1
23376;Şehit Çavuş Bülent Kula İlköğretim Okulu;38.789071;26.976856;1
23377;Şehit Çavuş Bülent Kula İlköğretim Okulu;38.789255504435;26.9768910200126;1
23378;Aliağa Devlet Hastanesi;38.7866995951145;26.9764988599419;1
23379;Aliağa Devlet Hastanesi;38.7868826420476;26.9763278928565;1
23380;Siteler;38.7866005524569;26.9781140850719;1
23381;Siteler;38.7865784481988;26.9781426004361;1
23382;Pazaryeri;38.7890995995517;26.9796988179618;1
23383;Pazaryeri;38.7892995984574;26.9795988167731;1
23384;Yeni Mahalle Muhtarlık;38.7936455113676;26.978913561313;1
23385;Yeni Mahalle Muhtarlık;38.7937900769188;26.9786832412321;1
23386;Kurtuluş Camii;38.7973549131448;26.974238946939;1
23387;Kurtuluş Camii;38.7974419135703;26.9743849142982;1
23388;13.Nis;38.8018995380627;26.9755987270261;1
23389;13.Nis;38.8015775378351;26.9752517321222;1
23390;Çocuk Parkı;38.802699530824;26.9744987265596;1
23391;Zeytinli Parkı;38.8029995198596;26.9719987393274;1
23392;Atatürk İlkokulu;38.8029196847165;26.974180705735;1
23393;Aliağa 80. Yıl Lisesi;38.801699514319;26.9693987673316;1
23394;Demokrasi Meydanı;38.8010995282504;26.9723987542161;1
23395;Ahmet Taner Kışlalı Parkı;38.800399512734;26.967798789151;1
23396;Meydan;38.7994235714245;26.970502864671;1
23397;Park;38.7972995102474;26.9642988392693;1
23398;Atatürk Parkı;38.7982788086559;26.9670060805975;1
23399;Saha;38.7947995125958;26.9625988727658;1
23400;Saha;38.794699512567;26.9624988743047;1
23401;Meslek Yüksek Okulu;38.7926995385065;26.9673988621766;1
23402;Meslek Yüksek Okulu;38.792849567923;26.9674125246025;1
23403;Bozköy;39.044649938334;27.0919562426417;1
23404;Bozköy;39.0475229364645;27.0948732149893;1
23407;Sanayi;38.4729694070297;27.0359877201788;1
23408;İsmet İnönü Parkı;39.0884770891063;27.385716128162;1
23409;Yeni Foça Jandarma;38.695020434462;26.8335266011246;1
23410;Sadullah Sever;38.6895932322764;26.8329980174603;1
23411;Sadullah Sever;38.6882204543287;26.8329206651209;1
23412;Sadullah Sever Kümesi;38.6848884670411;26.8337986885182;1
23413;Sadullah Sever Kümesi;38.6847364679584;26.8339696887253;1
23414;Fevzi Çakmak;38.6811454827956;26.8353767106499;1
23415;Yeni Bağarası Çıkış;38.6667655428021;26.8414627925336;1
23416;Fevzi Çakmak;38.6809824839468;26.8356257104268;1
23417;Yeni Bağarası Çıkış;38.6668595422545;26.8413617924178;1
23418;Yenifoça Caddesi;38.6717035216189;26.8391077666991;1
23419;Yenifoça Caddesi;38.6719825205843;26.8390387648007;1
23420;Dikili Çandarlı Yolu Sokak;39.0179104311652;26.9316511055046;1
23421;Dikili Çandarlı Yolu Sokak;39.0177574337345;26.9322661043143;1
23422;Atatürk Mahallesi Nergis;38.5196884452872;27.0581093860856;1
23423;Yeni Bağarası Yol Ayrımı;38.6593745695956;26.8431748421227;1
23424;Yeni Bağarası Yol Ayrımı;38.6592935700922;26.8432728421345;1
23425;Üç Kemer Caddesi;39.116564;27.185917;1
23426;Üç Kemer Caddesi;39.116497;27.185776;1
23427;Üç Kemer Köprüsü;39.119444;27.184283;1
23428;Üç Kemer Köprüsü;39.119285;27.184184;1
23429;Tabak Köprüsü;39.123119;27.181153;1
23430;Tabak Köprüsü;39.123023;27.181157;1
23431;Camikebir Caddesi;39.12434;27.17907;1
23432;Camikebir Caddesi;39.124364;27.178925;1
23433;Kozak Caddesi;39.126527;27.177878;1
23434;Kozak Caddesi;39.12637;27.177936;1
23435;Tekkeboğazı Sokak;39.128232;27.17653;1
23436;Tekkeboğazı Sokak;39.12849;27.176517;1
23437;Hasan Dede Turbesi;39.132002;27.175255;1
23439;Hasan Dede Turbesi;39.131951;27.175112;1
23440;Kozak Bergama Yolu;39.140811;27.171003;1
23441;Kozak Bergama Yolu;39.140927;27.171034;1
23442;Selçuk Mahallesi;39.143921;27.168939;1
23443;Selçuk Mahallesi;39.143569;27.168873;1
23444;Çavuşali Sokak;39.157065;27.157407;1
23445;Çavuşali Sokak;39.157171;27.157195;1
23446;Kozak Yaşam Vadisi;39.243344;27.091432;1
23447;Kozak Yaşam Vadisi;39.243485;27.091291;1
23448;Yukarıbey Giriş;39.248885;27.092886;1
23449;Yukarıbey Giriş;39.248956;27.092724;1
23450;Yukarıbey Cami;39.2517581531639;27.0921228290753;1
23451;Yukarıbey Cami;39.2518014050256;27.0919771466429;1
23452;Yukarıbey;39.254124;27.095694;1
23453;Yukarıbey;39.253993;27.095581;1
23454;Çamavlu Köyü Yolu;39.290696;27.128021;1
23455;Çamavlu Köyü Yolu;39.290823;27.127821;1
23456;Karaveliler Giriş;39.2892323018793;27.1459132563522;1
23457;Karaveliler Giriş;39.2891383027711;27.1459092556536;1
23458;Karaveliler Köy İçi;39.2897763112703;27.1488842538447;1
23459;Karaveliler Köy İçi;39.2897483122393;27.1490242533156;1
23460;Karaveliler İlköğretim Okulu;39.288783;27.146644;1
23461;Karaveliler İlköğretim Okulu;39.288738;27.146726;1
23462;Karaveliler;39.29088;27.14954;1
23463;Karaveliler;39.29084;27.14965;1
23464;Çamavlu Giriş;39.31752;27.142815;1
23465;Çamavlu Giriş;39.317323;27.142713;1
23466;Çamavlu;39.317827;27.140249;1
23467;Çamavlu;39.317913;27.140297;1
23468;Çamavlu Çıkış;39.317858;27.138595;1
23471;Güneşli;39.344003;27.125702;1
23472;Yukarıcuma Giriş;39.3165268319243;27.0960875429182;1
23474;Terzihaliler Son Durak;39.290788;27.069431;1
23475;Terzihaliler Son Durak;39.290714;27.069493;1
23476;Terzihaliler Camii;39.289299;27.067917;1
23477;Terzihaliler Camii;39.28929;27.068002;1
23478;Hacıhamzalar Meydan;39.292301;27.045267;1
23480;Aşağıcuma Giriş;39.271983;27.016436;1
23481;Aşağıcuma Giriş;39.272060111674;27.0163306038372;1
23482;Aşağıcuma Okul;39.270206;27.011442;1
23483;Aşağıcuma Okul;39.270111;27.011537;1
23484;Okçular Meydan;39.286007;26.966639;1
23485;Okçular Meydan;39.285887;26.966512;1
23486;Okçular Son Durak;39.285599;26.964624;1
23488;Demircidere Son Durak;39.264912;26.919884;1
23490;Kaplan Son Durak;39.23494;26.95846;1
23492;Kaplanköy Giriş;39.236202;26.957954;1
23493;Kaplanköy Giriş;39.236305;26.957844;1
23494;Aşağıbey Son Durak;39.2474698797405;26.965634937735;1
23495;Aşağıbey Son Durak;39.2473971023752;26.9655962460722;1
23496;Aşağıbey Okul;39.25029;26.966776;1
23497;Aşağıbey Okul;39.250286;26.966932;1
23498;Aşağıbey Camii;39.250946;26.968662;1
23499;Aşağıbey Camii;39.250865;26.968678;1
23500;Aşağıbey Giriş;39.251638;26.970038;1
23501;Aşağıbey Giriş;39.251591;26.970181;1
23503;Hisarköy Merkez;39.2565870813179;26.9948522643565;1
23504;Hisarköy Okul;39.258545;26.994371;1
23505;Hisarköy Okul;39.258417;26.994207;1
23506;Hisarköy Giriş;39.260644;26.993262;1
23507;Hisarköy Giriş;39.2608;26.993309;1
23508;Ayvatlar Merkez;39.267078;26.981785;1
23509;Ayvatlar Merkez;39.266997;26.981822;1
23510;Ayvatlar Giriş;39.266975;26.984072;1
23511;Ayvatlar Giriş;39.266874;26.984059;1
23512;Göbeller Merkez;39.251987;27.018837;1
23514;İlkevler 2;38.5139281041523;27.0518879320692;1
23515;Kıranlı Merkez;39.3011288;27.1581703;1
23516;Yayla Mevkii;38.6776030483995;27.0098765979618;1
23517;Yayla Mevkii;38.6774420491057;27.0099595987417;1
23518;Yıldırım Mahalle Muhtarlığı;38.6849051116964;27.0301324038192;1
23519;Süleymanlı Giriş;38.6379018614039;27.1764218253536;1
23520;Süleymanlı Giriş;38.6380398619606;27.1765438233878;1
23521;Yıldırım Mahalle Muhtarlığı;38.6848051118608;27.0301154047657;1
23522;Görece Çıkış;38.6490967837927;27.1629108203156;1
23523;Görece Çıkış;38.6491287846416;27.163080818916;1
23524;Yeni Bağarası İlkokulu;38.6636855307053;26.8425940702413;1
23525;Yerlitahtacı Yol Ayrımı;39.1495186409393;27.1653586515169;1
23526;Yerlitahtacı Yol Ayrımı;39.1494006405008;27.1651456524952;1
23527;Kapıkaya;39.1657174155217;27.1497117352869;1
23528;Kapıkaya;39.1654934187554;27.1499527340128;1
23529;Kozak Yaylası;39.2443170518402;27.1123361310268;1
23530;Kozak Yaylası;39.2441415580672;27.1121110693462;1
23531;Konutlar;38.5570434284883;27.060343157421;1
23532;Konutlar;38.5568904288767;27.0604241578821;1
23533;Atatürk Mahallesi Gezer;38.5199064647919;27.0649833450096;1
23534;Güzelhisar Caddesi;38.7955095651857;26.9767077783834;1
23535;Güzelhisar Caddesi;38.7953035654544;26.9765927809803;1
23536;Menemen İzban;38.6032464462521;27.0777997345193;1
23537;Zeytinköy Yol Ayrımı;38.6745745088415;26.8375807524504;1
23538;Zeytinköy Yol Ayrımı;38.674564508358;26.8373817538427;1
23539;Mehmet Akif Ersoy;38.58327;27.093579;1
23541;Asarlık Polis Merkezi;38.588229458429;27.0768638481001;1
23542;Asarlık Polis Merkezi;38.5882534562965;27.0762958514919;1
23543;Dikili Liman;39.0694700613451;26.8877458791619;1
23545;Çamavlu Meydan;39.3190269122775;27.1405045536658;1
23546;Çamavlu Meydan;39.3191373074884;27.1404893134767;1
23547;Yukarıbey İlkokulu;39.2523307176238;27.0936447341061;1
23548;Yukarıbey İlkokulu;39.2522074076893;27.0935101454199;1
23549;Karaveliler Meydan;39.2887883198689;27.1486812468077;1
23550;Karaveliler Meydan;39.2888473200324;27.1488292469177;1
23551;Göktepe Köy Girişi;38.6151087903122;27.1599171202445;1
23552;Göktepe Köy Girişi;38.6152217913649;27.160148117856;1
23553;Göktepe;38.6127228060086;27.1630231195134;1
23554;Göktepe;38.6124948059685;27.1629981215018;1
23555;Göktepe Manzara;38.6111898083582;27.1634091293321;1
23556;Göktepe Manzara;38.611384306243;27.1631944537194;1
23557;Göktepe İlkokulu;38.6108738004765;27.1617241426086;1
23558;Göktepe İlkokulu;38.6107957995196;27.1615161445581;1
23559;Göktepe Meydan;38.6092278042848;27.1624181513181;1
23561;Bağcılar Çeşme;38.6218408894973;27.1978960563391;1
23562;Bağcılar Çeşme;38.6217809889942;27.1999278075189;1
23563;Bağcılar Tepe;38.6205839897679;27.2000658167059;1
23564;Bağcılar Tepe;38.6205479904718;27.2001998161416;1
23565;Bağcılar Meydan;38.6199329935536;27.2007848175321;1
23566;Bağcılar Meydan;38.6198299927055;27.2006228194462;1
23567;Bağcılar Köprü;38.6189969785307;27.1979048440039;1
23568;Bağcılar Köprü;38.618966979359;27.1980638432285;1
23569;Ayvacık Girişi;38.616914949993;27.1923538971655;1
23570;Ayvacık Girişi;38.6166399498732;27.1923268996237;1
23571;Ayvacık Park;38.6144059430878;27.1909699268535;1
23572;Ayvacık Park;38.613780939162;27.190188937024;1
23573;Kardan;38.614200386795;27.1878486513078;1
23574;Kardan;38.6140879280975;27.1880009485195;1
23575;Ayvacık Çıkış;38.6135386663453;27.18510197856;1
23576;Ayvacık Çıkış;38.6134799152984;27.1854409699252;1
23577;Alaniçi Yol Ayrımı;38.6071478996353;27.182181042357;1
23578;Alaniçi Yol Ayrımı;38.6069728998148;27.182216043552;1
23579;Alaniçi Meydan;38.6087390374678;27.2094508557562;1
23580;Alaniçi Meydan;38.6088090379595;27.2095418545909;1
23581;Alaniçi Çıkış;38.6088130477513;27.2114188425897;1
23582;Alaniçi Çıkış;38.6086830477772;27.2114308436021;1
23583;Çaltı Giriş;38.6183150342348;27.2258438459837;1
23584;Çaltı Giriş;38.6183119875335;27.2258932132845;1
23585;Çaltı Meydan;38.6188312332866;27.227090749668;1
23586;Çaltı Meydan;38.618721525982;27.2271637241731;1
23587;Karaorman Giriş;38.6081372692609;27.2321792708872;1
23588;Karaorman Giriş;38.6082122696506;27.2322431588371;1
23589;Karaorman Meydan;38.6064461540478;27.2315797341709;1
23590;Kamyoncular Kooperatifi;39.2625950685613;27.0118182779141;1
23591;Kamyoncular Kooperatifi;39.262805066781;27.0117632786113;1
23592;Park Kozak;39.1746047265597;27.1529624639745;1
23593;Park Kozak;39.1748071667614;27.1531261267571;1
23594;Koca Çeşme;39.2517033921218;27.0885241528286;1
23595;Koca Çeşme;39.2517833922796;27.0887391527646;1
23596;Zeytinyağ Fabrikası;39.094663;27.297347;1
23597;Zeytinyağ Fabrikası;39.09469;27.297027;1
23598;Çandarlı Üçyol;38.9788136982503;26.9537923080434;1
23599;Çandarlı Üçyol;38.978648699701;26.9539773084904;1
23600;Karşıyaka İskele;38.4556425939489;27.1226933354165;1
23601;Karşıyaka İskele;38.4555853143003;27.1213967995228;1
23602;İncecikler;39.1829932925698;27.1526417471848;1
23603;İncecikler;39.1838322836087;27.1522997501728;1
23604;Menemen Devlet Hastanesi Kavşak;38.6080984698394;27.0851846517257;1
23605;Kocamehmetler Yol Ayrımı;38.67900349574;26.8378057131747;1
23606;Kocamehmetler Yol Ayrımı;38.6789844953056;26.8376157145824;1
23607;Tarım Geliştirme Merkezi;38.493465;26.968927;1
23608;Tarım Geliştirme Merkezi;38.493604;26.968691;1
23610;Aşağıbey Köy İçi Yolu;39.2519666840038;26.9719778828714;1
23611;Aşağıbey Köy İçi Yolu;39.2517970796899;26.9721962540752;1
23612;Aşağıbey Muhtarlık;39.2497063809914;26.9660685240408;1
23613;Aşağıbey Muhtarlık;39.2498420760269;26.9660684584061;1
23614;Aşağıbey;39.2491970888358;26.9651962486466;1
23615;Aşağıbey;39.2491320894009;26.9652672485622;1
23616;Düğün Salonu;38.8456435421498;27.0152260887857;1
23617;Düğün Salonu;38.8464595430889;27.0161450759468;1
23618;Doğançay Aile Sağlığı Merkezi;38.4779616657785;27.140713145511;1
23619;Doğançay Aile Sağlığı Merkezi;38.4780166663295;27.1408871443536;1
23621;Aşağıcuma Meydan;39.2708052163524;27.0140776560859;1
23622;Yukarı Mahalle;39.2710983643578;27.0155259842402;1
23623;Yukarı Mahalle;39.271006009712;27.0156833064005;1
23624;Aşağıcuma Meydan;39.2708350004048;27.0139106688591;1
23625;Barbaros;38.7478273335802;26.8595709489391;1
23626;Yeniköy Yolu;38.6771086890873;26.9047042913992;1
23629;Deliktaş Meydan;38.990681565091;26.9307443149031;1
23641;Günerli Çeşme;38.5668113284413;26.9996175732636;1
23642;Günerli Çeşme;38.5668628480021;26.9998655161589;1
23643;Günerli Cami;38.569134875957;26.9975850983058;1
23644;Günerli Cami;38.5682817062309;26.9979825198176;1
23645;Yakakent Son Durak;38.5090923268396;27.0785298768159;1
23646;Yakakent;38.5059965061183;27.0785073399565;1
23647;Yeni Foça Jandarma;38.6948374352256;26.8335976022916;1
23650;Ekin;38.7193283559223;26.8333183813618;1
23651;Ekin;38.7195333550452;26.8332383799644;1
23654;Ata;38.7259533306969;26.8319503281172;1
23655;Ata;38.7258313305828;26.8317543304978;1
23656;Taşkent;38.7296653200827;26.8325512893769;1
23657;Taşkent;38.7299243191435;26.8325182871378;1
23658;Hancı;38.732341618764;26.8318365370517;1
23659;Hancı;38.7321743100847;26.8318932697599;1
23660;Aygün;38.7360585970534;26.8323844595302;1
23661;Aygün;38.735956298722;26.8323292310869;1
23662;Sürgün Abidesi;38.5628874453798;27.0668540806562;1
23663;Güneş Panelleri;38.6731986681735;26.8938783947126;1
23664;Güneş Panelleri;38.6731989811162;26.8943564014621;1
23665;Ahıskakent İlkokulu;38.5609606172483;27.0607461873602;1
23666;Ahıskakent ilkokulu;38.5607744269048;27.0608021311634;1
23667;Kır Mahalle Giriş;38.617161790054;27.160047102893;1
23668;Kır Mahalle Giriş;38.6170717901701;27.1600631035156;1
23669;Uğur Mumcu;38.598501;27.077648;1
23670;Uğur Mumcu;38.598662;27.077809;1
23671;Kazım Karabekir Cami;38.5962724575844;27.0787857788439;1
23672;Kazım Karabekir Cami;38.5961764575889;27.0787607796918;1
23673;Başak;38.6002294837402;27.0866007007533;1
23674;Başak;38.6000314845184;27.0867487012632;1
23675;Uğur Mumcu Muhtarlık;38.6011754631546;27.0815737256919;1
23676;Uğur Mumcu Muhtarlık;38.6006474648522;27.081866727685;1
23677;Menemen Cumhuriyet Ortaokulu;38.600481454777;27.0792167456866;1
23678;Menemen Cumhuriyet Ortaokulu;38.6002304549747;27.0791977476312;1
23679;Kantar;38.6340091444754;27.0099229433528;1
23680;Kantar;38.6340821450662;27.0101289414565;1
23681;Kınık Havuz;39.0905928371132;27.3648223072428;1
23682;Kınık Havuz;39.0908318388634;27.3651373044962;1
23683;Aslan;38.7280903245787;26.832291305866;1
23684;Aslan;38.7279973251416;26.8323893061263;1
23685;Bostanlı İskele;38.4537795344158;27.0972284683775;1
23686;Asarlık Su;38.5856974749586;27.0806718420217;1
23687;Deliktaş Meydan;38.9907775644333;26.9306833144026;1
23688;Deliktaş Bakkal;38.9904115751789;26.9336033051853;1
23689;Deliktaş Bakkal;38.9903295757622;26.9336613055839;1
23690;Deliktaş Şehit Cengiz Topel Ortaokulu;38.9887535613166;26.9263603481403;1
23691;Deliktaş Şehit Cengiz Topel Ortaokulu;38.9886605619022;26.9264043486969;1
23692;Deliktaş Dörtyol;38.9854035693733;26.923596386256;1
23693;Deliktaş Dörtyol;38.9854945693095;26.9237233850011;1
23694;Deliktaş Son Durak;38.981619582403;26.9218314241288;1
23695;Doğakan Güngör Parkı;38.4709565526284;27.0999213870035;1
23696;Doğakan Güngör Parkı;38.4712215528288;27.0999363858035;1
23698;Dikili Yakamoz Spor Alanı;39.0638150741445;26.8790139395156;1
23699;Dikili Belediyesi Sosyal Tesisleri;39.0626600767854;26.8772379520404;1
23701;Emine Münevver Denizoğlu Anaokulu;39.0624340825405;26.8798329472998;1
23703;Barışkent;39.0628550879541;26.8839479341185;1
23705;Dikili Trafo;39.0653990780296;26.8855449124271;1
23707;Dikili Orman;39.0662570793173;26.8885548990556;1
23709;Dikili Pazaryeri;39.0745000479603;26.8944228295902;1
23710;Lise;39.0648731909073;26.8932107934259;1
23711;Beyköy Küme Evleri;38.6012629629144;27.1951090083076;1
23712;Beyköy Küme Evleri;38.60139696173;27.1948650087561;1
23713;Raks Evleri;39.0603240870065;26.8764289707791;1
23714;Seçkinler Sitesi;39.0604690893069;26.8781259655412;1
23715;Esnaflar Sitesi;39.0614930962645;26.8847099417647;1
23716;Emek Sitesi;39.0626630916076;26.8853809318662;1
23717;Cumhuriyet Ortaokulu;39.0623200961505;26.8868599305183;1
23718;Bahri Yün Cami;39.0681500738402;26.8907718806749;1
23719;Melek;39.0703140666028;26.8928128611109;1
23720;Samyeli;38.7226753396474;26.8312723631182;1
23721;Samyeli;38.722943;26.831302;1
23722;Spor Salonu;38.6663883436693;26.756827357973;1
23723;Spor Salonu;38.6661073443946;26.756749360949;1
23724;Menemen İmam-Hatip Ortaokulu;38.5487664107388;27.0526822545714;1
23725;Menemen İmam-Hatip Ortaokulu;38.5489114119117;27.0530952512021;1
23726;Çakmaklı Çiftlik;38.7390784921863;26.9027017606367;1
23727;Çakmaklı Çiftlik;38.739072;26.902569;1
23728;Çakmaklı Liman;38.7413234919735;26.9049327259758;1
23729;Çakmaklı Liman;38.7414374915434;26.9049147250438;1
23730;Çakmaklı Son Durak;38.7537804598492;26.9077285935408;1
23733;Foça Devlet Hastanesi;38.6589653879607;26.7663303581555;1
23734;Foça Devlet Hastanesi;38.6590553878937;26.7664293567244;1
23735;Foça Belediye Yerleşkesi;38.6538894095476;26.7688563839352;1
23736;Foça Belediye Yerleşkesi;38.6537524095852;26.7686773862891;1
23737;Organize Sanayi;38.5913273941562;27.0602269309958;1
23738;Kübra;38.5949603844541;27.0587469148385;1
23739;Kübra;38.594906384229;27.0586669157255;1
23740;Okul;38.5966333782514;27.0576099102173;1
23741;Okul;38.596549794078;27.0573659960546;1
23742;Onmaz;38.5969093899922;27.0609128873305;1
23743;Onmaz;38.5968593898146;27.0608478880974;1
23744;Cami;38.5982603918103;27.0618548717436;1
23745;Cami;38.5982023921618;27.0619308716753;1
23746;Orman;38.6005984142316;27.0686188120579;1
23747;Orman;38.6005364144972;27.0686698121814;1
23748;Anıt;38.602124422618;27.0713077839411;1
23749;Anıt;38.6023184220241;27.0712117831431;1
23750;Menemen Stadı;38.6024314330062;27.074120763839;1
23751;Menemen Stadı;38.6025258743671;27.0740078232747;1
23752;Zambak;38.5975834511834;27.0774687777284;1
23753;Zambak;38.597601451435;27.0775397771497;1
23754;Park;38.5973214456257;27.0759347893136;1
23755;Park;38.5973554460259;27.0760497883418;1
23756;Esatpaşa;38.5991128775286;27.0746455691282;1
23757;Esatpaşa;38.5991094392021;27.0747597838646;1
23758;Menemen Gençlik Eğitim;38.5858064691128;27.0791248509262;1
23759;Menemen Gençlik Eğitim;38.5859284695867;27.0792828490857;1
23760;Deniz Komutanlığı;38.6503444613163;26.7870142908113;1
23761;Deniz Komutanlığı;38.6501624625114;26.787290290441;1
23762;Şehit Uğur Yıldız Ortaokulu;38.5223018949157;27.0313596103237;1
23763;Dikili Tepe;39.065836085788;26.8908028962972;1
23764;Arap Seyit Parkı;39.072224060922;26.8949948431047;1
23765;Aşağıcuma Yolu;39.2692090265075;27.0167712994632;1
23766;Aşağıcuma Yolu;39.26920802566;27.0163772995549;1
23767;Kınık Kız Yurdu;39.0928951330899;27.3922390696465;1
23768;Kınık Kız Yurdu;39.0926341298901;27.3918040735268;1
23769;Bakırçay  YDY;38.5774061488445;26.9784315417842;1
23770;Jandarma Lojmanı;38.7016624153571;26.8342895367675;1
23771;Jandarma Lojmanı;38.7019824147843;26.8344605327847;1
23772;Zeytindağ Giriş;38.9602601662289;27.04443199112;1
23773;Zeytindağ Giriş;38.9604451660764;27.0445939889138;1
23774;Zeytindağ Fabrika;38.9675682456948;27.0677148103424;1
23775;Zeytindağ Fabrika;38.9675422474066;27.0680178087985;1
23776;Zeytindağ Meydan;38.9685392608321;27.0715727819024;1
23777;Yayakent Meydan;39.0866742700946;27.3075947691147;1
23778;Yayakent Mezarlık;39.089369225037;27.3049637867747;1
23779;Yayakent Mezarlık;39.0896132227514;27.30491078698;1
23780;Masal Evi;38.5014209282071;27.0627789021754;1
23781;Esatpaşa Köşe;38.5959138883512;27.0751526087193;1
23782;Esatpaşa Köşe;38.5958904436606;27.0750098054284;1
23783;Şehit Er Hakan Sağınç Caddesi;39.0871091437347;27.3895690947603;1
23784;Şehit Er Hakan Sağınç Caddesi;39.0868842820994;27.3891971962244;1
23785;Maarif Sokak;39.0873022130792;27.3864872436328;1
23786;Maarif Sokak;39.0871782162531;27.3865472426803;1
23787;Toki Konutları;39.0859784472342;27.3956790818233;1
23788;Yayakent;39.0931791581514;27.3009068144649;1
23789;Yayakent;39.0930941583526;27.3008628148504;1
23790;Görece Köprü;38.6402377224921;27.1492279847809;1
23791;Görece Köprü;38.6402627230654;27.1493489837786;1
23792;Zeytinyağı Fabrikası;38.641901694867;27.1438910061342;1
23793;Zeytinyağı Fabrikası;38.6418556942278;27.1437510074351;1
23794;Kuzey Şehir;38.597005405918;27.0652598591159;1
23795;Kuzey Şehir;38.5970644063604;27.0653978578216;1
23796;Kuzey Şehir Üst Yol;38.5983113979784;27.0635388607013;1
23797;Kuzey Şehir Üst Yol;38.598264397546;27.0634068618739;1
23798;Dündarlı Giriş;39.0986142712008;27.3165946930904;1
23799;Dündarlı Giriş;39.0983962761752;27.3169316905733;1
23800;Bergama Kantar;39.1121590359032;27.1818565756189;1
23801;Bergama Kantar;39.1122320378611;27.1822165735474;1
23802;Menemen Aktarma Merkezi;38.6037514403949;27.076433739509;1
23803;95 Evler;38.7507692468903;26.8314390939954;1
23804;Market;38.729700323734;26.8339812800724;1
23805;Güler;38.7316533211965;26.8354542523944;1
23806;Sempati;38.7335513174856;26.8364162284163;1
23807;Uğur Mumcu;38.734057322422;26.8388942081306;1
23808;Yeni Foça Stadı;38.7366036286313;26.8390143664912;1
23811;Terminal;38.7380502958543;26.8338772014752;1
23812;Okul;38.7458532640028;26.8316671402276;1
23813;Okul;38.7457892639257;26.83155614153;1
23814;Onay;38.748320253759;26.8309171209707;1
23815;Onay;38.7484412529936;26.8307801206393;1
23821;Benzin İstasyonu;38.7286242806042;26.9802017108093;1
23822;Benzin İstasyonu;38.7291807947435;26.9802153525162;1
23823;Bozköy-Ş.Kemal Üstgçt;38.7238178152732;26.9814363916198;1
23824;Bozköy-Ş.Kemal Üstgçt;38.7238928162648;26.981752388905;1
23825;Tır Deposu;38.7114888686032;26.9861224681483;1
23826;Tır Deposu;38.7118318679987;26.9862164645737;1
23827;Helvacı Giriş;38.6908389891938;27.0030415328573;1
23828;Helvacı Giriş;38.6924069827091;27.0024045238705;1
23829;Novada;38.6774610699068;27.0153205632803;1
23830;Novada;38.6775200676793;27.0147865663118;1
23831;Buruncuk İ.Ö;38.6656161373623;27.025652592033;1
23832;Buruncuk İ.Ö;38.665669138119;27.0258745901426;1
23837;Karayolları Denetim İst.;38.7580746061632;26.9541722616405;1
23838;Karayolları Denetim İst.;38.7580476043294;26.9536492652053;1
23839;Siteler;38.7767835509354;26.9561690782544;1
23840;Siteler;38.7769575486983;26.9557290794179;1
23841;112 Acil Yardım;38.7886205632583;26.9700918826578;1
23842;112 Acil Yardım;38.7888005615631;26.9698178827291;1
23843;Kapalı Katlı Pazaryeri;38.7938735331329;26.9670798534118;1
23844;Kapalı Katlı Pazaryeri;38.7937525341722;26.9672378535364;1
23845;Aliağa Cumhuriyet İ.Ö.;38.7999705003819;26.9642128152777;1
23846;Aliağa Ortaokulu;38.8019595015254;26.9663537837879;1
23847;Park;38.7971165117036;26.9645078396537;1
23848;Uslu;38.7476949540739;26.8288732193278;1
23849;Uslu;38.747521251361;26.8289731406667;1
23850;Karaçukur Koyu;38.7500512199762;26.8200821705262;1
23851;Karaçukur Koyu;38.7498842205376;26.820082172162;1
23852;Asmaderesi;38.7438511851743;26.7975363696593;1
23853;Asmaderesi;38.7438541858646;26.7978293678318;1
23854;Asmadere Koyu;38.7445611772237;26.7951903770105;1
23855;Asmadere Koyu;38.7444311775833;26.7951593784902;1
23856;Sazlıca Koyu;38.7352581721906;26.7797735642238;1
23857;Sazlıca Koyu;38.7349981735614;26.7799985654074;1
23858;Polen Tatil Köyü;38.7352151538418;26.7715786153566;1
23859;Polen Tatil Köyü;38.7350611543751;26.7715906168193;1
23860;Fotaş;38.7341501537425;26.7699616359919;1
23861;Fotaş;38.7343101543042;26.7704506313676;1
23862;Çanak Koyu;38.7344991473936;26.7676136470407;1
23863;Çanak Koyu;38.7342071483969;26.7676336498372;1
23864;Güvercin Adası;38.7303481113872;26.7444928322112;1
23865;Güvercin Adası;38.7302581109888;26.7441608351871;1
23866;Kosova;38.7204741226215;26.7344349948537;1
23867;Kosova;38.720776121841;26.7345299912186;1
23868;Foça Port;38.7153821344533;26.7321880600592;1
23869;Foça Port;38.715183135449;26.732362060939;1
23870;Küçük Ayani Koyu;38.70932315617;26.733268113228;1
23871;Küçük Ayani Koyu;38.7094721558832;26.733362111159;1
23872;Yıldız;38.6981351950057;26.7346562131072;1
23873;Yıldız;38.6980601954968;26.7347772130418;1
23874;Hanedan;38.6953981986736;26.7321732554992;1
23875;Hanedan;38.695805;26.732838;1
23876;Zeytinlik;38.6921082141733;26.7345672711945;1
23877;Zeytinlik;38.6922122139079;26.7346002699929;1
23878;Foça Dinlenme Tesisleri;38.6877292381128;26.7393172812587;1
23879;Foça Dinlenme Tesisleri;38.687761238498;26.7395502794286;1
23880;Halim Foçalı And. Lisesi;38.6851612509697;26.7415192906716;1
23881;Halim Foçalı And. Lisesi;38.6851612513778;26.7417132893934;1
23882;Arıtma Tesisi;38.6823512648715;26.7438403012977;1
23883;Arıtma Tesisi;38.6824302647833;26.7439183000563;1
23884;Reha Necla Midilli İ.Ö;38.67908228327;26.7475763064615;1
23885;Reha Necla Midilli İ.Ö;38.6791402833507;26.7477013051061;1
23886;İsmet Paşa;38.6752483071759;26.7530123050058;1
23887;İsmet Paşa;38.6753373069648;26.7530463039818;1
23888;Foça Hükümet Konağı;38.6729933230753;26.7570362983763;1
23889;Foça Hükümet Konağı;38.6728883237793;26.757206298178;1
23890;Eski Foça Otogar;38.6662161543288;26.7551517000108;1
23891;Kozbeyli İlkokulu;38.7176285320398;26.8934310139862;1
23892;Kozbeyli İlkokulu;38.7177245315533;26.8933710135105;1
23893;Sağlık Ocağı;38.7191715268367;26.8933240008372;1
23894;Sağlık Ocağı;38.7191590531507;26.8932260031475;1
23895;Kozbeyli Ova;38.7229810233151;26.8923179459362;1
23896;Kozbeyli Ova;38.7229000234333;26.8922529482275;1
23897;Şehit Çeşmesi;38.7249769948981;26.8897539424956;1
23898;Şehit Çeşmesi;38.7248749957953;26.8897939438351;1
23899;Papatya;38.7260079768368;26.8878709477397;1
23900;Papatya;38.7258749782978;26.8879709488844;1
23901;Dündarlı Çıkış;39.0996781367013;27.3036717905022;1
23902;Dündarlı Çıkış;39.0995581392935;27.3038477892307;1
23903;Aliağa Kamyon Garajı;38.7922205177434;26.9615619028929;1
23904;Aliağa Kamyon Garajı;38.7920455189818;26.9617249034874;1
23905;Aliağa Park;38.7899755123085;26.9580489453544;1
23906;Aliağa Park;38.7897565131038;26.9580559473254;1
23907;Şehit Bahattin Elden Anadolu İmam Hatip Lisesi;38.7857785178588;26.9556209990647;1
23908;Şehit Bahattin Elden Anadolu İmam Hatip Lisesi;38.7859955169081;26.9555689973918;1
23909;Şht. Binbaşı Yavuz Başayar;38.7861815244688;26.9577549820692;1
23910;Şht. Binbaşı Yavuz Başayar;38.7860345237685;26.9574329854264;1
23911;Aliağa Mesleki ve Teknik Anadolu Lisesi;38.7882025291759;26.9608619441462;1
23912;Aliağa Mesleki ve Teknik Anadolu Lisesi;38.7884115280616;26.9607609428567;1
23913;Şehit Murat Çoşkun Ortaokulu;38.7897475328673;26.9632459151129;1
23914;Şehit Murat Çoşkun Ortaokulu;38.7897375345307;26.9636709125556;1
23915;Ege Üniversitesi Aliağa Meslek Yüksekokulu;38.7920855361104;26.9662218751354;1
23916;Ege Üniversitesi Aliağa Meslek Yüksekokulu;38.791761534852;26.9656008819736;1
23917;Sedir;38.5790104264422;27.0655479823701;1
23918;Maltepe Su;38.4945674986623;27.0756854114579;1
23919;Maltepe Su;38.4945174977564;27.0753404136002;1
23920;Aliağa Balıkçı Barınağı;38.8044975268467;26.9751247062607;1
23921;Aliağa Balıkçı Barınağı;38.8047355269242;26.9753597026309;1
23922;Uğur Mumcu Parkı;38.8069235229767;26.9763516765194;1
23923;Uğur Mumcu Parkı;38.8069535238551;26.9765986747155;1
23924;Yenibahar;38.8867596318454;27.0683014106568;1
23925;Yenibahar;38.8867136330559;27.0684944098173;1
23926;Mustafa Güngör Çolakoğlu Anadolu Lisesi;38.8852066562347;27.0716664020484;1
23927;Mustafa Güngör Çolakoğlu Anadolu Lisesi;38.8852666563331;27.0717334011397;1
23928;Kestanepazarı;38.885491667474;27.074011384924;1
23929;Kestanepazarı;38.885463668889;27.0742543836125;1
23930;Şakran Cezaevi;38.8784477898124;27.0910043329455;1
23931;Fatih;38.7965225375469;26.9706168071451;1
23932;Fatih;38.7963685383394;26.9706798081613;1
23933;95 Evler;38.7508424358237;26.8315771544656;1
23934;Yel Değirmenleri;38.6695163370032;26.7583453204002;1
23935;Fatih;38.6899010966541;27.029348367194;1
23936;Fatih;38.6897680965772;27.0292523689452;1
23937;Fabrika;38.6284752598042;27.0385107993737;1
23938;Fabrika;38.6284422594547;27.0384028003245;1
23939;Enver Aktürk;38.6983279503348;26.9980325026077;1
23940;Enver Aktürk;38.6991749457697;26.9974324993641;1
23941;Recep Kerman Lisesi;38.7448432639453;26.8303551580723;1
23942;Recep Kerman Lisesi;38.7447852637809;26.8302181594776;1
23943;Şıra Mevki;38.7353671252941;26.758789692869;1
23944;Şıra Mevki;38.7352341253051;26.7585926954282;1
23945;Aşık Veysel Şatıroğlu Parkı;38.4817476268019;27.1253652059993;1
23946;Aşık Veysel Şatıroğlu Parkı;38.4816456265351;27.1253002068319;1
23947;Çakmaklı Sahil;38.7523594620209;26.9069366116613;1
23948;Çakmaklı Sahil;38.7521904628324;26.9070136127443;1
23949;Çakmaklı Sezer Erşan Spor Tesisi;38.7503814756579;26.9091166162914;1
23950;Çakmaklı Sezer Erşan Spor Tesisi;38.7503634753081;26.9089906172481;1
23951;Çakmaklı Sahil Yolu;38.7484064876321;26.9107886240003;1
23952;Çakmaklı Sahil Yolu;38.7483574876536;26.9107456247219;1
23953;Çakmaklı Cami;38.7469244910014;26.9103236405628;1
23954;Çakmaklı Cami;38.7470974909593;26.9104856379523;1
23955;Çakmaklı Benzinlik;38.7348895133493;26.9050817838268;1
23956;Çakmaklı Benzinlik;38.7349935132495;26.9051557824106;1
23957;Musabey Ova;38.6363461660783;27.017184878222;1
23958;Musabey Ova;38.6362401674053;27.0174908770373;1
23960;Çandarlı Zeytinlik;38.9507698043835;26.9453265726254;1
23961;Çandarlı Zeytinlik;38.9508618043832;26.9454525712607;1
23962;Çandarlı Atabey;38.948304838306;26.9517525622018;1
23963;Çandarlı Atabey;38.9484228379695;26.9518145609254;1
23964;Yeşilpınar Meydan;38.5821655393992;27.0970227650025;1
23965;Yeşilpınar Meydan;38.5823995394815;27.0970867629583;1
23966;Dere;38.5839425305456;27.0950357648224;1
23967;Dere;38.5839475298773;27.0948617658692;1
23968;Yeniköy Yolu;38.6771776714018;26.9045584663608;1
23969;Gerenköy Dörtyol;38.6753616940793;26.904685306031;1
23970;Yeşilpınar Muhtarlık;38.5838585244961;27.0934327753842;1
23971;Yeşilpınar Muhtarlık;38.5839495247438;27.0935157742267;1
23972;Bozalan Kümeevler;38.6988899509044;27.201524121475;1
23973;Bozalan Kümeevler;38.6987339532698;27.2018821203659;1
23974;4. Cadde;38.5467103815008;27.0426083278158;1
23975;4. Cadde;38.5465623820882;27.0427583277738;1
23976;Menemen Garaj;38.6117604215191;27.0740506956208;1
23977;Gencelli;38.7297624694431;26.8856009540653;1
23978;Yayakent Giriş;39.0975990135209;27.2890478991328;1
23979;Yayakent Giriş;39.0978900080338;27.28868990157;1
23980;Kozak Maden;39.2588691706106;27.0408312476066;1
23981;Kozak Maden;39.2588021719954;27.0411272470945;1
23982;Fener;38.4957986494736;27.129343113709;1
23983;Fener;38.4955936489482;27.129218115462;1
23984;Doğa;38.4967185926124;27.1097362144925;1
23985;Doğa;38.4965681852823;27.1097704301538;1
23986;Yurt;38.4912997873799;27.1751068985484;1
23987;8. Etap;38.491073799109;27.178795880909;1
23988;Havacılık Lisesi;38.5804144316853;27.0674159612036;1
23989;Havacılık Lisesi;38.5804984302712;27.067041962963;1
23992;Ilıpınar Zeytinlik;38.6828627077251;26.9161681684238;1
23993;Ilıpınar Zeytinlik;38.6828937081114;26.9163201671714;1
23994;Alıç;38.7873366082416;26.9803448299137;1
23995;Alıç;38.7874886070075;26.9801678296489;1
23996;Kınık Orman İşletme;39.0874900810391;27.3844031400484;1
23997;Kınık Orman İşletme;39.0876673180941;27.3843725606712;1
23998;Yakakent Ahlat;38.5047155083685;27.0792943419936;1
23999;Yakakent Ahlat;38.5046355079107;27.0791283433273;1
24000;Tepeköy Kavşak;39.085320825709;27.1187409587615;1
24001;Tepeköy Kavşak;39.0853598244954;27.1185759594781;1
24002;Bayatlı;39.100605908431;27.149981763732;1
24003;Bayatlı;39.1006049097462;27.1501887626489;1
24004;Akif Ersezgin Lisesi;39.0996039098624;27.1490837702827;1
24005;Akif Ersezgin Lisesi;39.0996479114239;27.1493807686442;1
24006;Mert Öztüre İlkokulu;39.098708924354;27.1503757651759;1
24007;Mert Öztüre İlkokulu;39.0988119236132;27.1503737649923;1
24008;Bayatlı Çıkış;39.0994539280808;27.1517937563103;1
24009;Bayatlı Çıkış;39.0992722304079;27.1511554137624;1
24010;Ilıca;39.1008569382995;27.1549527370754;1
24011;Ilıca;39.1009819380325;27.1550497363426;1
24012;İmam Hatip Lisesi;39.1002849806843;27.160865706427;1
24013;İmam Hatip Lisesi;39.1004089793161;27.1607917066153;1
24014;Altınkent;39.0998360071796;27.1644066879866;1
24015;Altınkent;39.0999670064693;27.1644406875818;1
24016;Market;39.1009680253166;27.168349664568;1
24017;Mezarlık 1;39.1019240353436;27.1708646492403;1
24018;Mezarlık 2;39.1024650445556;27.1728036377136;1
24019;Eski Mezarlık;39.1042880382777;27.1738186294828;1
24020;Bayrak;39.1065819855709;27.1684586556982;1
24021;Bayrak;39.1066839828704;27.1681646571547;1
24022;Tariş;39.1082329839661;27.1700126450872;1
24023;Tariş;39.1077829816261;27.1691736502204;1
24024;Barış Merdivenleri;39.1106169813771;27.1722186302141;1
24025;Barış Merdivenleri;39.1108429784491;27.1720296309818;1
24026;Meslek Lisesi;39.111720979863;27.1731946236721;1
24028;Kültür Merkezi;39.1146799735533;27.1754836082228;1
24029;Hükümet Konağı;39.1172079633603;27.1767425991619;1
24030;Yeni Cami;39.1196839597549;27.1789215854759;1
24031;Banka;39.1213969534367;27.1798745792015;1
24032;İstiklal Meydanı;39.1221469539865;27.1807765738753;1
24033;İstiklal Meydanı;39.1222079517075;27.1805115752774;1
24034;Bazilika;39.1224389712922;27.1836035583351;1
24035;Bazilika;39.1223239723882;27.1836365582143;1
24036;Akasya;39.1212829947154;27.1857185473484;1
24037;Akasya;39.1211389957303;27.1857085474817;1
24038;Cumhuriyet Lisesi;39.1205340214816;27.1887305310896;1
24039;Cumhuriyet Lisesi;39.1204050211782;27.1885495321653;1
24040;Ulu Cami Muhtarlık;39.1187520786534;27.1948784975368;1
24041;Ulu Cami Muhtarlık;39.1188310757962;27.1945634992789;1
24042;Poliklinik;39.119274094845;27.1976684814005;1
24043;Poliklinik;39.1191420969281;27.1978184806093;1
24044;Hastane;39.1176981141283;27.1986884763801;1
24045;Hastane;39.118427110359;27.1989254746356;1
24046;Hastane;39.1184332177942;27.1987289514913;1
24047;Sanayi;39.1095931210853;27.1912705250423;1
24048;Sanayi;39.1094101242857;27.1915295237387;1
24049;Fen İşleri;39.1066751592704;27.1936005146214;1
24050;Fen İşleri;39.107124;27.193121;1
24051;Fen İşleri;39.107027;27.193028;1
24052;Fevzipaşa İ.Ö.;39.1078561678702;27.1959934995297;1
24053;Fevzipaşa Cami;39.1062441912786;27.1975824919142;1
24054;Fevzipaşa Stadı;39.1044141846555;27.194822510038;1
24055;Fevzipaşa Stadı;39.1045971836934;27.1948745095249;1
24056;Su Deposu;39.1030652024214;27.1959145052409;1
24057;Su Deposu;39.103118200583;27.1957145063488;1
24058;Derman Yolu;39.1007352127998;27.1950085134649;1
24059;Derman Yolu;39.1008752114142;27.1949575135823;1
24060;Trafo;39.1001292012424;27.1928015271975;1
24061;Trafo;39.100261200373;27.1928135269494;1
24062;Barbaros;39.0998071933908;27.1913855359028;1
24063;Barbaros;39.09993319192;27.1913075361838;1
24064;Park;39.0993171794531;27.1889415508004;1
24065;Park;39.0994511779589;27.1888675510387;1
24066;Bakırçay;39.0993041622074;27.1864995649402;1
24067;Fatih Cami;39.1014681461022;27.1864325622769;1
24068;Genç Osman;39.1031441333265;27.1863445605502;1
24069;Bakırçay Lisesi;39.1049261199768;27.1862905586119;1
24070;Dumlupınar;39.1036961127389;27.1839875732714;1
24071;Çatalhöyük;39.1023980999284;27.1808025930639;1
24072;Yıldız Cami;39.1020590812278;27.1777436107685;1
24073;Anafartalar;39.1036320723802;27.1781106065042;1
24074;Aslı Garden;39.1057730576163;27.1782236030369;1
24075;Karadut;39.1200309658125;27.1801845783817;1
24076;Eski Belediye;39.1180479716628;27.1788755869106;1
24077;Hatuniye;39.1162319797894;27.178087592661;1
24078;Çaltıcı Bahçe;39.1137730004032;27.1784365929535;1
24079;Kültür Merkezi;39.1136939895904;27.1767696021568;1
24080;Çamlı Park;39.1136999750824;27.1746416137455;1
24081;Öğretmen Evi;39.1099969569143;27.1678856543799;1
24082;Ali Rıza İlkokulu;39.1087279568099;27.1664766635561;1
24083;Bahçelievler Park;39.1072089617646;27.1655586705146;1
24084;Yılan Yokuşu;39.1053589651994;27.1640516812384;1
24085;Otel;39.102781986314;27.164440683031;1
24086;Otel;39.1025919887548;27.1646036824449;1
24087;Yalnızev Arayol;39.0913558308932;27.126691903092;1
24089;Yalnızev Meydan;39.0910738227333;27.1249729124229;1
24090;Tepeköy Giriş;39.0853298229952;27.1182799610402;1
24091;Köy Yolu;39.0872797953427;27.1157519682099;1
24092;Köy Yolu;39.0872307951678;27.1156629687836;1
24093;Tepeköy Meydan;39.0876687462024;27.1074630075705;1
24094;Tepeköy İçyol;39.0883022030934;27.1063271025933;1
24095;Tepeköy Ortaokulu;39.0912387217685;27.1074089979577;1
24096;Orta Mahalle;39.0913347347864;27.1098779858695;1
24097;Zeytinli Mahalle;39.0919477455092;27.1125449713942;1
24098;Terminal;39.0836136731552;27.1186269282262;1
24099;Terminal;39.083602836695;27.1186359641103;1
24100;Cezaevi Su Deposu;39.1020012773513;27.2050404523746;1
24101;Cezaevi Su Deposu;39.1020652777042;27.2051504516415;1
24102;Cezaevi;39.0981003346029;27.2088844338268;1
24105;Toki;39.1017013296644;27.1570238653054;1
24106;Fen Lisesi;39.1035039199977;27.1550437321069;1
24107;Ilıca;39.1021899162922;27.1529957451054;1
24108;Yeşillik;39.098561908718;27.147731779337;1
24109;Yeşillik;39.0986319078788;27.1476767794901;1
24110;Sgk;39.098016;27.146073;1
24111;Emek;39.1006900082977;27.1654966806303;1
24112;Emek;39.100844005896;27.165300681448;1
24113;Tuna;39.1024289944502;27.1652876789887;1
24114;Tuna;39.1026709935207;27.1654096779488;1
24115;Sağlık Ocağı;39.1039099937333;27.1667846685946;1
24116;Sağlık Ocağı;39.1039919926571;27.1667116688694;1
24117;Fırın;39.1055549914475;27.1682246583883;1
24118;Fırın;39.1056179909115;27.1682126583652;1
24119;Semiye;39.1124210437694;27.1832675675168;1
24120;Semiye;39.1123560460537;27.1835265661344;1
24125;Okul;39.1058111260772;27.1880675474094;1
24126;Bakırçay Lisesi;39.1050271182109;27.1861445593205;1
24127;Kubilay;39.100305147903;27.1854965692712;1
24128;Yavuz Selim;39.1032031260959;27.1853795659875;1
24129;Bakırçay;39.0990051635622;27.1863865660281;1
24130;Üçkemer;39.117860016798;27.1852005523194;1
24131;Üçkemer;39.1180070139745;27.1849535535849;1
24132;Yıldız Garaj;39.1213779696353;27.1822085665266;1
24133;Yıldız Garaj;39.12126797116;27.1823095660394;1
24134;Halk;39.1108939450209;27.1670806576144;1
24135;Ergenekon;39.1114529527465;27.1688586474139;1
24136;Çamlık;39.1123829569322;27.1705066374963;1
24137;Zafer;39.1136979555934;27.1717496294;1
24138;Bayır;39.1154279517661;27.17307962053;1
24139;Dikili Sultan;39.1173429364979;27.1729196196681;1
24140;Dikili Sultan Cami;39.1183310716696;27.1733302731728;1
24141;Atmaca;39.1207789092984;27.1726806182351;1
24142;Akıncılar Bayır;39.1195579239149;27.1734996147683;1
24143;Galenos;39.1185939442771;27.1754516050325;1
24144;Cemsultan;39.1111621038452;27.1904785280774;1
24145;Cemsultan;39.1112201042775;27.1905995273356;1
24146;Kıranlı Çıkış;39.3022032269249;27.1565143373372;1
24147;Kıranlı Çıkış;39.3020622282825;27.1565043361565;1
24148;Çaltılıdere Atlı Terapi Merkezi;38.8480365489499;27.0188090456711;1
24149;Çaltılıdere Atlı Terapi Merkezi;38.8477265498653;27.0187420487982;1
24150;Ataşehir Köprü;38.4881738999195;27.0562370959105;1
24151;Ataşehir Köprü;38.4877597340177;27.0566623977542;1
24152;Ataşehir Mahallesi Parkı;38.4883754564247;27.0589005323198;1
24153;Ataşehir Mahallesi Parkı;38.4888814577717;27.0594755269303;1
24154;Kadriye;39.0936711065626;27.1383041714845;1
24155;Kadriye;39.093509999655;27.1387902803319;1
24157;İlçe Tarım;39.1158210706557;27.190682523114;1
24158;İlçe Tarım;39.1160130685177;27.1905835235353;1
24159;Fabrikalar;38.6503932231715;27.0394586232824;1
24160;Fabrikalar;38.6515892136885;27.0376456256897;1
24161;Kışlalı Kümesi;38.2006770692912;28.0422845583163;1
24162;Köşk Düzü Cami;39.0909717568268;27.3577703662599;1
24163;Köşk Düzü Cami;39.090757757154;27.3576573672864;1
24164;Küme Evler;38.6459998324046;27.1718237873394;1
24165;Küme Evler;38.645909832651;27.1718587878696;1
24167;Maltepe;39.1061300390032;27.1730172627755;1
24168;Kavaklı;38.5801711309263;26.9739945526749;1
24169;Kavaklı Üçyol;38.5784431319002;26.9732395684509;1
24170;Onur;38.5784781372787;26.9751175562087;1
24171;Park;39.1139000663171;27.1880485394366;1
24172;Park;39.1139340671303;27.188199538559;1
24173;Huriye Mehmet Akçasakız;38.5958913770921;27.0570369190943;1
24174;Huriye Mehmet Akçasakız;38.5958213367844;27.0568783508091;1
24175;Kesik Ova;38.6203180145176;26.9624853540213;1
24176;Kesik Ova;38.6204520132421;26.9621733550888;1
24177;Alaniçi Giriş;38.6057570262251;27.2074328934333;1
24178;Alaniçi Giriş;38.6057240267254;27.207531893079;1
24179;Çandarlı Hilal;38.9435188412798;26.9462016290355;1
24180;Çandarlı Hilal;38.9436058415723;26.9464026273285;1
24183;Yamanlar Köyü Cami;38.542308682588;27.1326618200657;1
24184;Yamanlar Köyü Cami;38.5423166816288;27.1323978215499;1
24185;Yamanlar Küme Evleri;38.5245266520232;27.1252929735315;1
24186;Yamanlar Küme Evleri;38.5240256508287;27.1249859782727;1
24187;Kovankayası;38.5109997464365;27.1557498855573;1
24188;Kovankayası;38.5106837465317;27.1558638868308;1
24189;Doğançay Yeni Mezarlığı;38.5066027349823;27.1535649234418;1
24190;Doğançay Yeni Mezarlığı;38.506869736256;27.1538719202208;1
24191;Can;38.5944994523133;27.076911803376;1
24192;Menemen Garaj;38.6116804201185;27.0736676986681;1
24193;Mehmet Akif Ersoy;38.6957625113071;26.9988742973863;1
24194;Mehmet Akif Ersoy;38.6959429609637;26.9991585153995;1
24195;Ova;38.6476034179362;27.0853103447471;1
24196;Ova;38.6476624172195;27.0851663452186;1
24197;Maden;39.072785558838;27.0768852275018;1
24198;Maden;39.0724586837601;27.0766522030606;1
24199;Ovacık;39.0722846685304;27.0733762187849;1
24200;Ovacık;39.0718826632696;27.0717932275583;1
24211;Dündarlı Çiftlik;39.0993702414348;27.3141607114731;1
24212;Dündarlı Çiftlik;39.0993352401832;27.3140077126495;1
24213;Şakran İncirlik 2;38.9228804339873;27.0614631683538;1
24214;Şakran İncirlik 2;38.9218284413028;27.0619261736059;1
24215;Harmandalı;38.5374454242343;27.0543383108434;1
24216;Fabrikalar;38.6401112867646;27.0507326303524;1
24217;Fabrikalar;38.6414812775846;27.0490266307924;1
24218;Üst Geçit;38.6146564393107;27.0794556393211;1
24219;Üst Geçit;38.6144064384334;27.0791586431049;1
24220;Karagöl Ayrımı;38.5384236731534;27.1302778589092;1
24221;Karagöl Ayrımı;38.5388506740282;27.1304958549196;1
24222;Çınar;38.5827730708141;26.9547446599909;1
24223;Çınar;38.5827050711983;26.9548326598548;1
24224;Okçular Yolu;39.2875208115635;26.9716213499806;1
24225;Okçular Yolu;39.287552811823;26.9721333505994;1
24226;Menekşe Parkı Son Durak;38.4778695343456;27.0910684037128;1
24227;Telli Bahçe;38.4763865408108;27.0939303950395;1
24228;Telli Bahçe;38.4761535406507;27.0939103961536;1
24229;Piriştina Parkı;38.4742935463168;27.0965743901953;1
24230;Piriştina Parkı;38.47449154539;27.0961573915264;1
24231;Kubilay;38.4747376427433;27.1336501970354;1
24232;Çandarlı Çiftlik;38.9634518795461;26.9825112910969;1
24233;Çandarlı Çiftlik;38.9632718845518;26.9835632872842;1
24234;Tepe;38.5570504260822;27.0596071618632;1
24235;Tepe;38.5569444265404;27.0597211618293;1
24236;Yuvam 2;39.0995216544164;27.1549805677765;1
24237;Bağcılar Çeşme;38.6217779887368;27.1998788078618;1
24238;Katip Çelebi Üniversitesi;38.5179273713795;27.0306865557553;1
24239;Reha Midilli Ortaokulu;38.7442612699177;26.8318901542127;1
24240;Reha Midilli Ortaokulu;38.7442442697092;26.8317891550002;1
24241;Kırlangıç;38.6077458966418;26.9122317723489;1
24242;Kırlangıç;38.6078338966066;26.9122977713066;1
24243;Tuzçullu Giriş;38.5500350882152;26.9370039672205;1
24245;Sefa Köse Reis;38.7383904007143;26.8719739603652;1
24246;Sefa Köse Reis;38.73889239828;26.8717079573558;1
24247;Plastik Fabrikası;38.6536811869881;27.031900646762;1
24248;Plastik Fabrikası;38.6531801891306;27.0321896488468;1
24249;Harmandalı Park;38.5331294114904;27.0490453667124;1
24250;Harmandalı Park;38.5329744120977;27.0492163665559;1
24251;Aliağa Terminal İçi;38.7902415494857;26.9680058808865;1
24252;Santorini Sitesi;38.5089104843478;27.0708113687186;1
24253;Santorini Sitesi;38.5089804848652;27.0710023672785;1
24254;Basketbol Sahası;38.5569334088473;27.0542561952392;1
24255;Basketbol Sahası;38.556899408494;27.0541371961766;1
24256;Günhan Cami;38.4849566188224;27.1316075104091;1
24257;Günhan Cami;38.4849456468685;27.1315141582123;1
24258;Terzihaliller Mermer;39.2872960119731;27.0690573585836;1
24259;Terzihaliller Mermer;39.2873640121213;27.069297358789;1
24260;Ayvatlar Köy İçi;39.2663799849823;26.9818192892855;1
24261;Ayvatlar Köy İçi;39.2663509853375;26.9819112892336;1
24262;Deliktaş Göl;38.9893335921485;26.9373432979541;1
24263;Deliktaş Göl;38.9894675910053;26.9371902975558;1
24264;Düğün Salonu;38.5519113275788;27.0264163961;1
24265;Görece Kümeevler;38.6421437406332;27.1532259426626;1
24266;Görece Kümeevler;38.6420397402836;27.1531379441071;1
24267;Adem Saatçi Ortaokulu;38.6380015427001;27.1105232566364;1
24268;Adem Saatçi Ortaokulu;38.6382885422663;27.1105042544571;1
24269;Belen Kümeevler;38.6312675066643;27.1005163754029;1
24270;Belen Kümeevler;38.6312355070465;27.1005953751418;1
24271;Çukurköy Afetevler;38.6934455020042;27.1194777343142;1
24272;Çukurköy Afetevler;38.6935275019572;27.1194977334732;1
24273;Doğaköy Giriş;38.6474274333482;27.0887843233509;1
24275;Zeytin Çiçeği;38.4995637359537;27.1560349509323;1
24276;Zeytin Çiçeği;38.4996167353923;27.1558439516428;1
24277;Beytullah Cami;38.5032784172892;27.044961543602;1
24278;Beytullah Cami;38.5026144177642;27.045032546295;1
24279;Yeniköy Zeytin;38.6800716766847;26.9034512748638;1
24280;Yeniköy Zeytin;38.6802326762817;26.9034732733721;1
24281;Koyundere Fatih Cami;38.5757334291459;27.0654130052684;1
24282;Koyundere Fatih Cami;38.5756554291188;27.0653840059706;1
24283;Eski Garaj;38.7959355533765;26.974110790726;1
24284;Eski Garaj;38.7958725516235;26.973610794422;1
24285;Sekiz Evler;39.104000553737;27.2069328776336;1
24286;Toki Yamaç Evler;38.579861;27.092782;1
24287;Toki Alt Yol;38.580355;27.093489;1
24288;Menemen Eski Sanayi;38.6142424049365;27.0706306990378;1
24289;Menemen Eski Sanayi;38.6139204099921;27.0718136938532;1
24290;Yalnızev Meydan;39.0910068233862;27.1250059124241;1
24291;Yalnızev Arayol;39.091281;27.126872;1
24292;Yeşilırmak;39.1004470676291;27.1740626337648;1
24293;Dadaş;39.0975630907927;27.1744306363198;1
24294;Anafartalar;39.0995580983809;27.1776196151894;1
24295;Fatih İlkokulu;39.1033530608414;27.1761356179241;1
24296;Alpaslan;39.0921018624342;27.1328578700394;1
24297;Alpaslan;39.0920068619189;27.1326628712588;1
24298;Yalın Ayak Dede Türbesi;38.971020716023;26.9477933963144;1
24299;Yalın Ayak Dede Türbesi;38.9708697167093;26.94777939758;1
24300;Hamzalısüleymaniye;39.1236852090771;27.2175113645351;1
24301;Hamzalısüleymaniye;39.1236212111627;27.2177193633016;1
24302;Tavuk Çiftliği;39.1370292255061;27.2329832759837;1
24303;Tavuk Çiftliği;39.1371752283337;27.2334842730605;1
24304;Apan Çeşme;39.1413882338505;27.2383792469571;1
24305;Apan Çeşme;39.1415662371956;27.2389712435328;1
24306;Palmiye;39.1505472557569;27.2501731863233;1
24307;Palmiye;39.1505602573938;27.2503831850494;1
24308;Yukarıkırıklar;39.1587232241092;27.2545371739626;1
24309;Yukarıkırıklar;39.1588962244399;27.2547501730015;1
24310;Çitköy Giriş;39.1797321573021;27.267963146524;1
24311;Çitköy Giriş;39.1796241589003;27.2680381457159;1
24312;Çitköy;39.1844261385115;27.2706061462061;1
24313;Çitköy;39.184488139422;27.2707751453918;1
24314;Çitköy Orman Deposu;39.1899401294292;27.2752471381801;1
24315;Çitköy Orman Deposu;39.1900971277404;27.2752161389777;1
24316;Ferizler-Paşa Köy Girişi;39.200593494519;27.2845271727679;1
24317;Ferizler-Paşa Köy Girişi;39.2005332978338;27.2847796235593;1
24318;Örenli;39.2088079959731;27.2798451936926;1
24319;Örenli;39.2090119944348;27.2798881944513;1
24320;Yortanlı;39.2478146641413;27.2854144011499;1
24321;Yortanlı;39.2476036673227;27.2855343989347;1
24322;Tırmanlar Yol Ayrımı;39.2459968654579;27.305781270326;1
24323;Tırmanlar Yol Ayrımı;39.2464348661113;27.3063352703164;1
24324;Çeltikçi;39.2599998036364;27.3147123292459;1
24325;Çeltikçi;39.259964807307;27.3150633268587;1
24326;Eğiller;39.2609108523285;27.3208603001603;1
24327;Eğiller;39.260734852382;27.3206712997834;1
24328;Dereköy Giriş;39.2711258643031;27.3333683163478;1
24329;Dereköy Giriş;39.2711148653869;27.3334663156393;1
24330;Dereköy;39.2800027688639;27.3335294021639;1
24331;100.Yıl İlkokulu;38.5881219385421;27.0797456616008;1
24332;100.Yıl İlkokulu;38.5881999396816;27.0799176583477;1
24333;Cumhuriyet;38.5909214763827;27.0823367947446;1
24334;Güneş Tarlası;39.1584783325135;27.2670170955623;1
24335;Güneş Tarlası;39.15846333571;27.2673710932833;1
24336;Ahmetbeyler;39.1646984663277;27.2879989744422;1
24337;Ahmetbeyler;39.1646994689635;27.2882879725301;1
24338;Dul Deresi;39.1669605158286;27.2954799307793;1
24339;Dul Deresi;39.166882518473;27.2956909291365;1
24340;Ayaskent İlyas Deresi;39.1735376658081;27.3171748024187;1
24341;Ayaskent İlyas Deresi;39.1734756678234;27.3173238011586;1
24342;Ayaskent Zeytinyağı Fabrikası;39.1755806925231;27.3217167775831;1
24343;Ayaskent Zeytinyağı Fabrikası;39.175498694398;27.3218317764737;1
24344;Ayaskent Benzinlik;39.1786827317288;27.3284067414698;1
24345;Ayaskent Benzinlik;39.1787927380946;27.3291347366728;1
24346;Ayaskent Aile Sağlık Merkezi;39.1826177610315;27.3347897111678;1
24347;Ayaskent Aile Sağlık Merkezi;39.1824927639213;27.3349607094155;1
24348;Zağnos;39.188096826337;27.3459216535612;1
24349;Zağnos;39.1879438276135;27.3459086529631;1
24350;Kadıköy Yolu;39.1907778486951;27.3574501600086;1
24351;Kadıköy Yolu;39.1906249255002;27.3574275794607;1
24352;Kadıköy Girişi;39.184262057827;27.3641624983901;1
24353;Kadıköy Girişi;39.1843350554078;27.3640034999482;1
24354;Kadıköy;39.1824381038977;27.3668204696129;1
24355;Kadıköy;39.1820811082999;27.3669224672436;1
24356;Kadıköy Çıkış;39.1803661425899;27.3685994466453;1
24357;Kadıköy Çıkış;39.1804351403152;27.3684514481048;1
24358;Kadıköy Mezarlığı;39.1768311921056;27.370157419445;1
24359;Kadıköy Mezarlığı;39.1766711930311;27.3701104191569;1
24360;Bölcek Giriş;39.17792678531;27.4211749979732;1
24361;Bölcek Giriş;39.1778447894226;27.4214439952263;1
24362;Bölcek Mezarlığı;39.1809987274716;27.4187990332198;1
24363;Bölcek Mezarlığı;39.1813507230681;27.418706035715;1
24364;Bölcek;39.1840846775597;27.4170780631948;1
24365;Bölcek;39.1839306811816;27.4172550608972;1
24366;Bölcek Çıkış;39.1937675700255;27.4157391253293;1
24367;Bölcek Çıkış;39.1935745731049;27.4158401234004;1
24368;Göçbeyli Yolu;39.2086814149555;27.414856221701;1
24369;Göçbeyli Yolu;39.2090084117877;27.4148602237673;1
24370;Göçbeyli Çocuk Bahçesi;39.2174252074615;27.4049073623678;1
24371;Göçbeyli Çocuk Bahçesi;39.2176372029541;27.4047083654496;1
24372;Göçbeyli;39.2180901461959;27.4003294041225;1
24373;Gaffar Okkan;38.6030894606978;27.0814717123421;1
24374;Gaffar Okkan;38.6030674598714;27.0812537138879;1
24375;Park;38.6056764692637;27.0843696748768;1
24376;Park;38.6058674689451;27.0843416736428;1
24379;Düğün Salonu;38.5525683221938;27.0248574018088;1
24380;Kocaömerli İlkokulu;39.0859425723693;27.4243287786925;1
24381;Kocaömerli Yol Ayrımı;39.0863055193189;27.4202808163958;1
24382;Kocaömerli Yol Ayrımı;39.0861035251154;27.4206318131903;1
24383;Kocaömerli Giriş;39.0863574908596;27.4180138374457;1
24384;Kocaömerli Giriş;39.0862494936312;27.4181758359773;1
24385;Kınık Tavuk Çitliği;39.0860422955014;27.4017669862347;1
24386;Kınık Tavuk Çitliği;39.0859662970609;27.4018519854977;1
24387;Kınık K1 Tipi Cezaevi;39.0864622548643;27.3986110144801;1
24388;Kınık K1 Tipi Cezaevi;39.0863362571207;27.3987250135064;1
24389;Toki Konutları;39.0861002213479;27.3955640419138;1
24390;Kınık Çok Programlı Anadolu Lisesi;39.0890949331318;27.3724462429702;1
24391;Kınık Çok Programlı Anadolu Lisesi;39.0887249402023;27.372836239777;1
24392;Bağarası Atölye;38.6648736317214;26.8725496032725;1
24393;Bağarası Atölye;38.665001632941;26.8731255984341;1
24410;Fevzipaşa Cami;39.1062751916847;27.197669491373;1
24411;Fevzipaşa İ.Ö.O;39.1078891664171;27.1958265004665;1
24412;Menemen Devlet Hastanesi;38.6068834738578;27.0858596564513;1
24413;Melikşah;38.738366315414;26.8415981504061;1
24416;Yeni Foça Anaokulu;38.7390212993417;26.836410176455;1
24417;Sahil;38.7413743016149;26.840189130524;1
24418;Çeşme;38.738818307385;26.8391701612229;1
24419;Kesik Fabrika;38.618221076523;26.9805182516794;1
24420;Kesik Fabrika;38.6183680751463;26.9801882527636;1
24421;Alışveriş Merkezi;38.6469672466806;27.0437536222131;1
24422;Alışveriş Merkezi;38.6479692428267;27.0432566175633;1
24423;Yenikent Meydan;39.0092099707586;27.0579316010388;1
24424;Yenikent Aile Sağlığı;39.0103969495246;27.05496860931;1
24425;Yenikent Aile Sağlığı;39.0103129511117;27.0551966086354;1
24426;Yenikent Tariş;39.0103248694005;27.0518332513912;1
24427;Yenikent Tariş;39.0104349328854;27.0515866263117;1
24428;Yenikent Köprü;39.0099109032982;27.0447716637767;1
24429;Yenikent Köprü;39.010147900988;27.0445626634074;1
24430;Yenikent Zeytinlik;39.0138178622254;27.0406686609045;1
24431;Yenikent Zeytinlik;39.0133468644566;27.0405796641351;1
24432;Aşağıkırıklar Mezarlık Çıkış;39.019369810519;27.0362176499205;1
24433;Aşağıkırıklar Mezarlık Çıkış;39.0198446149622;27.0361392950377;1
24434;Aşağıkırıklar Mezarlık Giriş;39.0219878016916;27.0375426284044;1
24435;Aşağıkırıklar Mezarlık Giriş;39.0221578018308;27.037785626264;1
24436;Aşağıkırıklar Fabrika;39.0263677890018;27.0402475906297;1
24437;Aşağıkırıklar Fabrika;39.0264687893375;27.0404475891112;1
24438;Aşağıkırıklar Giriş;39.0288147772596;27.0407605745788;1
24439;Aşağıkırıklar Giriş;39.0290347767494;27.0409265725767;1
24440;Aşağıkırıklar Cami;39.030885772224;27.0422755560332;1
24441;Aşağıkırıklar Cami;39.0307127762774;27.0429385538344;1
24442;Aşağıkırıklar İlkokulu;39.0317477802521;27.0450995379618;1
24443;Aşağıkırıklar İlkokulu;39.031637780396;27.044992539064;1
24444;Aşağıkırıklar Çıkış;39.0324367897361;27.0479955204603;1
24445;Aşağıkırıklar Çıkış;39.0323367899125;27.0479085214101;1
24446;Aşağıkırıklar Çiftlik;39.0344658003601;27.0527634868896;1
24447;Aşağıkırıklar Çiftlik;39.034669801446;27.0532434835165;1
24448;Süleymanlı Giriş;39.0619513926631;27.0657485908046;1
24449;Süleymanlı Giriş;39.0619236969655;27.0658442950888;1
24450;Süleymanlı Muhtarlık;39.0638986822377;27.0653542890341;1
24451;Süleymanlı Muhtarlık;39.0640326817044;27.0654172881854;1
24452;Süleymanlı Çıkış;39.067508658282;27.0650892753583;1
24453;Süleymanlı Çıkış;39.0678996569337;27.065320272723;1
24454;Süleymanlı Yolu;39.0707302805405;27.0655745204616;1
24455;Süleymanlı Yolu;39.0709436394036;27.0656762589408;1
24456;İsmet İnönü;38.5937114482365;27.075612817186;1
24457;Parklar;38.4724135952561;27.1165012952544;1
24458;Parklar;38.4721325956708;27.116755295208;1
24461;Aliağa OSB Son Durak;38.8278887390713;27.04295106977;1
24462;Tır Parkı;38.8272107434648;27.04334207319;1
24463;Tır Parkı;38.8270077442387;27.0433470749336;1
24464;Nemrut;38.8233167356283;27.0387161370101;1
24465;Nemrut;38.8232417368693;27.0389191363669;1
24466;Cami;38.8199457511925;27.0394031622312;1
24467;Cami;38.8200057502895;27.0392591626294;1
24468;Çakmaktepe;38.8168907673167;27.0404711822384;1
24469;Çakmaktepe;38.8168727680679;27.0406151814683;1
24470;Vizyon;38.8175608059439;27.0489841212843;1
24471;Vizyon;38.8174848082545;27.0494021192378;1
24472;Doğa;38.8192578320535;27.0555300638617;1
24473;Doğa;38.819181833487;27.0557640630006;1
24474;Park;38.822627840189;27.059588008003;1
24475;Park;38.8228278398135;27.0596570058115;1
24476;Trafo;38.8244287834772;27.049471058016;1
24477;Trafo;38.8246597817518;27.0492910571618;1
24478;Enerji;38.8278037877395;27.052851006724;1
24479;Enerji;38.8277787895095;27.0531900047479;1
24480;Çevre;38.8310828145067;27.0606209278727;1
24481;Çevre;38.8309868162523;27.0608959269157;1
24482;Atik;38.8262588545588;27.0650249409317;1
24483;Atik;38.826581854012;27.0651479373278;1
24484;Lise;38.8184268751393;27.0635360187585;1
24485;Lise;38.818343876791;27.063804017723;1
24486;Bölge Müdürlüğü;38.811674;27.069759;1
24487;Bölge Müdürlüğü;38.811569;27.069937;1
24488;Hedef;38.80828589629;27.0606781261829;1
24489;Hedef;38.8080578969871;27.0606601283001;1
24490;İkmal;38.8065498657941;27.053301189846;1
24491;İkmal;38.8065138670111;27.0535241887022;1
24492;Dalan;38.8124938188181;27.0479241726632;1
24493;Dalan;38.8126688180592;27.0478951713131;1
24494;Kınık Zeytinlik;39.085622334592;27.4047749591774;1
24495;Kınık Zeytinlik;39.0854253407633;27.405170955663;1
24498;Ahmetbeyler Benzinlik;39.1776992040172;27.2712921195158;1
24499;Ahmetbeyler Cami;39.1771022346782;27.2742010995117;1
24500;Ahmetbeyler Cami;39.1771302377404;27.2745780972413;1
24501;Çitköy Ahmetbeyler Ortaokulu;39.1790172453514;27.2773310860838;1
24502;Çitköy Ahmetbeyler Ortaokulu;39.1793722449613;27.2776420853061;1
24503;Çitköy Yeşillik;39.1811162368103;27.2784680860085;1
24504;Çitköy Yeşllik;39.1813692376639;27.2788180846798;1
24505;Dereköy Jandarma;39.273334761853;27.3252963863228;1
24506;Dereköy Jandarma;39.2735917581925;27.3252053893142;1
24507;Dereköy Ebdo İlkokulu;39.2752357311392;27.3242454107743;1
24508;Dereköy Ebdo İlkokulu;39.2751077328654;27.3242804093349;1
24509;Dereköy Muhtarlık;39.2764917286313;27.3254104160226;1
24510;Dereköy Muhtarlık;39.2763527293309;27.3253254151755;1
24512;Ayaskent İrfan Kırdar İlkokulu;39.1842947342906;27.3336697262298;1
24513;Ayaskent İrfan Kırdar İlkokulu;39.1842237365935;27.3338317247649;1
24514;Ayaskent Meydan;39.1861287169638;27.3336157344192;1
24515;Ayaskent Meydan;39.1863847177104;27.3339187333476;1
24516;Ayaskent Fırın;39.1888507002538;27.3344297405182;1
24518;Aziziye Atatürk Parkı;39.1903047120916;27.3368957293844;1
24519;Aziziye Atatürk Parkı;39.1902157165346;27.3372477264435;1
24520;Bölcek Ortaokulu;39.1784548312141;27.425218964678;1
24521;Bölcek Ortaokulu;39.1783998369882;27.4256369607106;1
24522;Bölcek Meydan;39.1808278043863;27.4248219794378;1
24523;Bölcek Meydan;39.1811158021567;27.4248559805236;1
24524;Bölcek Tarım;39.1821677579405;27.4221080098519;1
24525;Bölcek Tarım;39.1819837634234;27.4224100063021;1
24526;Bölcek Parkı;39.1830607758319;27.4241939958604;1
24527;Bölcek Parkı;39.1830987721242;27.4239269984022;1
24528;Bölcek Kanarya;39.1847467662368;27.4246770000075;1
24529;Bölcek Kanarya;39.1847367684188;27.4248429984934;1
24530;Bölcek Zeyrinlik;39.1865947203768;27.4223970294407;1
24531;Bölcek Zeytinlik;39.1867547182292;27.4223450307178;1
24532;Göçbeyli Benzinlik;39.2162282855132;27.410383309111;1
24533;Göçbeyli Benzinlik;39.2164982824988;27.4103573111757;1
24534;Göçbeyli Çiftlik;39.2185842323746;27.4079433455079;1
24535;Göçbeyli Çiftlik;39.2187432294264;27.4078313475363;1
24536;Göçbeyli Ağaçlık;39.219747201061;27.4063143669937;1
24537;Göçbeyli Ağaçlık;39.2199181979218;27.40619636916;1
24538;Göçbeyli Meydan;39.2217431517387;27.4038784009489;1
24539;Göçbeyli Meydan;39.2216811544929;27.4040563990634;1
24540;Göçbeyli Çocuk Bahçesi;39.2199321478548;27.4020234031895;1
24541;Göçbeyli Çocuk Bahçesi;39.2201051488545;27.4022534025392;1
24542;Trafolar;38.6202859769957;26.950326433718;1
24543;Trafolar;38.620237976606;26.9501624351374;1
24544;Çitlenbik;38.5567632820259;27.0130134501603;1
24545;Fabrikalar 2;38.6413922796685;27.049512628314;1
24546;Market;38.729203474176;26.8865679530429;1
24547;Siteler;38.7340283046081;26.8321402506152;1
24548;Siteler;38.733835305249;26.8321412524431;1
24549;Mehmet Akif Ersoy;38.581513;27.094721;1
24550;Sancaklı Çeşme;38.5150107478582;27.1551218647612;1
24551;Sancaklı Çeşme;38.5151237473166;27.154936865088;1
24552;Çamköy Yolu;39.0729656825359;27.0770561992974;1
24553;Çamköy Yolu;39.0730966810269;27.0769231994226;1
24554;Ovacık Madeni;39.0795386517809;27.0793881648958;1
24555;Ovacık Madeni;39.0800796484601;27.0794281628367;1
24556;Çamköy Giriş;39.0850876167541;27.0796401449935;1
24557;Çamköy Giriş;39.085418615129;27.0797501434151;1
24558;Çamköy;39.0880376010598;27.080389132123;1
24559;Çamköy;39.087827603481;27.0805951318695;1
24560;Çamköy Mahalle Cami;39.0893245859901;27.0790771338927;1
24561;Çamköy Mahalle Cami;39.0892785871814;27.0792551332489;1
24562;Narlıca Giriş;39.0931925266621;27.0722061517529;1
24563;Narlıca Giriş;39.0932505273357;27.0724251506349;1
24564;Narlıca Köy İçi;39.0942355151916;27.0712611525695;1
24565;Narlıca Köy İçi;39.094461512299;27.0709711531087;1
24566;Narlıca;39.0954764979486;27.0693791567376;1
24567;Narlıca;39.0955524987452;27.0696521553545;1
24568;Narlıca İlkokulu;39.0965464861842;27.0683991575973;1
24569;Narlıca İlkokulu;39.0969055757903;27.0683653448051;1
24570;Narlıca Çıkış;39.0970344757281;27.0668721624898;1
24571;Narlıca Çıkış;39.0969944748643;27.0666321636094;1
24572;Pınarköy Küme Evleri;39.0969934418075;27.0595021929199;1
24573;Pınarköy Küme Evleri;39.0973014385368;27.0592311930532;1
24574;Pınarköy Giriş;39.098746402303;27.0533012122532;1
24575;Pınarköy Giriş;39.0989063988309;27.0527562138995;1
24576;Pınarköy Cami;39.099946379615;27.0499462216155;1
24577;Pınarköy Cami;39.1000413802026;27.0502232202349;1
24578;Pınarköy Köy İçi;39.0989443808623;27.0487252295804;1
24579;Pınarköy Köy İçi;39.0990433803961;27.0487672290973;1
24580;Pınarköy;39.0983663779247;27.0471782374742;1
24581;Pınarköy;39.0985183764367;27.0470642374192;1
24582;Pınarköy Çıkış;39.0973243802443;27.0461412449385;1
24583;Pınarköy Çıkış;39.0971253814774;27.0461262456593;1
24584;Sağancı Giriş;39.0896473884664;27.0364303096866;1
24585;Sağancı Giriş;39.0897883866661;27.0362153099922;1
24586;Sağancı;39.0909553711439;27.0342763131007;1
24587;Sağancı;39.0910903688047;27.0339193139626;1
24588;Sağancı Meydan;39.0913113587736;27.0318243211041;1
24589;Sağancı Meydan;39.0913353591819;27.0319613204953;1
24590;Sağancı İlkokulu;39.0902803703225;27.033036320364;1
24591;Sağancı İlkokulu;39.0901043716164;27.033078320866;1
24592;Sağancı Çıkış;39.0887133853502;27.034257321599;1
24593;Sağancı Çıkış;39.0884933873148;27.0343933219097;1
24594;Bergama OSB Son Durak;39.0752295290822;27.0477803198524;1
24595;Süleymanlı Kalarga Tepesi;39.0519867597353;27.0661103374761;1
24596;Süleymanlı Kalarga Tepesi;39.0525177553921;27.0658893361154;1
24597;İzsu;38.6241077972964;27.1622300324608;1
24598;İzsu;38.6243197965872;27.1621070315264;1
24599;Yayakent Sanayi;39.0945762041481;27.30673476984;1
24600;Yayakent Sanayi;39.0943002069856;27.3068177693696;1
24610;Çandarlı Nilüfer;38.9507038537463;26.9592495060608;1
24611;Çandarlı Nilüfer;38.9508188546779;26.9596575031333;1
24612;Kahve Civarı;38.673434;27.019062;1
24613;Çandarlı Plaj;38.9393198431278;26.9410946893925;1
24614;Çandarlı Plaj;38.9390978434832;26.9408996922336;1
24615;Petrol;38.8125237698184;27.0377052385834;1
24616;Petrol;38.8123397724381;27.0381212375237;1
24617;Zeytinlik;38.8024869145146;27.0603531792196;1
24618;Zeytinlik;38.8024089170881;27.0608171768445;1
24619;Gerenköy Son Durak;38.6499177658806;26.9047685106126;1
24620;Gerenköy Meydan;38.6508057582368;26.9029805154404;1
24621;Gerenköy Meydan;38.6508697582787;26.9030555144442;1
24622;Bağarası Çarşı;38.6588525990056;26.8538517756986;1
24623;Bağarası Çarşı;38.6588545999998;26.8542307731755;1
24624;Kanal;38.6215674773899;27.0908595134344;1
24625;Kanal;38.6215534777314;27.0909375130392;1
24626;Çiftlik;38.6870639730059;27.2030662167009;1
24627;Çiftlik;38.6870769737672;27.2031952156883;1
24628;Aşağıcuma Taş Ocağı;39.2709179945477;27.0079353069949;1
24629;Aşağıcuma Taş Ocağı;39.2710489935494;27.0079573074641;1
24630;Çamavlu Güneşli Yolu;39.3207199637109;27.1401685326427;1
24631;Çamavlu Güneşli Yolu;39.320811962274;27.1400535336722;1
24632;Yukarıcuma Meydan;39.3175998192081;27.0953515521852;1
24633;Yukarıcuma Giriş;39.3164688329922;27.0962385423423;1
24634;Buruncuk;38.6644691433806;27.0265485954217;1
24635;Buruncuk;38.6642451435636;27.0264715977396;1
24636;Kale;38.6628251532697;27.0281625980841;1
24637;Kale;38.6627771545015;27.0284495965836;1
24638;Kocaömerli Çınarağacı;39.0857583846818;27.4089989206554;1
24639;Kocaömerli Çınarağacı;39.0857563943062;27.4097899134223;1
24640;Köprü;38.6366025190239;27.1048373049607;1
24641;Köprü;38.6365580386793;27.1048956098696;1
24642;Sucahlı Meydan;39.0756701505626;27.2868029385768;1
24645;Çiğli Erkek KYK Yurdu;38.5207333703848;27.031118539065;1
24646;Çiğli Erkek KYK Yurdu;38.5206423709129;27.0312895385153;1
24647;Doğançay Köprü;38.4953057191595;27.1522099950953;1
24648;Doğançay Köprü;38.4954767201907;27.15247899273;1
24649;Alp Oğuz Anadolu Lisesi;38.7965905150499;26.9648908421059;1
24650;Petkim Arıtma;38.7877875051735;26.9541039899986;1
24651;Petkim Arıtma;38.7876985063023;26.9543229894587;1
24677;Dikili Devlet Hastanesi;39.0601581125417;26.8896479384153;1
24678;Dikili Devlet Hastanesi;39.0603691116275;26.8897289367325;1
24679;Lise;39.064857095174;26.8930268973045;1
30001;Bornova Metro;38.4583908495032;27.2141708827857;1
30002;Bornova Metro;38.4584083249675;27.2143498957721;1
30003;Bornova Metro;38.4584906671652;27.2144610583543;1
30004;Bornova Metro;38.4584818446258;27.2143208902841;1
30005;Bornova Metro;38.4584736855398;27.2141955910171;1
30006;Bornova Metro;38.4584410394289;27.2139271985359;1
30007;Bornova Metro;38.4585394752359;27.2138512545053;1
30008;Bornova Metro;38.4585469851976;27.2139951850932;1
30009;Bornova Metro;38.4585668851242;27.2141837844446;1
30010;Bornova Metro;38.4585822207225;27.214346611206;1
30011;Bornova Metro;38.4586762727643;27.2143020137105;1
30012;Bornova Metro;38.4586529414544;27.2141200379925;1
30013;Bornova Metro;38.4586317172639;27.2138782330793;1
30014;Bornova Metro;38.4587678548766;27.213824926173;1
30015;Bornova Metro;38.4588090501735;27.2141920861203;1
30016;Bornova Metro;38.4587421283152;27.2146681668409;1
30017;Bornova Metro;38.4586273236545;27.2146634792319;1
30018;MTK Birinci Giriş;38.4257;27.1821;1
30019;MTK Birinci Giriş;38.4256;27.1818;1
30020;Meriç Mahallesi Çeşme;38.4252;27.185;1
30021;MTK İkinci Giriş;38.4251;27.1853;1
30022;Evrenesoğlu Ortaokulu;38.4251;27.1881;1
30023;Evrenesoğlu Ortaokulu;38.425;27.1879;1
30024;Kokluca Mezarlığı;38.4257;27.1908;1
30025;Kokluca Mezarlığı;38.426073;27.192338;1
30026;Şehitler;38.4264;27.1944;1
30027;Şehitler;38.4261007086752;27.1957001249262;1
30028;Havuzlu Kahve;38.4257;27.1978;1
30029;Havuzlu Kahve;38.4257;27.1984;1
30030;Altındağ Belediyesi;38.4257;27.2007;1
30031;Altındağ Belediyesi;38.425632;27.201382;1
30032;Şehitler Ortaokulu;38.4257;27.2038;1
30034;Mimar Sinan Mesleki ve Teknik Anadolu Lisesi;38.42536473353;27.207113081299;1
30035;Şehitler Ortaokulu;38.4256;27.2038;1
30036;Egemenlik;38.4283377588246;27.213837040971;1
30037;Mimar Sinan Mesleki ve Teknik Anadolu Lisesi;38.4252307328987;27.2070140822717;1
30038;Koyuncu;38.430792;27.221308;1
30040;Işıkkent Benzinlik;38.4316;27.2263;1
30041;Egemenlik;38.4278407579667;27.2140970421301;1
30042;Efes;38.4353;27.2342;1
30043;Işıkkent Benzinlik;38.43;27.2192;1
30044;Pınar Süt;38.4371;27.2398;1
30045;Metaş;38.4309;27.2247;1
30046;Akasya;38.4385;27.2449;1
30047;Işıkkent Mezarlık;38.432;27.2278;1
30048;Ege Endüstri;38.4389;27.2505;1
30049;Tuborg;38.4351;27.2346;1
30050;BMC;38.4391129029546;27.2535038257884;1
30051;Pınar Süt;38.4371048591772;27.2409028880391;1
30052;Beko;38.4406;27.2666;1
30053;Etap;38.4381;27.2445;1
30054;Mezarlık;38.4426;27.2779;1
30055;Ege Endüstri;38.4387;27.2499;1
30056;Beşinci Sanayi;38.441429;27.270675;1
30057;BMC;38.438854;27.253387;1
30058;Jandarma;38.4462;27.2893;1
30059;Arçelik;38.4404;27.2661;1
30060;Defne;38.4489;27.294;1
30061;Beşinci Sanayi;38.4414;27.271;1
30062;Otogar Kavşağı;38.4270267476106;27.2108930587573;1
30063;Mezarlık;38.442524;27.278345;1
30065;Jandarma;38.4455;27.2888;1
30067;Defne;38.448618;27.294255;1
30068;Jant Fabrikası;38.4398;27.2616;1
30069;Jant Fabrikası;38.4396;27.262;1
30073;Tulumba Mevki;38.479957;27.246372;1
30074;Tulumba Mevki;38.48009;27.246334;1
30075;Yeni Mezarlık;38.486457;27.257214;1
30082;Beşinci Sanayi Giriş;38.443714;27.283494;1
30083;Beşinci Sanayi Giriş;38.4433;27.2833;1
30101;Yeni Kent;38.447;27.179;1
30102;Yeni Kent;38.4478;27.1798;1
30108;Benzinlik;38.4495;27.1841;1
30110;Hayat Ağacı;38.4511007521879;27.188300045955;1
30123;Miralay Fethi Bey;38.42772267769;27.1803611824768;1
30124;Miralay Fethi Bey;38.4277730206033;27.1799505991297;1
30127;Birinci Sanayi Sitesi;38.4301;27.1805;1
30128;Birinci Sanayi Sitesi;38.4301;27.1802;1
30129;Taç Sanayi;38.4317;27.18064;1
30130;Taç Sanayi;38.4320006883152;27.1805001648222;1
30131;Çamdibi Sağlık Ocağı;38.43520069634;27.1807001507997;1
30132;Çamdibi Sağlık Ocağı;38.4349;27.1805;1
30133;Mersinli;38.437567737038;27.1807261991411;1
30134;Mersinli;38.438;27.1804;1
30135;Stadyum İstasyon;38.442000710928;27.1803001235163;1
30136;Stadyum İstasyon;38.4415;27.18;1
30137;Bölge İdare Mahkemesi;38.4442007165815;27.1806001124737;1
30138;Bölge İdare Mahkemesi;38.4432067297717;27.1799622509951;1
30139;Üçüncü Sanayi;38.4464;27.1812;1
30140;Üçüncü Sanayi;38.4458;27.181;1
30149;Kamil Tunca Bulvarı;38.433;27.1817;1
30150;Kamil Tunca Bulvarı;38.4330956957812;27.1825641514773;1
30151;Gürbüz;38.433;27.1865;1
30152;Gürbüz;38.4331007051533;27.1865001345773;1
30153;Kartal;38.4321;27.1913;1
30154;Kartal;38.4324;27.1907;1
30155;Çamdibi Esnaf Odası;38.4315;27.194;1
30156;Çamdibi Esnaf Odası;38.4317;27.1936;1
30157;Umut;38.430806;27.196904;1
30158;Umut;38.431;27.1967;1
30159;Kahveler;38.430265;27.199239;1
30160;Kahveler;38.4304;27.1994;1
30161;Park;38.4295;27.2029;1
30162;Park;38.430009;27.201107;1
30163;Altındağ Atatürk Kültür Merkezi STK Yerleşke;38.4285492578728;27.2065999228458;1
30164;Altındağ Atatürk Kültür Merkezi STK Yerleşke;38.4287007422601;27.2067000685967;1
30165;Bulvar;38.4276007495868;27.2110000558027;1
30166;Bulvar;38.42806;27.210149;1
30179;Burak Reis;38.4373;27.1835;1
30181;Havuzlu Kahve;38.4375;27.1864;1
30183;Sıdıka Rodop Lisesi;38.4374;27.1884;1
30185;Pazar Yeri;38.4375;27.1913;1
30187;Dispanser;38.4384;27.1943;1
30189;PTT;38.4393;27.1961;1
30200;Mersinli Cami;38.4398684016362;27.1814094507386;1
30202;Havuzlu Kahve;38.4395516378105;27.1843087496127;1
30204;Dispanser;38.4394360665024;27.1865280433585;1
30206;Yıldırım Beyazıt Cami;38.4397;27.1902;1
30208;Şehit Piyade Ferhat Altın;38.4397007352769;27.1921000818006;1
30210;Birlik Cami;38.4407;27.195;1
30212;Sanayi Sitesi;38.4422;27.197;1
30214;Yıldırım;38.4394820301388;27.188265772686;1
30219;Rafet Paşa;38.4410475479998;27.1995065330897;1
30220;Rafet Paşa;38.4419;27.2002;1
30221;Yeşilova;38.439;27.2018;1
30222;Yeşilova;38.4389;27.2019;1
30223;Sevgi;38.4358;27.2026;1
30224;Sevgi;38.4357;27.2027;1
30225;Birlik;38.4324;27.2028;1
30226;Birlik;38.4332;27.203;1
30227;Çimentaş Lisesi;38.43;27.2031;1
30228;Çimentaş Lisesi;38.4317;27.203;1
30229;Ağaçlıyol Benzinlik;38.4430779366964;27.1842927291981;1
30231;Tedaş;38.4442;27.1885;1
30233;Tuz Fabrikası;38.446;27.1922;1
30235;İkinci Sanayi;38.448338;27.192034;1
30237;Karayolları;38.449;27.1936;1
30239;Devlet Su İşleri;38.449071;27.197702;1
30241;DYO Fabrikası;38.449674;27.199452;1
30243;Sedir;38.4519;27.2013;1
30245;Bölge Metro İstasyonu;38.4541;27.2041;1
30253;İstasyon;38.4426;27.1809;1
30254;Ağaçlıyol Benzinlik;38.4440007237833;27.1836000999722;1
30255;Ege Üniversitesi Hastanesi;38.4577;27.2098;1
30256;Ağaçlıyol Üstgeçit;38.4453007324118;27.1858000842773;1
30258;Tedaş;38.4468007423985;27.1883000661963;1
30260;Sanayi Metro İstasyonu;38.4479007497213;27.1901000529892;1
30262;Karayolları;38.4502007650938;27.1938000253971;1
30264;Tarım İl Müdürlüğü;38.4512;27.1954;1
30266;Zeytincilik;38.4522;27.1972;1
30268;Sedir;38.45382562632;27.1997721626543;1
30270;Bölge Metro İstasyonu;38.4547;27.2012;1
30272;Ege Üniversitesi Hastanesi;38.4572;27.208;1
30279;Adliye;38.4498;27.1799;1
30280;Adliye;38.45;27.1796;1
30281;Halide Edip Adıvar;38.451843;27.178908;1
30282;Halide Edip Adıvar;38.452172;27.178447;1
30283;Bayraklı Depo;38.4559;27.1766;1
30284;Bayraklı Depo;38.4559;27.1764;1
30285;Manas;38.4581;27.1752;1
30286;Manas;38.457904;27.175072;1
30288;Ozan Abay;38.44665;27.173332;1
30289;Smyrna;38.461;27.1728;1
30290;Smyrna;38.4604;27.1732;1
30291;Şehit Musa Can;38.4493;27.1741;1
30292;Şehit Musa Can;38.4494;27.1736;1
30296;Slovakya Konsolosluğu;38.453658;27.173038;1
30298;Şehit Polis Fethi Sekin;38.4506;27.1781;1
30299;Adalet Mahallesi;38.4554;27.1789;1
30300;Adalet Mahallesi;38.4556;27.179;1
30301;Şehit Hakan Ünal;38.4561514272666;27.1828812294219;1
30302;Şehit Hakan Ünal;38.4565737520302;27.1839080397243;1
30303;Şehit Murat Aslantürk;38.4577;27.187;1
30304;Şehit Polis Fethi Sekin;38.4505;27.1788;1
30305;Çamkıran;38.4591;27.1918;1
30306;Şehit Murat Aslantürk;38.458029;27.18692;1
30308;Çamkıran;38.4592;27.1915;1
30309;Örnekköy Şehit İncekara İlkokulu;38.4174118590918;27.4683874406914;1
30317;Mustafa Kemal Anadolu Lisesi;38.4601007937864;27.1958999664081;1
30318;Mustafa Kemal Anadolu Lisesi;38.4602007931357;27.1955999672864;1
30319;Çağdaş;38.4609;27.2015;1
30320;Çağdaş;38.4609;27.2006;1
30321;Bornova Stadı;38.4614;27.2054;1
30322;Bornova Stadı;38.4617;27.2055;1
30323;Bornova Kültür Merkezi;38.4629564450673;27.210344848693;1
30324;Bornova Kültür Merkezi;38.4634585642061;27.2117436769111;1
30325;Bornova İzsu;38.4639;27.2139;1
30326;Bornova İzsu;38.4641;27.2139;1
30330;112 Acil Çağrı Merkezi Müdürlüğü;38.4534109574439;27.2550077384339;1
30332;Çimento Fabrikası;38.453075;27.264538;1
30333;Osman Kibar Kavşağı;38.4613;27.2296;1
30334;Osman Kibar Kavşağı;38.4622;27.228;1
30335;Bölge Trafik;38.459429478038;27.2396722516228;1
30336;Bölge Trafik;38.4598;27.2398;1
30337;Atölye;38.4588;27.2434;1
30338;Atölye;38.459;27.2441;1
30339;Park;38.4582;27.2468;1
30340;Dördüncü Sanayi Kavşağı;38.4574;27.2525;1
30341;Dördüncü Sanayi Kavşağı;38.4571;27.2525;1
30342;Terbay;38.4556;27.2566;1
30343;Mermerci;38.45195;27.26683;1
30344;Terbay;38.4558;27.2572;1
30345;İzbeton;38.44966;27.28677;1
30346;İzbeton;38.44985;27.28759;1
30348;Belkahve Çay Bahçesi;38.4536;27.3157;1
30350;Maliye;38.461546;27.335414;1
30351;Belkahve Çay Bahçesi;38.4532;27.3168;1
30352;Fabrika;38.4619513010489;27.338189327172;1
30353;Maliye;38.4611012832931;27.3348993473926;1
30354;Park;38.4584509432209;27.2473534025194;1
30355;Çimento Fabrikası;38.452716;27.264389;1
30373;Topçu Birliği;38.47;27.2287;1
30377;Mezarlık;38.482681;27.244095;1
30378;Dostlar Sitesi;38.4846;27.247;1
30379;Dostlar Sitesi;38.4854;27.24955;1
30384;Karaçam Giriş;38.5088991828425;27.2696292980643;1
30402;MTK Giriş;38.425383;27.181321;1
30403;MTK Giriş;38.4256;27.1805;1
30404;Katip;38.4242;27.1814;1
30405;Katip;38.4243;27.1815;1
30406;MTK Trafo;38.4226066673297;27.1814161977135;1
30407;MTK Trafo;38.4224216667274;27.181354198666;1
30408;Tekstilciler Cami;38.4218;27.184;1
30409;Tekstilciler Cami;38.4218;27.1836;1
30410;Tekstilciler Çarşısı;38.4196;27.1881;1
30411;Tekstilciler Çarşısı;38.4197;27.1878;1
30412;MTK Çarşısı;38.4194;27.1864;1
30413;MTK Çiçek;38.4217;27.186;1
30414;MTK Çiçek;38.4218;27.1859;1
30416;Çamkule Pazar Yeri;38.418171;27.188992;1
30419;Levent Kara Sağlık Ocağı;38.417327;27.18893;1
30420;Levent Kara Sağlık Ocağı;38.4164;27.1895;1
30421;Çamkule;38.4149;27.1908;1
30422;Çamkule;38.4149;27.1909;1
30423;Zeytintepe;38.41414;27.19487;1
30424;Zeytintepe;38.4143;27.1946;1
30425;Merkez Cami;38.4156780072425;27.1968059344939;1
30426;Merkez Cami;38.415700682301;27.1970001606934;1
30427;Çiçek;38.4165;27.1987;1
30428;Çiçek;38.4166;27.1988;1
30435;İğdeli;38.4146;27.1897;1
30436;İğdeli;38.4145;27.1896;1
30437;Çamkule Eski Son Durak;38.4146;27.1883;1
30438;Çamkule Eski Son Durak;38.4145;27.1882;1
30440;Çamkule Son Durak;38.4118;27.1898;1
30445;Mezarlık;38.4243;27.19;1
30446;Mezarlık;38.4243;27.1901;1
30447;İncir;38.423;27.1909;1
30448;İncir;38.423;27.191;1
30449;Asmalı;38.4229;27.1935;1
30450;Asmalı;38.423;27.1936;1
30451;Kandere Parkı;38.4228;27.1956;1
30452;Kandere Parkı;38.4227;27.1957;1
30454;Kandere;38.4211;27.1987;1
30461;Yener Caddesi;38.4234;27.2049;1
30462;Yener Caddesi;38.4236;27.2049;1
30463;Zafer Parkı;38.4218;27.205;1
30464;Zafer Parkı;38.4216;27.2051;1
30471;Yener;38.4202;27.203;1
30472;Altındağ;38.4171;27.2025;1
30473;Kızılcık;38.4182;27.2012;1
30474;Tek Yön;38.41959134066;27.2040812400571;1
30475;Merkez Mahallesi Muhtarlık;38.4167;27.2013;1
30477;Altındağ İlkokulu;38.4171858366439;27.2006773772726;1
30483;Mescid-i Aksa Cami;38.4271;27.2045;1
30484;Mescid-i Aksa Cami;38.4269;27.2047;1
30489;Okçu;38.4353;27.2045;1
30490;Okçu;38.4355;27.2048;1
30491;Market;38.4360017669834;27.2082570293179;1
30492;Egemenlik;38.4361387669999;27.2081150292854;1
30499;Yeşilova Höyüğü;38.441177;27.209993;1
30500;Yeşilova Höyüğü;38.441092;27.209896;1
30501;Karacaoğlan;38.4421;27.2098;1
30502;Karacaoğlan;38.4421;27.2097;1
30504;Caner;38.43;27.2362;1
30508;Kuzey;38.4269;27.2424;1
30509;Kuzey;38.4264;27.2407;1
30510;Ayakkabıcılar Sitesi Son Durak;38.430174;27.238015;1
30511;Otogar;38.4309;27.213;1
30512;Işıkkent Mezarlık;38.4301;27.2279;1
30513;Turanlar;38.4305007927293;27.224499987657;1
30514;Yıldız;38.426993;27.229681;1
30515;Işıkkent Mezarlık;38.4295007983852;27.2278999786206;1
30516;Işıkkent;38.4258407207722;27.2305770956714;1
30517;Yıldız;38.42696;27.229564;1
30518;Hatice Güzelcan Anadolu Lisesi;38.4262008011755;27.2331999730726;1
30519;Işıkkent;38.4258007933714;27.2306999848354;1
30520;Yener;38.4247;27.2351;1
30521;Hatice Güzelcan Anadolu Lisesi;38.4261008003165;27.2329999743348;1
30522;Tır Garajı;38.4246;27.247;1
30523;Yener;38.4246;27.2351;1
30524;Sanayi;38.42327;27.25192;1
30525;Tır Garajı;38.4245;27.2467;1
30526;Pınarbaşı Mezarlığı;38.4239;27.25612;1
30527;Sanayi;38.42328;27.25214;1
30528;Gürpınar;38.424770871754;27.2614598706018;1
30529;Pınarbaşı Mezarlığı;38.42374;27.25628;1
30531;Duyar;38.42517;27.23929;1
30532;Duyar;38.42518;27.23922;1
30533;Meltem;38.4277;27.2393;1
30534;Meltem;38.428;27.2392;1
30536;Egemenlik;38.4281;27.2359;1
30539;Gürpınar;38.4247;27.26152;1
30540;Kara Nakliyeciler;38.4249;27.2427;1
30541;Kara Nakliyeciler;38.4248;27.2426;1
30543;Yunus Emre;38.4437;27.2287;1
30544;Köprü;38.443767;27.228889;1
30545;İzeltaş Mağaza;38.4368;27.2266;1
30546;İzeltaş;38.4336;27.2282;1
30547;İzeltaş;38.4336;27.228;1
30548;İzeltaş Mağaza;38.4368;27.2267;1
30549;Pınarbaşı Kara Ali Camii;38.4274941061787;27.2646320137671;1
30550;Pınarbaşı Kara Ali Camii;38.426631;27.264081;1
30551;Ayakkabıcılar Sitesi;38.42438;27.239805;1
30552;Ayakkabıcılar Sitesi;38.424571;27.239711;1
30553;Yeşil Köşk;38.4579;27.2161;1
30554;Yeşil Köşk;38.4576875204856;27.2162499488671;1
30555;Öğrenci Köyü;38.4504;27.2181;1
30556;Öğrenci Köyü;38.4507;27.2182;1
30557;Bornova Anadolu Lisesi;38.4472008287502;27.2192999273706;1
30558;Bornova Anadolu Lisesi;38.44832347248;27.2191285013203;1
30559;Eser;38.4461;27.2257;1
30560;Eser;38.4462;27.226;1
30561;Selçuk Yaşar Boyacılık EML;38.4457;27.2226;1
30562;Selçuk Yaşar Boyacılık EML;38.4457;27.2225;1
30586;Hasan Tahsin Özel Eğitim Okulu;38.450399;27.223397;1
30588;Görme Engelliler Okulu;38.45025;27.221617;1
30589;Okullar;38.45;27.2199;1
30590;Okullar;38.450076;27.219812;1
30591;Hasan Tahsin Özel Eğitim Okulu;38.45037;27.22304;1
30592;Görme Engelliler Okulu;38.4505;27.2221;1
30593;Okul;38.4498878600788;27.2273608781768;1
30594;Okul;38.4500778600586;27.2271668780104;1
30595;Adliye Lojmanları;38.4506;27.2301;1
30596;Adliye Lojmanları;38.450704;27.229706;1
30597;Çağla;38.4481;27.2308;1
30598;Çağla;38.4482;27.231;1
30601;Sarılar;38.4492;27.2357;1
30602;Sarılar;38.4493;27.2357;1
30603;Mevlana Mahallesi Cami;38.4503;27.2385;1
30604;Mevlana Mahallesi Cami;38.4503;27.2386;1
30605;Alt Geçit;38.451;27.2416;1
30606;Alt Geçit;38.4509;27.241;1
30607;Elif;38.4513;27.2443;1
30608;Elif;38.4514;27.2444;1
30610;Doğanlar PTT;38.4519;27.2484;1
30611;Hasanağa Camii;38.4479;27.2336;1
30612;Hasanağa Camii;38.448;27.2337;1
30613;Aktar;38.4514;27.2464;1
30614;Aktar;38.4515;27.2466;1
30619;Doğanlar Hurdacılar Sitesi Cami;38.4521469603387;27.257217736354;1
30620;Doğanlar Hurdacılar Sitesi Cami;38.4521979601688;27.2571117365088;1
30621;Doğanlar Dört Yol;38.453218;27.250458;1
30622;Doğanlar Dört Yol;38.4533770147823;27.2506617348335;1
30623;Mezarlık;38.4561;27.2511;1
30624;Mezarlık;38.455998;27.251409;1
30627;Papatya;38.451361934245;27.2499407721763;1
30628;Papatya;38.4508174848788;27.2509814729644;1
30630;Doğanlar Pazaryeri;38.4451;27.2505;1
30631;Doğanlar Pazaryeri;38.445;27.2506;1
30633;Hüsnü Bornovalı İ.Ö.O;38.4492529352878;27.2525017732994;1
30634;Hüsnü Bornovalı İlköğretim Okulu;38.4491369356527;27.2527417729415;1
30635;Depo;38.4468;27.2528;1
30636;Depo;38.446829;27.252984;1
30637;Bezirgan;38.4446;27.2539;1
30638;Bezirgan;38.4444;27.2541;1
30639;Metal;38.4419;27.2558;1
30640;Metal;38.442011;27.255858;1
30641;Fabrika;38.4403;27.2563;1
30642;Fabrika;38.4401;27.2563;1
30643;Pınarbaşı Kavşak;38.437633;27.25649;1
30644;Pınarbaşı Kavşak;38.43759;27.256654;1
30645;Fincancılar;38.436;27.2573;1
30646;Fincancılar;38.4359;27.2574;1
30647;Termak;38.4334;27.2594;1
30648;Termak;38.433258;27.259732;1
30649;Pınarbaşı Depolar;38.4313;27.2622;1
30650;Pınarbaşı Depolar;38.4311;27.2627;1
30652;Çamlık Alan Parkı 2;38.4297650035948;27.2648511400581;1
30654;BMC 2;38.43993;27.252477;1
30670;Kent Bahçeleri;38.4312808869441;27.271664835833;1
30671;Aziz Erol Güzelcan Mesleki ve Teknik Anadolu Lisesi;38.4294724484135;27.2656819113419;1
30672;Aziz Erol Güzelcan Mesleki ve Teknik Anadolu Lisesi;38.4301567407499;27.2676754803527;1
30673;Kent Bahçeleri;38.4299;27.2696;1
30676;Güzeller;38.4293839219429;27.2724758039092;1
30677;Güzeller;38.4289239199295;27.2724338065985;1
30678;Demirler;38.4266;27.274;1
30679;Demirler;38.4265;27.2742;1
30680;Pınarbaşı Kültür Merkezi;38.4286009282425;27.2756997959039;1
30681;Pınarbaşı Kültür Merkezi;38.4287009289571;27.2757997949687;1
30682;Siteler;38.431;27.2746;1
30683;Siteler;38.4314319364708;27.2745267846404;1
30684;Market;38.4325022458006;27.2753007692201;1
30685;Market;38.4325720390728;27.2755164844093;1
30686;Göçmen;38.4334;27.2771;1
30687;Göçmen;38.4332;27.2769;1
30688;Şen;38.4344;27.2784;1
30689;Şen Market;38.43437;27.27853;1
30690;Beşinci Sanayi Sitesi;38.4388;27.2798;1
30691;Pınarbaşı Sanayi Giriş;38.4364;27.2801;1
30692;Pınarbaşı Sanayi Giriş;38.4365875051863;27.279905360143;1
30693;Karakovan;38.3315637986968;27.4562173175272;1
30694;Park;38.4373;27.2783;1
30695;Karakovan;38.3313277283133;27.4564960618375;1
30696;Piyade Teğmen Mehmet Terzioğlu;38.4392826487025;27.3934167229557;1
30697;Piyade Teğmen Mehmet Terzioğlu;38.4394353293136;27.3933782376947;1
30701;Ulaştırma;38.4444509703163;27.2688927324798;1
30702;Ulaştırma;38.444607;27.268981;1
30703;Topçu Taburu;38.4501129734611;27.2634257219101;1
30704;Topçu Taburu;38.4501906863181;27.2637967478883;1
30705;Bornova Doğanlar Stadyum;38.447188;27.263412;1
30706;Bornova Doğanlar Stadyum;38.447192;27.263586;1
30707;Sivil Savunma;38.4463;27.265;1
30708;Sivil Savunma;38.446421;27.26496;1
30709;Yeşilçam Muhtarlık;38.4469;27.2982;1
30710;Yeşilçam Muhtarlık;38.447;27.2981;1
30711;Yeşilçam Market;38.4474;27.3004;1
30712;Yeşilçam Market;38.4475;27.3003;1
30713;Yeşilçam Eczane;38.4475;27.2957;1
30714;Aşağıkızılca Fabrika;38.40767;27.516105;1
30715;Aşağıkızılca Fabrika;38.407621;27.515943;1
30716;Yeşilçam Eczane;38.4475;27.296;1
30717;Kavaklıdere Köyü Cami;38.449117;27.316618;1
30718;Kavaklıdere Köyü Cami;38.449267;27.316644;1
30719;Saliha Hüseyin Özyavuz Ortaokulu;38.4508011572961;27.3150995030664;1
30720;Saliha Hüseyin Özyavuz Ortaokulu;38.4507531562803;27.3148865042625;1
30721;Oya;38.4505;27.3081;1
30722;Oya;38.4506;27.308;1
30725;Dostlar;38.4492;27.3119;1
30726;Dostlar;38.4492;27.312;1
30727;Kavaklıdere;38.4493;27.3149;1
30728;Kavaklıdere;38.4494;27.315;1
30729;Yeşilçam Orman;38.4482;27.3042;1
30730;Yeşilçam Orman;38.4482;27.304;1
30731;Kavaklıdere Mezarlık;38.4514;27.3053;1
30732;Kavaklıdere Mezarlık;38.451431;27.305613;1
30733;İncir;38.44982;27.318645;1
30734;İncir;38.4497;27.3181;1
30735;Istaş;38.4617548367847;27.3468677922935;1
30736;Istaş;38.4618478365839;27.346730791974;1
30739;Mopak Mesleki ve Teknik Anadolu Lisesi;38.4610580254955;27.3536537866166;1
30740;Mopak Mesleki ve Teknik Anadolu Lisesi;38.4611013714763;27.3556992605401;1
30741;Pakmaya;38.4575;27.359;1
30742;Pakmaya;38.4576;27.3591;1
30743;Pepsi;38.455015;27.362739;1
30744;Pepsi;38.4545;27.3644;1
30745;Anıt;38.450992;27.371948;1
30746;Anıt;38.451186;27.372042;1
30747;Kızıl Üzüm;38.4472;27.3765;1
30748;Kızıl Üzüm;38.4471;27.3768;1
30749;Master;38.440537;27.38849;1
30750;Master;38.440648;27.388687;1
30751;Demirci;38.4347944174937;27.4025062924774;1
30752;Demirci;38.4348954192869;27.402767290737;1
30753;Çınarköy Yolu;38.4323479940653;27.4050753761686;1
30754;Çınarköy Yolu;38.433447;27.404238;1
30755;Kemalpaşa Havuz;38.4307;27.4087;1
30756;Kemalpaşa Havuz;38.4308;27.4088;1
30757;Sekiz Eylül İlkokulu;38.429331417889;27.4113783071169;1
30758;Sekiz Eylül İlkokulu;38.4291014189142;27.4119993069421;1
30759;Osmanlı Parkı;38.42828;27.414585;1
30760;Osmanlı Parkı;38.428;27.4156;1
30761;Cumhuriyet;38.4273;27.4174;1
30762;Cumhuriyet;38.4272;27.4181;1
30763;Çeşme;38.4255753210292;27.4217195823714;1
30764;Çeşme;38.4261454221724;27.4209012995466;1
30765;Manav;38.4250837300298;27.4244412471106;1
30767;Manav;38.4251434977673;27.4241702604136;1
30768;Şehitler Parkı;38.4250774517658;27.4264682932969;1
30769;Şehitler Parkı;38.424901451452;27.4266992940522;1
30770;Kemalpaşa;38.4237;27.4296;1
30771;Kemalpaşa;38.4236;27.4293;1
30772;Elit Koleji;38.4380855912431;27.3970129923985;1
30773;Elit Koleji;38.4377014148395;27.39739928672;1
30774;Tekel;38.453169;27.367903;1
30775;Tekel;38.453079;27.367614;1
30776;Benzinlik;38.4257;27.6634;1
30777;Benzinlik;38.4254862355744;27.6633172928202;1
30778;Rıfat Ilgaz Son Durak;38.4336434228401;27.4055682913002;1
30779;İnlik;38.4098018684497;27.5421991093879;1
30780;İnlik;38.4098018658068;27.5416991106536;1
30781;Tropikal Sitesi;38.395;27.4896;1
30782;Tropikal Sitesi;38.3949;27.49;1
30783;Beşevler;38.4106184799717;27.5462984610925;1
30784;Beşevler;38.4109019047068;27.5467990855414;1
30785;Tokmakalan;38.4274485755488;27.6662971234231;1
30786;Tokmakalan;38.4275;27.6661;1
30787;Yol Ayrımı;38.421627;27.436404;1
30788;Yol Ayrımı;38.4218;27.4362;1
30789;Dolmuş Garajı;38.4222;27.4421;1
30790;Dolmuş Garajı;38.42243;27.442437;1
30791;Demirli Çay;38.4213975160723;27.4476112589751;1
30792;Demirli Çay;38.4214504562421;27.4477638649859;1
30793;Örnekköy Girişi;38.4184;27.461;1
30794;Nalbant;38.42;27.4542;1
30795;Örnekköy;38.4178;27.4657;1
30796;Örnekköy Girişi;38.4185;27.4611;1
30797;Örnekköy Spor Tesisi;38.4175265546432;27.4710844230143;1
30798;Örnekköy;38.417767;27.466098;1
30799;Örnekköy Spor Tesisi;38.4175015921957;27.4714992232473;1
30800;Armutlu Mezarlık;38.4085;27.5223;1
30801;Armutlu Mezarlık;38.4083;27.5223;1
30802;Armutlu Merkez;38.4080494946842;27.5323934450758;1
30803;Armutlu Merkez;38.4074;27.5283;1
30804;Armutlu Ortaokulu;38.4078661391495;27.5345041679901;1
30805;Armutlu Ortaokulu;38.4079018031171;27.533499151899;1
30806;Dere Ağızı;38.4123019622725;27.5545990498391;1
30807;Dere Ağızı;38.4121060868835;27.5545110419457;1
30808;Arap Çeşmesi;38.4141;27.5669;1
30809;Arap Çeşmesi;38.4139;27.5667;1
30810;Şato;38.4126;27.5741;1
30811;Şato;38.4126;27.5739;1
30812;Ören;38.41;27.5837;1
30813;Ören;38.4099678700715;27.5835805533029;1
30814;Ören Belediye;38.4087;27.585;1
30815;Ören Belediye;38.4086;27.585;1
30816;Ören İlkokulu;38.4083021168856;27.5897990098417;1
30817;Ören İlkokulu;38.4083021151264;27.5894990105575;1
30818;Ahmallı;38.4097784866265;27.5976923318286;1
30819;Ahmallı;38.4094;27.5962;1
30820;Yiğitler Giriş;38.4129;27.6073;1
30821;Yiğitler Giriş;38.4127485132762;27.6073249679969;1
30822;Yiğitler;38.4129719307806;27.6123946375551;1
30823;Yiğitler;38.412799;27.61279;1
30824;Sanayi;38.4147;27.6188;1
30825;Sanayi;38.4148;27.6183;1
30826;Benzinlik;38.414;27.621;1
30827;Benzinlik;38.4138912478089;27.6211755022716;1
30828;Bağyurdu Spor Tesisleri;38.4139;27.6268;1
30829;Bağyurdu Spor Tesisleri;38.4138;27.6266;1
30830;Kazım Dirik İlköğretim Okulu;38.414652;27.630075;1
30831;Kazım Dirik İlköğretim Okulu;38.4145;27.631;1
30832;Bağyurdu Üçyol;38.4149;27.6346;1
30833;Bağyurdu Üçyol;38.4147;27.6341;1
30834;Bağyurdu Cami;38.4147322694964;27.6371021027372;1
30835;Bağyurdu Cami;38.414664;27.637764;1
30836;Bağyurdu Son Durak;38.415;27.6406;1
30837;Bağyurdu Son Durak;38.4148;27.6407;1
30838;Durmuşlar;38.416;27.6451;1
30839;Durmuşlar;38.4159;27.645;1
30844;Değirmen;38.4222700035745;27.6605083651363;1
30845;Değirmen;38.4224;27.661;1
30846;Yeşilyurt;38.4323;27.6724;1
30847;Yeşilyurt;38.4322628313828;27.6726174838851;1
30848;Halilbeyli İlkokulu;38.4364030172349;27.6698984099956;1
30849;Halilbeyli İlkokulu;38.436549227606;27.6697452004611;1
30850;Halilbeyli Son Durak;38.4374068742993;27.6684845849235;1
30851;Kemalpaşa Belediyesi;38.4232;27.4334;1
30852;Sedir;38.389327;27.504762;1
30853;Nalbant;38.4199593875326;27.454386137119;1
30854;Kemalpaşa Belediyesi;38.4234;27.4331;1
30855;Sarı Gül;38.417;27.4735;1
30856;Aşağı Kızılca Koruluk;38.400868;27.514598;1
30857;Sedir;38.3894;27.5047;1
30858;Aşağı Kızılca Yol Ayrımı;38.4097127966789;27.5177247320449;1
30859;Aşağı Kızılca Çam;38.400889;27.514732;1
30860;Armutlu Sağlık Ocağı;38.4078;27.5249;1
30861;Aşağı Kızılca Yol Ayrımı;38.4096666599835;27.5178170638727;1
30862;Armutlu Park;38.4076;27.529;1
30863;Armutlu Sağlık Ocağı;38.4076;27.5248;1
30864;Sulu Dere Yol Ayrımı;38.4125;27.5584;1
30865;Armutlu Şehitlik;38.408254;27.537032;1
30866;Akçeşme;38.408524;27.593436;1
30867;Sulu Dere Yol Ayrımı;38.4124;27.5585;1
30869;Akçeşme;38.4083424002044;27.5933288038367;1
30870;Yiğitler Demirci;38.4147179796342;27.6153355724605;1
30871;Yiğitler Demirci;38.4142356089689;27.6153255139452;1
30872;Sarı Gül;38.417156;27.473381;1
30873;Palmiye;38.3924;27.4915;1
30874;Palmiye;38.39213;27.492634;1
30875;Kırcanlar;38.405726;27.514461;1
30876;Kırcanlar;38.4057028846138;27.5145519370119;1
30877;Yukarı Kızılca;38.414473;27.479278;1
30878;Yukarı Kızılca;38.4148;27.4793;1
30879;Kooperatif;38.410828;27.481687;1
30880;Kooperatif;38.410898;27.481825;1
30881;Huzur;38.4029;27.4872;1
30882;Huzur;38.4031;27.4873;1
30883;Villa;38.399865;27.487871;1
30884;Villa;38.3999;27.4877;1
30885;Yukarı Kızılca Ortaokulu;38.3880997183426;27.495652182821;1
30886;Yukarı Kızılca Ortaokulu;38.3878836648424;27.4957200787851;1
30887;Yukarı Kızılca Jandarma;38.3859488984902;27.4967881269439;1
30888;Yukarı Kızılca Jandarma;38.386869;27.496602;1
30889;Yukarı Kızılca Belediye;38.3855584101771;27.4981624553812;1
30890;Yukarı Kızılca Belediye;38.38556900763;27.4980219390859;1
30891;Trafo;38.3862;27.5024;1
30892;Trafo;38.3859;27.5019;1
30893;Restoran;38.394408;27.51128;1
30894;Restoran;38.3944335562963;27.5111383430382;1
30895;Şen;38.3965;27.5127;1
30896;Şen;38.396479974969;27.5128355107365;1
30897;Aşağı Kızılca Muhtar;38.3978;27.5137;1
30898;Aşağı Kızılca Muhtarlık;38.3977;27.5136;1
30899;Aşağı Kızılca;38.4026;27.5152;1
30900;Aşağı Kızılca;38.4024;27.5152;1
30901;Ulucak Cumhuriyet;38.472932425817;27.354483171357;1
30902;Ulucak Cumhuriyet;38.4728134254363;27.3545281721231;1
30903;Erze;38.4446631150162;27.3793964687652;1
30904;Erze;38.4453;27.379;1
30905;Kapan Dere;38.385;27.5003;1
30906;Kapan Dere;38.3851;27.5006;1
30907;Şehit Er Bekir VARAL;38.442002;27.382904;1
30908;Şehit Er Bekir VARAL;38.442222;27.382905;1
30910;Örnekköy Şehit İncekara İlkokulu;38.4175505769719;27.4682365772725;1
30911;Yiğitler Bahçeler;38.4098;27.6024;1
30912;Yiğitler Bahçeler;38.4099;27.6023;1
30913;Ulucak Giriş;38.4654173743355;27.3513202449689;1
30914;Ulucak Giriş;38.465;27.3509;1
30915;Ulucak Spor Tesisleri;38.4691013988099;27.3526992098822;1
30916;Ulucak Spor Tesisleri;38.4690127713516;27.3524486587949;1
30917;Güneş;38.4746;27.3553;1
30918;Güneş;38.4745;27.3551;1
30919;Ulucak İlköğretim Okulu;38.477563;27.355958;1
30920;Ulucak İlköğretim Okulu;38.4776;27.3559;1
30921;Ulucak Mezarlık;38.477901465583;27.3577991160904;1
30922;Ulucak Mezarlık;38.4779479986128;27.3577811532762;1
30923;Ulucak Pazar Yeri;38.478;27.3599;1
30924;Ulucak Pazar Yeri;38.4781;27.3598;1
30925;Ulucak Trafo;38.4795;27.3589;1
30926;Ulucak Trafo;38.4793;27.3588;1
30927;İzmir Demokrasi Üniversitesi;38.480103862136;27.358299107421;1
30928;Ulucak Meydan;38.4791404684387;27.3571231088743;1
30930;Ulucak Meydan;38.4791799283594;27.3569202321272;1
30931;Naldöken Kültür Merkezi;38.4530509954415;27.2668696896464;1
30932;Naldöken;38.455514;27.269049;1
30933;Naldöken;38.45345;27.26935;1
30934;Naldöken Kültür Merkezi;38.4533357741549;27.2664949394522;1
30936;Naldöken Mezarlık;38.4577640191864;27.2738980814512;1
30937;Naldöken Meydan;38.4570050256999;27.2715486451984;1
30938;Naldöken Meydan;38.4569980247035;27.2712686464521;1
30939;Karaçam Giriş;38.5094486550198;27.2698093575519;1
30940;Villa;38.5115859177918;27.2695231077847;1
30941;Villa;38.5117118662685;27.269688987455;1
30943;Zirve Kent;38.5131;27.2691;1
30944;Zirve Kent;38.51339;27.26897;1
30945;Trafo;38.516102444165;27.2709829729526;1
30946;Trafo;38.5162794418812;27.2708079229532;1
30947;Karaçam;38.5177789500691;27.2710575675309;1
30948;Kemalpaşa Koleji;38.4408417615386;27.385385301524;1
30949;Kemalpaşa Koleji;38.44070376174;27.3856353017073;1
30950;Karaçam Havuz;38.5143445650598;27.2692966575733;1
30951;Karaçam Havuz;38.5142950924537;27.2693104016025;1
30952;Güzelcan Kardeşler İlköğretim Okulu;38.4305552863107;27.2663323920892;1
30953;Güzelcan Kardeşler İlköğretim Okulu;38.430443920813;27.2662510761327;1
30954;Pınarbaşı Yarış Pisti;38.4328999094;27.2661388128239;1
30955;Piyale;38.46145;27.16923;1
30956;Piyale;38.46132;27.16955;1
30957;Pınarbaşı Yarış Pisti;38.4330119383518;27.2660871991451;1
30958;Pınarbaşı Gökkuşağı;38.4362919310601;27.2672720472513;1
30959;Pınarbaşı Gökkuşağı;38.436245932841;27.2669697873289;1
30960;ESKİ ÇAMDİBİ MEZARLIĞI;38.4387849580512;27.268464501892;1
30961;ESKİ ÇAMDİBİ MEZARLIĞI;38.4379969383656;27.2691197725446;1
30962;Matbaa;38.4631;27.1696;1
30963;Matbaa;38.4634247103113;27.169538377921;1
30964;Pınarbaşı Güldefne;38.4385669710684;27.2713177493614;1
30965;Yunus Keskin Parkı;38.4651;27.168;1
30966;Pınarbaşı Ayçiçeği;38.4408959588933;27.2704950081331;1
30970;Bayraklı Çocuk Parkı;38.4654;27.1682;1
30971;Bayraklı Çocuk Parkı;38.4655;27.1683;1
30974;Dede Fırını;38.4671;27.1711;1
30975;Çorapçı;38.468;27.1737;1
30976;Çorapçı;38.4681105030216;27.1736214696264;1
30977;Şehit Hakan Uysal;38.469;27.176;1
30978;Şehit Hakan Uysal;38.4692;27.1761;1
30979;Heykel;38.4704;27.1783;1
30980;Heykel;38.4706;27.1785;1
30981;Çay Mahallesi;38.4707;27.1799;1
30982;Çay Mahallesi Son Durak;38.4711;27.1806;1
30983;Dede Fırını;38.4671;27.1712;1
30991;Adil Akçamlı;38.4668367029698;27.1660747817514;1
30992;Adil Akçamlı;38.4670230873037;27.1654847983571;1
30993;Mavi Köşe;38.4678;27.167;1
30994;Mavi Köşe;38.468;27.1665;1
30995;Taş Ocağı;38.4689799724602;27.1690256252054;1
30996;Taş Ocağı;38.4684068026213;27.1683419116466;1
30998;Köprü;38.465800712622;27.1635000916687;1
31003;Okul;38.4675090006465;27.1644425415568;1
31004;Okul;38.4675936288906;27.1642561032124;1
31005;Eshot Evleri;38.4689007170742;27.1633000774357;1
31006;Eshot Evleri;38.4690237699998;27.1632319960038;1
31007;Damla;38.4697;27.1622;1
31008;Damla;38.4697;27.1621;1
31009;Süleyman Eczacıbaşı İlköğretim Okulu;38.4705577559572;27.160566535463;1
31010;Süleyman Eczacıbaşı İlköğretim Okulu;38.4705;27.1605;1
31012;Fuat Edip Baksı Son Durak;38.4704;27.1574;1
31013;Bayraklı Siteler;38.46364;27.179456;1
31014;Bayraklı Siteler;38.463365;27.179786;1
31015;Fatih Cami;38.4636;27.1831;1
31016;Fatih Cami;38.4634;27.1831;1
31035;Bayraklı Lisesi;38.466821;27.166965;1
31036;Bayraklı Lisesi;38.466902;27.166968;1
31037;Umut;38.467714;27.168973;1
31038;Umut;38.467755;27.16885;1
31039;Sevgi;38.4684;27.1711;1
31040;Sevgi;38.4685;27.1714;1
31041;Çiçek Mahallesi Son Durak;38.469;27.1734;1
31046;Alparslan Mahallesi Muhtarlık;38.4697;27.1671;1
31047;Alparslan Mahallesi Muhtarlık;38.4698;27.1668;1
31048;PTT Santral;38.4699;27.1652;1
31049;PTT Santral;38.4701;27.1649;1
31050;Atmaca;38.4708;27.1633;1
31051;Atmaca;38.4708;27.1634;1
31052;Altıntepe Cami;38.4717007146215;27.1609000753024;1
31053;Altıntepe Cami;38.4717101459422;27.1609993901594;1
31055;Alpaslan Mahallesi;38.4708;27.1567;1
31062;Alpaslan;38.4713;27.1636;1
31063;Alpaslan;38.4713;27.1635;1
31064;Durmuş Yaşar İlköğretim Okulu;38.4725;27.1608;1
31065;Durmuş Yaşar İlköğretim Okulu;38.4725;27.1612;1
31066;Birkent;38.4729;27.1588;1
31067;Birkent;38.4730557094906;27.1583940809318;1
31068;Yetmiş Beşinci Yıl Parkı;38.474;27.1567;1
31069;Yetmiş Beşinci Yıl Parkı;38.4741007041574;27.1560000876142;1
31070;Cengizhan Yetmiş Beşinci Yıl Lisesi;38.4753;27.1579;1
31071;Cengizhan Yetmiş Beşinci Yıl Lisesi;38.4752;27.1579;1
31072;Birkent 2;38.4729;27.1571;1
31078;Sağlık Ocağı;38.4766;27.1596;1
31079;Sağlık Ocağı;38.4765;27.1596;1
31080;Yasemin;38.4767;27.1638;1
31081;Yasemin;38.4766;27.1637;1
31082;Cengizhan Son Durak;38.4772;27.169;1
31091;Park;38.4733;27.1805;1
31092;Park;38.473366;27.180512;1
31093;Çeşme;38.4753;27.1823;1
31094;Çeşme;38.4754;27.1822;1
31095;Köşe;38.4764;27.1815;1
31096;Köşe;38.4763;27.1814;1
31097;Metaş İlköğretim Okulu;38.4757;27.1805;1
31098;Metaş İlköğretim Okulu;38.4756;27.1807;1
31099;Kasap;38.4748007714244;27.1784999726291;1
31100;Kasap;38.4747807719556;27.1786869718169;1
31101;Dümbüllü;38.4737;27.1762;1
31102;Dümbüllü;38.4739;27.1767;1
31103;Çardak;38.4730301347096;27.1751659934991;1
31104;Çardak;38.4724;27.1746;1
31121;Sevgi;38.4726039753834;27.1726262095722;1
31122;Sevgi;38.4727995363544;27.172571904145;1
31123;Başaran;38.4741567544417;27.1732130020308;1
31124;Başaran;38.4744417546604;27.1731260009673;1
31125;Cami;38.4769904069819;27.1751427514769;1
31126;Cami;38.4772007655191;27.175199976118;1
31127;Kahveler;38.4785509182702;27.1749615468074;1
31128;Kahveler;38.4786071574416;27.1747747256374;1
31129;Ticaret Borsası İlköğretim Okulu;38.4788217591102;27.1722229822565;1
31130;Ticaret Borsası İlköğretim Okulu;38.479;27.1724;1
31131;Tepe;38.4781;27.1711;1
31132;Tepe;38.478100755459;27.1713999902055;1
31137;Yeşil Ulu Cami;38.4754437270213;27.1668394851763;1
31138;Yeşil Ulu Cami;38.4754007377381;27.1669000267615;1
31139;Borsa Okulu Eski Sondurak;38.4767;27.1699;1
31140;Borsa Okulu Eski Sondurak;38.4768;27.1699;1
31151;Umut parkı;38.46119;27.19959;1
31152;Umut Parkı;38.46118;27.19939;1
31153;Sayra&Çınar Parkı;38.46468;27.20189;1
31154;Sayra&Çınar Parkı;38.46536;27.20213;1
31185;Şehit Polis Fethi Sekin İlköğretim Okulu;38.4633507989599;27.195209952762;1
31186;Şehit Polis Fethi Sekin İlköğretim Okulu;38.4637097992036;27.1950279517371;1
31187;Aydınkent;38.4673105240826;27.195009707442;1
31188;Aydınkent;38.46845;27.19409;1
31189;Dalgın;38.47046;27.19443;1
31190;Dalgın;38.47071;27.19427;1
31191;Mustafa Kemal Lisesi;38.460654;27.193914;1
31192;Mustafa Kemal Lisesi;38.460587;27.193706;1
31195;Osmangazi Köprü;38.46724;27.20016;1
31196;Osmangazi Köprü;38.46723;27.20004;1
31197;Yonca;38.47;27.19822;1
31198;Yonca;38.46984;27.19814;1
31199;Birlik Sitesi;38.47133;27.19538;1
31200;Birlik Sitesi;38.47095;27.19615;1
31201;Çukurbahçe Cami;38.472069;27.193224;1
31202;Çukurbahçe Cami;38.47197;27.19306;1
31203;İbrahim Ethem;38.47109;27.19021;1
31204;İbrahim Ethem;38.47095;27.18974;1
31205;Şehit Asteğmen Ergin KAYA;38.47132;27.18715;1
31206;Şehit Asteğmen Ergin KAYA;38.4711826258006;27.1872757353194;1
31213;Osman Gazi;38.474482;27.186113;1
31214;Osman Gazi;38.474487;27.185905;1
31215;Öğretmen;38.47559;27.18783;1
31216;Öğretmen;38.47569;27.18772;1
31217;Aydın;38.476718;27.190885;1
31218;Aydın;38.476638;27.189843;1
31221;Şehit Harun Bağlam;38.475623;27.194337;1
31222;Şehit Harun Bağlam;38.475542;27.194672;1
31223;İsmet Sezgin İlköğretim Okulu;38.473428;27.198429;1
31224;İsmet Sezgin İlköğretim Okulu;38.473657;27.198207;1
31227;Şehit Kara Pilot Yüzbaşı Mehmet İlker Karaman;38.4719998441504;27.2037458654937;1
31228;Şehit Kara Pilot Yüzbaşı Mehmet İlker Karaman;38.4723865849727;27.2029464907997;1
31231;Profesör Doktor Taner Kışlalı Parkı;38.467;27.1861;1
31232;Profesör Doktor Taner Kışlalı Parkı;38.4668;27.1859;1
31233;Şehit Uzman Çavuş Ali Akdoğan İlkokulu;38.4710007871176;27.1859999562873;1
31234;Şehit Uzman Çavuş Ali Akdoğan İlkokulu;38.4709007863207;27.1857999577855;1
31239;Dörtyol;38.473411;27.206274;1
31240;Dörtyol;38.473393;27.206197;1
31241;Ali İhsan Bey;38.47618;27.20285;1
31242;Ali İhsan Bey;38.4756;27.20297;1
31243;Zehra Hoca İlköğretim Okulu;38.4781;27.2027;1
31244;Zehra Hoca İlköğretim Okulu;38.4779;27.2026;1
31245;Bülbül;38.479;27.2044;1
31246;Bülbül;38.4791;27.2042;1
31259;Osman Zeki Üngör;38.4796;27.192;1
31260;Osman Zeki Üngör;38.4796;27.1923;1
31261;Zümrüt Evleri;38.4787;27.1956;1
31262;Zümrüt Evleri;38.4788;27.1956;1
31263;Hasan Ferit Alnar;38.4784;27.1982;1
31264;Hasan Ferit Alnar;38.4785;27.1981;1
31265;Cemal Reşit Rey;38.4782;27.1997;1
31266;Cemal Reşit Rey;38.4783;27.1998;1
31267;Park;38.479808;27.19035;1
31268;Park;38.479554;27.190082;1
31271;Mahfel;38.46011;27.21628;1
31272;Mahfel;38.46019;27.21619;1
31274;Hükümet Konağı;38.4655;27.2187;1
31276;Büyük Park;38.4618998634737;27.2175838567597;1
31277;Naldöken Mezarlık;38.4577759540937;27.2736796016115;1
31278;Naldöken Yeni Son Durak;38.4590613063807;27.2760147953162;1
31279;Rektörlük;38.4625440499977;27.2192093347453;1
31280;Rektörlük;38.4624008701335;27.2192998461112;1
31281;Suphi Koyuncu;38.4624;27.2249;1
31282;Suphi Koyuncu;38.4624;27.2248;1
31285;Suphi Koyuncu;38.4632;27.2241;1
31287;Suphi Koyuncu;38.4633408877571;27.2240898188664;1
31289;Ata;38.4646;27.2232;1
31291;Hükümet Konağı;38.466;27.2203;1
31292;Erzene Muhtarlık;38.4667232791141;27.2193501178899;1
31295;Hükümet Konağı;38.466791;27.219633;1
31298;Malazgirt İlköğretim Okulu;38.47074;27.2199;1
31299;Malazgirt İlköğretim Okulu;38.47074;27.22008;1
31300;Lale Tepe Cami;38.47272;27.21876;1
31301;Lale Tepe Cami;38.4729;27.2187;1
31302;Toprak Yol;38.4744861034637;27.2181043922075;1
31303;Toprak Yol;38.4744685501185;27.2182389968713;1
31304;Vecihi Hürkuş;38.480757;27.218473;1
31305;Vecihi Hürkuş;38.480834;27.218606;1
31306;Gayrettepe Cami;38.477826;27.218917;1
31307;Gayrettepe Cami;38.477953;27.21921;1
31308;Çiçekli;38.47598;27.21698;1
31309;Çiçekli;38.47608;27.21695;1
31310;Emniyet Lojmanları;38.47532;27.21225;1
31311;Emniyet Lojmanları;38.47554;27.21276;1
31312;Ufuk;38.47442;27.20947;1
31313;Ufuk;38.47469;27.21038;1
31314;Yüzüncü Yıl Karakolu;38.476575;27.207885;1
31315;Yüzüncü Yıl Karakolu;38.47657;27.2081;1
31316;Mavi Köşe;38.47842;27.20611;1
31317;Mavi Köşe;38.47835;27.20625;1
31319;Seyit Şanlı Anadolu Lisesi;38.4818907166069;27.2042798306499;1
31320;Hürriyet;38.4850188638186;27.2023986576652;1
31321;Hürriyet;38.4851164021334;27.2025556522098;1
31328;Köşe;38.47891;27.20297;1
31329;Köşe;38.479035;27.202791;1
31330;Süleymaniye;38.47998;27.19961;1
31331;Süleymaniye;38.47997;27.19973;1
31332;Soylu;38.480418;27.197284;1
31333;Soylu;38.4805;27.1973;1
31334;Manzara;38.4817;27.1934;1
31335;Manzara;38.481948;27.19333;1
31336;Sevgi;38.481958;27.194427;1
31337;Sevgi;38.4818;27.1947;1
31338;Barış;38.481541;27.198422;1
31339;Barış;38.481349;27.198376;1
31342;Teksif;38.4812;27.2019;1
31343;Teksif;38.4811;27.202;1
31350;İnönü;38.47677;27.21483;1
31351;İnönü;38.4767999312907;27.2148750016219;1
31352;Yıldıztepe;38.47858;27.21276;1
31353;Yıldıztepe;38.47868;27.21281;1
31354;Ardıç;38.480081;27.213896;1
31355;Ardıç;38.48006;27.21408;1
31356;Beşyol;38.48188;27.21655;1
31357;Beşyol;38.48179;27.2165;1
31358;Nedim Dağtaş;38.48517;27.21793;1
31359;Nedim Dağtaş;38.48489;27.21813;1
31360;Depo;38.48784;27.21643;1
31361;Evka 4 Depo;38.48796;27.21622;1
31362;Yeditepe İtfaiye;38.48832;27.21429;1
31364;Evka 4 Muhtarlık;38.4903;27.2149;1
31365;Evka 4 Muhtarlık;38.4892;27.2148;1
31366;Mehmet Akif Cami;38.4919;27.2137;1
31367;Mehmet Akif Cami;38.49113;27.21507;1
31368;Evka-4 Anaokulu;38.4936;27.2128;1
31369;Evka-4 Anaokulu;38.4935947555535;27.2130134035534;1
31370;Evka 4 Son Durak;38.49504;27.21397;1
31371;Evka 4 Trafo;38.495781;27.213537;1
31385;Sevgi;38.48402;27.2056;1
31386;Sevgi;38.484;27.2049;1
31387;Akdemir Parkı;38.48414;27.20829;1
31388;Akdemir Parkı;38.48437;27.20853;1
31389;Gazi;38.4828;27.21226;1
31390;Gazi;38.48286;27.21257;1
31391;Turgut Reis;38.4829809085049;27.2158097430831;1
31392;Turgut Reis;38.48306;27.21577;1
31399;Barbaros Cami;38.4835;27.2021;1
31400;Barbaros Cami;38.4835;27.2018;1
31401;Piriştina;38.4837;27.199;1
31402;Piriştina;38.4836;27.1989;1
31415;Emek Sitesi;38.4889008936903;27.207899746315;1
31416;Emek Sitesi;38.4889008929939;27.2076997473168;1
31418;Belediye Evleri;38.489107;27.210753;1
31419;Belediye Evleri;38.489001;27.210527;1
31420;Spor Kompleksi;38.489767;27.213867;1
31421;Spor Kompleksi;38.489614;27.21382;1
31423;Ali Rıza Güven Cami;38.4688;27.2291;1
31424;Ali Rıza Güven Cami;38.469;27.2291;1
31425;Ataberk;38.4676;27.2317;1
31426;Ataberk;38.4679;27.2314;1
31427;Ege Diyaliz;38.467;27.235;1
31428;Ege Diyaliz;38.4673;27.2353;1
31429;Öğretmen Evleri;38.469;27.2391;1
31430;Öğretmen Evleri;38.4691;27.2393;1
31431;Esenlik;38.4703;27.2417;1
31432;Esenlik;38.4705;27.2418;1
31433;Saraykent 1;38.4717;27.2442;1
31434;Saraykent 1;38.4717;27.2441;1
31435;Villa 1;38.4738;27.2486;1
31436;Villa 1;38.474;27.2487;1
31437;Villa 2;38.4759;27.25;1
31438;Villa 2;38.4759;27.2497;1
31439;Villa 3;38.4772;27.2487;1
31440;Villa 3;38.47716;27.248872;1
31441;Çocuk Parkı;38.4771393825679;27.2472935663072;1
31442;Çocuk Parkı;38.4770393822817;27.2472935670908;1
31453;Çıkış;38.47587;27.245319;1
31454;Çıkış;38.4757;27.2451;1
31455;Şahin Tepesi;38.4741;27.2441;1
31456;Şahin Tepesi;38.474;27.2441;1
31457;İzyuva;38.4745009806257;27.2425996666054;1
31458;İzyuva;38.4746009805544;27.2424996664513;1
31460;İzyuva Son Durak;38.4764;27.242;1
31467;Türkan Özilhan Devlet Hastanesi;38.45914996498;27.251548719537;1
31468;Türkan Özilhan Devlet Hastanesi;38.4585009613909;27.2510997253919;1
31469;Ses;38.461907;27.252615;1
31470;Ses;38.46185;27.252304;1
31471;Dördüncü Sanayi;38.464048;27.253388;1
31472;Erez;38.463079;27.251029;1
31474;Adil Demir Sitesi;38.4642;27.2477;1
31475;Adil Demir Sitesi;38.46442;27.247253;1
31476;Bornova Kooperatif;38.4655;27.2443;1
31477;Bornova Kooperatif;38.4655;27.2446;1
31478;Evka-3 Parkı;38.4667;27.2443;1
31479;Evka-3 Parkı;38.4664;27.244;1
31481;Bornova Tenis Kulübü;38.465898;27.239964;1
31482;Bornova Tenis Kulübü;38.4657;27.2398;1
31483;Profesörler Sitesi;38.466392;27.235698;1
31484;Profesörler Sitesi;38.466306;27.235437;1
31485;Şehit Erkan Er Ortaokulu;38.4654;27.2516;1
31486;Şehit Erkan Er Ortaokulu;38.46526102438;27.2517499282702;1
31487;Cem Bakioğlu Lisesi;38.4672;27.2481;1
31488;Cem Bakioğlu Lisesi;38.4673;27.248;1
31489;Kardelen;38.469;27.2489;1
31490;Kardelen;38.469;27.2488;1
31491;Yunus Emre Anadolu Lisesi;38.4715010016308;27.2509996462587;1
31492;Yunus Emre Anadolu Lisesi;38.471601001577;27.2508996460921;1
31493;Doruk;38.4719;27.2528;1
31494;Doruk;38.4718;27.2526;1
31495;Birlik;38.4727010192431;27.2548996206162;1
31498;Umut;38.47366;27.255501;1
31500;Sevgi;38.4739;27.2539;1
31502;Evka 3;38.4725010114385;27.2528996311502;1
31503;Gökdere Arıtma;38.384103;27.237612;1
31504;Gökdere Arıtma;38.384198;27.237833;1
31505;Gökdere Vadi;38.388442;27.236342;1
31506;Gökdere Vadi;38.388755;27.236441;1
31507;Gökdere Karaman;38.397228;27.233395;1
31508;Gökdere Karaman;38.397333;27.233529;1
31509;Öğrenci Yurdu;38.4510772229198;27.2326002636689;1
31510;Öğrenci Yurdu;38.4511995669222;27.232906093307;1
31513;Ebruli;38.4511;27.2362;1
31514;Ebruli;38.4511;27.2361;1
31515;Mevlana Parkı;38.4522;27.23927;1
31516;Mevlana Parkı;38.45223;27.23911;1
31517;Beşpınar Meydan;38.5188871959107;27.4538884666465;1
31519;Begonya;38.4445;27.2481;1
31520;Begonya;38.4443;27.2482;1
31522;Manolya;38.4479249197584;27.2489857957931;1
31525;Dökümcüler 1;38.417;27.2387;1
31526;Dökümcüler 1;38.4171;27.2388;1
31527;Dökümcüler 2;38.414;27.2391;1
31528;Dökümcüler 2;38.4142;27.2392;1
31529;Manolya;38.4480129198326;27.2489147955996;1
31530;Hayvan Barınağı;38.4081;27.237;1
31531;Hayvan Barınağı;38.4084;27.2373;1
31532;Öğretmen Evi;38.455237;27.188315;1
31533;Öğretmen Evi;38.4563;27.1883;1
31534;Önder;38.4599508471103;27.1876935197189;1
31535;Önder;38.46;27.188;1
31536;Kızılay Kan Merkezi;38.4628;27.1873;1
31537;Kızılay Kan Merkezi;38.4631;27.1876;1
31538;Cevher;38.3939;27.2349;1
31539;Cevher;38.3937;27.2348;1
31540;Akgül;38.3824;27.2373;1
31541;Akgül;38.3824;27.2372;1
31542;İrem;38.4403;27.258;1
31543;İrem;38.4402;27.258;1
31544;Ümit Mahallesi;38.4425;27.2587;1
31545;Halkapınar Spor Salonu;38.435348;27.172992;1
31547;Çınarlı Diş Hastanesi;38.4397;27.1734;1
31549;Yukarı Sütçüler Çeşme;38.4723339512953;27.4645298452482;1
31550;Yukarı Sütçüler Çeşme;38.472383;27.464621;1
31552;Otogar Yeni;38.429;27.2126;1
31553;Otogar Yeni;38.4291;27.2127;1
31554;Otogar Yeni;38.429;27.2129;1
31556;Otogar Benzinlik;38.430643;27.211867;1
31559;Akalan Köy İçi;38.463885031816;27.4822847233102;1
31560;Akalan Köy İçi;38.4639080316453;27.4822247233055;1
31561;Aşağı Yenmiş Köyü Girişi;38.4558759442288;27.4375387489688;1
31563;Pazaryeri;38.4303;27.4162;1
31564;Pazaryeri;38.4303;27.4163;1
31565;Öğrenci Yurdu;38.4324;27.4166;1
31566;Öğrenci Yurdu;38.4324;27.4167;1
31567;Hastane;38.434326;27.413313;1
31568;Hastane;38.4344;27.4135;1
31569;Okul;38.437;27.413;1
31570;Okul;38.4371;27.413;1
31571;Kır Düğün Salonu;38.4413;27.4129;1
31572;Kır Düğün Salonu;38.4415;27.4129;1
31573;Beta Tarım;38.4456;27.4135;1
31574;Beta Tarım;38.4458;27.4137;1
31575;Kemalpaşa Ara Yol;38.4564120286148;27.4162674958679;1
31576;Kemalpaşa Ara Yol;38.4556096201572;27.4166150616406;1
31578;Aşağı Yenmiş Köyü Girişi;38.4555;27.4382;1
31580;Sütçüler Köyü Girişi;38.4551438097303;27.4542489206564;1
31582;Atatürk Caddesi;38.4571;27.454;1
31583;Sütçüler Köyü Girişi;38.4550397625521;27.4541589497834;1
31584;Baltaalanı;38.4612;27.4535;1
31585;Atatürk Caddesi;38.4572;27.4539;1
31586;Akalan Sütçüler Okul;38.4715;27.4607;1
31587;Baltaalanı;38.4613;27.4535;1
31588;Yukarı Sütçüler Trafo;38.4705686041703;27.4632985169524;1
31589;Akalan Sütçüler Okul;38.4716172029305;27.4605116625938;1
31590;Akalan Yol Ayrımı;38.4644;27.48;1
31591;Yukarı Sütçüler Trafo;38.4707019729455;27.4632987293947;1
31592;Akalan Park;38.4623297629116;27.4797390759273;1
31593;Akalan Yol Ayrımı;38.4644;27.4802;1
31595;Akalan Park;38.4623164974824;27.4796384805563;1
31598;Çambel Şebnem Kardıcalı İlköğretim Okulu;38.4628;27.5187;1
31600;Çambel Son Durak;38.4654;27.5189;1
31601;Çambel Şebnem Kardıcalı İlköğretim Okulu;38.4627;27.5187;1
31604;Zeytin;38.4685019810567;27.4674987347102;1
31605;Zeytin;38.4685582245667;27.4677115460164;1
31606;İğdecik Giriş;38.4603;27.5193;1
31607;İğdecik Giriş;38.4605;27.5192;1
31610;Sütçüler Kavşağı;38.452678;27.454014;1
31611;Sütçüler Kavşağı;38.452821;27.453895;1
31612;Kemalpaşa Şantiye;38.448369;27.453175;1
31613;Kemalpaşa Şantiye;38.448017;27.453021;1
31614;Cennet Bahçesi Mezarlığı;38.439639;27.449051;1
31615;Cennet Bahçesi Mezarlığı;38.439821;27.44925;1
31616;Kemalpaşa Arıtma Tesisi;38.436596;27.44539;1
31617;Kemalpaşa Arıtma Tesisi;38.43641;27.44513;1
31618;Kiraz Ağacı;38.4325775550164;27.4370501933083;1
31619;Kiraz Ağacı;38.4327285578695;27.4374231907126;1
31620;Sütçüler Yol Ayrımı;38.428774;27.424833;1
31621;Sütçüler Yol Ayrımı;38.428895;27.424898;1
31622;Kemalpaşa Sevgi;38.429303;27.422266;1
31623;Kemalpaşa Sevgi;38.429368;27.422425;1
31624;Kemalpaşa Pazaryeri;38.430568;27.417442;1
31625;Kemalpaşa Pazaryeri;38.430572;27.417966;1
31626;Kemalpaşa Karakol;38.431465;27.413265;1
31627;Kemalpaşa Karakol;38.431606;27.413094;1
31628;İlk Evler;38.342037;27.450413;1
31629;İlk Evler;38.341913;27.450337;1
31633;Pakmaya Ülkü Hızal Anadolu Lisesi;38.4046013698678;27.4454994107348;1
31635;Su Perisi;38.3934012884214;27.4489994953384;1
31637;Nazar Köy;38.3885;27.4486;1
31639;Karabel Piknik Yeri;38.353611;27.441823;1
31641;Dereköy Girişi;38.3450008366574;27.4464998649575;1
31643;Mezarlık;38.339898;27.451788;1
31645;Zeytinyağı Fabrikası;38.3392484793721;27.4537693062326;1
31647;Dereköy Meydan;38.3385292901131;27.4548994524731;1
31649;Gökyaka Mezarlık;38.3288970840837;27.4599515233574;1
31651;Gökyaka Meydan;38.3276356727711;27.4596583314207;1
31653;Cumalı Mezarlık;38.3186;27.4581;1
31655;Yeşilköy Küme Evleri;38.3177;27.4553;1
31656;Pakmaya Ülkü Hızal Anadolu Lisesi;38.40491503399;27.4456537730373;1
31657;Yeşilköy Girişi;38.3156;27.4578;1
31658;Su Perisi;38.3941102961875;27.4494254884587;1
31659;Yeşilköy Meydan;38.3151;27.4606;1
31660;Nazar Köy;38.389426;27.448719;1
31661;Merkez Cumalı;38.3168;27.4615;1
31662;Karabel Piknik Yeri;38.3547;27.4427;1
31664;Cumalı Mezarlık;38.3187;27.4581;1
31666;Gökyaka Meydan;38.3276068337427;27.4597186661602;1
31668;Gökyaka Mezarlık;38.3290253735839;27.4599315852013;1
31670;Dereköy Meydan;38.3386650437846;27.455127537848;1
31672;Zeytinyağı Fabrikası;38.3394007998013;27.4536998952168;1
31674;Mezarlık;38.3400008012703;27.45188789297;1
31676;Dereköy Girişi;38.3450229445037;27.4465211317541;1
31677;Karabel Orman Durağı;38.3455;27.4348;1
31678;Karabel Orman Durağı;38.3453;27.4352;1
31679;Vişneli Girişi;38.3409007267323;27.416299927416;1
31680;Vişneli Girişi;38.3409007271697;27.4164999271694;1
31681;Aşağı Vişneli;38.3392;27.4007;1
31682;Aşağı Vişneli;38.3391664882902;27.4009068623127;1
31683;Yukarı Vişneli Meydan;38.3415226925214;27.3975359481461;1
31684;Yukarı Vişneli Meydan;38.3414696920646;27.3975329484381;1
31685;Vişneli Çıkış;38.3395;27.397;1
31686;Vişneli Çıkış;38.3394;27.3972;1
31687;Vişneli Küme Evleri;38.3373;27.3953;1
31688;Vişneli Küme Evleri;38.3373;27.3955;1
31689;Çiçek;38.3345;27.3942;1
31690;Çiçek;38.3345;27.3941;1
31691;Aşağı Vişneli Son Durak;38.3331957820217;27.3945519554026;1
31692;Gökyaka Küme Evleri;38.326463508174;27.4581628394473;1
31693;Gökyaka Küme Evleri;38.3262922518338;27.4578797384741;1
31694;Vişneli Üçyol;38.3405;27.3969;1
31695;Vişneli Üçyol;38.3406;27.3969;1
31696;Park Koza Evleri;38.3968767911902;27.4505810343812;1
31697;Park Koza Evleri;38.3968013224226;27.4501994641844;1
31698;Gökyaka Papatya;38.3233028571787;27.4584395691132;1
31699;Gökyaka Papatya;38.3235028590857;27.4582395683181;1
31726;Damlacık Yolu;38.4927873850594;27.3807658866147;1
31727;Damlacık Yolu;38.4928321854264;27.3807207356093;1
31728;Damlacık Giriş;38.4931567790291;27.3722143880953;1
31729;Damlacık Giriş;38.4926710433355;27.3721678358391;1
31730;Şehit;38.481;27.3617;1
31731;Şehit;38.481;27.3618;1
31732;İnönü;38.483;27.3628;1
31733;İnönü;38.483;27.3631;1
31734;Damlacık Köyü İlkokulu;38.4979;27.3764;1
31735;Damlacık Köyü İlkokulu;38.4978;27.3763;1
31736;Damlacık Meydan;38.4977;27.3792;1
31737;Damlacık Meydan;38.4975;27.3792;1
31738;Kuyucak İlkokulu;38.4872882759474;27.390101594829;1
31739;Kuyucak İlkokulu;38.487188276287;27.3903015946375;1
31740;Kuyucak Meydan;38.4885;27.3906;1
31741;Kuyucak Meydan;38.4883;27.3905;1
31742;Ansızca Giriş;38.4831;27.4014;1
31743;Ansızca Giriş;38.4831;27.4017;1
31744;Ansızca Cami;38.4821;27.4034;1
31745;Ansızca Cami;38.4819;27.4036;1
31747;Ansızca Son Durak;38.4811;27.404;1
31770;Evka 3 Aktarma Merkezi;38.465653;27.2287082149081;1
31771;Evka 3 Aktarma Merkezi;38.465875;27.228779;1
31772;Evka 3 Aktarma Merkezi;38.465878;27.228622;1
31773;Evka 3 Aktarma Merkezi;38.465658;27.22856;1
31774;Evka 3 Aktarma Merkezi;38.465718;27.228399;1
31775;Evka 3 Aktarma Merkezi;38.465894;27.228455;1
31776;Evka 3 Aktarma Merkezi;38.465907;27.228341;1
31777;Evka 3 Aktarma Merkezi;38.465737;27.228294;1
31778;Evka 3 Aktarma Merkezi;38.465745;27.228128;1
31779;Evka 3 Aktarma Merkezi;38.4659489080253;27.2281957850543;1
31798;Çiftlik;38.501632;27.280284;1
31799;Huzur;38.4106;27.5782;1
31800;Huzur;38.4109;27.5784;1
31801;Töev;38.5088;27.3134;1
31802;Töev;38.509;27.3134;1
31803;Çiftlik;38.501674;27.279918;1
31804;Çiçekli Mesire Alanı;38.5032;27.2749;1
31805;Çiçekli Mesire Alanı;38.5035271884462;27.2743903136033;1
31806;Çamaltı;38.502;27.2777;1
31807;Çamaltı;38.5019;27.278;1
31810;Çiçekli Köprü;38.4994368988801;27.2865327881949;1
31811;Çiçekli Köprü;38.4994012277314;27.2862992846123;1
31812;Pınar Sokak;38.4988;27.2897;1
31813;Pınar Sokak;38.4988;27.2896;1
31814;Mapaz;38.4995412557695;27.2925782523941;1
31815;Mapaz;38.499715;27.293921;1
31816;Yakaköy Girişi;38.499;27.2997;1
31817;Yakaköy Girişi;38.4989;27.2998;1
31818;Üçevler;38.5015;27.3068;1
31819;Üçevler;38.5016;27.307;1
31820;Erkal Sitesi;38.5049;27.3105;1
31821;Erkal Sitesi;38.5049;27.3107;1
31822;Kare Ev;38.5108;27.3141;1
31823;Kare Ev;38.5106;27.314;1
31824;Yakaköy Mezarlık;38.5134;27.3168;1
31825;Yakaköy Mezarlık;38.5133;27.3166;1
31826;Dereiçi;38.512482;27.319703;1
31827;Dereiçi;38.5123005290671;27.3195388081778;1
31828;Yakaköy Son Durak;38.512;27.3215;1
31830;Çocuk Parkı;38.4433;27.2091;1
31831;Çocuk Parkı;38.4435;27.209;1
31832;Üçgen Park;38.4422;27.2062;1
31833;Üçgen Park;38.4423;27.2062;1
31834;Zeybek;38.4413;27.2036;1
31835;Zeybek;38.4413;27.2034;1
31837;Stad;38.4463;27.2051;1
31838;Stad;38.4463;27.2048;1
31839;Alışveriş Merkezi;38.4493;27.2137;1
31840;Alışveriş Merkezi;38.4495;27.2137;1
31841;Bahçeşehir Koleji;38.4446;27.2019;1
31842;Bahçeşehir Koleji;38.4454807728074;27.2008820165468;1
31843;Yassıtepe Höyüğü;38.4487718087637;27.2107749567544;1
31844;Yassıtepe Höyüğü;38.4488436928635;27.2098091777636;1
31850;Sağlık Müdürlüğü;38.4635007433395;27.1759000433338;1
31851;Sağlık Müdürlüğü;38.4632007413678;27.1754000472041;1
31852;Çamkıran Parkı;38.4645;27.1883;1
31853;Çamkıran Parkı;38.4642;27.1885;1
31854;Ay;38.4656;27.1923;1
31855;Ay;38.4653;27.1923;1
31856;Taşkent;38.466478;27.197815;1
31857;Taşkent;38.466221;27.197815;1
31858;Başak;38.4661;27.2016;1
31859;Başak;38.465967;27.200283;1
31860;Aşık Veysel Rekreasyon Alanı;38.4655;27.2069;1
31861;Aşık Veysel Rekreasyon Alanı;38.4653;27.2071;1
31862;Bornova Stadyum;38.4639;27.2084;1
31863;Bornova Stadyum;38.4641;27.2081;1
31864;Suphi Parkı;38.4607;27.2102;1
31865;Suphi Parkı;38.4605;27.2101;1
31867;Bornova Viyadüğü;38.4490538898798;27.2053820303712;1
31898;Yasemin;38.4159;27.2424;1
31899;Yasemin;38.4158;27.2424;1
31900;TEİAŞ;38.4175;27.2403;1
31901;TEİAŞ;38.4177;27.2399;1
31902;Işık;38.4147;27.2446;1
31903;Işık;38.4148;27.2447;1
31904;Uğur;38.4171;27.2468;1
31905;Uğur;38.4172;27.247;1
31906;Ni KA;38.4202;27.2473;1
31907;Ni KA;38.4201;27.2474;1
31908;Yıldız;38.4221328268829;27.248634932652;1
31909;Yıldız;38.4224458283294;27.248736930739;1
31926;Ezgi;38.4842;27.1964;1
31927;Ezgi;38.4843;27.1966;1
31928;Pınar;38.486779;27.200248;1
31929;Pınar;38.486671;27.200189;1
31930;Kardelen Sitesi;38.4877;27.2021;1
31931;Kardelen Sitesi;38.4876008704257;27.2018997842164;1
31932;Doğa;38.48847;27.204229;1
31933;Doğa;38.488323;27.204301;1
31934;Eren;38.4855;27.1976;1
31935;Eren;38.4855;27.1978;1
31950;Eğridere Meşe;38.5048539637024;27.2183835913145;1
31951;Eğridere Meşe;38.50506496339;27.2181945908994;1
31952;Defne;38.492642;27.217295;1
31953;Defne;38.492177;27.217367;1
31954;Kiraz;38.4980349445266;27.2168956435352;1
31955;Kiraz;38.4966;27.21727;1
31956;Eğridere Meydan;38.50098;27.2168;1
31957;Eğridere Meydan;38.50108;27.21693;1
31958;Palamut;38.50146;27.22001;1
31959;Palamut;38.50155;27.22023;1
31960;Sarmaşık;38.50699;27.22029;1
31961;Sarmaşık;38.5072;27.2205;1
31962;Çilek;38.5103809879084;27.2218595360499;1
31963;Çilek;38.510270988604;27.2220895355871;1
31964;Çamiçi Meydan;38.5152;27.2204;1
31965;Çamiçi Meydan;38.51527;27.22037;1
31966;Sedir;38.51703;27.22151;1
31967;Sedir;38.51699;27.22174;1
31968;Kayadibi;38.5171940617425;27.236693410056;1
31969;Kayadibi;38.5171280613979;27.2366434107935;1
31970;Homeros Piknik Alanı;38.5187655992542;27.2250282983187;1
31971;Homeros Piknik Alanı;38.5186940741742;27.2248618801307;1
31972;Mezarlık;38.502205;27.214741;1
31973;Mezarlık;38.502269;27.214674;1
31974;Yamaç;38.503752;27.21219;1
31975;Yamaç;38.503794;27.211948;1
31976;Bahçe;38.508525;27.210025;1
31977;Bahçe;38.508553;27.210198;1
31978;Papatya;38.5092747748435;27.2083671709447;1
31979;Papatya;38.509392933944;27.2084046135978;1
31980;Yukarı Mahalle Cami;38.5107479341182;27.2078426076169;1
31981;Kayadibi Doğa Park;38.519021;27.237801;1
31982;Kayadibi Doğa Park;38.518958;27.237658;1
31983;Kayadibi Köy Cami Yeni Son Durak;38.517271;27.240611;1
31984;Kayadibi Çevre;38.518192;27.243405;1
32000;Enerji Sitesi;38.5171854151688;27.3140750032719;1
32001;Enerji Sitesi;38.5171014160002;27.3142990028018;1
32002;Özbek;38.5266523562417;27.296245019707;1
32003;Özbek;38.5268704386702;27.2970134817985;1
32005;Beşyol son durak;38.5338;27.2929;1
32006;Kiraz;38.5226013944766;27.3063989988291;1
32007;Kiraz;38.5225013956586;27.3066989980662;1
32008;Şirintepe;38.5252803731852;27.3006583577849;1
32009;Şirintepe;38.5253159250602;27.3008883585613;1
32010;Bahçeiçi;38.527481;27.294774;1
32011;Bahçeiçi;38.527505;27.294966;1
32082;Laka Köprü;38.4797;27.1879;1
32083;Laka Köprü;38.4797;27.1878;1
32084;Laka Eski Son Durak;38.4861;27.1897;1
32085;Laka Eski Son Durak;38.4861;27.1898;1
32087;Market;38.487731;27.187452;1
32088;Market;38.4876158218968;27.1874268569455;1
32089;Laka Cami;38.489573;27.187038;1
32090;Laka Cami;38.490273;27.186616;1
32091;Laka Yeni Son Durak;38.4901;27.1889;1
32095;Mevlan Parkı;38.4528;27.2396;1
32096;Mevlan Parkı;38.4527;27.2395;1
32097;Dere;38.4551;27.2396;1
32098;Dere;38.4556;27.2395;1
32099;Hacı Yaşar Kandur İlköğretim Okulu;38.4556;27.241;1
32100;Hacı Yaşar Kandur İlköğretim Okulu;38.4556;27.2411;1
32101;Tarla;38.4536;27.2443;1
32102;Tarla;38.453508;27.245;1
32103;Fabrika;38.4526;27.2478;1
32104;Fabrika;38.4528;27.2477;1
32105;Hüsnü Bornovalı Ortaokulu;38.4500009416434;27.2536997638972;1
32106;Hüsnü Bornovalı Ortaokulu;38.4503009423466;27.2535997625942;1
32107;Çelik;38.4497439492422;27.256351754087;1
32108;Çelik;38.4500629504975;27.2563987520352;1
32135;Sulu Kız;38.4438;27.3733;1
32136;Sulu Kız;38.4439;27.3735;1
32137;Kızılüzüm Giriş;38.442;27.3705;1
32138;Kızılüzüm Giriş;38.4419;27.3704;1
32139;Kızılüzüm;38.4394;27.3672;1
32140;4. Sanayi Güven;38.464647;27.254522;1
32141;4. Sanayi Trafo;38.462601;27.254124;1
32142;Şavkar Spor Tesisleri;38.461644;27.256443;1
32143;4. Sanayi Ege;38.460776;27.253864;1
32144;4. Sanayi Ege;38.460519;27.254391;1
32145;Şavkar Spor Tesisleri;38.461417;27.256765;1
32146;4. Sanayi Trafo;38.462805;27.254348;1
32147;4. Sanayi Güven;38.464849;27.254197;1
32149;Benzinlik;38.4506014910998;27.1883064865141;1
32150;Bölge İstasyonu;38.4558;27.2007;1
32151;Ankara Caddesi;38.453915782939;27.1970769923398;1
32152;Ankara Caddesi;38.4543;27.1969;1
32153;Bölge İstasyonu;38.4552;27.2004;1
32154;Narlıkuyu;38.4527434522998;27.1926571215784;1
32155;Narlıkuyu;38.4524;27.1933;1
32171;Uysal;38.4785;27.1811;1
32172;Uysal;38.4786;27.1809;1
32173;Kayabaşı Cami;38.4796;27.1785;1
32174;Kayabaşı Cami;38.4795;27.1784;1
32175;Huzur;38.4797;27.1757;1
32176;Huzur;38.4797;27.1755;1
32179;Armutlu İnlik;38.4086338324261;27.5376861335126;1
32180;Armutlu İnlik;38.4089604460836;27.5390497488784;1
32181;Cumalı Üçyol;38.3206173637497;27.4584399117827;1
32182;Cumalı Üçyol;38.3207272216264;27.4583186367307;1
32184;Keresteciler;38.4484601093721;27.1827460819531;1
32185;Şehit Uzman Çavuş Ali Akdoğan;38.4449787325965;27.186390465447;1
32189;Yukarı Kızılca Orman;38.3911687918933;27.4951444154472;1
32190;Yukarı Kızılca Orman;38.3906364502424;27.4956274133932;1
32191;Ümit Mahallesi Giriş;38.4396689135143;27.2563518111091;1
32192;Halilbeyli Giriş;38.4343200020886;27.6715344361588;1
32193;Halilbeyli Giriş;38.4343590032799;27.6716204353159;1
32194;Hava Pilot Teğmen Ali Acar;38.4128580132135;27.5626490227931;1
32195;Hava Pilot Teğmen Ali Acar;38.4129410140875;27.5626410218517;1
32196;Hava Pilot Teğmen Erdoğan Çallı;38.4614616674953;27.4503257489081;1
32197;Hava Pilot Teğmen Erdoğan Çallı;38.4614135009389;27.4503716242527;1
32198;Cumalı Yolu;38.3175675894365;27.4603750336821;1
32199;Armutlu Mera;38.4113349303529;27.5506820707957;1
32200;Armutlu Mera;38.4114519307136;27.5505160699045;1
32201;Yukarı Kızılca Çamlık;38.407070557411;27.4842652861477;1
32202;Yukarı Kızılca Çamlık;38.4068975559289;27.4842902877163;1
32203;Kavaklıdere Çıkış;38.451604181819;27.3206134750711;1
32204;Kavaklıdere Çıkış;38.4514641812964;27.3206474759093;1
32205;Arıtma Tesisi;38.4530451939813;27.3220364591675;1
32206;Habipler Cami;38.413048656375;27.1882402050443;1
32207;Orman İçi;38.5399124330497;27.304004866813;1
32208;Atlı Vadi;38.509993086601;27.2464144102322;1
32209;Meydan;38.4728607430977;27.1701060240499;1
32210;Çiçek;38.4714097456771;27.1718140231368;1
32211;Çiçek;38.4714737459553;27.1718720225243;1
32212;Merve Cami;38.4767928340234;27.1973888692882;1
32213;Merve Cami;38.4767588346751;27.1976138683832;1
32214;Orman Okulu;38.5313393514357;27.2926340008746;1
32215;Orman Okulu;38.5311973513076;27.2926860017553;1
32216;İzbeton Tesisleri;38.4194006573566;27.1805652130935;1
32217;İzbeton Tesisleri;38.4191836557535;27.1800680159187;1
32218;Çocuk Trafik Eğitim Parkı;38.4183102557988;27.1831741237335;1
32219;Çocuk Trafik Eğitim Parkı;38.4183718620629;27.1831768254271;1
32220;Çocuk Trafik Eğitim Parkı 2;38.4175116649145;27.1864801959558;1
32221;Çocuk Trafik Eğitim Parkı 2;38.4173946645958;27.1864781963934;1
32222;Badem;38.4501249294039;27.2497127802304;1
32223;Badem;38.4501219296751;27.2498017798663;1
32224;Trafik Tescil;38.4224346119264;27.1551333089244;1
32232;Okul;38.4208025265106;27.4510182538877;1
32233;Okul;38.4206785290301;27.4518042526118;1
32234;Rafet Paşa;38.4421377617066;27.1999270365542;1
32235;Küme Evler;38.5336023775727;27.2966089605466;1
32236;Küme Evler;38.5336533770655;27.2964809608236;1
32237;Hastane;38.4309646340663;27.1574042690578;1
32238;Orman;38.4992013049587;27.3037991995216;1
32239;Orman;38.4992013040509;27.3035992005079;1
32240;Çınar;38.4206006643415;27.1824002011554;1
32241;Çınar;38.4207185002086;27.1826049788714;1
32242;Hastane;38.4312088605;27.158508084578;1
32243;Ağır Bakım;38.4260606648851;27.1764202055354;1
32244;Ağır Bakım;38.4258806645204;27.1764502060927;1
32245;Narova;38.4370207758128;27.2105400149278;1
32246;Narova;38.4368807756519;27.2106300152028;1
32247;Okul;38.4388707805794;27.2103700069335;1
32248;Okul;38.438900781009;27.2105000062374;1
32255;Şehit Öğretmen Aybuke Yalçın;38.4303649306168;27.6691595021217;1
32256;Şehit Öğretmen Aybuke Yalçın;38.4302839298824;27.6692065031876;1
32258;Fatih Cami;38.4462119112412;27.2480958091501;1
32259;Fatih Cami;38.4462069109106;27.2479938096089;1
32260;Park;38.4818465645749;27.3543879971364;1
32261;Ulucak Ayşe-Hasan Türkmen Ortaokulu;38.4827914780823;27.3554590861194;1
32262;Ulucak Ayşe-Hasan Türkmen Ortaokulu;38.4826814774163;27.3554290871702;1
32263;Ulucak Jandarma;38.4832633886102;27.3586517498122;1
32264;Ulucak Jandarma;38.4831214947589;27.3586090690232;1
32265;Ulucak Ardıç;38.4829665332978;27.3618789721633;1
32266;Ulucak Ardıç;38.4828515089987;27.3618290566488;1
32267;İzmir Demokrasi Üniversitesi;38.4800004786603;27.3583990960156;1
32268;Yıkık Minare Cami;38.4696898992863;27.2225237897296;1
32270;Gazi Meydanı Son Durak;38.4704107465574;27.1727000239317;1
32271;Vişneli Köyü Yol Ayrımı;38.3416707575902;27.4269299098512;1
32272;Vişneli Köyü Yol Ayrımı;38.3416027565137;27.4267349105049;1
32273;Vişneli Zeytinlik;38.3414227411542;27.4206869189193;1
32274;Vişneli Zeytinlik;38.3413067409094;27.4210489191755;1
32275;Vişneli İlkokulu;38.3406256874529;27.3988049513255;1
32276;Vişneli İlkokulu;38.3405316864277;27.3986959519803;1
32277;Vişneli Bahçe;38.3358126361122;27.3935449834985;1
32278;Vişneli Bahçe;38.3357906363371;27.3937659833398;1
32279;Dr. Behçet Uz Rekreasyon Alanı;38.423478;27.179407;1
32280;Dr. Behçet Uz Rekreasyon Alanı;38.423665;27.179581;1
32281;Armutlu Park;38.4078257880296;27.530703159714;1
32285;Çocuk Parkı;38.4514970699254;27.1817305485658;1
32286;Zeki Müren Parkı;38.454245742554;27.1822360586914;1
32287;Zeki Müren Parkı;38.4544897433496;27.1823400570446;1
32288;Çocuk Parkı;38.4518527379857;27.1824220691888;1
32289;Aydınlar Caddesi;38.4171717785114;27.2367950008204;1
32290;Aydınlar Caddesi;38.4174627792421;27.236664000005;1
32291;Şehit. Jnd. Onbaşı Uğur Demirkan;38.4204867913737;27.2371749842667;1
32292;Şehit. Jnd. Onbaşı Uğur Demirkan;38.4207157913911;27.2368569844308;1
32293;Yabancılar Şube Müdürlüğü;38.4317938491274;27.2438459033524;1
32294;Galericiler;38.4351698593661;27.243296888281;1
32295;Yabancılar Şube Müdürlüğü;38.4329538517529;27.2433278995292;1
32296;Işıkkent Kamyon Garajı;38.4284248368833;27.2437379207014;1
32297;Işıkkent Kamyon Garajı;38.4277718354089;27.2440569226868;1
32298;Işıklar;38.4132617637551;27.2365880189449;1
32301;Kavak;38.391998;27.507156;1
32302;Kavak;38.392017;27.507249;1
32303;Park;38.4003983476378;27.4487824375726;1
32304;Park;38.4004063493312;27.4491914364564;1
32305;Aydınlar Köşe;38.4231067981661;27.2361919758911;1
32306;Aydınlar Köşe;38.4229557988566;27.2366699747417;1
32307;Afet Haberleşme;38.4764097108531;27.1571990699686;1
32308;Afet Haberleşme;38.4763247105979;27.1571520706364;1
32309;2. Etap;38.4826184661588;27.161780029116;1
32310;2. Etap;38.482556467518;27.1620330272081;1
32311;Etap 1;38.4783407353289;27.1645760230341;1
32312;Etap 1;38.4785187361666;27.1647680211393;1
32313;Köşe;38.4785737482362;27.1687630008545;1
32314;Köşe;38.4787257479588;27.1685930008991;1
32315;Tarla;38.4162155937006;27.6488727614481;1
32316;Tarla;38.4154615828625;27.6487587723213;1
32317;Beyler;38.4143205881133;27.6517377810112;1
32318;Beyler;38.4141255829181;27.6513647846741;1
32319;Sarılar İlkokulu;38.4153486234817;27.654837758813;1
32320;Sarılar İlkokulu;38.4154796259147;27.6549327567155;1
32321;Sarılar;38.4160146547609;27.6580137414168;1
32322;Sarılar;38.4161036582877;27.6583427393214;1
32323;Ada;38.4191407138418;27.6603586905396;1
32324;Ada;38.4190107153235;27.6608116912469;1
32325;Sare;38.4689339156073;27.4554727795938;1
32326;Sare;38.4688199138545;27.455305781424;1
32327;Eğridere Çam;38.5049798729329;27.2111452563559;1
32328;Eğridere Çam;38.5047078707755;27.2109912615121;1
32329;Sinancılar;38.4170914086298;27.6629324272094;1
32330;Sinancılar;38.4170534110041;27.6631714271053;1
32332;Soğukpınar;38.4196344536502;27.4365323083041;1
32333;Papatya;38.4802526439741;27.1581169462329;1
32334;Papatya;38.481282440828;27.1581720798252;1
32335;Çambel Orman;38.459380117087;27.5028356915964;1
32336;Çambel Orman;38.45938411554;27.5025726925602;1
32337;Okul;38.4612601182956;27.500419680376;1
32338;Okul;38.4611152340561;27.500410364003;1
32339;Toki Çam;38.4617671134436;27.4989146806979;1
32340;Toki Çam;38.4616251121776;27.4988996823014;1
32341;Toki Yıldız;38.4595910938752;27.4986637053042;1
32342;Toki Yıldız;38.4594960922321;27.4985207068831;1
32343;Çambel Toki;38.4586370954976;27.5002727094949;1
32344;Ovacık;38.4207597162123;27.6576396743162;1
32345;Ovacık;38.4207087142516;27.6574616755177;1
32346;Fizik Tedavi ve Rehabilitasyon;38.4825937661169;27.1725669601503;1
32347;Teknik Servis;38.4841397721007;27.1737149458772;1
32348;Acil;38.4847557818524;27.1765009283875;1
32349;Onkoloji;38.4849097970213;27.1811809039136;1
32350;Poliklinik 1;38.4838617905454;27.1796949172722;1
32351;Poliklinik 2;38.4835267850632;27.1781389269649;1
32352;Cami;38.4840247327524;27.161036010838;1
32353;Cami;38.4838537332499;27.16127601053;1
32354;4. Etap;38.4855707457045;27.1645659845016;1
32355;4. Etap;38.4853827458105;27.1646849849161;1
32356;5. Etap;38.488239539584;27.1710358734739;1
32357;5. Etap;38.4873407671324;27.1706099439225;1
32358;5. Etap Üst Yol;38.4880157631014;27.1690279482565;1
32359;5. Etap Üst Yol;38.4881741003167;27.1690036744545;1
32360;7. Etap;38.4886487560151;27.166502957688;1
32361;7. Etap;38.4886327555769;27.1663709584545;1
32362;7. Etap Tepe;38.4894627540119;27.1655159582464;1
32363;7. Etap Tepe;38.4893507532733;27.1653299598256;1
32364;6. Etap Tepe;38.4911817602012;27.1667339423661;1
32365;6. Etap Tepe;38.4913027602652;27.1667029418468;1
32366;6. Etap;38.490089761679;27.1676639436909;1
32367;6. Etap;38.4902157612058;27.1674609440312;1
32368;8. Etap;38.4911258012828;27.1794328773441;1
32369;8. Etap Alt Yol;38.4898128993818;27.1789469693925;1
32370;Bahçeler;38.4547500691054;27.5013587475402;1
32371;Bahçeler;38.4546630668954;27.5011087494124;1
32372;Evka 4 İş Merkezi;38.49220091979;27.2133816984009;1
32373;5. Etap Alt Yol;38.4882447782413;27.1736809231877;1
32376;Kayadibi Giriş;38.5164280345868;27.2305244483346;1
32377;Kayadibi Giriş;38.5162820342134;27.2305034494744;1
32378;Okul;38.4854934351557;27.1605879658144;1
32379;Okul;38.4854737352665;27.1612190021226;1
32380;Vadi;38.4891917828274;27.1746679127995;1
32381;Karaçam Çiftlik;38.5179192027096;27.2687412348787;1
32382;Karaçam Çiftlik;38.5176732010443;27.2685112379611;1
32383;Karaçam Santral;38.5195512163931;27.2708382113351;1
32384;Karaçam Santral;38.5196602170691;27.2709252100387;1
32385;Karaçam Park;38.5190822219368;27.2723192070943;1
32386;Karaçam Park;38.5187312224332;27.272628208155;1
32388;Mavi Boncuk;38.3867022148829;27.4448545592671;1
32389;Mavi Boncuk;38.3871592201143;27.4452015548398;1
32390;Nazar Boncuğu;38.3852921984274;27.4436875730589;1
32391;Göz;38.3892072464848;27.4475365330482;1
32392;Göz;38.3891552478936;27.44804153231;1
32393;Çambel Toki;38.4587900982181;27.5005137069121;1
32394;Çambel Toki 2;38.461181092426;27.4962146975477;1
32395;Çambel Toki 2;38.4611780937385;27.4964386967107;1
32396;Çambel Batı;38.4628291104835;27.4969676767571;1
32397;Çambel Batı;38.462973112454;27.49709867468;1
32398;Akalan Çiftlik;38.4558282047613;27.4915414014616;1
32399;Akalan Çiftlik;38.4557625915066;27.4908985848275;1
32400;Özdeşkent;38.4096031174392;27.4429520375975;1
32401;Özdeşkent;38.4093495659876;27.4427837504169;1
32402;Otogar Yeni;38.4286992233241;27.2130823169848;1
32403;Egemen;38.4095049461769;27.5993951897621;1
32404;Kumova;38.4136205208723;27.6232095767549;1
32405;Kumova;38.4137543062107;27.6233243829808;1
32406;Arslan;38.4522874088922;27.2502259151258;1
32407;Villa Ağaçlık;38.4752380054809;27.2489746320641;1
32408;Villa Ağaçlık;38.4752850054596;27.2489306319717;1
32409;Kiraz Yolu;38.4100895818592;27.5174652946884;1
32410;Kiraz Yolu;38.4101803133366;27.5175027031569;1
32411;Avcı;38.4759583199467;27.1745028998202;1
32412;Avcı;38.4758954752084;27.1743575373855;1
32413;Park Orman;38.4130836869213;27.4971210568246;1
32414;Park Orman;38.4132861454466;27.4968022968501;1
32415;Soğuk Depolar;38.4113683328983;27.5060493319537;1
32416;Soğuk Depolar;38.4108952835098;27.5066304720355;1
32417;Kordelya;38.4150143848064;27.4839249949699;1
32418;Kordelya;38.4151057211301;27.484022828197;1
32419;Öteyaka;38.452811747386;27.4149314856973;1
32420;Öteyaka;38.4522265901431;27.4150159248193;1
32421;Makina;38.4488210591832;27.4139629960137;1
32422;Makina;38.4487076260425;27.4140917425545;1
32423;Seyit Şanlı Anadolu Lisesi;38.4818542580797;27.2041012162884;1
32424;Akevler;38.4654896721564;27.4529299082018;1
32425;Akevler;38.4651062388605;27.4525782882819;1
32426;Kozalak;38.4908499246646;27.373397191818;1
32427;Kozalak;38.4908604211741;27.3733059970536;1
32428;Dumlupınar;38.4690833252644;27.2196405126272;1
32429;Issız;38.5363662977561;27.2987789556332;1
32430;Issız;38.536490857796;27.2989531314246;1
32431;Limon Servi;38.5389483052911;27.301310900224;1
32432;Limon Servi;38.538658780364;27.3009488064749;1
32433;Alpaslan;38.4103767148671;27.5109531838109;1
32434;Alpaslan;38.4102377149598;27.5112491844517;1
32435;Park;38.4817116154624;27.3542186929525;1
32436;Şahin Tepesi;38.4832359102825;27.3530975959699;1
32437;Ulucak Park;38.4831232943489;27.3510035683104;1
32438;Zeytin Bağı;38.4816884567343;27.3520591107;1
32440;Viyadük Köprüaltı;38.4453727428403;27.2090335489475;1
32441;Akalan Yan Yol;38.4573001182329;27.4858015112476;1
32442;Akalan Yan Yol;38.4573812376081;27.4854079813493;1
32443;Çiçekli Köy;38.5002355816801;27.2845074414642;1
32444;Çiçekli Köy;38.5003552265553;27.284493951235;1
32445;Zeytin Dalı;38.4159265477092;27.4766995442504;1
32446;Zeytin Dalı;38.41592440751;27.4771807889858;1
32447;Vişneli Yolu;38.3394900761235;27.4057399238081;1
32448;Vişneli Yolu;38.339593769429;27.4059261306689;1
32451;Sarnıçköy Ladin;38.5465568439061;27.2772034725088;1
32452;Sarnıçköy Ladin;38.5466470474275;27.2771337347302;1
32453;Sarnıçköy;38.5481120294774;27.2758766719631;1
32454;Kodelya;38.5458766904523;27.2790314195277;1
32455;Kodelya;38.5456354629592;27.2791690314544;1
32456;Sarnıçköy Giriş;38.5443450922052;27.2816378431883;1
32457;Sarnıçköy Giriş;38.5442145377203;27.2815181855672;1
32458;Sarnıçköy Çamlık;38.5423266646761;27.2827731592417;1
32459;Sarnıçköy Çamlık;38.5421252663182;27.282639051208;1
32460;Beşyol Giriş;38.5329644899353;27.2895227233465;1
32461;Beşyol Giriş;38.5328782822342;27.2892472188046;1
32462;Eylül;38.4358111085824;27.2102214644945;1
32463;Hayrat Çeşmesi;38.4874132441623;27.3846862383865;1
32464;Hayrat Çeşmesi;38.4874825727026;27.3847352338799;1
32466;Sosyete Parkı;38.4715484477605;27.222655977691;1
32467;Sosyete Parkı;38.4715715959896;27.222788038433;1
32468;Ergene Deresi;38.4702179435459;27.2199619131343;1
32469;Kızılay Mahallesi;38.4682810943415;27.2167370239897;1
32471;Gençlik ve Spor;38.4654793520461;27.2105518264644;1
32472;Buz Pisti;38.4668521130965;27.2135359393869;1
32473;Topçu Tugayı;38.4694847987252;27.2260534195543;1
32474;Topçu Tugayı;38.4693545177739;27.2256886272476;1
32475;Ege Üniversitesi Öğrenci Köyü;38.4540388414044;27.2171549012054;1
32476;Ege Üniversitesi Öğrenci Köyü;38.4541578422044;27.2173158998557;1
32477;Eğridere Meydan;38.5012229491426;27.2164216253165;1
32478;Damlacık Halı Saha;38.4958286718615;27.3812778529739;1
32479;Damlacık Halı Saha;38.4958616707722;27.381041853797;1
32480;Birkent 2;38.4730257054082;27.1569770881204;1
32481;Kayadibi Orman;38.514775092373;27.2452003823317;1
32482;Kayadibi Orman;38.5146240911243;27.2449843845585;1
32483;Ova Evleri;38.4103379664664;27.5140442119821;1
32484;Ova Evleri;38.410261759546;27.514838430725;1
32485;Sancaklı;38.4905150526061;27.3814893503964;1
32486;Sancaklı;38.4901946451899;27.3816279019455;1
32488;Ayakkabıcılar Sitesi Cami;38.4290456658558;27.2418569553509;1
32489;Ayakkabıcılar Sitesi Cami;38.4291860507973;27.2411024139859;1
32499;Armutlu Hürriyet;38.4073548029812;27.535511815966;1
40001;Nato;38.3933;27.1434;1
40002;Nato;38.3938;27.1415;1
40003;Şirinyer Merkez;38.3928523430707;27.1484977260221;1
40004;Şirinyer Merkez;38.3932720651425;27.1480816360367;1
40009;Şirinyer Pazar Yeri;38.3926;27.1499;1
40010;Şirinyer PTT;38.3918;27.1534;1
40011;Yeni Mahalle;38.3913;27.1564;1
40012;Yeni Mahalle;38.3913;27.1571;1
40013;Buca Vergi Dairesi;38.3909005462839;27.1594003810368;1
40014;Buca Vergi Dairesi;38.3909005477705;27.1604003772791;1
40015;Buca Belediye Sarayı;38.3904;27.163;1
40016;Buca Belediye Sarayı;38.3905;27.1634;1
40018;Öğretmen Evleri;38.390061884823;27.166104641177;1
40019;İzmir Meslek Yüksek Okulu;38.3893;27.1684;1
40022;Buca Sosyal Güvenlik Kurumu;38.3889004041964;27.171201248537;1
40024;Buca Sosyal Güvenlik Kurumu;38.3888946835036;27.1712407792075;1
40025;Buca Heykel;38.3882005588638;27.172700338193;1
40035;Dokuz Eylül Eğitim Fakültesi;38.3861;27.1708;1
40036;Dokuz Eylül Eğitim Fakültesi;38.3856;27.1704;1
40037;Buca Devlet Hastanesi;38.3843;27.169;1
40038;Buca Devlet Hastanesi;38.384321;27.169233;1
40040;Buca Devlet Hastanesi;38.3842;27.1691;1
40057;Fatma Saygın Anadolu Lisesi;38.3830005498664;27.176900335353;1
40058;Fatma Saygın Anadolu Lisesi;38.3828005489827;27.1767003365121;1
40063;Buca Yeni Cami;38.3926208008532;27.1717200644658;1
40064;Buca Yeni Cami;38.3925005693773;27.1717003312124;1
40065;İktisadi ve İdari Bilimler Fakültesi;38.3846197380369;27.1799420809507;1
40066;İktisadi ve İdari Bilimler Fakültesi;38.385;27.1797;1
40067;Buca Eski Mezarlık;38.3808435524801;27.1833613178072;1
40068;İktisadi ve İdari Bilimler Fakültesi;38.3848414186427;27.1798568792053;1
40069;Papatya;38.3795;27.1853;1
40070;Eski Mezarlık;38.3813055419474;27.1831112313635;1
40071;Begos;38.377581;27.187848;1
40077;Buca Diyaliz Merkezi;38.379443;27.183805;1
40079;Hasan Ağa Bahçesi;38.3812;27.18;1
40080;Buca Eski Mezarlık;38.3815005525897;27.1820003209886;1
40081;Eski Mezarlık;38.3816;27.1823;1
40085;Beş Selviler;38.372855;27.193768;1
40086;Papatya;38.3801;27.1857;1
40087;Buca Belediye Şantiye;38.3688866899143;27.1962059325481;1
40088;Begos;38.377506993673;27.1896820631381;1
40092;Beş Selviler;38.373073;27.194064;1
40094;Buca Belediye Şantiye;38.3697306085503;27.1960595460369;1
40101;Şirinyer Bankalar;38.3937;27.1488;1
40102;Şirinyer Bankalar;38.3937;27.1486;1
40103;Fabrika;38.3972;27.149;1
40104;Fabrika;38.3965;27.1487;1
40105;Yeniyol;38.3998;27.1496;1
40106;Yeniyol;38.400258;27.149508;1
40107;Gürçeşme Huzurevi;38.4014;27.1499;1
40108;Polis Okulu;38.4032;27.1502;1
40109;Polis Okulu;38.404;27.1513;1
40110;Damatlar Mahallesi;38.3126253353087;27.2843882029339;1
40116;Kaynak Parkı;38.41256;27.161677;1
40117;Ferahlı Parkı;38.411203;27.162911;1
40118;Ferahlı Parkı;38.411023;27.162694;1
40121;Tınaztepe;38.3760919888141;27.1920470383545;1
40123;Tınaztepe;38.3763005505253;27.1925002974322;1
40124;Tınaztepe;38.3761;27.1921;1
40126;Tınaztepe;38.376;27.1926;1
40127;Mühendislik Fakültesi;38.3693;27.208;1
40128;Mühendislik Fakültesi;38.3696;27.2079;1
40129;Mimarlık Fakültesi;38.368318;27.206725;1
40130;Mimarlık Fakültesi;38.3684;27.2066;1
40137;Nato 1;38.3929;27.1406;1
40138;Nato 1;38.3927;27.1406;1
40140;Şirinyer Ertuğrul Gazi Anadolu Lisesi;38.3887025161479;27.1419224520394;1
40141;Şirinyer Ertuğrul Gazi Anadolu Lisesi;38.3886245157221;27.1417394528911;1
40142;Akıncılar Cami;38.3867;27.1431;1
40143;Akıncılar Cami;38.386;27.1436;1
40145;Akıncılar Merkez;38.3845255117717;27.1459868877471;1
40146;Akıncılar Merkez;38.3847;27.1458;1
40153;Şirinyer İstasyonu;38.391721852759;27.1474265518103;1
40159;Şirinyer Parkı;38.391;27.1509;1
40160;Şirinyer Parkı;38.3901910802061;27.1510367964696;1
40162;Buca Hipodrom;38.38700040503;27.1517148549434;1
40163;Buca Hipodrom;38.3869027087161;27.151620793603;1
40166;Enhoşlar;38.3831;27.1524;1
40167;Enhoşlar;38.3834;27.1523;1
40175;İzban Koşu Durağı;38.3834915108013;27.1471704419394;1
40176;İzban Koşu Durağı;38.3836;27.1474;1
40177;Fırın;38.3788;27.146;1
40178;Fırın;38.3789;27.1464;1
40179;Marangoz;38.3762006093894;27.1447001604294;1
40180;Mermerci;38.3765927979108;27.1449537374014;1
40181;Selvi;38.3743;27.1439;1
40182;Selvi;38.3750904866661;27.1443404658932;1
40183;İnkılap;38.3716;27.1428;1
40184;İnkılap;38.3715823008935;27.1428500945785;1
40186;İrfan Nadir İlkokulu;38.3694;27.1421;1
40195;Koşuyolu;38.3800634923136;27.1490260878319;1
40196;Koşuyolu;38.3798555044643;27.1492984404782;1
40198;Şirinyer Saha;38.389399;27.149115;1
40199;Koşu Yolu;38.3888;27.1521;1
40200;Koşu Yolu;38.3888;27.1519;1
40201;Siteler;38.388900536811;27.1564003967503;1
40202;Siteler;38.3889895371685;27.1564923962127;1
40207;Vali Rahmi Bey;38.3888;27.1596;1
40208;Vali Rahmi Bey;38.3889;27.1598;1
40209;Şehitler Parkı;38.3874;27.1633;1
40210;Şehitler Parkı;38.3874;27.1635;1
40215;Ata;38.3874;27.1525;1
40216;Ata;38.3875;27.1528;1
40217;Ensar Cami;38.3877005313685;27.1547004056652;1
40218;Ensar Cami;38.3877645313754;27.1545904059427;1
40219;30 Ağustos İlköğretim Okulu;38.3879835998175;27.1570050251368;1
40220;30 Ağustos İlköğretim Okulu;38.3881005363415;27.1575003943657;1
40221;Harp İş Sitesi;38.3873;27.1617;1
40222;Harp İş Sitesi;38.3874;27.1618;1
40231;Atlı Spor Kulübü;38.3818113526194;27.1611051821549;1
40232;Atlı Spor Kulübü;38.3819;27.1607;1
40237;Buca Kaymakamlık;38.382100528286;27.1632003860067;1
40238;Buca Kaymakamlık;38.3822005293686;27.1638003836498;1
40241;Barış;38.3818;27.1652;1
40242;Barış;38.3817;27.1654;1
40243;Ali Kuşçu İlkokulu;38.379987;27.165314;1
40244;Ali Kuşçu İlkokulu;38.3796;27.1653;1
40251;Eski Sinema 2;38.380305459598;27.174992981878;1
40252;Eski Sinema;38.3788362421162;27.1746716785571;1
40253;Palmiye;38.3782;27.172;1
40254;Palmiye;38.3781;27.1719;1
40255;Kozağaç;38.377;27.1699;1
40256;Kozağaç;38.3767135633914;27.1694321238413;1
40257;Vicdan;38.3745;27.1656;1
40258;Vicdan;38.3743;27.1654;1
40259;Selviler;38.3724;27.1625;1
40260;Selviler;38.3723;27.1625;1
40263;Fırat;38.3701;27.1585;1
40264;Fırat;38.37;27.1586;1
40265;Zencefil;38.3675;27.1553;1
40266;Zencefil;38.3674;27.1555;1
40267;Altınevler;38.3646;27.1526;1
40268;Altınevler;38.3646;27.1528;1
40271;Buca Anadolu Lisesi;38.3626004586485;27.1489004652033;1
40272;Buca Anadolu Lisesi;38.361989456489;27.1483624676094;1
40273;İnönü Mahallesi Muhtarlık;38.3606;27.1478;1
40274;İnönü Mahallesi Muhtarlık;38.3607;27.1481;1
40287;Kuzucuoğlu;38.3581;27.1472;1
40288;Kuzucuoğlu;38.3584;27.1475;1
40289;İsmail Şekip Uyal İlköğretim Okulu;38.3560814379837;27.145648481443;1
40290;İsmail Şekip Uyal İlköğretim Okulu;38.3555;27.1455;1
40295;İnönü Mahallesi;38.35331;27.142616;1
40296;İnönü Mahallesi;38.353241;27.142798;1
40297;Otokent C Kapısı;38.35179;27.14046;1
40298;Otokent C Kapısı;38.35186;27.14077;1
40299;Altıncı Sanayi;38.3483;27.1415;1
40300;Altıncı Sanayi;38.3484;27.1417;1
40301;Galericiler Sitesi;38.345;27.1425;1
40302;Galericiler Sitesi;38.345644;27.142676;1
40309;Eshot Ağır Bakım Tesisleri;38.35262;27.14711;1
40310;Eshot Ağır Bakım Tesisleri;38.3525;27.14709;1
40317;Eski Son Durak;38.375568;27.159985;1
40318;Eski Son Durak;38.375554;27.159718;1
40319;Buca Moda Konutları;38.3762505055321;27.1579234156675;1
40320;Buca Moda Konutları;38.3757405042626;27.1580264161672;1
40322;Köşe;38.3738009945483;27.1566008486684;1
40323;Köşe;38.3740739939713;27.1557088540525;1
40324;Çiftlik;38.3749;27.153;1
40325;Çiftlik;38.3748;27.1534;1
40326;Çiçek;38.3747;27.1504;1
40327;Çiçek;38.3748;27.1506;1
40328;Üçyol;38.3733;27.1517;1
40329;Üçyol;38.3733;27.1516;1
40330;Akasma;38.370869;27.154816;1
40331;Akasma;38.370737;27.154743;1
40337;Nilüfer;38.3773;27.1473;1
40338;Nilüfer;38.3773;27.1476;1
40339;Bloklar;38.3755;27.1493;1
40340;Bloklar;38.3753;27.1496;1
40341;Fulya;38.3719;27.1515;1
40342;Fulya;38.3718;27.1517;1
40343;Veysel Karani Cami;38.3701;27.1528;1
40344;Veysel Karani Cami;38.3699;27.1531;1
40351;Çitlenbik;38.3674;27.1546;1
40352;Çitlenbik;38.3676;27.1546;1
40355;Göksu;38.3663;27.1527;1
40356;Göksu;38.365955471416;27.1526144489777;1
40357;Özel Sağlık;38.3681;27.1509;1
40358;Özel Sağlık;38.3682;27.1507;1
40359;Recep Ersayın İlkokulu;38.370328;27.148705;1
40360;Recep Ersayın İlkokulu;38.37061;27.148376;1
40361;Göksu Pazaryeri;38.3721474816736;27.1465754620057;1
40362;Göksu Pazaryeri;38.3720314815424;27.1467304616141;1
40363;İrfan Nadir İlkokulu;38.369;27.1416;1
40364;Osman Bey Anadolu Lisesi;38.3685708472525;27.1444549115167;1
40365;Osman Bey Anadolu Lisesi;38.3684594563955;27.1441137152974;1
40366;Gökkuşağı;38.371207;27.146065;1
40369;Çiğdem;38.3687454735807;27.1472934638632;1
40370;Çiğdem;38.3686054736324;27.1477054626041;1
40371;Umut;38.367;27.1491;1
40372;Umut;38.3669;27.1493;1
40373;Aydın;38.3646;27.1503;1
40374;Aydın;38.3643964650344;27.1504684580346;1
40379;Gediz Meydan;38.3607;27.1454;1
40380;Gediz Meydan;38.361;27.1454;1
40387;Erguvan;38.3697;27.1568;1
40388;Erguvan;38.3701;27.1564;1
40391;Sardunya;38.3764;27.1663;1
40392;Sardunya;38.3766;27.1662;1
40395;Begovilya;38.374293;27.167091;1
40396;Begovilya;38.374477;27.16704;1
40403;Çamlı Pınar Muhtarlık;38.3699;27.1646;1
40404;Çamlı Pınar Muhtarlık;38.3695;27.1643;1
40407;Çamlıpınar Yeni Son Durak;38.3688;27.1623;1
40410;Redresör;38.3924;27.1549;1
40411;Redresör;38.392983545513;27.1553753915113;1
40412;Betonyol;38.3952;27.1563;1
40413;Betonyol;38.3947;27.1561;1
40414;Gül;38.3966875571202;27.157012376389;1
40415;Gül;38.3967465575372;27.1571853755742;1
40416;Manolya;38.3993;27.1584;1
40417;Manolya;38.3995;27.1586;1
40418;Dirayet Süren İlkokulu;38.4012;27.16;1
40419;Dirayet Süren İlkokulu;38.401;27.1598;1
40420;Ufuk Karakolu;38.4023050756929;27.1623602334626;1
40421;Ufuk Karakolu;38.4022576460316;27.1624220533345;1
40422;Yıkıkkemer Meydan;38.403101;27.163822;1
40423;Yıkıkkemer Meydan;38.4031;27.1645;1
40430;Kreş;38.3929;27.1525;1
40431;Adnan Kahveci Parkı;38.3957;27.1529;1
40432;Adnan Kahveci Parkı;38.3954;27.1527;1
40433;Çağrı;38.3982;27.1531;1
40434;Çağrı;38.3983;27.153;1
40435;Onat;38.3994;27.1554;1
40436;Onat;38.3996;27.1554;1
40437;Çamlık Cami;38.4022022147382;27.1571609006118;1
40438;Çamlık Cami;38.4018605699491;27.1572273622891;1
40449;Betonyol;38.3947;27.1553;1
40454;İşçievleri;38.393996;27.160439;1
40457;Selviler;38.396102;27.161051;1
40458;Selviler;38.396046;27.161139;1
40461;Çakıl;38.3918975592477;27.1662523530013;1
40462;Çakıl;38.3918;27.166;1
40464;Hüdaverdi Cami;38.3952;27.167;1
40467;Mustafa Eren Parkı;38.3927;27.1681;1
40468;Park;38.393;27.1674;1
40469;Buca Menderes Mahallesi Muhtarlığı;38.3921;27.1704;1
40470;Buca Menderes Mahallesi Muhtarlığı;38.3925;27.1702;1
40471;Sağlık;38.3911;27.1721;1
40472;Sağlık;38.3913993718158;27.172109140162;1
40475;Hüdaverdi Cami;38.3947;27.1676;1
40486;İstiklal;38.3982;27.1638;1
40487;İstiklal;38.3983;27.1638;1
40488;Evka 1 İtfaiye;38.3969;27.1684;1
40493;Işıklı Parkı;38.3978;27.1652;1
40494;Işıklı Parkı;38.3978;27.1653;1
40495;Ana Sağlığı;38.4002;27.1671;1
40496;Ana Sağlığı;38.3999;27.1668;1
40497;Bloklar;38.4003;27.1693;1
40498;Bloklar;38.4003;27.1696;1
40503;Evka 1 İtfaiye;38.3961;27.1693;1
40504;Evka 1 Çeşme;38.3981;27.171;1
40505;Evka 1 Ceşme;38.3979;27.1706;1
40506;Süleyman Şah Mesleki ve Teknik Anadolu Lisesi;38.3977415744883;27.1738419958199;1
40507;Süleyman Şah Mesleki ve Teknik Anadolu Lisesi;38.3971005866308;27.1745003085147;1
40508;Buca Tenis Kulübü;38.396;27.1762;1
40509;Buca Tenis Kulübü;38.3959;27.1761;1
40510;Mevlana Heykeli;38.3945877300681;27.1781613917089;1
40511;Mevlana Heykeli;38.3945134467335;27.1781066938837;1
40512;Eyüp Sultan Cami;38.393;27.18;1
40513;Eyüp Sultan Cami;38.3929;27.18;1
40514;Mehmetçik;38.3905;27.1812;1
40515;Mehmetçik;38.390564;27.181095;1
40518;Buca Spor Salonu;38.3944;27.1727;1
40519;Buca Spor Salonu;38.3942;27.1725;1
40520;Devlet Malzeme Ofisi Çok Programlı Anadolu Lisesi;38.3954005806137;27.1737003161572;1
40521;Devlet Malzeme Ofisi Çok Programlı Anadolu Lisesi;38.3952005802248;27.1738003163198;1
40522;Dokuz Eylül Öğrenci Yurdu;38.3976;27.1771;1
40523;Dokuz Eylül Öğrenci Yurdu;38.3976;27.177;1
40524;Buca Tütün İhracatçıları Birliği İlkokulu;38.3964;27.18;1
40526;Yedi Göller;38.3941;27.185;1
40527;Yedi Göller;38.3942;27.185;1
40528;Çağdaş;38.3966;27.1932;1
40529;Çağdaş;38.3964;27.1929;1
40530;Dörtyol;38.3979;27.1947;1
40531;Dörtyol;38.3981;27.1949;1
40548;Asma;38.3986;27.1777;1
40549;Asma;38.398591;27.178061;1
40550;Şirintepe Parkı;38.3998;27.1795;1
40551;Şirintepe Parkı;38.3997;27.1794;1
40553;Şirintepe;38.3998;27.180782;1
40558;Şehit Jandarma Çadırcı;38.3989;27.1819;1
40559;Şehit Jandarma Çadırcı;38.3987;27.1817;1
40560;Akasyalar;38.4006;27.1837;1
40561;Akasyalar;38.4001;27.1833;1
40562;Afetevleri;38.4017;27.1851;1
40563;Afetevleri;38.4018;27.1855;1
40565;İZUM;38.4051236373249;27.1900402252226;1
40570;Basket Sahası;38.398122;27.180698;1
40571;Basket Sahası;38.398124;27.180551;1
40572;Şirintepe;38.399663;27.180659;1
40574;Adatepe;38.3851885688279;27.185231300844;1
40577;Fakülte;38.3842;27.1827;1
40578;Fakülte;38.3844;27.1828;1
40579;Adatepe;38.3853005692817;27.185300300321;1
40581;Adatepe Son Durak;38.3850286132179;27.1867331862476;1
40582;Adatepe Üçgen Park;38.3827826428202;27.1858517784403;1
40583;Adatepe Üçgen Park;38.3829311122727;27.185894005091;1
40584;Işılay Saygın Güzel Sanatlar Lisesi;38.382615;27.184164;1
40586;Akşemsettin İlkokulu;38.3897;27.184;1
40587;Akşemsettin İlkokulu;38.3896;27.1841;1
40588;Sağlık Ocağı;38.3907483356915;27.1865519483196;1
40589;Sağlık Ocağı;38.3907062183992;27.1868891348864;1
40590;Karakol;38.3924341202356;27.1879034445846;1
40591;Karakol;38.3926861888084;27.188366861076;1
40592;Sultan Alparslan Anadolu Lisesi;38.394466586591;27.1898880813828;1
40593;Sultan Alparslan Anadolu Lisesi;38.3944006057551;27.1904002573359;1
40598;Güneş;38.3958926043954;27.1869772654789;1
40599;Güneş;38.3960136048085;27.1870062650177;1
40600;İzkent Depo;38.3978626420561;27.1880640708422;1
40601;İzkent Depo;38.3979007538047;27.188398609829;1
40602;İzkent Mahalle Muhtarlığı;38.3987;27.1897;1
40603;İzkent Mahalle Muhtarlığı;38.3986;27.1899;1
40608;İzkent 1;38.3991;27.1912;1
40611;Yedi Göller İş Merkezi;38.3997012804008;27.1926994066843;1
40612;Yedi Göller İş Merkezi;38.3997573752515;27.1926599008169;1
40613;Yavuz Sultan Selim Cami;38.3979;27.1961;1
40614;Yavuz Sultan Selim Cami;38.398;27.196;1
40619;Cumhuriyet Parkı;38.3962;27.1963;1
40620;Cumhuriyet Parkı;38.3966966241388;27.1967682272415;1
40623;Birlikcan;38.3927;27.1941;1
40624;Birlikcan;38.3927;27.1945;1
40625;Şehit Üst Teğmen Konuralp Özcan İlköğretim Okulu;38.3917596272851;27.1921932503064;1
40626;Avşar Sitesi;38.3942;27.1933;1
40627;Avşar Sitesi;38.3944;27.1936;1
40630;Çam;38.3962;27.1946;1
40631;Çam;38.3961;27.1947;1
40632;Alkent;38.3935;27.1952;1
40633;Alkent;38.394;27.1951;1
40640;Mimar Kemalettin İlkokulu;38.4;27.1947;1
40641;Mimar Kemalettin İlkokulu;38.4;27.1948;1
40644;Buca İlçe Halk Kütüphanesi;38.4023405438056;27.1961839191033;1
40645;Buca İlçe Halk Kütüphanesi;38.4022156402643;27.1961612117363;1
40646;Azerbaycan;38.4008;27.1988;1
40647;Azerbaycan;38.4011;27.1982;1
40652;Evka 1 Pazaryeri;38.3992;27.1979;1
40653;Evka-1 Pazaryeri;38.3988;27.1979;1
40656;Şehit Polis Cebrail Aksöz;38.4035716453346;27.1966322054523;1
40657;Şehit Polis Cebrail Aksöz;38.4033516451091;27.1968662053139;1
40658;Mursal Meydanı;38.4028952160071;27.1988340806729;1
40659;Mursal Meydanı;38.4028133479692;27.1986896764456;1
40661;İzmir Tınaztepe Üniversitesi;38.4019006471806;27.2003001973956;1
40680;Düzlük;38.40683;27.16075;1
40681;Düzlük;38.4069;27.1609;1
40682;İsmet Paşa Muhtarlık;38.4059;27.1596;1
40683;İsmet Paşa Muhtarlık;38.405961583733;27.1595923415996;1
40684;Merdivenli Yol;38.4052005774353;27.1570003541102;1
40685;Merdivenli Yol;38.40530057836;27.157400352231;1
40686;Çimenli Cami;38.4047;27.1555;1
40687;Çimenli Cami;38.4048;27.1556;1
40692;Çiçek;38.4049;27.1608;1
40693;Çiçek;38.4048504622207;27.1610492989857;1
40694;Mehtap Mahallesi Kahveler;38.4039353323926;27.1588359859558;1
40695;Mehtap Mahallesi Kahveler;38.4037547278113;27.158280609944;1
40702;Ptt Karabağlar Dağıtım Toplama Merkezi;38.3766674814266;27.1362644930912;1
40703;Hat Boyu 2;38.37659;27.14355;1
40704;Hat Boyu 2;38.3765;27.14384;1
40705;Ptt Karabağlar Dağıtım Toplama Merkezi;38.3768224822407;27.1366694913889;1
40706;Mobilyacılar;38.3771;27.1393;1
40707;Mobilyacılar;38.37729;27.13979;1
40710;Hat Boyu;38.37857;27.14544;1
40711;Hat Boyu;38.37881;27.14544;1
40712;Hüseyin Avni Ateşoğlu İlköğretim Okulu;38.3595;27.1437;1
40713;Hüseyin Avni Ateşoğlu İlköğretim Okulu;38.3594;27.144;1
40714;Adile Naşit Parkı;38.3592;27.1408;1
40715;Adile Naşit Parkı;38.3593;27.141;1
40733;Buca Devlet Hastanesi;38.3856;27.1656;1
40734;Buca Devlet Hastanesi;38.3858;27.1657;1
40735;Demokrasi Meydanı;38.3839422030625;27.1681345283355;1
40736;Demokrasi Meydanı;38.38410054072;27.1682003638502;1
40737;Buca Sağlık Ocağı;38.3828;27.1728;1
40738;Buca Sağlık Ocağı;38.382915;27.172524;1
40739;Buca Üçkuyular Meydan;38.3823005462131;27.1758003408041;1
40740;Buca Üçkuyular Meydan;38.382399988278;27.1757495230363;1
40742;Buca Üçkuyular Meydan;38.3823575465751;27.1759363401983;1
40744;Buca Üçkuyular Meydan;38.3823905468065;27.1760303397939;1
40757;Ali Rıza Efendi İlkokulu;38.3763;27.1783;1
40758;Ali Rıza Efendi İlkokulu;38.377075;27.177259;1
40759;Buca Doğum Evi;38.3757;27.1806;1
40760;Buca Doğum Evi;38.37577;27.18055;1
40761;Yeşilkent;38.374376;27.184006;1
40762;Yeşilkent;38.37422;27.18452;1
40763;Fatih;38.37309;27.18694;1
40764;Ahmet Yesevi Öğrenci Yurdu;38.3727235758564;27.1881541024137;1
40765;Ahmet Yesevi Öğrenci Yurdu;38.3724228444308;27.1902751265205;1
40766;Hacı Bektaş Veli Parkı;38.3723;27.19104;1
40778;Köşe;38.3765;27.1768;1
40779;Köşe;38.3762;27.1769;1
40780;Eylül;38.3742;27.1783;1
40781;Eylül;38.3738;27.1781;1
40782;Yıldız;38.3725;27.1783;1
40783;Yıldız;38.3725;27.1781;1
40791;Çamlıkule Muhtarlık;38.374934;27.168518;1
40792;Çamlıkule Muhtarlık;38.374745;27.168503;1
40794;Kıbrıs Sineması;38.3732577518844;27.1702762901141;1
40795;Kıbrıs Sineması;38.3734603321518;27.1705947491373;1
40796;Hanımeli;38.3729;27.1683;1
40797;Hanımeli;38.3729;27.1687;1
40798;Lale;38.3731;27.1721;1
40799;Lale;38.3729;27.172;1
40800;Çamlıkule Park;38.3714;27.1702;1
40801;Çamlıkule Park;38.3719;27.1706;1
40802;Menekşe;38.369882254317;27.1680135449586;1
40803;Menekşe;38.3702363664243;27.1682217545092;1
40812;Yasemin;38.3693;27.166;1
40813;Yasemin;38.369396;27.166073;1
40814;Nergis;38.3677;27.168;1
40815;Nergis;38.3682;27.1677;1
40816;Yaşam;38.3683610136261;27.1699665622017;1
40817;Yaşam;38.3684668892241;27.1698980272575;1
40822;Cumhuriyet Sitesi;38.3682;27.1745;1
40824;Akmeşe;38.3680485053456;27.178396360306;1
40825;Akmeşe;38.3682;27.1773;1
40826;Alan;38.37;27.1802;1
40827;Cumhuriyet Sitesi;38.3681175015869;27.1749293715043;1
40828;Alan;38.3697;27.1806;1
40830;Hayat;38.3697335358915;27.1838432574828;1
40831;Hayat;38.369735;27.184861;1
40832;Manolya;38.369927;27.190596;1
40833;Manolya;38.3698;27.1896;1
40834;Hayat 2;38.3701319270347;27.1866808432511;1
40835;Kuruçeşme Merkez Cami;38.369751;27.192126;1
40836;Sıraevler;38.3682475084084;27.1804753532078;1
40838;Zeytinlik;38.3682;27.1817;1
40839;Zeytinlik;38.3681605096561;27.1817823491333;1
40849;Şehit Astsubay Ümit Başaran İlkokulu;38.3677;27.1853;1
40850;Şehit Astsubay Ümit Başaran İlkokulu;38.367757;27.185155;1
40851;Buca Kooperatif Meydan;38.3678;27.1876;1
40852;Buca Kooperatif Meydan;38.3678;27.1875;1
40853;Emek;38.3671684075172;27.1899575529013;1
40854;Emek;38.3672005161709;27.1900003246492;1
40865;Kuruçeşme Merkez Cami;38.3706205318351;27.1930743080374;1
40866;Kuruçeşme;38.3721;27.1931;1
40867;Şafak;38.3678662111148;27.192406860056;1
40870;Şafak;38.3676643165062;27.1926343705364;1
40877;Eski Son Durak;38.3677;27.1964;1
40878;Eski Son Durak;38.368;27.1965;1
40879;Kahve;38.3668;27.1941;1
40880;Kahve;38.3667;27.1942;1
40881;Aybers Hikmet Karabacak Anadolu Lisesi;38.3683005247668;27.1939003101805;1
40885;Kampüs Giriş;38.375621;27.194212;1
40887;Yetmiş Beşinci Yıl İlköğretim Okulu;38.3734;27.1967;1
40888;Yetmiş Beşinci Yıl İlköğretim Okulu;38.3737;27.1967;1
40889;Spor Salonu;38.371953;27.199768;1
40890;Spor Salonu;38.372230546184;27.1996712834489;1
40891;Kütüphane;38.371;27.2028;1
40892;Kütüphane;38.3712005466765;27.2028002758844;1
40893;Tınaztepe;38.376;27.1938;1
40894;Tınaztepe Yerleşke Son Durak;38.3686535478807;27.2108092569504;1
40895;Sosyal Tesisler;38.3701;27.205;1
40896;Sosyal Tesisler;38.3699;27.2055;1
40897;İşletme Fakültesi;38.3679;27.2018;1
40898;Fen Edebiyat;38.368;27.2028;1
40901;Teknopark;38.36722;27.205599;1
40902;Teknopark;38.36733;27.2055;1
40911;Gökdere Mezarlığı 1;38.3638;27.2372;1
40912;Gökdere Mezarlığı 1;38.3639;27.2374;1
40913;Gökdere Mezarlığı 2;38.3605;27.2347;1
40914;Gökdere Mezarlığı 2;38.3608;27.235;1
40915;Jandarma;38.3569;27.2335;1
40916;Cam Fabrikası;38.3716;27.2367;1
40917;Cam Fabrikası;38.3717;27.2367;1
40918;Gökdere Köy Mezarlığı;38.3738006072871;27.2370001640915;1
40919;Gökdere Köy Mezarlığı;38.373930524165;27.2369397055831;1
40920;Gökdere 1;38.3767;27.2393;1
40921;Gökdere 1;38.3773406270917;27.2397941446403;1
40922;Gökdere 2;38.3779;27.2404;1
40923;Gökdere 2;38.37837;27.240326;1
40924;Gökdere 3;38.3797;27.2408;1
40925;Gökdere 3;38.379714;27.240699;1
40926;Jandarma;38.3568;27.2336;1
40930;Bağ Arası;38.3613;27.2173;1
40931;Bağ Arası;38.3613;27.2169;1
40932;Yeni Mezarlık;38.3595;27.2227;1
40933;Yeni Mezarlık;38.3595;27.2225;1
40934;Olduruk;38.3569;27.2314;1
40935;Olduruk;38.35678;27.230768;1
40937;Sebze Hali;38.3552;27.2373;1
40938;Sebze Hali;38.3552;27.2378;1
40939;Jandarma;38.3541;27.2433;1
40940;Jandarma;38.3539;27.2438;1
40941;Zeytinlik;38.3529;27.2533;1
40942;Zeytinlik;38.353;27.2534;1
40943;Çiçek;38.3532;27.2557;1
40944;Çiçek;38.3534;27.2561;1
40945;İğde;38.3548;27.2588;1
40946;İğde;38.3551;27.2593;1
40947;Köprü;38.356841;27.261994;1
40948;Köprü;38.35688;27.26187;1
40949;Dede Korkut;38.3616;27.2654;1
40950;Dede Korkut;38.3616;27.2653;1
40951;Karacaoğlan;38.36353;27.270884;1
40952;Karacaoğlan;38.36342;27.269035;1
40953;Kasap;38.3652646234589;27.2718500939584;1
40954;Çıkış;38.3635;27.2708;1
40955;Kasap;38.3648;27.2716;1
40958;Düzlük;38.3663;27.2735;1
40959;Sağlık Ocağı;38.366121;27.276225;1
40960;Sağlık Ocağı;38.3662;27.2762;1
40961;Kaynaklar İlköğretim Okulu;38.365243;27.277798;1
40962;Kaynaklar İlköğretim Okulu;38.3655;27.2778;1
40963;Pazar Yeri;38.364347;27.280759;1
40964;Pazar Yeri;38.3647;27.2804;1
40965;Kaynaklar Son Durak;38.3635162453437;27.2828491758863;1
40966;Yeni Mezarlık İki;38.3582;27.2264;1
40967;Yeni Mezarlık İki;38.3581;27.2259;1
40970;Atatürk Spor Lisesi Giriş;38.354938;27.240623;1
40971;Atatürk Spor Lisesi;38.359629;27.242702;1
40972;Atatürk Spor Lisesi Giriş;38.354857;27.24018;1
40978;Besiciler;38.3506167602828;27.2259752503074;1
40979;Besiciler;38.3504282254908;27.2260023980283;1
40980;Muzaffer Ersezgin;38.3485372091685;27.2234511937972;1
40981;Muzaffer Ersezgin;38.3484432106447;27.2235722651204;1
40982;Buca spor tesisleri;38.3462701975537;27.2217612020349;1
40983;Buca spor tesisleri;38.3462674682825;27.2219762707556;1
40986;Olduruk 2;38.3565;27.2294;1
40987;Olduruk 2;38.3565;27.2293;1
40988;Depo;38.354;27.2282;1
40989;Depo;38.3541;27.2282;1
40990;Soğuk Hava;38.351;27.2291;1
40991;Soğuk Hava;38.3511;27.2289;1
40992;Balık Hali Son Durak;38.3492;27.2302;1
40999;Buca Sebze ve Meyve Hali;38.3561;27.2334;1
41000;Buca Sebze ve Meyve Hali;38.35604;27.23356;1
41001;Gölet;38.348691;27.24082;1
41002;Gölet;38.348949;27.240653;1
41003;Yıldız;38.3464;27.2463;1
41004;Yıldız;38.3463;27.2465;1
41005;Havuz Başı;38.3425;27.2517;1
41006;Havuz Başı;38.342475;27.251863;1
41007;Orman;38.3405;27.2564;1
41008;Orman;38.340732;27.255893;1
41009;Çiftlik;38.3259284065469;27.2704172016317;1
41010;Çiftlik;38.3260884075366;27.2705012011803;1
41011;Tarla;38.3177163624862;27.2769602053573;1
41012;Tarla;38.317894;27.276789;1
41013;Barış;38.3158;27.2795;1
41014;Barış;38.3157;27.2796;1
41015;Mezarlık;38.3123903323688;27.2816702071027;1
41016;Mezarlık;38.3124803329853;27.2817702068201;1
41017;Harmanyeri;38.3115425685642;27.2867848229734;1
41018;Harmanyeri;38.3116554911596;27.2869062752367;1
41019;F Tipi Ceza Evi;38.3096576097482;27.3024274049054;1
41020;F tipi Ceza Evi;38.310100328918;27.3022001844667;1
41021;Lojmanlar;38.3080003167379;27.3060001841814;1
41022;Lojmanlar;38.3081169130531;27.306376300155;1
41023;Zeytinlik;38.3087404964252;27.309590676601;1
41024;Zeytinlik;38.3090036260246;27.3094747739318;1
41025;İğde;38.3107072424951;27.3117905354182;1
41026;Sürücü Kursu;38.3154122305767;27.3148268845412;1
41027;Sürücü Kursu;38.3156142382287;27.3152305857462;1
41028;Köşe;38.3167153246971;27.316179227754;1
41029;Köşe;38.317643;27.315927;1
41031;Şehit Mehmet Güleç;38.3163153843638;27.3193761494496;1
41032;Kırklar Meydan;38.3185863986535;27.3174211459203;1
41033;Kırklar Okul;38.3178371233342;27.319543983922;1
41034;İğde;38.3112145231922;27.3114687545672;1
41035;Damatlar Mahallesi;38.312546;27.28438;1
41036;Çiftlik;38.2968;27.2948;1
41037;Çiftlik;38.2968;27.2949;1
41038;Öğretmen;38.3009002656522;27.3019002010722;1
41039;Öğretmen;38.3012002677706;27.3020002004986;1
41040;Başpınar;38.3053744594556;27.3059335885943;1
41041;Başpınar;38.3055372841352;27.3058775546723;1
41042;Cevizlibağ;38.3126513536988;27.3131701659561;1
41043;Cevizlibağ;38.3124292716577;27.313480357236;1
41044;Malazgirt;38.304663;27.3335;1
41045;Malazgirt;38.304574;27.333576;1
41046;Yunus Emre;38.30288;27.340364;1
41047;Yunus Emre;38.302856;27.340263;1
41048;Karataş;38.310776;27.323444;1
41049;Karataş;38.311009;27.32306;1
41050;Meşelik;38.3088833354634;27.325541161477;1
41051;Meşelik;38.3086743339852;27.3256291619044;1
41052;Belenbaşı Ortaokulu;38.3098347003054;27.282217443351;1
41053;Çeşme;38.2881;27.2832;1
41055;Belenbaşı;38.3117003279566;27.2815002084186;1
41057;Belenbaşı Meydan;38.3099803170337;27.2812602113427;1
41058;Çamlık;38.3119;27.2936;1
41059;Çamlık;38.3119;27.2939;1
41060;Belenbaşı Yol Ayrımı;38.2933;27.2848;1
41061;Belenbaşı Yol Ayrımı;38.2933;27.2847;1
41062;Eski Park;38.296;27.2893;1
41063;Eski Park;38.296;27.289;1
41064;Kavun;38.2911;27.2814;1
41065;Kavun;38.2911;27.2813;1
41066;Akasya;38.2897;27.2828;1
41067;Akasya;38.2897;27.2827;1
41068;Çeşme;38.2882;27.2832;1
41069;Karacaağaç Meydan;38.2874;27.2825;1
41070;Karacaağaç Meydan;38.2873;27.2826;1
41071;Üçyol;38.28271;27.286851;1
41072;Üçyol;38.2828;27.2869;1
41073;Demirci Köy;38.2817;27.2874;1
41074;Demirci Zambak;38.278627;27.283596;1
41075;Demirci Zambak;38.278615;27.283423;1
41076;Lavanta;38.2759110925349;27.2821942361764;1
41077;Lavanta;38.276393;27.282018;1
41078;Yoğurtçular Meydan;38.268733;27.282967;1
41079;Yoğurtçular Meydan;38.268627;27.282846;1
41080;Yoğurtçular Papatya;38.263314;27.278731;1
41081;Yoğurtçular Papatya;38.263288;27.278575;1
41083;Yoğurtçular Yol Ayrımı;38.25118;27.263828;1
41084;Karacaağaç Mezarlık;38.286098;27.284489;1
41085;Karacaağaç Mezarlık;38.2855906;27.284525;1
41086;Yıldız;38.4031;27.1688;1
41087;Yıldız;38.4029;27.1697;1
41088;Telsizler;38.402;27.1714;1
41089;Telsizler;38.4021;27.1713;1
41090;Mevlana;38.314388;27.321489;1
41091;Mevlana;38.314528;27.32119;1
41092;Ptt;38.403403;27.166105;1
41093;Koca Orman;38.3040193023182;27.3367925997486;1
41094;Yıkık Kemer;38.404;27.1652;1
41096;Ufuk Cami;38.405621;27.166229;1
41097;Ufuk Cami;38.4058;27.1661;1
41098;Bahar;38.3111993342804;27.2987771865201;1
41099;Bahar;38.310966;27.299741;1
41100;Karacaağaç Mezarlık 2;38.28416;27.287095;1
41101;Karacaağaç Mezarlık 2;38.284127;27.286914;1
41102;Esentepe Gazi Engin Çiftçioğlu İlkokulu;38.4073;27.1664;1
41103;Esentepe Gazi Engin Çiftçioğlu İlkokulu;38.4072;27.1667;1
41104;Telsizler;38.4079;27.168;1
41105;Telsizler;38.4082;27.1685;1
41106;Toros Pazaryeri;38.409544;27.170731;1
41107;Toros Pazaryeri;38.409803936581;27.1707327669977;1
41108;Koca Orman;38.3038070527093;27.3372575608947;1
41109;Ekin;38.3196512304327;27.2711172900977;1
41110;Ekin;38.3198446613086;27.271323009227;1
41111;Kuşluk;38.332469;27.264378;1
41112;Kuşluk;38.3333584433033;27.2641961988181;1
41113;Vatan;38.3046893073575;27.3302981672756;1
41114;Ali Fuat Cebesoy İlkokulu;38.4051395882872;27.1633113291401;1
41115;Ali Fuat Cebesoy İlkokulu;38.4045;27.1635;1
41116;Kaptan;38.4074;27.1625;1
41117;Kaptan;38.4072895920589;27.1625013261178;1
41118;Vatan;38.3049740379962;27.3301170980281;1
41119;Gölet Palmiye;38.352169;27.235432;1
41120;Gölet Palmiye;38.352375;27.235373;1
41122;Çağrı;38.4058;27.1573;1
41123;Çağrı;38.4056;27.1571;1
41124;Rıdvan Nafiz Edgüer Ortaokulu;38.4069;27.1595;1
41125;Rıdvan Nafiz Edgüer Ortaokulu;38.4067;27.1593;1
41126;İsmet Paşa;38.4076;27.1598;1
41127;Bucalılar;38.296345;27.291019;1
41128;Bucalılar;38.296294;27.291384;1
41135;Kasap;38.4090725945337;27.1615203247785;1
41136;Kasap;38.4091485847201;27.1617836856318;1
41138;Mavi Köşe;38.4099;27.1605;1
41139;Mavi Köşe;38.4098;27.1605;1
41140;Mustafa Kemal İlkokulu;38.4109815267268;27.1674108538143;1
41141;Mustafa Kemal İlkokulu;38.4109366102619;27.1675935867673;1
41142;Tepe;38.411338;27.17078;1
41143;Tepe;38.4113;27.1708;1
41144;Toros Meydan;38.4105;27.1731;1
41145;Toros Meydan;38.4105;27.173;1
41146;Manzara;38.4107;27.1763;1
41147;Manzara;38.4106;27.1764;1
41148;Gültepe Mezarlık;38.4087;27.178;1
41149;Gültepe Mezarlık;38.40883;27.177797;1
41150;Sevgi Ferit Akın İlköğretim Okulu;38.3703;27.1772;1
41151;Sevgi Ferit Akın İlköğretim Okulu;38.370393;27.177778;1
41152;Ömer Bilmen Cami;38.3706165093003;27.1748183675709;1
41153;Ömer Bilmen Cami;38.3708;27.1749;1
41154;Dilek;38.3700087829907;27.1735575371392;1
41155;Dilek;38.3695570086811;27.1734037482029;1
41156;Eski Bahçe;38.3708;27.1714;1
41157;Eski Bahçe;38.371;27.1711;1
41161;Kasımpatı;38.3791995136487;27.1580244101212;1
41162;Gardenya;38.3786;27.1621;1
41163;Gardenya;38.3785;27.1623;1
41164;Kasımpatı;38.379;27.1586;1
41165;Süsen;38.3791995109341;27.1558674178522;1
41166;Kızılkanat;38.3797005070429;27.1517004320107;1
41167;Kızılkanat;38.3795005065288;27.1517004323564;1
41168;Süsen;38.379366;27.155808;1
41172;Şirinyer Aktarma;38.3902155293007;27.1488614224577;1
41173;Şirinyer Aktarma;38.3903825296586;27.1488334222146;1
41174;Şirinyer Aktarma;38.3905515300223;27.1488064219626;1
41175;Şirinyer Aktarma;38.3906995303656;27.1488004216736;1
41176;Şirinyer Aktarma;38.3905785299;27.1486754224064;1
41177;Şirinyer Aktarma;38.3904394882316;27.147517262658;1
41178;Şirinyer Aktarma;38.3905;27.1476;1
41200;Hasan Ağa Bahçesi;38.3814;27.1795;1
41201;Işılay Saygın Lisesi;38.3816055576732;27.1853013093416;1
41203;Neşet Ertaş Parkı;38.3839665696227;27.1883012932062;1
41204;Işılay Saygın Lisesi;38.3817;27.1855;1
41205;Adatepe Park;38.3864;27.1897;1
41206;Neşet Ertaş Parkı;38.3840695695264;27.188020293922;1
41207;Adatepe Villaları;38.3881;27.1934;1
41208;Adatepe Park;38.3864;27.1896;1
41209;Fabrikalar 1;38.3905;27.1969;1
41210;Adatepe Villaları;38.388296219684;27.1933263862523;1
41211;Fabrikalar 2;38.3947;27.2028;1
41212;Fabrikalar 1;38.3905;27.1966;1
41213;Çay  Bahçesi;38.398;27.2062;1
41214;Fabrikalar 2;38.3948;27.2028;1
41215;Yahya Kemal Beyatlı;38.3980226420684;27.2042061960145;1
41216;Çay  Bahçesi;38.3978006450697;27.2062001895525;1
41217;Toki Okul;38.3991;27.2055;1
41218;Yahya Kemal Beyatlı;38.3979;27.2037;1
41219;Toki AVM;38.3998;27.2059;1
41220;Toki Okul;38.399243648038;27.2052411882012;1
41222;Toki AVM;38.3997;27.2061;1
41223;Jandarma Komutanlığı;38.403532;27.203269;1
41224;Jandarma;38.4037;27.204;1
41225;Yamaç;38.4002;27.2029;1
41226;Yamaç;38.4002;27.2026;1
41227;Sosyal Yaşam Merkezi;38.4006512900016;27.2012393962349;1
41228;Sosyal Yaşam Merkezi;38.400602;27.200476;1
41229;Fabrikalar 3;38.3958;27.2055;1
41230;Fabrikalar 3;38.396;27.2053;1
41231;Huzur;38.398147;27.203164;1
41232;Huzur;38.398177;27.202932;1
41233;Sosyal Yaşam Merkezi 2;38.397907;27.201312;1
41234;Sosyal Yaşam Merkezi 2;38.3980366376367;27.2018022046795;1
41235;Barış Manço;38.392843;27.199278;1
41236;Barış Manço;38.392673;27.198831;1
41247;Kardelen;38.3673;27.1494;1
41248;Kardelen;38.3673;27.1495;1
41249;Göksu Muhtarlık;38.3666;27.1468;1
41250;Göksu Muhtarlık;38.3667;27.1472;1
41261;Buca Gazi Ortaokulu;38.3656;27.1446;1
41262;Buca Gazi Ortaokulu;38.3658;27.1447;1
41263;Öğrenci Yurdu;38.3626;27.1447;1
41264;Öğrenci Yurdu;38.3628;27.1448;1
41295;Yenigün Muhtar;38.3775;27.1638;1
41296;Yenigün Muhtar;38.3775;27.164;1
41297;Nazım Hikmet Parkı;38.3747;27.1634;1
41298;Nazım Hikmet Parkı;38.3747;27.1636;1
41299;Sağlık Ocağı;38.3738660062474;27.1628510931703;1
41300;Sağlık Ocağı;38.3738121754663;27.1627487402224;1
41301;Belediye Ek Hizmet Binası;38.3725005039808;27.1655003957018;1
41302;Belediye Ek Hizmet Binası;38.3724648000033;27.1657657971532;1
41305;Buca Oyak Sitesi;38.4036466557019;27.2018461856999;1
41307;Buca Oyak Sitesi;38.4035376534777;27.2008851896572;1
41309;Şirinyer Aktarma;38.390578528306;27.1475534266989;1
41310;Şirinyer Aktarma;38.3906585285966;27.1476254262561;1
41311;Buca Toki Girişi;38.3994496436248;27.2025541972974;1
41312;Buca Toki Girişi;38.3994536443419;27.2029271959229;1
41313;Helimoğlu;38.3173893584007;27.2734932113222;1
41314;Helimoğlu;38.3171953571406;27.273328211891;1
41315;Sakin;38.3129153412618;27.2915491926617;1
41316;Sakin;38.3126813398403;27.2917121928707;1
41317;Haralar;38.381008519507;27.1588024039653;1
41318;Haralar;38.3804725170916;27.1580454077004;1
41326;Aydın;38.3293024229548;27.2668402017599;1
41327;Aydın;38.3287850193716;27.2674028110915;1
41329;Lider;38.4069355611111;27.1451953972066;1
41330;Mask;38.4079635660301;27.1468063878345;1
41331;Kayasuyu Cami;38.4091535773192;27.1518133640033;1
41332;Erenler Cami;38.4108535880285;27.1556903431945;1
41335;Balkan;38.4014225542568;27.1482763989726;1
41336;Tınaztepe Yerleşke Son Durak;38.3684925469148;27.2105502581167;1
41337;Kardelen;38.3377624626293;27.25930819972;1
41338;Kardelen;38.3378344633;27.2596021989451;1
41343;Ardıç;38.3818325214403;27.1894125188866;1
41344;Ardıç;38.3820145653319;27.1896312934808;1
41345;Ada;38.3831335695339;27.1900172893716;1
41346;Ada;38.3830075676307;27.1890202931202;1
41347;Lojmanlar;38.3044855454272;27.3039306574063;1
41348;Lojmanlar;38.3040942884778;27.3035691940699;1
41349;Zirve;38.395191616905;27.195384236902;1
41350;Zirve;38.3949206159551;27.1953322379138;1
41351;Kolej;38.3982829701443;27.200085204964;1
41352;Kolej;38.3985196356695;27.1999012100301;1
41353;İzmir Tınaztepe Üniversitesi Üst Giriş;38.4079806606791;27.197602186584;1
41354;İzmir Tınaztepe Üniversitesi Üst Giriş;38.4081936606331;27.1972601871397;1
41355;Düzlük;38.3664706332868;27.2740060841566;1
41360;Buca Oyak Sitesi;38.4036426535327;27.2007441898227;1
41361;İZUM;38.4054916389179;27.190309222976;1
41362;Gültepe Mezarlık 2;38.4063081305085;27.1846912418718;1
41363;Millet;38.4150716394344;27.1772462419443;1
41364;Millet;38.4148906387781;27.1771502429551;1
41365;Gültepe Mezarlık 2;38.4063506316882;27.1852472395854;1
41366;Sümbül;38.4187626522816;27.1789242221229;1
41367;Sümbül;38.4185306514216;27.1787942234881;1
41368;Gültepe Spor Kompleksi;38.4065436264819;27.182225250658;1
41369;Gültepe Spor Kompleksi;38.4065396270792;27.1825462494253;1
41370;Bahçe;38.3779045014403;27.1508994379423;1
41371;Bahçe;38.3777775009444;27.1507594386555;1
41372;Göksu Parkı;38.3722344791743;27.144044470864;1
41373;İde;38.3997206372578;27.1987002105245;1
41374;Buca Oyak  2.Etap;38.4048386586203;27.2014201831564;1
41375;Buca Oyak 2.Etap;38.4050601424959;27.2023290200204;1
41376;Tınaztepe Üniversitesi Yan Giriş;38.4051966584159;27.2007511844189;1
41377;Tınaztepe Üniversitesi Yan Giriş;38.4057856585048;27.199873185669;1
41378;Kaptan2;38.4070675899156;27.1616003303759;1
41379;Çiçek;38.3970726069887;27.1864412639824;1
41380;Portakal;38.400748627678;27.1918282326687;1
41381;Çiçek;38.3971056073226;27.1865762633849;1
41382;Sardunya;38.4004286233012;27.1899692406232;1
41383;Sardunya;38.4003386226996;27.1897872415856;1
41384;Zeytin;38.3990096182989;27.189556246577;1
41385;Zeytin;38.3990516185709;27.1896372461464;1
41386;Portakal;38.4005876274236;27.1919542327107;1
41387;Adatepe Son Durak;38.3850425704438;27.1865952964354;1
41388;Villalar;38.3579905442129;27.2422731932772;1
41389;Kasap 1;38.4090925948885;27.1616893240365;1
41390;Tınaztepe;38.3761385508291;27.193114295777;1
41391;Doğancılar Yolu;38.3063453356253;27.3514771455821;1
41392;Doğancılar Yolu;38.3063133352041;27.3512761458308;1
41393;Doğancılar Zeytinlik;38.308268354647;27.3555491364985;1
41394;Doğancılar Zeytinlik;38.3082193542377;27.3555361366645;1
41395;Turizm Fakültesi;38.3813389161356;27.2234775831054;1
41397;Doğancılar;38.3015022891973;27.3405231670893;1
41398;Doğancılar Yeşillik;38.3108383808861;27.3611301235865;1
41399;Doğancılar Yeşillik;38.3109163814914;27.3610951233476;1
41400;İzkent 1;38.3989346212569;27.1913212402605;1
41401;Buca Tütün İhracatçıları Birliği İlkokulu;38.3967105939972;27.1795102908023;1
41402;Emek;38.4030535889113;27.166633322027;1
41403;Emek;38.4029775893055;27.1669703209256;1
41404;Tınaztepe;38.3759255514014;27.1940482931913;1
41405;Çeşme;38.3231155910625;27.2715930047355;1
41406;Çeşme;38.3228933895906;27.2713522055446;1
41408;Esenlik;38.3500635023032;27.2382432223033;1
41409;Esenlik;38.3502275029684;27.2381502221831;1
41410;Torunlar;38.3063303182899;27.3281321652363;1
41411;Torunlar;38.3064833194103;27.3280971648965;1
41412;Rüzgarlıtepe;38.311605331414;27.2891521981848;1
41413;Rüzgarlıtepe;38.3113803295974;27.2884821994589;1
41416;Tınaztepe Yerleşke Son Durak;38.3684335477198;27.2113222559021;1
41418;Çamlar;38.3532885291879;27.2480151902631;1
41419;Çamlar;38.3534185291898;27.2475091912151;1
41420;Yenidünya;38.3791065259086;27.1677503758207;1
41421;Yenidünya;38.3788405255124;27.1680323753562;1
41422;Zeytintepe;38.3818545330952;27.1672673719619;1
41423;Zeytintepe;38.3812465312472;27.1671733735501;1
41424;Hoca;38.3773395328246;27.1769813473809;1
41425;Hoca;38.3770535319858;27.177011347868;1
41426;Pazaryeri;38.3953785944329;27.1820342851893;1
41427;Pazaryeri;38.3953995951839;27.1824422836213;1
41428;Kozağaç;38.3773745227991;27.1692213740704;1
41429;Kozağaç 2;38.3764475205074;27.1695553746931;1
41432;Aydın Erten Parkı;38.4074316250739;27.1801992556824;1
41433;Aydın Erten Parkı;38.4075096253312;27.1802232553369;1
41434;Adnan Kahveci;38.3940355548701;27.1597993721588;1
41435;Adnan Kahveci;38.3937955542226;27.1597733728356;1
41436;Betonyol 2;38.3945205482447;27.1546943905485;1
41437;Pazaryeri;38.3935635589164;27.163196360415;1
41438;Pazaryeri;38.3933185585244;27.1633543604173;1
41439;Zambak;38.3931475619466;27.1658463514509;1
41440;Zambak;38.3929985615952;27.1658743517145;1
41441;Çamlıkule Pazaryeri;38.3710135001084;27.1659203967356;1
41442;Çamlıkule Pazaryeri;38.3708514995827;27.1658783971413;1
50001;Üçkuyular İskele Son Durak;38.404912444995;27.0693757284122;1
50002;Üçkuyular İskele Son Durak;38.4049984449384;27.0692747287406;1
50003;Üçkuyular İskele Son Durak;38.405106;27.06918;1
50004;Fahrettin Altay Meydan 9;38.397100436864;27.0686007424306;1
50007;Fahrettin Altay Meydan 2;38.3975247092848;27.0686896157784;1
50008;Beyaz;38.396211;27.061614;1
50010;Balçova İstasyon;38.3947004213939;27.0569007971999;1
50011;Balçova İstasyon;38.3949484205999;27.0560058009896;1
50012;Molla Kuyusu;38.3938840274841;27.0532014743244;1
50013;Molla Kuyusu;38.3942;27.0515;1
50014;İş Bankası Evleri;38.394;27.0493;1
50015;İş Bankası Evleri;38.3944144121655;27.0486058349023;1
50016;Çağdaş İstasyon;38.3940684099272;27.0467168437658;1
50017;Çağdaş İstasyon;38.3943694089654;27.0456308484813;1
50018;Hoca;38.39406;27.04249;1
50019;Hoca;38.3943;27.0424;1
50020;Dokuz Eylül Hastanesi İstasyon;38.3941304022939;27.0394008772077;1
50021;Dokuz Eylül Hastanesi İstasyon;38.3944004018115;27.0388008797868;1
50022;Dokuz Eylül;38.3932;27.0336;1
50023;Dokuz Eylül;38.393296;27.0331;1
50024;Kantar;38.3927283918878;27.0297509227125;1
50025;Kantar;38.3927843890247;27.0268159363801;1
50026;İzsu;38.3925;27.0264;1
50027;Güzel Sanatlar Fakültesi;38.3929004950328;27.0240009824884;1
50028;Güzel Sanatlar Fakültesi;38.392600386612;27.0244009477767;1
50029;Balcı;38.3936;27.0193;1
50030;Balcı;38.3932;27.0204;1
50031;Narlıdere İtfaiye;38.394;27.0148;1
50032;Narlıdere İtfaiye;38.393833378162;27.015341990153;1
50033;Narlıdere Cami;38.3942;27.0114;1
50034;Narlıdere Cami;38.394;27.012;1
50035;Uludağ;38.3943;27.0086;1
50036;Uludağ;38.394271;27.007738;1
50037;Köprübaşı;38.3945;27.0059;1
50038;Köprübaşı;38.3944;27.005;1
50039;Siteler;38.395;27.0028;1
50040;Siteler;38.394928365678;27.002162053436;1
50041;Şehitlik;38.395867363128;26.9995260660909;1
50042;Şehitlik;38.3957983626637;26.9990310685426;1
50043;Narlıdere Belediye;38.3964;26.9958;1
50044;Narlıdere Belediye;38.396286;26.994762;1
50045;Narlıdere Kaymakamlık;38.3966;26.9908;1
50046;Narlıdere Kaymakamlık;38.3963;26.9908;1
50047;İstihkam Okulu;38.396;26.9857;1
50048;İstihkam Okulu;38.3959;26.986;1
50049;Pertev Bey;38.3956;26.9819;1
50050;Pertev Bey;38.3955003469533;26.9820011533679;1
50051;Lojmanlar;38.3942703377702;26.971071208814;1
50052;Lojmanlar;38.394;26.9722;1
50053;Subay Gazinosu;38.3927;26.9643;1
50054;Subay Gazinosu;38.3926;26.9642;1
50057;İstihkam;38.3898475843432;26.9538068668207;1
50058;İstihkam;38.3897003263909;26.954001295401;1
50059;Çeşme;38.3846;26.9395;1
50060;Halk Plajı;38.3851;26.9422;1
50061;Sıdıka Akdemir Rehberlik ve Araştırma Merkezi;38.3837143176582;26.9354533882498;1
50062;Çeşme;38.3845;26.9395;1
50063;Liman Reis;38.3832;26.9302;1
50064;Sıdıka Akdemir Rehberlik ve Araştırma Merkezi;38.3836003179235;26.93570138683;1
50065;Pina;38.3841933099542;26.9245694467734;1
50066;Liman Reis;38.3831;26.9302;1
50067;Maltepe;38.3838;26.9205;1
50068;Pina;38.3836802853271;26.9263941890691;1
50069;Balıkçı Kahvesi;38.3829;26.9181;1
50070;Maltepe;38.3836;26.9206;1
50071;Camcı;38.3816;26.9135;1
50072;Balıkçı Kahvesi;38.3826;26.9176;1
50073;Baydar;38.3805;26.9092;1
50074;Baydar;38.380555;26.91023;1
50075;Karaca;38.3796673028188;26.9049955476559;1
50076;Şahin;38.38;26.9074;1
50077;Kirazlı;38.3788;26.9009;1
50079;Yemişçi;38.3786003000538;26.8979015852808;1
50080;Kirazlı;38.3786383014475;26.9004055714536;1
50081;Anıt;38.3785;26.8939;1
50082;Yemişçi;38.378358;26.895658;1
50083;Eczane;38.3777;26.8893;1
50084;Anıt;38.3782;26.893;1
50085;Liman;38.3771;26.8845;1
50086;Eczane;38.3779;26.8908;1
50088;Briketçi;38.3775;26.8884;1
50089;Altmışıncı Yıl Anadolu Lisesi;38.3764002928062;26.8793016862262;1
50090;Liman;38.3771;26.885;1
50091;Fidanlık;38.374993;26.871933;1
50092;Altmışıncı Yıl Anadolu Lisesi;38.3762002930082;26.8791016869974;1
50093;Elif;38.374283;26.867976;1
50094;Fidanlık;38.3749;26.872;1
50095;Şehit Üsteğmen Deveci;38.3736;26.8644;1
50096;Elif;38.3744;26.8691;1
50097;Siteler;38.372;26.8565;1
50098;Şehit Üsteğmen Deveci;38.3735;26.8647;1
50099;Çamlıçay Mahallesi;38.371367;26.852706;1
50100;Siteler;38.3721;26.8573;1
50101;Cemevi;38.3709702865485;26.8491188503491;1
50102;Çamlıçay Mahallesi;38.37129;26.853939;1
50103;Damlar;38.370615;26.845007;1
50104;Cemevi;38.3707952869088;26.8491778495838;1
50105;Kahveler;38.370219;26.839912;1
50106;Damlar;38.370332;26.843728;1
50108;Kahveler;38.3699;26.8391;1
50109;Aşıklar Çeşmesi;38.3672;26.829;1
50110;Üç Evler;38.3677792672318;26.8309605262029;1
50111;İzmir Cengiz Aytmatov Sosyal Bilimler Lisesi;38.3659002849743;26.8241019880926;1
50113;Bakkal;38.3623;26.8184;1
50114;İzmir Cengiz Aytmatov Sosyal Bilimler Lisesi;38.3659002852035;26.8246019850268;1
50117;Begonya;38.3585;26.8142;1
50118;Bakkal;38.3622264758129;26.8184801496008;1
50119;Yakamoz;38.3558763016711;26.810358041228;1
50120;Begonya;38.3585;26.8146;1
50122;Yakamoz;38.3561;26.8113;1
50124;Karaca;38.3795;26.9048;1
50126;Camcı;38.3813;26.9129;1
50130;Üçkuyular iskele Son Durak;38.4048364447865;27.0692677290168;1
50138;İkiztepe;38.3962;27.0629;1
50140;Barış;38.3945;27.0604;1
50142;Ziya Gökalp;38.3919654216865;27.0592437891868;1
50147;Balçova İstasyon;38.3934932859609;27.0579705016031;1
50149;Balçova Anadolu Lisesi;38.3897004186465;27.0582007956076;1
50150;Tatbikat Cami;38.383229;27.060592;1
50151;Sevgi Yolu;38.3875;27.0588;1
50152;Duygu;38.3855914163126;27.0617567508368;1
50153;Balçova Belediyesi;38.3854;27.0584;1
50154;Kabristan;38.388338;27.060455;1
50159;Merkez Cami;38.3829;27.0581;1
50160;Kadir Paşa;38.3789;27.0603;1
50161;Kadir Paşa;38.3788;27.0602;1
50163;Balçova Mezarlık;38.376245;27.063052;1
50165;Asmaaltı;38.3816462913086;27.0579782204211;1
50166;Gümüş;38.3851;27.0563;1
50167;Aydibi;38.3848;27.0575;1
50168;Çifte Selviler;38.386357;27.052225;1
50169;Gümüş;38.3854;27.0554;1
50170;Salih Dede Anadolu Lisesi;38.3870004073433;27.0490008380298;1
50171;Çifte Selviler;38.3863;27.0528;1
50172;Ekonomi Üniversitesi;38.3875;27.0465;1
50173;Salih Dede Anadolu Lisesi;38.3872325784306;27.0483160041204;1
50174;Teleferik;38.3874;27.0423;1
50175;Teleferik;38.387616;27.042901;1
50176;Balçova Son Durak;38.38883;27.038686;1
50177;Turem;38.3875;27.0409;1
50184;Engelliler Eğitim Merkezi;38.405600442344;27.0669007386371;1
50185;Engelliler Eğitim Merkezi;38.4059398730654;27.0665202392635;1
50186;Dokuz Eylül Deniz Bilimleri;38.4082004140426;27.0436008434631;1
50187;Dokuz Eylül Deniz Bilimleri;38.4083004143412;27.0438008423813;1
50188;Karakol;38.4085;27.039;1
50189;İnciraltı Karakolu;38.4087;27.0399;1
50190;Başak;38.4084834055836;27.0367638757409;1
50192;İnciraltı Bakü Bulvarı;38.4053;27.0586;1
50193;İnciraltı Bakü Bulvarı;38.4055;27.0585;1
50196;Korutürk;38.393470400438;27.0379308844129;1
50197;Termal;38.3895;27.038;1
50198;Termal;38.389547;27.037847;1
50199;Korutürk;38.3933618946214;27.038131795829;1
50202;Ata Durağı;38.4012;27.0366;1
50203;Ata Durağı;38.4011;27.0367;1
50204;Sera;38.4039;27.0361;1
50205;Sera;38.4037;27.0362;1
50206;Beşyol;38.4073;27.0355;1
50207;Başak;38.4095004053538;27.0363008766824;1
50208;İnciraltı;38.41;27.0341;1
50209;İnciraltı;38.4115;27.0336;1
50210;Deniz Müzesi;38.412418;27.032231;1
50211;İnciraltı Park;38.412908;27.030745;1
50212;İnciraltı Yurdu;38.4128;27.0308;1
50215;Beşyol;38.4063;27.0358;1
50219;İnciraltı Yeni Son Durak;38.413887;27.028213;1
50220;Çayırlı;38.393;27.0182;1
50221;Çayırlı;38.3928;27.018;1
50222;Maltepe;38.3895;27.0159;1
50223;Maltepe;38.3894;27.0158;1
50224;Çocuk Parkı;38.3912;27.0155;1
50225;Çocuk Parkı;38.3913;27.0156;1
50226;İkinci İnönü Meydan;38.3901;27.0141;1
50227;İkinci İnönü Meydan;38.390183;27.014067;1
50232;Köprü;38.3877;27.0151;1
50233;Köprü;38.387722;27.014902;1
50234;Seyran;38.3887;27.0157;1
50235;Seyran;38.3886;27.0157;1
50237;Atatürk Mahallesi;38.3898;27.0174;1
50238;Narbel Çeşme;38.382351;27.015027;1
50239;Narbel Çeşme;38.3827;27.0147;1
50240;İkinci İnönü Mahalle Muhtarlığı;38.3884;27.0135;1
50241;İkinci İnönü Muhtarlık;38.3884;27.0134;1
50242;Narlıdere İzmir Evleri;38.3846;27.0135;1
50243;Narlıdere İzmir Evleri;38.38487;27.013133;1
50244;Hasan İçyer Ortaokulu;38.3803093731842;27.0128140029356;1
50245;Yaşar Kemal Kültür Merkezi;38.3818173300996;27.0139600131918;1
50246;Radar;38.378232;27.011057;1
50247;Hasan İçyer Ortaokulu;38.3801146788693;27.0126586131709;1
50248;Trafo;38.3802;27.0113;1
50249;Radar;38.378463;27.011286;1
50250;Vadi;38.382;27.0115;1
50251;Trafo;38.3802;27.0114;1
50252;Yaşar Kemal Kültür Merkezi;38.3815973081136;27.0136382470058;1
50253;Vadi;38.382;27.0116;1
50258;Köşk;38.398433;26.996616;1
50259;Köşk;38.398603;26.996696;1
50260;Lojmanlar;38.402;26.9955;1
50261;Lojmanlar;38.401732;26.995761;1
50262;Askeri Birlik;38.4047118190683;26.994777948021;1
50263;Askeri Birlik;38.4047464285473;26.9948114049239;1
50266;İhsan Alyanak Parkı;38.4058;26.9949;1
50267;İhsan Alyanak Parkı;38.406;26.9954;1
50268;İskele;38.406587;26.998495;1
50269;İskele;38.4065;26.9985;1
50270;Sahil Evleri;38.4081;27.0011;1
50271;Sahil Evleri;38.408078;27.001398;1
50272;Doktor Eroğlu Parkı;38.4088;27.0044;1
50273;Doktor Eroğlu Parkı;38.408627;27.004762;1
50274;Bakü Parkı;38.4082;27.0078;1
50275;Bakü Parkı;38.4081;27.0078;1
50276;Korsan Villa;38.4088003741394;27.0106010033084;1
50277;Korsan Villa;38.408923;27.010964;1
50278;İnci;38.4108;27.0131;1
50279;İnci;38.4109;27.0132;1
50280;Sahil Evleri;38.4119;27.0166;1
50285;Tuna;38.3913;26.9986;1
50286;Çamtepe;38.3924830715021;26.9974510454157;1
50287;Çamtepe;38.3924003614456;26.9974010771694;1
50288;Tuna;38.3913;26.9987;1
50289;Beyaz Durak;38.3907;26.9977;1
50290;Beyaz Durak;38.390817915419;26.9976873589367;1
50291;Demet;38.3894;26.9973;1
50292;Demet;38.3895;26.9973;1
50293;Arıkent;38.3885716851092;26.9989202527979;1
50294;Narlıdere Piknik Yeri;38.394121;26.997263;1
50295;Narlıdere Piknik Yeri;38.3942;26.9971;1
50311;Kaymakamlık İstasyon;38.3953803557709;26.9916091053094;1
50312;Kaymakamlık İstasyon;38.3954853559301;26.9918022086849;1
50313;Kardelen;38.394026;26.992492;1
50314;Profesör Doktor Aziz Sancar Ortaokulu;38.3921137100597;26.9901102260501;1
50315;Huzurevi Zeytinlik Kapısı;38.3926;26.9937;1
50317;Arıkent;38.3918003564748;26.9917011051768;1
50326;Narlıdere;38.3902483263773;26.9544532933132;1
50327;Güzelbahçe Pazar Yeri;38.3758;26.8919;1
50328;Pazar Yeri;38.376596;26.892119;1
50329;Güzelbahçe Kaymakamlık;38.3697;26.8919;1
50330;Güzelbahçe Kaymakamlık;38.3702;26.8922;1
50331;Yaka Giriş;38.3664;26.8917;1
50332;Yaka Giriş;38.366612;26.891936;1
50333;Fabrika;38.3633;26.8905;1
50334;Fabrika;38.3629;26.8905;1
50335;Fırın;38.361551;26.889855;1
50336;Fırın;38.3611;26.8896;1
50337;Uğur Mumcu;38.3626;26.8868;1
50338;Uğur Mumcu;38.3624;26.8868;1
50345;Yaka Üçyol;38.3626;26.8934;1
50346;Yaka Üçyol;38.3627;26.8935;1
50347;Yaka Muhtarlık;38.3614;26.8947;1
50348;Yaka Muhtarlık;38.3616;26.8947;1
50349;Şemikler;38.363615636282;26.8954853888051;1
50350;Şemikler;38.3635025193424;26.8954811337606;1
50355;Belediye;38.3606;26.8878;1
50356;Belediye;38.3604;26.888;1
50357;Stad;38.3593;26.8864;1
50360;Hakkı Oğuz Tabaoğlu İlkokulu;38.3647603606508;26.874646746143;1
50361;Hakkı Oğuz Tabaoğlu İlkokulu;38.364569;26.874754;1
50362;Güzelbahçe Meydan;38.3582;26.8876;1
50363;Güzelbahçe Sağlık Ocağı;38.3608;26.8848;1
50364;Sağlık Ocağı;38.3602;26.8847;1
50365;Okul Durağı;38.3623;26.8835;1
50366;Okul Durağı;38.3621;26.8829;1
50367;Asır;38.3644;26.8805;1
50368;Asır;38.3643269970536;26.8803267022102;1
50369;Bankacılar Sitesi;38.3666;26.8768;1
50370;Ünlü;38.367;26.8759;1
50371;Güzelbahçe;38.3571;26.887;1
50372;Stad;38.359;26.8859;1
50374;Şehit Kemal;38.3659;26.8784;1
50377;Necdet Tokatlıoğlu;38.34493;26.864447;1
50378;Necdet Tokatlıoğlu;38.346234;26.865377;1
50379;Seferihisar Kavşak;38.3743;26.8754;1
50380;Seferihisar Kavşak;38.374556;26.875626;1
50382;Konutlar;38.3689;26.8745;1
50383;Konutlar;38.3692;26.8742;1
50384;Otoban Kavşağı;38.3662;26.8739;1
50385;Çeşme Otoban Kavşağı;38.3667;26.8737;1
50386;Benzin İstasyonu;38.36055;26.872725;1
50387;Benzin İstasyonu;38.3608;26.8724;1
50388;Çiçek Mezatı;38.3563513203991;26.8703706887889;1
50389;Çiçek Mezatı;38.3559;26.8697;1
50390;Karaoğlu;38.3539;26.8689;1
50391;Karaoğlu;38.35392;26.868575;1
50393;Çardak Kahve;38.3494103304228;26.8664996885563;1
50394;Çardak Kahve;38.3496;26.8669;1
50395;Yelki;38.342009;26.863524;1
50396;Yelki;38.3419;26.8639;1
50397;Market;38.3363864967694;26.8632359710795;1
50398;Market;38.3364700885076;26.8634998439722;1
50399;Kent Koleji;38.332678;26.863018;1
50400;Kent Koleji;38.3336;26.8634;1
50401;Çamlı Muhtarlık;38.315399383957;26.859865577761;1
50402;Yelki Villakent;38.331258;26.863378;1
50403;Çamlı Villaları;38.3234;26.8626;1
50404;Çamlı Villaları;38.3231;26.8628;1
50405;Çamlı Papatya;38.3173;26.8599;1
50406;Çamlı Papatya;38.317467;26.860403;1
50407;Çamlı Merkez;38.3145;26.8584;1
50408;Çamlı Merkez;38.3148363850512;26.858914579813;1
50409;Çamlı Solakoğlu;38.3067;26.8549;1
50410;Çamlı Solakoğlu;38.3084;26.8557;1
50411;Çamtepe Besicilik;38.2957;26.8519;1
50412;Çamtepe Besicilik;38.295713;26.85221;1
50413;Çamtepe Eskicioğlu;38.290190427684;26.8495874777616;1
50414;Çamtepe Eskicioğlu;38.290257;26.850012;1
50415;Hekim Köy;38.286;26.8455;1
50416;Hekim Köy;38.286693;26.846591;1
50417;Bademler Kooperatif;38.2816;26.8415;1
50418;Bademler Kooperatif;38.2819504457738;26.8420384573341;1
50419;Bademler;38.2792464517224;26.8399864473765;1
50420;Bademler;38.2792744514602;26.8402994459814;1
50421;Bademler Benzin İstasyonu;38.2742114619143;26.8377874191119;1
50422;Bademler Benzin İstasyonu;38.2744;26.8381;1
50423;Bademler Gödence;38.2706;26.8364;1
50424;Bademler Gödence;38.2718677229642;26.837243743671;1
50425;Yeşilkent;38.2641;26.8339;1
50426;Yeşilkent;38.264786;26.834466;1
50427;Ufuk Köy;38.253599;26.832808;1
50428;Ufuk Köy;38.253954;26.832868;1
50429;Ulamış Merkez;38.2498115097179;26.8316192344104;1
50430;Ulamış Merkez;38.2496;26.8319;1
50431;Ulamış Yaren;38.244168;26.83145;1
50432;Ulamış Yaren;38.244135;26.831605;1
50433;Gölet Ata;38.2345195392934;26.8290730909933;1
50434;Gölet Ata;38.235414;26.829546;1
50435;Seferihisar İMKB Mesleki ve Teknik Anadolu Lisesi;38.2304005474661;26.8283010499447;1
50436;Seferihisar İMKB Mesleki ve Teknik Anadolu Lisesi;38.2304005469168;26.8287010480633;1
50437;Uluslararası Seferihisar İMKB Anadolu İmam Hatip Lisesi;38.2257555566204;26.8275150017933;1
50438;Uluslararası Seferihisar İMKB Anadolu İmam Hatip Lisesi;38.2259005558133;26.827901001637;1
50439;Karakayalar;38.2153565739611;26.8278448788605;1
50440;Karakayalar;38.215791;26.828051;1
50441;Esentepe;38.211559;26.829193;1
50442;Esentepe;38.2125645765813;26.8291218392903;1
50443;Öğretmenevi;38.2074005824189;26.8307007684028;1
50444;Öğretmenevi;38.2071935820692;26.831092764095;1
50447;Seferihisar PTT;38.1950577895053;26.8401760467392;1
50449;Seferihisar Mezarlık;38.1953220030501;26.8438942737887;1
50451;Seferihisar Devlet Hastanesi;38.1970005698834;26.845700572459;1
50452;Seferihisar Devlet Hastanesi;38.1968005709516;26.8453005714446;1
50453;Ulamış Giriş;38.239976;26.830078;1
50454;Ulamış Giriş;38.2403125276172;26.8303741456383;1
50464;Çiçek;38.3724;26.8753;1
50467;Yelki Üçyol;38.3442;26.8649;1
50468;Yelki Üçyol;38.3442;26.8651;1
50469;Köşe;38.3426;26.8663;1
50470;Köşe;38.3427;26.8662;1
50471;Tokatlıoğlu;38.342467;26.869198;1
50472;Tokatlıoğlu;38.342376;26.869224;1
50473;Belediye;38.342;26.8712;1
50474;Yelki Belediye;38.3421;26.8712;1
50475;Sağlık Ocağı;38.3412;26.8716;1
50476;Yelki Sağlık Ocağı;38.3412;26.8717;1
50477;Tokatlı;38.341;26.868;1
50478;Tokatlı;38.3409;26.868;1
50479;Pazar Yeri;38.3406;26.8664;1
50480;Yelki Pazar Yeri;38.3405;26.8665;1
50481;İnci;38.3389229091797;26.8656304941607;1
50482;İnci;38.3389003469285;26.86570165469;1
50483;Barış Sitesi;38.3369;26.8642;1
50484;Barış Sitesi;38.3369;26.8643;1
50485;Yelki Kavşak;38.332316;26.863824;1
50486;Yelki Kavşak;38.332048;26.863835;1
50487;Şehit İlhami Yılmaz;38.33609;26.86526;1
50488;Şehit İlhami Yılmaz;38.336504;26.865659;1
50489;Yelki Saha;38.3384693477781;26.8681186397688;1
50490;Yelki Saha;38.338585;26.868451;1
50491;Bademler Giriş;38.2755004604901;26.8367014349821;1
50492;Bademler Giriş;38.2754456718434;26.8367257473512;1
50493;Orman;38.2745;26.8339;1
50494;Orman;38.2744;26.8339;1
50495;Bademler Ortaokulu;38.2752004639202;26.8327014532525;1
50496;Bademler Ortaokulu;38.2751004640996;26.8327014524502;1
50497;İğde;38.275929;26.830764;1
50506;Barış Selçuk Parkı;38.199;26.8339;1
50507;Barış Selçuk Parkı;38.199;26.8337;1
50508;Jandarma;38.203146;26.832594;1
50509;Jandarma;38.202069;26.832689;1
50517;Seferihisar Son Durak;38.2015515616415;26.8467746268287;1
50518;Seferihisar Konutlar;38.1988601326781;26.8462241890456;1
50519;Seferihisar Konutlar;38.199376;26.84651;1
50523;Siteler Muhtarlık;38.372789;26.86062;1
50524;Siteler Muhtarlık;38.37271;26.860935;1
50526;Kalabak;38.355128;26.807055;1
50528;Kıpkıp;38.3546637091714;26.8030134535882;1
50529;Kalabak;38.3552003019014;26.8067020615683;1
50530;Kalabak Cami;38.3543;26.8008;1
50531;Kıpkıp;38.3547;26.803;1
50532;Mab Sitesi;38.354224;26.796956;1
50533;Kalabak Cami;38.3544;26.8009;1
50535;Mab Sitesi;38.354382;26.797047;1
50536;Özevler;38.355572;26.792442;1
50538;Göztepe Yelken Kulübü;38.3568217213442;26.7882374405326;1
50539;Özevler;38.355541;26.792912;1
50540;Muhtarlık;38.3595217224417;26.7824708756122;1
50541;Göztepe Yelken Kulübü;38.357287764659;26.7876767538843;1
50542;Ada Hastanesi;38.3614;26.7782;1
50543;Muhtarlık;38.360089;26.781719;1
50545;Ada Hastanesi Giriş;38.3615;26.7783;1
50560;İskele;38.362484217709;26.7729783499118;1
50561;İskele;38.3619;26.7719;1
50562;İl Sağlık Müdürlüğü Ek Hizmet Binaları;38.3584162622948;26.7715953979945;1
50563;İl Sağlık Müdürlüğü Ek Hizmet Binaları;38.3574322816875;26.771333296613;1
50564;Katip;38.351937;26.771619;1
50565;Katip;38.352105;26.771541;1
50566;Egeli;38.3474;26.7718;1
50567;Egeli;38.347;26.7717;1
50568;Bardakçı;38.341701;26.770362;1
50569;Bardakçı;38.341487;26.770107;1
50570;Ağaçlıyol;38.3365;26.7693;1
50571;Ağaçlıyol;38.3364;26.7691;1
50576;Yeşil Yol;38.3344003434556;26.7686022148879;1
50577;Yeşil Yol;38.3341773039443;26.7682223993488;1
50578;Urla Anadolu Lisesi;38.3296653560484;26.7668952015631;1
50579;Urla Mesleki ve Teknik Anadolu Lisesi;38.3309003526672;26.7669022080131;1
50580;Orman İşletmesi;38.3275;26.7666;1
50581;Jandarma;38.328834;26.766461;1
50583;Urla Merkez;38.3257;26.7667;1
50590;Eski Pazar Yeri;38.3238003719005;26.7652021803725;1
50591;Emniyet;38.321635092255;26.7629784437331;1
50592;Emniyet;38.3223788640865;26.764035259544;1
50597;Şehit Kemal İlkokulu;38.3213003783111;26.7603021976748;1
50598;Şehit Kemal İlkokulu;38.3213003783723;26.7609021937855;1
50599;Çeşme;38.320718;26.757375;1
50600;Çeşme;38.3206;26.757;1
50601;Golf;38.3225;26.7539;1
50602;Golf;38.3224;26.7538;1
50605;Urla;38.3263003634267;26.7552022595626;1
50610;Çardak;38.3354;26.64435;1
50611;Aygün;38.344359;26.786843;1
50612;Aygün;38.344278;26.787239;1
50613;İzsu;38.3086;26.6938;1
50614;Kekliktepe;38.3513952340636;26.8018364325419;1
50615;Kekliktepe;38.3513;26.8005;1
50616;Dörtyol;38.3361;26.7705;1
50617;Dörtyol;38.336222;26.770153;1
50618;Söğüt;38.332156;26.762475;1
50619;Söğüt;38.332293;26.762088;1
50620;Özbek Yolu;38.32687;26.746137;1
50621;Özbek Yolu;38.3271553591748;26.7461993240741;1
50622;Çiftlik;38.325;26.7343;1
50623;Çiftlik;38.3252;26.7344;1
50624;Sefa;38.323566;26.725579;1
50625;Sefa;38.323795;26.725379;1
50627;Benzinlik;38.3188083769242;26.7103555206821;1
50628;İzsu;38.3083;26.694;1
50629;Akça;38.3466173175176;26.7913491250038;1
50630;İkinci Köprü;38.3088;26.6854;1
50631;İkinci Köprü;38.309018;26.685342;1
50632;İçmeler Çıkış;38.3099573432598;26.6754689074068;1
50633;İçmeler Çıkış;38.3101577762306;26.6759796818962;1
50634;Akça;38.346307;26.791432;1
50635;Rektörlük;38.3185;26.6439;1
50636;Çardak;38.308744;26.688669;1
50637;Torasan Mahallesi;38.317207;26.706705;1
50638;Torasan Mahallesi;38.317319;26.707727;1
50639;Dilek;38.3217;26.7171;1
50640;Dilek;38.3215;26.7172;1
50641;Urla Bölge Trafik;38.3168713631102;26.6560739091153;1
50642;Urla Bölge Trafik;38.315801;26.657436;1
50645;Süreyya Sultan Evleri;38.347764;26.640461;1
50646;Süreyya Sultan Evleri;38.347703;26.640309;1
50647;Çiftlik;38.39166;26.62334;1
50648;Çiftlik;38.39153;26.62356;1
50649;Çardak Kamp;38.410407;26.612336;1
50650;Çardak Kamp;38.41031;26.61224;1
50651;Dyo Kampı;38.3407;26.6416;1
50652;Manolya;38.419366;26.592595;1
50653;Manolya;38.419399;26.592227;1
50654;Yüksek Teknoloji;38.3209305546722;26.6463752795791;1
50655;Yüksek Teknoloji;38.3208950315382;26.6466721911234;1
50656;Balıkçı;38.328205;26.644253;1
50657;Balıkçı;38.328806;26.644127;1
50658;Gülbahçe;38.3321;26.6434;1
50659;Gülbahçe;38.3321;26.6435;1
50660;Dyo Kampı;38.341;26.6415;1
50661;Çardak;38.336223;26.644275;1
50662;Saha;38.3436;26.6412;1
50663;Saha;38.342883;26.641352;1
50664;Gümüşkoy;38.350401;26.638798;1
50665;Gümüşkoy;38.35063;26.63897;1
50666;Kamp;38.3545;26.6411;1
50667;Kamp;38.3546;26.6413;1
50668;Öğretmenler;38.359144;26.644159;1
50669;Öğretmenler;38.359492;26.6444;1
50670;Meryem Sitesi;38.363653;26.64464;1
50671;Meryem Sitesi;38.36389;26.644804;1
50672;Göztepe;38.366777;26.644377;1
50673;Göztepe;38.366954;26.644476;1
50674;Kamelya;38.3768088218752;26.6396893198134;1
50675;Kamelya;38.3766491200096;26.6401253267293;1
50676;Pınar;38.3769791142771;26.6359433616647;1
50677;Pınar;38.377419;26.635222;1
50678;Kaynaktur;38.379435;26.630106;1
50679;Kaynaktur;38.3795;26.6302;1
50680;Şehit;38.3846054585516;26.626398050659;1
50681;Şehit;38.3846;26.6265;1
50682;Market;38.4175;26.5897;1
50683;Market;38.4177;26.5897;1
50684;Sağlık Ocağı;38.423;26.5843;1
50685;Sağlık Ocağı;38.423;26.5845;1
50686;Balıklıova;38.425328;26.583644;1
50687;Balıklıova;38.425567;26.583759;1
50688;Pınar Evleri;38.381992;26.626986;1
50689;Karareis;38.4293802244674;26.5848936451846;1
50690;Pura;38.4149;26.5992;1
50691;Pınar Evleri;38.381831;26.627675;1
50692;Nar;38.420752;26.586412;1
50693;Pura;38.4149;26.5993;1
50694;Balıklıova Merkez;38.427579;26.583729;1
50695;Nar;38.421287;26.586374;1
50696;Karareis;38.4293159381456;26.584642214445;1
50697;Balıklıova Merkez;38.427735;26.583834;1
50698;Balıklıova;38.4343;26.588;1
50699;Kavacık Yol Ayrımı;38.3259;27.0036;1
50700;Payamlı;38.3181906880254;26.9242706221472;1
50701;Küçükkaya Köyü;38.3317803570238;26.8959614661273;1
50702;Küçükkaya Köyü;38.3319;26.8959;1
50703;Kavacık Çıkış;38.3127;26.9588;1
50704;Gülbahçe Pazaryeri;38.338376;26.641797;1
50705;Gülbahçe Pazaryeri;38.338294;26.641945;1
50706;Balıklıova İ.Ö.O;38.4276438378462;26.5789339226378;1
50707;Balıklıova İ.Ö.O;38.4278328370663;26.5789169228011;1
50708;Orkide;38.3116;26.9571;1
50709;Çardak;38.309052;26.688359;1
50710;Tırazlı Mezarlık;38.3262;27.0703;1
50712;Kavacık Yolu;38.36097;27.080066;1
50713;Kavacık Yolu;38.3613;27.0804;1
50714;Tırazlı;38.3189;27.0615;1
50715;Tırazlı;38.319;27.0616;1
50716;Tırazlı Çıkış;38.3197;27.0592;1
50717;Tırazlı Çıkış;38.3198;27.0592;1
50718;Efem Çukuru;38.319;27.0123;1
50720;Çadır;38.3116003536457;26.9651010620238;1
50721;Çadır;38.3118376561994;26.9651300384181;1
50722;Kavacık;38.3105;26.9582;1
50723;Zeytinalanı Kreş;38.3692;26.8381;1
50724;Zeytinalanı Kreş;38.369212;26.838249;1
50725;Zeytinalanı Meydan;38.368;26.837;1
50726;Zeytinalanı Meydan;38.3679;26.8371;1
50727;Zeytinalanı;38.3663002898067;26.8366019132663;1
50728;Balıklıova Gökkuşağı;38.431749;26.586934;1
50729;Balıklıova Gökkuşağı;38.4313377631816;26.58664971558;1
50730;İçmeler;38.309048;26.681175;1
50731;İçmeler;38.309339;26.681203;1
50734;Akgün Sitesi;38.3561213245216;26.883196617028;1
50735;Akgün Sitesi;38.3561823243317;26.8828396191587;1
50740;Güzelbahçe İMKB Mesleki ve Teknik Anadolu Lisesi;38.3536003273209;26.8803016255326;1
50741;Güzelbahçe İMKB Mesleki ve Teknik Anadolu Lisesi;38.3536764944352;26.8800973734437;1
50742;Yamaçevler;38.349727692099;26.8762534628423;1
50743;Yamaçevler;38.3499;26.8763;1
50744;Teras Evler;38.350676;26.878657;1
50745;Teras Evler;38.350558;26.878853;1
50751;Zeytinyağı Müzesi;38.2896438123477;26.5559516527865;1
50752;Zeytinyağı Müzesi;38.2894213148722;26.5556296115978;1
50753;Göksu;38.3514;26.8742;1
50754;Göksu;38.351558;26.873191;1
50755;Basket Sahası;38.3534;26.8706;1
50756;Basket Sahası;38.3534;26.8705;1
50792;Urla Emniyet;38.362708;26.770098;1
50793;Urla Emniyet;38.362663;26.77063;1
50794;İskele;38.365;26.7658;1
50795;İskele;38.3649;26.766;1
50796;Yalı;38.3672;26.763;1
50797;Yalı;38.367781;26.762696;1
50798;Altınevler;38.3703;26.762;1
50799;Altınevler;38.3702;26.7621;1
50800;Gelinkaya;38.373603;26.761469;1
50801;Gelinkaya;38.3735;26.7617;1
50802;Urla Devlet Demiryolları Kampı;38.378458;26.759353;1
50803;Urla Devlet Demiryolları Kampı;38.3785;26.7597;1
50804;Hilal;38.382326;26.757571;1
50805;Hilal;38.382272;26.75772;1
50806;Seren;38.3845;26.757;1
50807;Seren;38.3847;26.7569;1
50808;Karye Sitesi;38.3866261878691;26.7533235033372;1
50809;Karye Sitesi;38.3864;26.7542;1
50810;Kavak;38.3878;26.7503;1
50811;Kavak;38.3879;26.7503;1
50812;Esen Yelleri;38.3908;26.7479;1
50813;Esen Yelleri;38.3907;26.7481;1
50814;Gönül;38.3927;26.7474;1
50815;Gönül;38.393;26.7475;1
50816;Zeytin Ağacı;38.3949272805808;26.7462300822253;1
50817;Zeytin Ağacı;38.395;26.7462;1
50818;Perihan Mahmut Celalettin Demirgüreş İlkokulu;38.3944001569629;26.7439025845775;1
50819;Perihan Mahmut Celalettin Demirgüreş İlkokulu;38.394600156623;26.7442025828077;1
50820;Yaren;38.3965360532459;26.7420546706992;1
50821;Yaren;38.3965;26.7422;1
50822;Yıldız;38.399397;26.740592;1
50823;Yıldız;38.3993;26.7409;1
50824;Mavi Plaj;38.4004;26.7444;1
50825;Mavi Plaj;38.4004;26.7442;1
50826;Çeşmealtı Limanı;38.3988;26.7455;1
50827;Çeşmealtı Limanı;38.3987;26.7454;1
50829;Çeşmealtı;38.3958;26.7487;1
50830;Balıkçı Barınağı;38.399098;26.746698;1
50831;Balıkçı Barınağı;38.398224;26.747139;1
50833;Çeşmealtı Lojmanları;38.3998;26.7524;1
50834;Çeşmealtı Zeytinlik;38.402161;26.739255;1
50835;Çeşmealtı Zeytinlik;38.402003;26.739304;1
50848;Jandarma 2;38.328255;26.765124;1
50849;Jandarma 2;38.3281;26.765;1
50850;Mustafa Reşit Aydın Parkı;38.3277483599223;26.7586692448004;1
50851;Mustafa Reşit Aydın Parkı;38.3276383602642;26.7588422430655;1
50852;Fidanlık;38.3272;26.7572;1
50853;Fidanlık;38.327063;26.757227;1
50854;Urla Sanat;38.3250787126787;26.7528597066833;1
50855;Urla Sanat;38.3249591387242;26.7529346356291;1
50859;Urla Sanayi 1;38.3248683667218;26.7504052831596;1
50860;Urla Sanayi 1;38.3253;26.7498;1
50861;Urla Sanayi 2;38.3233;26.7514;1
50862;Urla Sanayi 2;38.3231;26.7514;1
50863;Urla Sanayi 3;38.3207;26.7536;1
50864;Urla Sanayi 3;38.320637;26.753479;1
50873;Maltepe Sitesi;38.384;27.0153;1
50874;Maltepe Sitesi;38.3841;27.015;1
50875;Altınova Sitesi;38.3842;27.0181;1
50876;Altınova Sitesi;38.3843;27.018;1
50877;Narbel Son Durak;38.3862003809539;27.0204009681777;1
50935;Orkide;38.352883;27.081098;1
50936;Orkide;38.352993;27.081273;1
50937;Uzundere Toki Cami;38.3548;27.0805;1
50938;Uzundere Toki Cami;38.3547;27.0806;1
50939;Sanayi Kavşağı;38.3195;26.7551;1
50940;Sanayi Kavşağı;38.3196;26.7551;1
50941;Sümbül;38.3181393870133;26.7580831932576;1
50942;Sümbül;38.3184083862475;26.7580151953257;1
50943;Kuşçular yol ayrımı;38.3168;26.7624;1
50944;Kuşçular yol ayrımı;38.3169;26.7624;1
50945;Santral;38.3138003993492;26.7623021392733;1
50946;Santral;38.3138;26.7627;1
50947;Kehribar;38.3094;26.7573;1
50948;Kehribar;38.309278;26.757255;1
50949;Çiçekçi;38.304;26.7517;1
50950;Çiçekçi;38.3038;26.7516;1
50951;İzmir Yardımsevenler Derneği Kuşçular İlkokulu;38.2999004393005;26.7511021171429;1
50952;İzmir Yardımsevenler Derneği Kuşçular İlkokulu;38.2995924401661;26.7513351134108;1
50953;Kuşçular Sera;38.2943434553431;26.7513330744324;1
50954;Kuşçular Sera;38.295039;26.75169;1
50955;Badem;38.291;26.7525;1
50956;Badem;38.2909;26.7527;1
50957;Ceviz;38.2864964777645;26.7522260072143;1
50958;Ceviz;38.286603;26.752963;1
50959;Mola;38.2845;26.7477;1
50960;Mola;38.2846;26.748;1
50961;İncir;38.2826;26.7461;1
50962;İncir;38.2827;26.7462;1
50963;Zeytin;38.2813518589921;26.7450461891172;1
50964;Zeytin;38.2809904959453;26.7449280077173;1
50965;Ova;38.2788;26.7412;1
50966;Ova;38.2789265031573;26.7415290116279;1
50967;Nar;38.2757005139621;26.7383020038694;1
50968;Nar;38.275609305575;26.7383963107946;1
50969;Güzelbelde;38.272107;26.73512;1
50970;Güzelbelde;38.2722;26.7353;1
50971;Kuşçular Ova İlkokulu;38.2699005340085;26.7322019899984;1
50972;Kuşçular Ova İlkokulu;38.2699736228815;26.7324248892786;1
50973;Kuşçular Orman Yangın Ekibi;38.2682;26.7299;1
50974;Kuşçular Orman Yangın Ekibi;38.2681;26.73;1
50975;Zambak;38.2659;26.7243;1
50976;Zambak;38.266;26.7246;1
50977;Ulu Çam;38.2571005825213;26.714601978013;1
50978;Ulu Çam;38.2570893823431;26.7149011725782;1
50979;Altınköy yolu;38.249;26.7136;1
50980;Altınköy yolu;38.2489;26.7136;1
50981;Altınköy Sitesi;38.2465;26.7099;1
50982;Altınköy Sitesi;38.246972;26.710357;1
50983;Yörük;38.2441;26.709;1
50984;Yörük;38.2442;26.7093;1
50985;Titus;38.2427;26.7031;1
50986;Titus;38.2426;26.7033;1
50987;Çınar;38.2413;26.7005;1
50988;Çınar;38.2413;26.7007;1
50989;Yağcılar yol ayrımı;38.2344836729184;26.6918978734748;1
50990;Yağcılar yol ayrımı;38.2346546721086;26.6922228733815;1
50991;Çamlıtepe;38.2310506123312;26.6904526742939;1
50992;Çamlıtepe;38.2311006859606;26.6907018398348;1
50993;Demircili;38.2287272028903;26.6876737714696;1
50994;Demircili;38.2287306806366;26.6867852448511;1
50995;Demircili Meydan;38.2277873548298;26.6865354274959;1
50999;Yağcılar Sera;38.2513006135275;26.687702096922;1
51001;Yağcılar Giriş;38.2581;26.6824;1
51002;Yağcılar Sera;38.2511714676454;26.6873981902781;1
51003;Yağcılar Son durak;38.2581;26.681;1
51004;Yağcılar Giriş;38.2581;26.6823;1
51005;Doğa;38.2576;26.6928;1
51006;Doğa;38.2577;26.6928;1
51007;Yağcılar Yeni Son Durak;38.257;26.6955;1
51008;Armola;38.1946886492447;26.8325794153625;1
51009;Armola;38.1946302491028;26.8326978640864;1
51010;Karakılçık;38.1941581154784;26.8260360204228;1
51011;Karakılçık;38.1941245466135;26.8272063244417;1
51012;Mandalina;38.1917927728006;26.8211583740894;1
51013;Mandalina;38.191750168904;26.8212729645742;1
51014;Ötleğen;38.1908801655505;26.8180646593995;1
51015;Ötleğen;38.1907436549438;26.8176676963078;1
51016;Yağmurcun;38.1893627558754;26.8123456031376;1
51017;Yağmurcun;38.18931671271;26.8119786579564;1
51018;LÖSEV Doğa Çiftliği;38.1894762620565;26.8072470703801;1
51019;LÖSEV Doğa Çiftliği;38.1893270627848;26.8072879472042;1
51020;Karagöl;38.1910145234248;26.8003299648615;1
51021;Karagöl;38.1908074916421;26.8014311484876;1
51022;Çıkrıkçın;38.1918314810656;26.7956494792668;1
51023;Çıkrıkçın;38.1917199209673;26.7958353768171;1
51024;Koca Çınar;38.1929541004634;26.7923392997397;1
51025;Koca Çınar;38.1931568488064;26.7917208184001;1
51026;Sığacık Pazarı;38.193372886897;26.7863242871798;1
51027;Sığacık Pazarı;38.1933420749554;26.786543717387;1
51028;Teos Parkı;38.1923234982972;26.7854095350703;1
51029;Teos Parkı;38.1923034994528;26.7855662909951;1
51030;Sığacık Aile Sağlığı;38.1907215050077;26.7845122734385;1
51031;Sığacık Aile Sağlığı;38.1902617183459;26.7843824000041;1
51032;Teos Marina;38.1908962664856;26.7819864464435;1
51033;Teos Marina;38.1906696613356;26.7821464867028;1
51034;Sığacık Manzara;38.1943999813647;26.7768627460695;1
51035;Sığacık Manzara;38.1942695068542;26.7768728478308;1
51036;Küçük Akkum;38.1941225113521;26.7743878582176;1
51037;Küçük Akkum;38.1940273077286;26.7744674597425;1
51038;Büyük Akkum;38.1918973025264;26.774498308877;1
51039;Büyük Akkum;38.1917882171101;26.7746174656814;1
51040;Seferihisar Değirmen;38.1882301254731;26.7749002824364;1
51041;Seferihisar Değirmen;38.1879675425056;26.7749179252455;1
51042;Bilge Ağaç;38.1847560931318;26.7758573538246;1
51043;Bilge Ağaç;38.1849171290443;26.7758677148068;1
51044;Teos Piknik Alanı;38.1854891218065;26.7790867076405;1
51045;Teos Piknik Alanı;38.185394594585;26.7791080936551;1
51046;Teos Antik Kenti;38.1800849240386;26.780673613459;1
51047;Teos Antik Kenti;38.1802275185772;26.7807434946143;1
51048;Ekmeksiz Plaj Yolu;38.1767783357225;26.7778583073981;1
51049;Ekmeksiz Plaj Yolu;38.1768793379596;26.778056821639;1
51050;Teos Villaları;38.1706427523052;26.7803704714948;1
51051;Teos Villaları;38.1708095039048;26.7803499484786;1
51052;Bilimkent;38.1683452646048;26.7841942863038;1
51053;Bilimkent;38.1683143028214;26.783969462441;1
51054;Selvi;38.1939546826796;26.7884397830681;1
51055;Selvi;38.1937321318831;26.7891631269369;1
51056;Sığacık Son Durak;38.1711000353359;26.7851379066378;1
51058;Özbek Eski Son Durak;38.3800301460812;26.676923745675;1
51059;Urla Devlet Hastanesi;38.3290451927084;26.7484650600171;1
51060;Urla Devlet Hastanesi;38.3290326082253;26.7481853610933;1
51061;Özbek Toki;38.3312;26.7467;1
51062;Özbek Toki;38.330581;26.747088;1
51063;Bakkal;38.3368;26.7359;1
51064;Bakkal;38.3368;26.7358;1
51065;Seralar;38.3383351232662;26.7337129725709;1
51066;Seralar;38.3382003219404;26.7335024689035;1
51067;Fabrika;38.350282779765;26.7223157938385;1
51068;Fabrika;38.3500002796204;26.7222026032886;1
51069;Zeytinyağı Fabrikası;38.363;26.7069;1
51070;Zeytinyağı Fabrikası;38.3627;26.7066;1
51071;Özbek Meydan;38.3658;26.7069;1
51072;Özbek Meydan;38.3656;26.7068;1
51073;Ilıksu Yol ayrımı;38.3662958054114;26.7051026573923;1
51074;Ilıksu Yol ayrımı;38.3663199003027;26.7051110364854;1
51075;Akkum Yolu;38.366;26.7035;1
51076;Akkum Yolu;38.366;26.7037;1
51077;Özbek Kabristan;38.3668;26.6988;1
51078;Özbek Kabristan;38.3667;26.6987;1
51079;Özbek Üçyol;38.3746;26.6847;1
51080;Özbek Üçyol;38.3746;26.6851;1
51081;Özbek Liman;38.375;26.6824;1
51082;Özbek Liman;38.3748;26.6825;1
51083;Özbek Plaj;38.3775;26.6797;1
51084;Özbek Plaj;38.3772;26.6797;1
51085;Özbek son durak;38.3799;26.6769;1
51086;Özbek Çamlık;38.367732;26.695772;1
51087;Özbek Çamlık;38.367923;26.695648;1
51088;Ömür Yapı Sitesi;38.3934945344927;26.6794826923175;1
51089;Özbek Günbatımı;38.391861377454;26.6783669253282;1
51090;Özbek Günbatımı;38.3918403722057;26.6781480688029;1
51091;Güllü Sitesi;38.3842065417278;26.6791595531739;1
51092;Güllü Sitesi;38.3839564060992;26.679051901438;1
51093;Özbek Park;38.3804621478066;26.6797519545323;1
51094;Özbek Park;38.3805356824228;26.6795830335481;1
51095;Özbek Esentepe;38.3818066948981;26.6806940689252;1
51096;Özbek Esentepe;38.3818371420732;26.6805163732349;1
51140;Palmiye;38.315547;26.766397;1
51141;Palmiye;38.315565;26.766009;1
51142;Ovacık;38.2974;26.8064;1
51143;Ovacık;38.2973;26.8064;1
51144;Tekkebaşı;38.2845;26.8284;1
51145;Tekkebaşı;38.2843;26.8285;1
51146;Yeni Orman;38.2756;26.8351;1
51147;Yeni Orman;38.2756;26.835;1
51148;Bademler Park;38.273404;26.829113;1
51149;Bademler Park;38.273425;26.828967;1
51150;Bademler Çıkış;38.2733004708048;26.8280014623289;1
51151;Bademler Çıkış;38.2733;26.8279;1
51152;At Çiftliği;38.269200485831;26.8184014785201;1
51153;At Çiftliği;38.2691141869714;26.8182313780533;1
51154;İhsaniye yolu;38.2724004838327;26.8122015389142;1
51155;İhsaniye yolu;38.2725004835561;26.8123015392147;1
51156;İhsaniye;38.2757288236857;26.8086110632634;1
51160;Bozyer;38.2656648553582;26.8139825156695;1
51161;Bozyer;38.2657354815315;26.8139902715708;1
51162;Çiftlik;38.2614005082119;26.8102014529862;1
51163;Çiftlik;38.2614190591117;26.8100760110424;1
51164;Turgut Mezarlık;38.2595870311126;26.808019256428;1
51165;Turgut Mezarlık;38.2596404114843;26.8080118605697;1
51166;Turgut Meydan;38.2586;26.8073;1
51167;Turgut Meydan;38.2584;26.8071;1
51168;Tarım  Koop;38.2551;26.8069;1
51169;Tarım  Koop;38.2551;26.8068;1
51170;Azmak Yol Ayrımı;38.245589;26.811055;1
51171;Azmak Yol Ayrımı;38.245686;26.810664;1
51172;Şehit Piyade Çavuş Ceysu Ceylan;38.2444;26.8153;1
51173;Şehit Piyade Çavuş Ceysu Ceylan;38.2443;26.8155;1
51174;Düzce Yolu;38.244251;26.824873;1
51175;Düzce Yolu;38.244168;26.824687;1
51196;Ulamış İlkokulu;38.248600509059;26.8341012105646;1
51197;Ulamış İlkokulu;38.248505908716;26.8339264816549;1
51198;Ulamış Mezarlık;38.2472;26.8384;1
51199;Ulamış Mezarlık;38.2471;26.8384;1
51200;Ulamış Cami;38.2469;26.8415;1
51201;Ulamış Cami;38.246814;26.842028;1
51202;Ulamış Kahveler;38.2463;26.8417;1
51203;Ulamış Kahveler;38.2463;26.8415;1
51204;Kanalboyu;38.245186;26.838118;1
51205;Kanalboyu;38.245217;26.83795;1
51206;Ulamış Çeşme;38.244648;26.834216;1
51207;Ulamış Çeşme;38.244694;26.833973;1
51208;Tümerk;38.3338;26.771;1
51209;Tümerk;38.3336;26.7709;1
51210;Özgürkent;38.3344;26.7735;1
51211;Özgürkent;38.3343;26.7739;1
51212;Yeşil Urla;38.334;26.7799;1
51213;Yeşil Urla;38.3338;26.7799;1
51214;İncikent;38.3312;26.7777;1
51215;İncikent;38.3314;26.7777;1
51216;Zeren;38.3298006990568;26.7749965542816;1
51217;Zeren;38.3299136525288;26.7751929533722;1
51218;Sarı Zeybek;38.3281;26.771;1
51219;Sarı Zeybek;38.3284953599792;26.7715851651422;1
51220;Urla Stadı;38.3279085199477;26.7680610210655;1
51221;Urla Stadı;38.3278;26.7694;1
51236;Tekne Atölyesi;38.369384;26.868419;1
51237;Tekne Atölyesi;38.369567;26.868486;1
51238;Fidanlık;38.3705;26.8743;1
51239;Fidanlık;38.3706;26.8743;1
51240;Bahçe Arası;38.3646;26.865;1
51241;Bahçe Arası;38.3646;26.8649;1
51242;Öz Zümrütevleri Giriş;38.3652;26.8618;1
51243;Öz Zümrütevleri Giriş;38.3653;26.8618;1
51244;Orkide;38.3669;26.8614;1
51245;Orkide;38.3669;26.8615;1
51246;Manolya;38.369;26.8625;1
51247;Manolya;38.3689;26.8626;1
51258;Bulgun;38.359111;26.860162;1
51259;Öz Zümrütevleri;38.3675;26.864;1
51274;Hisar Evleri;38.2714186201056;26.8428327765074;1
51275;Hisar Evleri;38.271324;26.842837;1
51276;Gelincik;38.2703;26.8466;1
51277;Gelincik;38.2703004620393;26.8458013470117;1
51278;Yakınca;38.2728;26.864;1
51279;Yakınca;38.2724;26.8638;1
51280;Gölcük Giriş;38.2755724033712;26.9061381075128;1
51281;Gölcük Giriş;38.2756444033712;26.9060831082604;1
51283;Gölcük Zeytinlik;38.2739;26.9059;1
51285;Gölcük Meydan;38.2712004077169;26.9047010820577;1
51286;Gölcük Zeytinlik;38.2741;26.906;1
51288;Meşe;38.2813;26.9176;1
51289;Meşe;38.2809;26.9171;1
51290;Selvi;38.2777;26.9225;1
51291;Selvi;38.2777;26.9224;1
51292;Çınar;38.2744;26.922;1
51293;Çınar;38.2743;26.9218;1
51294;Akasya;38.272537;26.920707;1
51295;Akasya;38.272682;26.920713;1
51297;Gödence Meydan;38.2699;26.9183;1
51298;Beyler Yol ayrımı;38.270973;26.919748;1
51299;Beyler Yol ayrımı;38.271173;26.919759;1
51316;Göller;38.321718;26.57813;1
51317;Göller;38.3219528853436;26.5781058595522;1
51332;Beyler Üç Yol;38.1530010362464;26.8943131330791;1
51333;Beyler Üç Yol;38.1529059342964;26.8945221326833;1
51334;Dere Çeşme;38.2280003988591;26.9244006364118;1
51335;Manolya;38.181754;26.837354;1
51336;Beyler İlkokulu;38.2258941627236;26.9261438090822;1
51337;Bahçeköy;38.178955;26.83918;1
51338;İbrahim Alanı;38.2148831243466;26.9178539024016;1
51339;Kavakdere Üçyol;38.1431;26.8947;1
51340;Orhanlı Yol Ayrımı;38.1885516127881;26.9217182212976;1
51341;Samyeli;38.1605054855647;26.8933929014796;1
51342;Borlu;38.1825;26.914;1
51343;Kavak Çayı;38.1681;26.8965;1
51344;Vakıf Kuyu;38.1713794690282;26.8980530460081;1
51345;Vakıf Kuyu;38.1714184686907;26.8981740462144;1
51346;Kavak Çayı;38.1683;26.8965;1
51347;Borlu;38.1825;26.9141;1
51348;Samyeli;38.1604724858351;26.8933029012308;1
51349;Orhanlı Yol Ayrımı;38.1886420253757;26.921938820076;1
51350;Kavakdere Üçyol;38.143;26.8946;1
51351;İbrahim Alanı;38.2148739931346;26.9179962776082;1
51352;Bahçeköy;38.178901;26.839433;1
51353;Beyler İlkokulu;38.2257;26.926;1
51354;Manolya;38.18178;26.837496;1
51355;Dere Çeşme;38.2281003986729;26.9245006370498;1
51357;Beyler Son Durak;38.2298;26.9242;1
51393;Çamtepe;38.2844902302308;26.9417270193608;1
51394;Söğüt;38.0597788513829;27.0143420547569;1
51395;Söğüt;38.0601398534286;27.0141700617119;1
51396;Ladin;38.05841;27.01778;1
51397;Ladin;38.05812;27.01891;1
51398;Mavi Deniz;38.05716;27.02185;1
51399;Mavi Deniz;38.05728;27.02183;1
51400;Şahin;38.05663;27.0252;1
51401;Şahin;38.05674;27.02523;1
51402;Orhan Veli Parkı;38.05631;27.03006;1
51403;Orhan Veli Parkı;38.0564;27.02996;1
51404;Azmak;38.05597;27.03491;1
51405;Azmak;38.0561;27.03439;1
51406;Denizatı;38.05565;27.03891;1
51407;Denizatı;38.05577;27.03884;1
51408;Yakamoz;38.0552886651847;27.0438190162167;1
51409;Yakamoz;38.05511;27.04358;1
51418;Orta Mahalle Plaj;38.0495;27.0524;1
51419;Orta Mahalle Plaj;38.0496;27.0524;1
51435;Cumhuriyet Mahallesi Meydan;38.0159589086364;27.1277245063322;1
51456;Kocabuk;38.402421;26.615799;1
51457;Kocabuk;38.4030956221997;26.6159238242106;1
51464;Göçmen Konutları Giriş;38.3141;26.7043;1
51465;Göçmen Konutları Giriş;38.314;26.7042;1
51466;Soydaşlar;38.3119;26.7047;1
51467;Soydaşlar;38.3118;26.7046;1
51468;Site;38.3086432065051;26.7028347298832;1
51469;Site;38.3087;26.7028;1
51470;Bahçe;38.3072;26.6997;1
51471;Bahçe;38.3071;26.6994;1
51472;Göçmen Konutları Çıkış;38.3045;26.6947;1
51473;Göçmen Konutları Çıkış;38.3047293175271;26.6948228464478;1
51474;İzsu Siteler;38.307778;26.693217;1
51475;İzsu Siteler;38.30777;26.6931;1
51485;Seferihisar Saha;38.1895;26.8355;1
51486;Seferihisar Saha;38.1896;26.8356;1
51487;Seferihisar Semt Garajı;38.190235;26.83744;1
51488;Seferihisar Semt Garajı;38.1900713259251;26.8376708294378;1
51489;Kocaçay;38.1902;26.8397;1
51490;Kocaçay;38.1904;26.8399;1
51491;Seferihisar Bahçe;38.191531;26.843116;1
51492;Seferihisar Bahçe;38.1917;26.8431;1
51493;Seferihisar İtfaiye;38.1935;26.8449;1
51494;Seferihisar İtfaiye;38.1935;26.8448;1
51496;Seferihisar Mezarlık;38.1953755754519;26.8440255578158;1
51497;Seferihisar Pazaryeri;38.1958;26.8418;1
51505;Rektörlük;38.3184;26.6435;1
51507;Yabancı Diller;38.3162;26.6382;1
51509;Kütüphane;38.320425;26.639176;1
51510;Yabancı Diller;38.3163;26.6381;1
51511;Şenlik Alanı;38.3234;26.6399;1
51512;Kütüphane;38.320549;26.639065;1
51513;Yurtlar;38.3246343375697;26.635313111491;1
51514;Şenlik Alanı;38.3232;26.6397;1
51515;İYTE Kız Öğrenci Yurdu;38.3250716296578;26.6334052282802;1
51516;İYTE Sera;38.3245;26.6353;1
51518;İYTE Son Durak;38.324254;26.63099;1
51535;Siteler Sahil;38.3731;26.8603;1
51536;Siteler Son Durak;38.3724;26.8575;1
51545;Kaynarpınar Huzur;38.558095;26.569551;1
51546;Kaynarpınar Huzur;38.558282;26.569083;1
51547;Mordoğan Kayacık;38.4848596820889;26.6168705210399;1
51548;Mordoğan Kayacık;38.4840566852466;26.6170155220957;1
51549;Mordoğan Çakıl;38.4932376499691;26.6157975045149;1
51550;Mordoğan Çakıl;38.4928;26.6155;1
51551;Çatalkaya;38.4960346403095;26.6160414933036;1
51552;Çatalkaya;38.4959;26.6159;1
51553;Kütlücek;38.5011706223046;26.6162894733962;1
51554;Kütlücek;38.5010356224999;26.6161214752536;1
51555;Mordoğan Stad;38.5070806016679;26.6165564491169;1
51556;Mordoğan Stad;38.5061106048064;26.6163734543458;1
51557;Mordoğan İğdealtı;38.5106265895063;26.6168104330149;1
51558;Mordoğan İğdealtı;38.5100375912008;26.6165824372386;1
51559;Mordoğan Zeytin;38.514295;26.617012;1
51560;Mordoğan Zeytin;38.514246;26.616806;1
51561;Mordoğan Orkide;38.515162;26.620104;1
51562;Mordoğan Meydan;38.518769;26.626065;1
51563;Mordoğan Beyaz;38.5174;26.6226;1
51564;Mordoğan Beyaz;38.5171;26.6223;1
51566;Mordoğan Orkide;38.5153;26.6203;1
51567;Mordoğan Frezya;38.5193;26.6159;1
51568;Mordoğan Frezya;38.5195;26.6157;1
51569;Eski Mordoğan;38.5248945335933;26.6136333963681;1
51570;Eski Mordoğan;38.52478053368;26.6134563983334;1
51571;Mordoğan Ardıç;38.5269;26.6119;1
51572;Mordoğan Ardıç;38.5271;26.6116;1
51573;Balıkçı Kulesi;38.531863;26.601737;1
51574;Balıkçı Kulesi;38.5316;26.6024;1
51575;Mordoğan Kayalık;38.540599444914;26.5948034687624;1
51576;Mordoğan Kayalık;38.5405;26.5947;1
51577;Eğlenhoca;38.5514213809768;26.580327523845;1
51578;Eğlenhoca;38.551387380849;26.580194525133;1
51579;İnecik Yol Ayrımı;38.559958;26.566857;1
51580;İnecik Yol Ayrımı;38.559869;26.566771;1
51581;Kaynarpınar;38.5623;26.5663;1
51582;Kaynarpınar;38.562297;26.566144;1
51583;Akburun;38.5664593015789;26.5651325505148;1
51584;Akburun;38.5665543003983;26.5646695536246;1
51585;Köseder Yol Ayrımı;38.5721222745534;26.5608285460361;1
51586;Köseder Yol Ayrımı;38.5716932758329;26.5607445497523;1
51587;Çevirlik Koyu;38.5863372098949;26.5513145172394;1
51588;Çevirlik Koyu;38.5865532087266;26.5510645175693;1
51589;Karaburun Esendere;38.6021;26.5398;1
51590;Karaburun Esendere;38.6019;26.5399;1
51591;Ambarseki;38.6115;26.53;1
51592;Ambarseki;38.6114900904752;26.5298764776175;1
51593;Ambarseki  Filiz;38.6177080620196;26.5246884617721;1
51594;Ambarseki  Filiz;38.6175440624348;26.5246424636496;1
51595;Saip Köy;38.6208;26.521;1
51596;Saip Köy;38.6213;26.5208;1
51597;Karaburun Stad;38.631627;26.520278;1
51598;Karaburun Stad;38.6314;26.52;1
51599;Karaburun Mimoza;38.6380539817266;26.5133963518906;1
51600;Karaburun Mimoza;38.638065;26.513181;1
51601;Karaburun Güneş;38.637349;26.512278;1
51602;Karaburun Güneş;38.6374;26.5125;1
51604;Karaburun Son Durak;38.6358989823448;26.5102033981841;1
51614;Mordoğan Günbatımı;38.463955;26.586202;1
51615;Mordoğan Günbatımı;38.463727;26.586368;1
51616;Mordoğan Körfez;38.4705996871808;26.588503793949;1
51617;Mordoğan Körfez;38.4704996875576;26.5885037941689;1
51618;Mordoğan Sümbül;38.471762;26.59823;1
51619;Mordoğan Sümbül;38.471791;26.597865;1
51620;Mordoğan Yarımada;38.4722;26.606;1
51621;Mordoğan Yarımada;38.4721;26.6057;1
51622;Manal;38.475237;26.612232;1
51623;Manal;38.475119;26.612328;1
51625;Aşağı Boyabağ;38.5704715669078;26.5626450859417;1
51626;Aşağı Boyabağ;38.5703485674805;26.562577088765;1
51627;Mordoğan Nergis;38.468297;26.585423;1
51628;Mordoğan Nergis;38.46847;26.585228;1
51629;Arko Sitesi;38.459244;26.58425;1
51630;Arko Sitesi;38.458876;26.584409;1
51631;Karaburun Nergis;38.63304;26.52227;1
51632;Karaburun Nergis;38.633169;26.522147;1
51633;Karaburun Devlet Hastanesi;38.635259;26.522589;1
51634;Karaburun Devlet Hastanesi;38.635273;26.522464;1
51635;Karaburun Azmak;38.636795;26.518753;1
51636;Karaburun Azmak;38.636696;26.518978;1
51637;Karaburun Liman;38.637194;26.514807;1
51638;Karaburun Liman;38.637126;26.515103;1
51639;Mordoğan Saklı Köy;38.470986;26.593498;1
51640;Mordoğan Saklı Köy;38.471015;26.593283;1
51641;Karaburun Mordoğan Fatma Emin Karaağaç Çok Programlı Anadolu Lisesi;38.5166495677899;26.6165784097301;1
51642;Karaburun Mordoğan Fatma Emin Karaağaç Çok Programlı Anadolu Lisesi;38.5167865676618;26.6167814074953;1
51740;İYTE Yaşam Merkezi;38.3137156604096;26.6375114022457;1
51741;İYTE Yaşam Merkezi;38.3141383650164;26.6377413948736;1
51742;Tepe Kahve;38.3080984957198;26.5911567282217;1
51743;Tepe Kahve;38.3080833565413;26.590498379234;1
51745;Çeşme Tedaş;38.288757283939;26.4565154858747;1
51746;Çeşme Tedaş;38.288828;26.457079;1
51747;Barbaros Yol ayrımı;38.3067473553149;26.5819774423391;1
51748;Barbaros Yol ayrımı;38.306391;26.581511;1
51749;Kocagöl;38.2927004099786;26.5705034274239;1
51750;Kocagöl;38.2924;26.57;1
51751;Zeytinler Köyü;38.2905;26.5599;1
51752;Zeytinler Köyü;38.2903;26.5596;1
51753;Uzunkuyu;38.2888994530887;26.5526732079468;1
51754;Uzunkuyu;38.288803;26.552752;1
51755;Zeytineli;38.286689;26.542093;1
51756;Zeytineli;38.2865;26.5418;1
51757;Nohutalan;38.28982;26.522762;1
51758;Nohutalan;38.289142;26.5233;1
51759;Nohutalan Zeytin;38.298097;26.513199;1
51760;Nohutalan Zeytin;38.2978;26.5134;1
51761;Germiyan;38.301188;26.480844;1
51762;Germiyan;38.301115;26.481061;1
51763;Karaköy;38.27963;26.440196;1
51764;Karaköy;38.279543;26.440456;1
51765;Çeşme Su Arıtma;38.2792;26.4045;1
51766;Çeşme Su Arıtma;38.2794;26.4039;1
51767;Alaçatı Atatürk;38.289013;26.382316;1
51768;Alaçatı Atatürk;38.288843;26.382393;1
51769;Süren;38.288211;26.375489;1
51770;Süren;38.288;26.3756;1
51771;Alaçatı Stadı;38.286911;26.370003;1
51772;Alaçatı Stadı;38.2867;26.370146;1
51773;Alaçatı Çamlı;38.2912;26.3679;1
51774;Alaçatı Çamlı;38.2914;26.3677;1
51775;Alaçatı Güneş;38.2945;26.3672;1
51776;Alaçatı Güneş;38.294086;26.36716;1
51777;Alaçatı Dostluk;38.298848;26.366259;1
51778;Alaçatı Dostluk;38.2985320276072;26.3658685784186;1
51779;Rıza Ertan;38.3013780117769;26.3660135996421;1
51780;Rıza Ertan;38.302;26.3658;1
51781;Ilıca Köprü;38.3042;26.3656;1
51782;Ilıca Köprü;38.304;26.3654;1
51783;Çeşme Üstgeçit;38.328211;26.318936;1
51784;Ilıca Terminal;38.305299;26.362487;1
51785;Çeşme Emniyet Müdürlüğü;38.304;26.3623;1
51786;Ilıca Hastane;38.3065107521234;26.3563215976064;1
51787;Ilıca Hastane;38.3066;26.3569;1
51788;Çeşme Yunus;38.310545;26.34889;1
51789;Çeşme Yunus;38.3106;26.3494;1
51790;Çeşme Mavi;38.316545;26.337539;1
51791;Çeşme Mavi;38.317257;26.336853;1
51792;Çeşme Devlet Hastanesi;38.3205083015003;26.3299720838656;1
51793;Çeşme Devlet Hastanesi;38.3210137955974;26.3298011746014;1
51794;Çeşme Sanayi Sitesi;38.326536;26.321904;1
51795;Çeşme Yakamoz;38.3262;26.3228;1
51796;Çeşme Üstgeçit;38.3279;26.3188;1
51797;Çeşme Kültür Merkezi;38.328445;26.315182;1
51798;Çeşme Kültür Merkezi;38.328254;26.31547;1
51799;Çeşme Uğur Mumcu Parkı;38.32726;26.31202;1
51800;Çeşme Uğur Mumcu Parkı;38.326911;26.311916;1
51801;Çeşme Adliye;38.3262;26.3094;1
51802;Çeşme Adliye;38.326116;26.309936;1
51803;Çeşme Lale;38.32498;26.313196;1
51804;Çeşme Lale;38.3253497192974;26.3135664014768;1
51805;Çeşme Anfi Tiyatro;38.3217;26.3113;1
51806;Çeşme Anfi Tiyatro;38.321761;26.311825;1
51807;Mustafa Yücel Özbilgin Parkı;38.319067;26.30938;1
51808;Mustafa Yücel Özbilgin Parkı;38.3198;26.3096;1
51809;Çeşme Terminal;38.3164;26.3055;1
51810;Çeşme Terminal;38.316113;26.304785;1
51811;Çeşme Terminal İçi;38.315221;26.305023;1
51812;Çeşme Emniyet Müdürlüğü;38.30367;26.362619;1
51813;Alaçatı Sanayi;38.2913;26.3832;1
51814;Alaçatı Sanayi;38.2916;26.383;1
51815;Alaçatı Çiçek;38.2944;26.3837;1
51816;Alaçatı Çiçek;38.294576;26.383529;1
51817;Alaçatı Mavi;38.2988;26.3834;1
51818;Alaçatı Mavi;38.298683;26.383183;1
51821;Fen Fakültesi;38.322723325596;26.6320881368548;1
51822;Fen Fakültesi;38.322972324797;26.6323931360041;1
51823;Sığacık Yol Ayrımı 2;38.1942432861321;26.8341033370906;1
51824;Yüksek Teknoloji Giriş;38.320255718032;26.6460372123767;1
51825;Yüksek Teknoloji Giriş;38.3203611805788;26.6458640676749;1
51826;Fahrettin Altay Meydan 3;38.3976672700055;27.0695643888969;1
51827;Tatil Köyü;38.1848837316245;26.7730417263244;1
51828;Tatil Köyü;38.1847917320689;26.7729227255346;1
51829;Saray;38.313796386538;26.8594635713067;1
51830;Saray;38.3138693863953;26.8595835710653;1
51831;Çamlı Son Durak;38.311070390774;26.8593805567959;1
51832;Karaburun Hisarcık;38.6436949662519;26.5137852911647;1
51833;Karaburun Hisarcık;38.6434619669791;26.5138222932923;1
51834;Karaburun Zambak;38.6438619600342;26.5104523147024;1
51835;Karaburun Zambak;38.64375096014;26.5103313167734;1
51837;Meşelik;38.2131584138928;26.9174705063597;1
51838;Meşelik;38.2132054136923;26.917567506555;1
51839;Narlıdere Huzur;38.3942923556314;26.9912351073199;1
51845;İzli Kuyu;38.2191164057578;26.9212145574378;1
51846;İzli Kuyu;38.2191924058879;26.9211405584718;1
51847;İmamlar;38.2235383981663;26.9250465900095;1
51848;İmamlar;38.2236253982937;26.9249725911291;1
51849;Uysal;38.2723104706575;26.8306414404618;1
51850;Davulcu Deresi;38.2703634716825;26.8338164080058;1
51851;İncirliboğaz;38.2738244640861;26.835787426249;1
51855;Çevirlik;38.5970691660709;26.5463784709061;1
51856;Çevirlik;38.5972011659003;26.5465154687314;1
51857;Ardıç;38.530357502665;26.6070114234691;1
51858;Ardıç;38.5304505022447;26.6069584234348;1
51859;Urla Villalar;38.3093524062137;26.6985955411968;1
51860;Urla Villalar;38.309500405632;26.6982925443998;1
51861;Çeşme;38.2105164178732;26.9157164830931;1
51862;Çeşme;38.2106124174965;26.9158934835831;1
51863;Bağ Bozumu;38.2067384189127;26.9155284414423;1
51864;Bağ Bozumu;38.2068774189527;26.915498443109;1
51865;İncircik;38.2022134185276;26.9160193880573;1
51866;İncircik;38.202252418361;26.9160933882815;1
51867;Kuzyaka;38.1985394199777;26.9155723463144;1
51868;Kuzyaka;38.1984594198724;26.9156233452108;1
51869;Han Deresi;38.1902114234384;26.9144682483745;1
51870;Han Deresi;38.1902384232245;26.9145562484548;1
51871;Kara Pınar;38.1898474153826;26.9178192342005;1
51872;Kara Pınar;38.189915446574;26.9178988623752;1
51873;Yonca;38.186780416952;26.9172131974994;1
51874;Yonca;38.1867704166774;26.9173241970614;1
51875;Baraj Yolu;38.1747184622732;26.9002170863121;1
51876;Baraj Yolu;38.1745767678395;26.9003490625717;1
51877;Zeybek;38.1641884817389;26.8942889534201;1
51878;Zeybek;38.1643374813447;26.8944109552624;1
51879;Kavakdere Okul;38.1576214893764;26.8924268607527;1
51880;Kavakdere Okul;38.1576994889335;26.8925688615543;1
51881;Güzel Ova;38.3236312684296;26.5709616587286;1
51882;Güzel Ova;38.3237432678112;26.5708556603978;1
51883;Açelya;38.325464255144;26.566365711378;1
51884;Açelya;38.3256172544568;26.5663717123068;1
51885;Rezene;38.3387561817774;26.5553598897317;1
51886;Rezene;38.338870181197;26.5553098908158;1
51887;Kadıovacık Giriş;38.3416431675704;26.5544789134352;1
51888;Kadıovacık Giriş;38.3416801675574;26.5545989125448;1
51889;Kadıovacık;38.3430205805813;26.5535975607489;1
51890;Payamlı Yolu;38.0893653301295;26.9314236118687;1
51891;Payamlı Yolu;38.0893903294954;26.9315676122558;1
51892;Petunya;38.0914833258627;26.9327476521034;1
51893;Petunya;38.0914923251899;26.9328986521677;1
51894;Reyhan;38.0959853167491;26.9356387361011;1
51895;Reyhan;38.0958973160409;26.935781734324;1
51896;Payamlı Giriş;38.1015192947838;26.9418118345004;1
51897;Payamlı Giriş;38.1015843817718;26.9420649665967;1
51898;Payamlı;38.1040872866524;26.9442848793946;1
51899;Nohutalan Taş Ocağı;38.3026842726869;26.4947912171618;1
51900;Nohutalan Taş Ocağı;38.302839271575;26.4945792205059;1
51908;Özbek Çamlı;38.3865811225615;26.6786750496373;1
51909;Özbek Çamlı;38.3866641219269;26.678329052501;1
51914;Fahrettin Altay Aktarma Merkezi;38.3985734356811;27.0664617501925;1
51915;Fahrettin Altay Aktarma Merkezi;38.3985334355718;27.0664007505141;1
51916;Fahrettin Altay Aktarma Merkezi;38.398479435437;27.0663287509018;1
51917;Fahrettin Altay Aktarma Merkezi;38.3984334353129;27.0662597512661;1
51918;Fahrettin Altay Aktarma Merkezi;38.398306434986;27.0660817522155;1
51920;Fahrettin Altay Aktarma Merkezi;38.3981774346662;27.0659107531349;1
51921;Fahrettin Altay Aktarma Merkezi;38.3984904357128;27.0665507498955;1
51922;Fahrettin Altay Aktarma Merkezi;38.3984504356107;27.06649575019;1
51923;Fahrettin Altay Aktarma Merkezi;38.3983964354781;27.0664257505685;1
51924;Fahrettin Altay Aktarma Merkezi;38.3983504353552;27.0663577509282;1
51925;Fahrettin Altay Aktarma Merkezi;38.3982154349971;27.066159751976;1
51928;Fahrettin Altay Aktarma Merkezi;38.3980554345923;27.0659407531462;1
51929;Fahrettin Altay Aktarma Merkezi;38.3984204357762;27.0666567495066;1
51930;Fahrettin Altay Aktarma Merkezi;38.3983694356403;27.0665817499037;1
51931;Fahrettin Altay Aktarma Merkezi;38.39831043549;27.0665007503371;1
51932;Fahrettin Altay Aktarma Merkezi;38.398265435368;27.0664327506954;1
51933;Fahrettin Altay Aktarma Merkezi;38.3981304350276;27.0662497516755;1
51934;Fahrettin Altay Aktarma Merkezi;38.3980794348994;27.0661807520449;1
51935;Fahrettin Altay Aktarma Merkezi;38.398019434743;27.0660947525007;1
51936;Fahrettin Altay Aktarma Merkezi;38.3979714346164;27.0660247528706;1
51937;Fahrettin Altay Aktarma Merkezi;38.3982824357107;27.0667067494503;1
51938;Fahrettin Altay Aktarma Merkezi;38.3982074355136;27.0665987500234;1
51939;Fahrettin Altay Aktarma Merkezi;38.3980274350452;27.0663427513831;1
51940;Fahrettin Altay Aktarma Merkezi;38.3979484348428;27.0662327519686;1
51941;Mermerci;38.326143;26.862997;1
51942;Mermerci;38.3263143665668;26.8627246168439;1
51943;Ulama;38.2452495180109;26.831273191331;1
51944;Ulama;38.2423835238937;26.8304891662799;1
51945;İva;38.1722766464646;26.8270762977773;1
51946;İva;38.1723096455254;26.8274582967836;1
51947;Makine;38.3158333581863;26.6396190308016;1
51948;Makine;38.3158613583247;26.6400460276103;1
51951;Fahrettin Altay Aktarma Merkezi;38.3979194347227;27.066153752356;1
51952;Doğan;38.1834486112388;26.8350824300446;1
51953;Alp;38.1668736573181;26.8261392185527;1
51954;Güzelbahçe Vali Kazım Paşa Ortaokulu;38.358611322516;26.8879465979053;1
51957;Güneş;38.2852382935139;26.4510755103366;1
51958;Güneş;38.2853862935283;26.4515375068655;1
51959;Karacasarı;38.2966672669518;26.4713734022602;1
51960;Karacasarı;38.2963722680189;26.4710764027755;1
51961;Müjde;38.3025932575264;26.4846593171425;1
51962;Müjde;38.3025312582021;26.4848833143982;1
51964;Düzce Köprü;38.2447145329349;26.8189982464911;1
51965;Düzce Köprü;38.2446165332183;26.8189122459269;1
51968;Spor Salonu;38.3914557991934;27.0381387693258;1
51972;İçmeler Stad;38.3181883770573;26.7033465665092;1
51973;Dostlar Sitesi;38.324827;26.702841;1
51974;Lodos;38.3261693512929;26.7072715875611;1
51975;Yıldız;38.3236663604204;26.7094385572097;1
51976;Torosan;38.319361;26.708357;1
51977;Beylik Bağı;38.5386454566721;26.59753745723;1
51978;Beylik Bağı;38.5386864567701;26.5976704559305;1
51979;Ekoköy;38.2325295427808;26.8290390697118;1
51980;İçmeler Son Durak;38.3088654032764;26.6809136661087;1
51981;Piri Reis;38.3067714110702;26.6814746468969;1
51982;Piri Reis;38.3066444114637;26.6812286477815;1
51983;Halikarnas Balıkçısı;38.3053034170188;26.683771619323;1
51984;Halikarnas Balıkçısı;38.3051974173319;26.6834936205765;1
51985;Gizem;38.3044184205786;26.685228602156;1
51986;Gizem;38.3043664207031;26.6849646036958;1
51987;Seralar;38.3011654328573;26.6878965583777;1
51988;Seralar;38.3010184333502;26.6877175585551;1
51989;Konutlar;38.3025764274284;26.6861465817334;1
51990;Konutlar;38.3023294282488;26.685823582222;1
51991;Sarmaşık;38.30484141849;26.6829716217714;1
51992;Fidan;38.3035274248208;26.6899275614468;1
51993;Fidan;38.3033484255245;26.6902515577756;1
51994;Tarla;38.3044674223776;26.6943335366734;1
51995;İçmeler Stad;38.3181953770944;26.7035555650615;1
51996;Dostlar Sitesi;38.3242383562792;26.7028836074739;1
51997;Lodos;38.3257813522117;26.7061755931023;1
51998;Yıldız;38.3239553593774;26.7092025606271;1
51999;Hayriye Öz Parkı;38.3214863679638;26.710282537931;1
52000;Hayriye Öz Parkı;38.3216313673901;26.7099805409625;1
52001;Torasan;38.319178375116;26.7082775377247;1
52002;Tarla;38.3044124225998;26.6944825352006;1
52003;Garahayıt;38.364819315874;26.8927145872647;1
52004;Garahayıt;38.3647663158994;26.8926015877612;1
52005;Sahil;38.3219043644588;26.7035515884329;1
52006;Sahil;38.3219451797711;26.7037765092139;1
52007;Torosan Orman;38.326589162231;26.7089813957039;1
52008;Torosan Orman;38.3262393516233;26.7088805764986;1
52009;Ulamış Ortaokulu;38.2482035103589;26.8335422094195;1
52010;Ulamış Ortaokulu;38.24820851017;26.8337032086858;1
52011;Ağalar Deresi;38.2461305144044;26.8330891912725;1
52012;Ağalar Deresi;38.2460545143991;26.8332061899549;1
52013;Şehit Abdullah Tayyip Olçok Anadolu İmam Hatip Lisesi;38.339571346222;26.8697066353968;1
52014;Şehit Abdullah Tayyip Olçok Anadolu İmam Hatip Lisesi;38.3394683463823;26.8697586347159;1
52015;Payamlı Giriş;38.3209403631195;26.9234752862516;1
52016;Payamlı Giriş;38.3208373631609;26.9235982852326;1
52017;Manzara;38.3230233615514;26.9243382909726;1
52018;Manzara;38.3229433615792;26.9244722900081;1
52019;Kayapınarı;38.3160083663166;26.923571264039;1
52020;Kayapınarı;38.3159923662888;26.9237002633679;1
52021;Payamlı Vadi;38.3159233656512;26.9259992524218;1
52022;Payamlı Vadi;38.3157723657577;26.9259462519828;1
52023;Oruç Reis;38.2994314408183;26.6999184591594;1
52024;Oruç Reis;38.2994054409247;26.7000614579497;1
52025;Çiftlik;38.3011224343979;26.6959505001874;1
52026;Çiftlik;38.3011434343027;26.6958085013591;1
52027;Demaş Kooperatifi;38.2919043627434;26.5207478746629;1
52028;Demaş Kooperatifi;38.292074361943;26.5207928757398;1
52029;Sarmaşık;38.3625083121778;26.8745476823964;1
52030;Sarmaşık;38.362328312489;26.8746336814459;1
52031;Vadi;38.3613403145347;26.8760696708051;1
52032;Vadi;38.3612023147855;26.876181669814;1
52033;Güzeltepe;38.3597093174871;26.8774506587344;1
52034;Güzeltepe;38.359535317781;26.8775476577221;1
52035;Ata;38.3584353186086;26.8750076688447;1
52036;Ata;38.3582573189093;26.8750976678437;1
52037;Uğur Koleji;38.3562793210211;26.8720746790393;1
52038;Uğur Koleji;38.3563403210468;26.8724786769612;1
52039;Değirmen;38.3491263329194;26.8763766330038;1
52040;Değirmen;38.3489333332396;26.8765596313683;1
52041;Göksu;38.3477493350938;26.8772166238538;1
52042;Göksu;38.3478753349304;26.8773226236959;1
52043;Yamaç;38.3462103371443;26.8761276245806;1
52044;Yamaç;38.3461623372402;26.8762846235597;1
52045;Taşev;38.344522339494;26.8753716228199;1
52046;Taşev;38.3442313399104;26.875307622138;1
52047;Güzel Konak;38.3428973417007;26.8740366242645;1
52048;Güzel Konak;38.3429713416149;26.8742236235156;1
52049;İncirliboğaz;38.2735234648129;26.8355204251875;1
52050;Bademler Dere;38.2715994680491;26.8356784086915;1
52051;Bademler Dere;38.2718354675758;26.8357584102188;1
52052;Davulcu Deresi;38.2703964713957;26.8341044068056;1
52053;Uysal;38.2717864711913;26.8311874333185;1
52054;Güzelbahçe Kolej;38.33375835491;26.8645076402456;1
52055;Güzelbahçe Kolej;38.3333673555203;26.8645606383004;1
52056;Alp;38.1675076569982;26.8258492295101;1
52057;Dere;38.3040424243901;26.6971605133228;1
52058;Dere;38.3036844256484;26.6972175102786;1
52059;Mimkent;38.387197;27.079246;1
52060;Mimkent;38.3872814379442;27.0790487075008;1
52061;General Kazım Özalp Muhtarlık;38.3897374412515;27.0793527037985;1
52062;General Kazım Özalp Muhtarlık;38.3895884410292;27.0793137041184;1
52063;Işık;38.3900654398746;27.0777547102898;1
52064;Işık;38.3900424393719;27.0773237121591;1
52065;Siteler;38.5311824945736;26.6041054428799;1
52066;Siteler;38.5310304955756;26.6043674415198;1
52067;Çamtepe;38.3194633824598;26.8247977932896;1
52068;Çamtepe;38.3193883826433;26.8244887946561;1
52069;Yaka;38.3129993892584;26.8535885982483;1
52070;Yaka;38.312930389392;26.8535025983283;1
52071;Dadaşkent;38.3268301129499;26.8199970581079;1
52072;Vadi;38.321856378625;26.8003149504363;1
52073;Vadi;38.3219853783168;26.8009529472977;1
52074;Manzara;38.3218273787168;26.7964549736455;1
52075;Manzara;38.3217283789517;26.7968569706563;1
52076;Ada;38.3237653739618;26.7918750122736;1
52077;Ada;38.3237653739537;26.7916420137054;1
52078;Begonya;38.3246173715087;26.7850460591634;1
52079;Begonya;38.3246013715302;26.7847510609136;1
52080;Çınar;38.2874302197102;26.8223906233883;1
52081;Çınar;38.2874254474125;26.8221036037425;1
52082;Dr. Güngör Özbek A. L.;38.3655023078123;26.8752706858396;1
52083;Dr. Güngör Özbek A. L.;38.3654443078465;26.875134686466;1
52084;Güzelbahçe Halk E.M.;38.3587253199102;26.880362639893;1
52085;Güzelbahçe Halk E.M.;38.3587663198991;26.8805126391752;1
52086;Çelik;38.3564593237614;26.8822366232546;1
52087;Çelik;38.3565593236537;26.8823546228895;1
52088;Dört Mevsim;38.3186373847251;26.8191838211353;1
52089;Uğur Mumcu;38.3832563787808;27.0189029752121;1
52090;Uğur Mumcu;38.383279378967;27.0191229741973;1
52091;Seyir;38.3845803811034;27.021192964635;1
52092;Seyir;38.3845943813122;27.0214359635127;1
52093;Tarla;38.3223612784456;26.575066614204;1
52094;Tarla;38.3223202785371;26.5749766147228;1
52095;Spor Salonu;38.3915087989839;27.0380047704941;1
52096;Uzunkuyu İnönü;38.2862938470928;26.5514540794412;1
52097;Uzunkuyu İnönü;38.2866638439657;26.5516990818159;1
52098;Uzunkuyu Ortaokulu;38.2848164334796;26.5544824987594;1
52099;Uzunkuyu Ortaokulu;38.2848954328875;26.5542495015876;1
52100;Turna;38.2847158715372;26.5565029594317;1
52101;Turna;38.2848568703293;26.5565879605317;1
52102;Zeytinler;38.2844644412707;26.5614694330703;1
52103;Zeytinler;38.2845764406007;26.5613104355248;1
52104;Gölet;38.2861908650523;26.5608899083968;1
52105;Gölet;38.2863718629948;26.5606999151002;1
52106;Urla Egiad Ortaokulu;38.3257097350643;26.7722712913684;1
52107;Urla Egiad Ortaokulu;38.3256857351673;26.7721602925213;1
52108;Kütük Minare Cami;38.322698751304;26.7732322455401;1
52109;Kütük Minare Cami;38.3226878661887;26.7735480146493;1
52110;Kuşçular Santral;38.2669465451046;26.7275149922297;1
52111;Kuşçular Santral;38.266960544724;26.7283679868517;1
52112;Site;38.1906286619001;26.8038546642078;1
52113;Site;38.1904256611354;26.8044776585234;1
52114;Tepe;38.385215381402;27.0212949641252;1
52115;Tepe;38.3851003815596;27.021525963066;1
52116;Birgi;38.303437345361;26.5553816513856;1
52117;Birgi;38.3035053451253;26.5554646511791;1
52120;Çiçek;38.2951593836161;26.5543095926609;1
52121;Çiçek;38.2950643841561;26.5543975910548;1
52122;Birgi Dörtyol;38.2990213659614;26.555062618388;1
52123;Birgi Dörtyol;38.299071365796;26.5551346181533;1
52124;Birgi Kocagöl;38.3096783267632;26.5657676067477;1
52125;Birgi Kocagöl;38.3096513270111;26.5658906054525;1
52126;Bademler Tarla;38.2706944785636;26.8241624608095;1
52127;Bademler Tarla;38.2707264786282;26.8239964619493;1
52128;Gökkuşağı;38.3826763769614;27.0168629846022;1
52129;Birgi Çiftlik;38.3179537394821;26.5761540751495;1
52130;Birgi Çiftlik;38.3180012994589;26.576463572444;1
52131;Urla Adliye;38.3283043589985;26.7622622243552;1
52132;Urla Adliye;38.3282073592365;26.7620762250417;1
52133;Sığacık Siteler;38.1869707262957;26.7730917571185;1
52134;Sığacık Siteler;38.1869197262917;26.7731667559926;1
52135;Çeşme Boyalık;38.3239277656485;26.3254162462871;1
52136;Çeşme Boyalık;38.3244497593629;26.3243472625648;1
52137;Üçkuyular İskele;38.4050288867981;27.0680784682646;1
52139;İYTE Öğrenci Yurdu;38.3238603247405;26.6375851000718;1
52140;İYTE Öğrenci Yurdu;38.3237203253457;26.6376520986467;1
52141;Yağcılar Orman;38.2532896065771;26.6866971256266;1
52142;Yağcılar Orman;38.25319460694;26.6866531248978;1
52143;Karaburun Market;38.6416309712744;26.5132853162292;1
52144;Karaburun Market;38.6417329713845;26.5135173134178;1
52145;Yelki Yeldeğirmeni;38.3409063441751;26.869513641551;1
52146;Yelki Yeldeğirmeni;38.340970344069;26.8694296422525;1
52147;Çiftlik;38.3123844028524;26.7765170405943;1
52148;Çiftlik;38.3122304032496;26.7765940391496;1
52149;Tırazlı Kümeevler;38.3203913336694;27.067561709584;1
52150;Tırazlı Kümeevler;38.3204693338011;27.0675827096902;1
52151;Ilıca Benzinlik;38.3133098818024;26.3439779513823;1
52152;Ilıca Benzinlik;38.3131778818463;26.3437439532945;1
52153;Hisar;38.1854612133051;26.8358219110229;1
52154;Hisar;38.1856322139087;26.8355619178899;1
52155;Uzunkuyu Yolayrımı;38.2890274114967;26.5526945533904;1
52156;Uzunkuyu Yolayrımı;38.2891314111239;26.5528305530995;1
52157;Tarla;38.3049984211207;26.6975065178552;1
52158;Tarla;38.3048584215822;26.6973635178543;1
52159;Karaburun Müftülük;38.642356967117;26.5120793179246;1
52160;Karaburun Müftülük;38.6423899670472;26.5120933174779;1
52161;İlke;38.3143553978411;26.7698510947;1
52162;İlke;38.3143153979498;26.7697190952865;1
52165;İYTE Kız Öğrenci Yurdu;38.3249423175792;26.6334701398818;1
52166;Zeytinler Mezarlık;38.2895584155736;26.559882493685;1
52167;Zeytinler Mezarlık;38.289821414376;26.5599444954821;1
52168;Yol;38.2970353748391;26.5544876069834;1
52169;Yol;38.2970283750708;26.5546876051223;1
52170;Barbaros Tarla;38.315122307812;26.5717635935225;1
52171;Barbaros Tarla;38.3149193085387;26.5715665938116;1
52172;Özbek Konak;38.3430093052722;26.7293815209418;1
52173;Özbek Konak;38.342693306449;26.7298085164627;1
52174;Elektrik;38.2823474521352;26.8308935185215;1
52175;Elektrik;38.2819354527277;26.8311605139764;1
52176;Germiyan Restoran;38.2926762743193;26.4631584520308;1
52177;Germiyan Restoran;38.292649274046;26.462915454304;1
52178;Güzelbahçe Sanayi;38.3622643081822;26.8628887479287;1
52179;Güzelbahçe Sanayi;38.3622383081768;26.8627577486091;1
52180;Küçükkaya Manzara;38.3503063337331;26.8882615722654;1
52181;Küçükkaya Manzara;38.3505203334672;26.888338572513;1
52182;Balıklıova Ortaokulu;38.4275568362004;26.5776779335833;1
52183;Balıklıova Ortaokulu;38.4275826654758;26.5775379842132;1
52184;Balıklıova Yolu;38.4290818368759;26.5819358965966;1
52185;Balıklıova Yolu;38.4289368371371;26.5817368983222;1
52186;Balıklıova Depo;38.423623842183;26.5715359866447;1
52187;Balıklıova Depo;38.4238308418508;26.5718499839432;1
52188;Karaburun TEİAŞ;38.4422296503017;26.50631657368;1
52189;İltur;38.4349256997515;26.5163594853543;1
52190;İltur;38.4348887003259;26.5165824832957;1
52191;Karaburun TEİAŞ;38.4420766503407;26.5060145766695;1
52192;Karareis Market;38.4874162929474;26.4248522441193;1
52193;Karareis Market;38.4874862921768;26.4246402459197;1
52194;Cumhuriyet Sitesi;38.4902013678547;26.4234751724206;1
52195;Cumhuriyet Sitesi;38.4902922780078;26.4231362488552;1
52196;Karareis Tatil Sitesi;38.4850843085687;26.4276972255558;1
52197;Karareis Tatil Sitesi;38.4849733088396;26.4276332266293;1
52198;Mercankoyu Sitesi Giriş;38.4869022788167;26.4181643124435;1
52199;Mercankoyu Sitesi Giriş;38.4867812798576;26.4184053105557;1
52200;Çağlar;38.4862162781331;26.4168133287297;1
52201;Çağlar;38.4860852785268;26.4167713296913;1
52202;Eski Küçükbahçe;38.5633579146381;26.3741062445872;1
52203;Eski Küçükbahçe;38.5634429146319;26.3742062429022;1
52204;Heykel;38.5570359404225;26.3770932704501;1
52205;Küçükbahçe;38.5568129449874;26.3787072570117;1
52206;Küçükbahçe;38.5569129448094;26.3787572557029;1
52207;Küçükbahçe Plajı;38.5608649119084;26.3699863052414;1
52208;Tarla;38.4256688402416;26.5754719526025;1
52209;Tarla;38.4255278405522;26.5753119539759;1
52211;Çayırpınar;38.6252060325142;26.5208284212889;1
52212;Çayırpınar;38.6252770323704;26.5208664203135;1
52213;Payamlı Manzara;38.3205833619717;26.9295762562602;1
52214;Payamlı Manzara;38.320456362045;26.9295742557326;1
52216;Ovacık Çıkış;38.2981504323441;26.8039417822498;1
52217;Ovacık Çıkış;38.29823943218;26.8038297835103;1
52218;Ovacık Giriş;38.2964134344393;26.8090947406579;1
52219;Ovacık Giriş;38.2965084342753;26.8089757419963;1
52220;Birgi Cami;38.3022983498235;26.554482650372;1
52221;Birgi Cami;38.3023383495711;26.5544216512443;1
52222;Kavakdere Mezarlık;38.1423948073093;26.8897028819158;1
52223;Kavakdere Mezarlık;38.1422985047426;26.889161628123;1
52224;Eski Küçükbahçe;38.5615959425921;26.3836541700364;1
52225;Eski Küçükbahçe;38.5614609434423;26.3838441694045;1
52226;Eğri Liman Çiftlik;38.5359680301796;26.3870603388253;1
52227;Eğri Liman Çiftlik;38.536057029607;26.386944339309;1
52228;Küçükbahçe Yol Ayrımı;38.5547549794917;26.3905351622023;1
52229;Küçükbahçe Yol Ayrımı;38.5554919759216;26.3899781614657;1
52230;Maden;38.5123751336995;26.3968283965311;1
52231;Maden;38.5125091333455;26.3968743952991;1
52234;Eğri Liman;38.5339340379874;26.3875533485275;1
52235;Eğri Liman;38.5340880369595;26.3873393495142;1
52236;Küçükbahçe Çiftlik;38.5098991491481;26.3995543838012;1
52237;Küçükbahçe Çiftlik;38.5099901491465;26.3996833820149;1
52238;Gerence;38.5018441915273;26.4050653727348;1
52239;Gerence;38.5017181926065;26.4053183708763;1
52240;Doğanata Çiftlik;38.5236990830946;26.3920943735442;1
52241;Doğanata Çiftlik;38.5238730821323;26.3919423739044;1
52242;Güzelkent Yolu;38.4897813749961;26.4647238490899;1
52243;Güzelkent Yolu;38.4897353745018;26.4644178521712;1
52244;İris Gölü;38.4912513146632;26.4403040770595;1
52245;İris Gölü;38.4911543148309;26.4402180783016;1
52246;Güneş Tarlası;38.486795315406;26.4333591630747;1
52247;Güneş Tarlası;38.4868613148813;26.4332421639535;1
52248;Maden;38.4970192191442;26.4091473563396;1
52249;Tuzla Koyu Burun;38.4996432025552;26.4063003716623;1
52250;Tuzla Koyu Burun;38.4997282017163;26.4060853733684;1
52251;Maden;38.49715921866;26.4091593555436;1
52252;Eğlenhoca Balık Çiftliği;38.4614975090721;26.4755948335489;1
52253;Eğlenhoca Balık Çiftliği;38.4615685092517;26.4758128312979;1
52254;Balıkçı;38.4469006137489;26.497542650911;1
52255;Balıkçı;38.4468436137197;26.4974116522247;1
52256;Ağaçlı Yol;38.4343317369243;26.5352033117753;1
52257;Ağaçlı Yol;38.4343867365336;26.535111312592;1
52258;Eğlenhoca;38.4568305435003;26.4829917727619;1
52259;Eğlenhoca;38.4568815428737;26.4827907745788;1
52260;Karareis Barajı;38.4946962568607;26.4211712485739;1
52261;Karareis Barajı;38.4948772562893;26.4212132473303;1
52262;Kıyı Yolu;38.4484256025736;26.4950926720007;1
52263;Kıyı Yolu;38.4482726033308;26.4951576716019;1
52264;Parlak Muhtarlık;38.6098118412113;26.3978295810204;1
52265;Parlak Giriş;38.6098198385292;26.3965495919593;1
52266;Parlak Giriş;38.6097088386461;26.396469593824;1
52267;Badembükü Yol Ayrımı;38.6040858396886;26.3901267079687;1
52268;Badembükü Yol Ayrımı;38.60420283978;26.3903107051403;1
52269;Eski Salman Giriş;38.5946678556653;26.3861628394529;1
52270;Eski Salman Giriş;38.5948798558519;26.3865028342936;1
52271;Eski Salman Cami;38.5942338542189;26.3849848543131;1
52272;Eski Salman Cami;38.5942408544451;26.3850958532532;1
52273;Eski Salman;38.5928268551353;26.3837158797664;1
52274;Eski Salman;38.5926788553477;26.3836348819725;1
52275;Eski Salman Çıkış;38.5918538556048;26.3827658980005;1
52276;Eski Salman Çıkış;38.5916918561239;26.3828058992585;1
52277;Eski Salman Bahçe;38.5830628654804;26.3767050391715;1
52278;Eski Salman Bahçe;38.5831618656847;26.3769110363348;1
52279;Salman Giriş;38.5718188737148;26.3670592346676;1
52280;Salman Giriş;38.5716519865432;26.3674130166598;1
52281;Salman Cami;38.5707658795081;26.3682542331874;1
52282;Salman Cami;38.5707588791374;26.3680912347781;1
52283;Salman Market;38.5684678907314;26.370243235486;1
52284;Salman Market;38.5684278910435;26.3703262350689;1
52285;Salman Köprü;38.5681728981673;26.3730032122738;1
52286;Salman Köprü;38.5680898987518;26.3731492116522;1
52287;Küçükbahçe Giriş;38.5664819102899;26.3760601987363;1
52288;Küçükbahçe Giriş;38.5664799099862;26.3759301999718;1
52289;Tepe;38.3534613295035;26.8880825827446;1
52299;Turgut Çiftlik;38.2472805381512;26.8094253211916;1
52300;Turgut Çiftlik;38.2471895381858;26.8095723195132;1
52301;Turgut Restoran;38.2500930658454;26.8088537045867;1
52302;Turgut Restoran;38.2502845328035;26.8085723556561;1
52303;Turgut Tarla;38.2519455298526;26.8080513747435;1
52304;Turgut Tarla;38.2520625294762;26.8081883751715;1
52305;Ulamış Kümesi;38.250479506584;26.8334422319138;1
52306;Ulamış Kümesi;38.2503655068747;26.8333542312498;1
52309;Reisdere Siteler;38.3114140682894;26.411026161763;1
52310;Reisdere Siteler;38.3115610671375;26.4108721645448;1
52311;Şehit Öğretmen Necmettin Yılmaz İlkokulu;38.3145150505608;26.4106281885189;1
52312;Şehit Öğretmen Necmettin Yılmaz İlkokulu;38.3145580499778;26.4104761905071;1
52313;Reisdere Market;38.314640056375;26.4134601581017;1
52314;Reisdere Market;38.3147380562698;26.4136461567442;1
52315;Reisdere Taşevler;38.319133037441;26.4157451640539;1
52316;Reisdere Taşevler;38.3190250375843;26.4155541654221;1
52317;Reisdere Özkanlar Sitesi;38.3212120351591;26.419641135278;1
52318;Reisdere Özkanlar Sitesi;38.3214130340308;26.4196141369015;1
52319;Yalı Villalar;38.3237850247815;26.4210931362236;1
52320;Yalı Villalar;38.3237880243445;26.4209051382915;1
52321;Yalı Manzara;38.3262080123323;26.4212381500124;1
52322;Yalı Manzara;38.3260480130955;26.4212031493919;1
52323;Yalı Siteler;38.3286260026478;26.4225761503768;1
52324;Yalı Siteler;38.3286620023045;26.422507151345;1
52325;Germiyan Yalı;38.3307679952765;26.4242791447723;1
52326;Germiyan Yalı;38.3305559952495;26.4237731489952;1
52327;Yalı Market;38.3333989875342;26.4269361314214;1
52328;Yalı Market;38.3337989857179;26.4270501324855;1
52329;Yalı Çiçekevler;38.334968982847;26.4284811237195;1
52330;Yalı Çiçekevler;38.3350649820535;26.4283461257128;1
52331;Yalı Tatil Sitesi;38.3375179795755;26.4329540899173;1
52332;Yalı Tatil Sitesi;38.3374799785233;26.4323830958141;1
52333;Martı Sitesi;38.3435769715225;26.443526009729;1
52334;Martı Sitesi;38.3435949709481;26.4432970122306;1
52335;Çınar Sitesi;38.3462089614231;26.4449960073879;1
52336;Burcu Sitesi;38.3452449708614;26.4471959795761;1
52337;Burcu Sitesi;38.3453139702886;26.4470869810597;1
52338;Germiyan Köyiçi;38.3213951270829;26.465142654249;1
52339;Germiyan Köyiçi;38.3212001283616;26.4652936513889;1
52340;Germiyan Cami;38.3173591477485;26.4650866271811;1
52341;Germiyan Cami;38.3168851497545;26.464844626346;1
52342;Germiyan Meydan;38.3150401615508;26.4660856004954;1
52343;Germiyan Meydan;38.3149761626871;26.4665315954571;1
52344;Germiyan Restoran;38.3137771742913;26.4695545558375;1
52345;Germiyan Restoran;38.3135731751814;26.4694615553055;1
52346;Mordoğan Market;38.5211175498134;26.6153054002793;1
52347;Mordoğan Market;38.5209925497917;26.6150434029626;1
52348;Söğüt;38.1958865965197;26.8330146095718;1
52349;Söğüt;38.1959375962179;26.8331286097761;1
52350;Çam;38.1985165924884;26.8329706445638;1
52351;Çam;38.1985025927468;26.8328466449016;1
52352;Park;38.1999955925203;26.8317166692371;1
52353;Park;38.1999685927529;26.8316156693136;1
52354;Basketbol Sahası;38.2024205907395;26.8305747055858;1
52355;Basketbol Sahası;38.2024865908301;26.8304667069013;1
52356;İncir;38.2045365902279;26.8289437398004;1
52357;İncir;38.2044135904364;26.8289407382418;1
52358;Defne;38.2065655929843;26.825441780996;1
52359;Defne;38.2066255933207;26.8251887828779;1
52360;Sanayi;38.2094895921605;26.82294782896;1
52361;Sanayi;38.2094725923667;26.8228428292205;1
52362;Dörtyol;38.2131555877731;26.8216548802432;1
52363;Dörtyol;38.2131325880354;26.8215178805876;1
52364;Trafo;38.2160565817271;26.8221879130847;1
52365;Trafo;38.2162735810971;26.8223419149906;1
52366;Çınar Sitesi;38.3462139617965;26.4451850054288;1
52369;Ildır;38.3811587231059;26.4784145932997;1
52370;Ildır Tatil Sitesi;38.373487900945;26.4803607551241;1
52371;Ildır Tatil Sitesi;38.373375901284;26.4802657557179;1
52372;Dolaplı Kuyu Mezarlık;38.3718069042492;26.478008773215;1
52373;Dolaplı Kuyu Mezarlık;38.3717199047035;26.4780327726928;1
52374;Germiyan İştur Sitesi;38.3673319167863;26.4736298019595;1
52375;Germiyan İştur Sitesi;38.367163917529;26.4736028016374;1
52376;Germiyan Atatürk Parkı;38.3647249285547;26.4733217956343;1
52377;Germiyan Atatürk Parkı;38.364694928916;26.4734337943954;1
52378;Germiyan May Sitesi;38.3635579279312;26.470168823093;1
52379;Germiyan May Sitesi;38.3634619280428;26.4699928245109;1
52380;Germiyan Manzara;38.3621639218586;26.4637688827857;1
52381;Germiyan Manzara;38.3621439216041;26.4635948844837;1
52382;Egem Sahil Evleri;38.3565119382137;26.4583389156286;1
52383;Egem Sahil Evleri;38.3566059376132;26.4582689167446;1
52384;Yeni Dostlar Sitesi;38.3541049513549;26.4590258982139;1
52385;Yeni Dostlar Sitesi;38.3538509522347;26.4588468989399;1
52386;Germiyan Deniz Sitesi;38.3528879534171;26.457104912619;1
52387;Germiyan Deniz Sitesi;38.3527949539832;26.4571589116468;1
52388;Germiyan 8 Evler Sitesi;38.3471759717621;26.4522819359876;1
52389;Germiyan 8 Evler Sitesi;38.347251971799;26.452483934256;1
52390;Germiyan Burcu Sitesi;38.3466539696865;26.4500149570536;1
52391;Germiyan Burcu Sitesi;38.3465629697963;26.449848958341;1
52392;Akarca Tuzla;38.1829616717928;26.8066315416056;1
52393;Akarca Tuzla;38.1827426722318;26.8066275384154;1
52394;Seferihisar Su Arıtma Tesisi;38.1803706712034;26.8093694915922;1
52395;Seferihisar Su Arıtma Tesisi;38.1802066714009;26.8094254889248;1
52396;Sazlı Göl;38.1776076744606;26.8103224463881;1
52397;Sazlı Göl;38.1774526745726;26.8104074437043;1
52398;Akarca Elitkent Sitesi;38.1739986849215;26.8086623988243;1
52399;Akarca Elitkent Sitesi;38.174348684118;26.8087234039075;1
52400;Akarca Adakent Sitesi;38.1682496958771;26.8086723097446;1
52401;Akarca Adakent Sitesi;38.1682776934523;26.8097103058979;1
52402;Akarca İşcan Sitesi;38.1674956887193;26.8123982826188;1
52403;Akarca İşcan Sitesi;38.1674086893845;26.812180282139;1
52404;Akarca Balıkçı Barınağı;38.1646106873642;26.8151982257935;1
52405;Akarca Balıkçı Barınağı;38.1645330502812;26.8155405107038;1
52406;Akarca Kervansaray;38.1655666782172;26.8183292285091;1
52407;Akarca Kervansaray;38.1656516776669;26.8184982291816;1
52408;Akarca Otel;38.1663606702986;26.821078230179;1
52409;Akarca Otel;38.1663286710569;26.8207832308331;1
52410;Akarca Giriş;38.1650136642265;26.8245231956978;1
52411;Akarca Giriş;38.1650376646784;26.8243211968508;1
52412;Akarca Siteler;38.1627216701577;26.8236251629239;1
52413;Akarca Siteler;38.1625646701228;26.8237431599777;1
52414;Akarca Sahil;38.1604076742139;26.8235121263756;1
52415;Akarca Sahil;38.1602346746764;26.823440123867;1
52416;Akarca Manzara;38.1580496750571;26.824685083892;1
52417;Akarca Manzara;38.1579356754494;26.8246030823473;1
52418;Akarca Elmastaş Sitesi;38.1553496782044;26.8251350381444;1
52419;Akarca Elmastaş Sitesi;38.1552416788529;26.8249520370435;1
52420;Akarca Seyir;38.1516356892087;26.8232129836098;1
52421;Akarca Seyir;38.1516376896336;26.8230519842315;1
52422;Akarca Halk Plajı;38.1495646892447;26.8244349443723;1
52423;Akarca Halk Plajı;38.1495586896814;26.82427694484;1
52424;Seçkin Evler Sitesi;38.1474076878375;26.8261899015607;1
52425;Seçkin Evler Sitesi;38.1472886882754;26.8260978998609;1
52426;Zümrüt Evler Sitesi;38.1447426888577;26.8272948520983;1
52427;Zümrüt Evler Sitesi;38.1447336893432;26.8271268525277;1
52428;Güneşlikent Sitesi;38.1416166873777;26.8294627905698;1
52429;Güneşlikent Sitesi;38.1419826881438;26.8290077984815;1
52430;Akarca Balköy;38.1388026842719;26.8319287330927;1
52431;Akarca Balköy;38.1384336848674;26.8319047266792;1
52432;Akarca Esenevler;38.1367735572268;26.8331133867825;1
52433;Akarca Esenevler;38.1366916831789;26.8332966913516;1
52436;Akarca Son Durak;38.134919;26.834412;1
52437;Germiyan Evleri;38.329429079989;26.4618977391591;1
52438;Germiyan Evleri;38.3295460794882;26.4619467393697;1
52439;Florya;38.3522243263015;26.8680666890149;1
52440;Florya;38.3520263265213;26.8676826905287;1
52441;Akarca İltur Sitesi;38.1757386793273;26.8097084208534;1
52442;Akarca İltur Sitesi;38.1756776799947;26.8094534210094;1
52443;Altyüz Köprüsü;38.4169358935408;26.5873268455127;1
52444;Altyüz Köprüsü;38.4170538930047;26.5872838459679;1
52445;Akarca Dörtyol;38.1712936923186;26.8076643614195;1
52446;Akarca Dörtyol;38.1712666926198;26.8075523614714;1
52447;Ildır İskele;38.3785798804672;26.4819987539938;1
52448;Ildır İskele;38.3784698811771;26.4821027526526;1
52449;Ildır Sahil;38.3760768947394;26.4833917329371;1
52450;Ildır Sahil;38.3760998948938;26.4835277316579;1
52451;Seferihisar TOKİ Son Durak;38.2133816092782;26.8077559479995;1
52452;Camikebir Sitesi;38.2155996085038;26.8052969872644;1
52453;Camikebir Sitesi;38.2155446084446;26.8054119860309;1
52454;Camikebir Çiftlik;38.215177;26.808064;1
52455;Camikebir Çiftlik;38.215197;26.80791;1
52456;Seferihisar Çiftlik;38.2161345919786;26.8154969451559;1
52457;Seferihisar Çiftlik;38.2160515923422;26.8153629447777;1
52458;Sığacık Konakları;38.2172805844928;26.8189739427161;1
52459;Sığacık Konakları;38.2171471689636;26.8191418806556;1
52460;Turgut Dörtyol;38.2665954927426;26.8161784677563;1
52461;Turgut Dörtyol;38.2664934929929;26.8161204671707;1
52462;Germiyan Fidanlık;38.3241801123233;26.4648706754328;1
52463;Germiyan Fidanlık;38.3240641127281;26.464769675716;1
52464;Germiyan Ören;38.3266050977208;26.4636767032639;1
52465;Germiyan Ören;38.3266430971492;26.4634757055724;1
52466;Ovacık Samyeli;38.3056234171682;26.7961288780966;1
52467;Ovacık Samyeli;38.3056144172055;26.7960478785191;1
52468;Ortadoğulular Sitesi;38.4705376903532;26.5902387793486;1
52469;Ortadoğulular Sitesi;38.470584690486;26.5904217776927;1
52472;Eğlenhoca Son Durak;38.542839389911;26.5690726668963;1
52473;Eğlenhoca Fabrika;38.5427293836427;26.5654916971789;1
52474;Eğlenhoca Fabrika;38.5427903834841;26.5655206965855;1
52475;Eğlenhoca Tarla;38.5422673788136;26.5620357285523;1
52476;Eğlenhoca Tarla;38.5422013789151;26.5619667295083;1
52477;Eğlenhoca Çıkış;38.5431693730674;26.5606427348961;1
52478;Eğlenhoca Çıkış;38.5432473727826;26.5606357344988;1
52479;Kösedere Çıkış;38.5445203609024;26.556657760136;1
52480;Kösedere Çıkış;38.5446963606675;26.5568587574165;1
52481;Kösedere Mezarlık;38.5462773533456;26.5558827561029;1
52482;Kösedere Mezarlık;38.5463473532004;26.5559347552489;1
52483;Kösedere;38.5462003487497;26.553295778136;1
52484;İnecik Yolayrımı;38.5439043707135;26.5607527296776;1
52485;İnecik Yolayrımı;38.543949370598;26.5607747292304;1
52486;İnecik Giriş;38.5464693647413;26.5623267014223;1
52487;İnecik Giriş;38.5464983644877;26.5622447019284;1
52488;İnecik Tarla;38.5491603576211;26.563503675463;1
52489;İnecik Tarla;38.5491513573781;26.5633566767318;1
52490;İnecik Merkez;38.5506413559288;26.5653396512746;1
52502;Tepecik Giriş;38.1820586094149;26.8368524033073;1
52503;Tepecik Ortaokulu;38.1801476150447;26.8355753808818;1
52504;Nohutalan Merkez;38.2973063394489;26.523800892501;1
52505;Nohutalan Merkez;38.2974113391405;26.5239748917445;1
52508;İnciraltı 2;38.4119964013974;27.0326018913229;1
52509;Seferihisar TOKİ Sitesi;38.2135226129832;26.8051549622261;1
52510;Seferihisar TOKİ Sitesi;38.2133056136825;26.8049889603199;1
52511;Bademler Küçükevler;38.2721194746005;26.8258494638576;1
52512;Bademler Küçükevler;38.2722564741847;26.8260624638767;1
52513;Bademler Bozyer;38.2692634826539;26.8223944579885;1
52514;Bademler Bozyer;38.2694464822993;26.8223974595293;1
52515;Sığacık Sazlıgöl;38.1851026678941;26.8064715734848;1
52516;Sığacık Sazlıgöl;38.1851926673508;26.806655573976;1
52517;Hürriyet;38.2438445240033;26.828230192043;1
52518;Hürriyet;38.2439535239046;26.8281491935382;1
52519;Ağız ve Diş Sağlığı Fakültesi;38.3470183836241;27.0880626779147;1
52520;Ağız ve Diş Sağlığı Fakültesi;38.3468073830445;27.0875706795238;1
52521;Kösedere Muhtarlık;38.5476973426215;26.5527957732288;1
52522;Kösedere Muhtarlık;38.5476093430277;26.5528497733151;1
52523;Kösedere Çıkış;38.5496073349562;26.5522307662015;1
52524;Kösedere Çıkış;38.5495123354498;26.5523187660564;1
52525;Kösedere Restoran;38.5517363295128;26.553236744568;1
52526;Kösedere Restoran;38.5517133293531;26.5531097457671;1
52527;Kösedere Manzara;38.5534433185979;26.5505547560519;1
52528;Kösedere Manzara;38.5539043164909;26.5502757554273;1
52529;Kösedere Zeytinlik;38.5590553047565;26.5533926961826;1
52530;Kösedere Zeytinlik;38.5590263047201;26.5533206969675;1
52531;Kösedere Tarla;38.5679422806072;26.5565526101005;1
52532;Kösedere Tarla;38.568045280526;26.5566946082272;1
52535;Kösedere Yol Ayrımı;38.5713412781602;26.561362547233;1
52536;Kösedere Yol Ayrımı;38.5714442776461;26.5612715472435;1
52537;Bahçe;38.4063424045485;27.0365488793386;1
52538;Bahçe;38.4057614058816;27.0378338738824;1
52539;Yıldız;38.4056884082591;27.0398228645164;1
52540;Yıldız;38.4057554086458;27.0401178630385;1
52541;Sera;38.4057594118285;27.0427258506869;1
52542;Sera;38.4056824118806;27.0427978504395;1
52543;Bahçelerarası;38.4044174160086;27.0467018335999;1
52544;Bahçelerarası;38.4045064159371;27.0466038339518;1
52545;Bahçelerarası Merkez;38.4021384176202;27.0491148250219;1
52546;Bahçelerarası Merkez;38.4022324175094;27.0489748255641;1
52547;Bahçelerarası Muhtarlık;38.4002354176839;27.0501618222883;1
52548;Bahçelerarası Muhtarlık;38.4000484175026;27.050107822737;1
52549;Körfez;38.39920542011;27.0528308111389;1
52550;Körfez;38.3992214203424;27.0530218102481;1
52551;Çiçekçiler;38.398837423446;27.0559257974174;1
52552;Çiçekçiler;38.3988994233668;27.0558187978366;1
52553;Sarmaşık;38.3920844142182;27.0520928209949;1
52554;Sarmaşık;38.3929734149825;27.0521948198421;1
52555;Kültür Merkezi;38.3903844105066;27.0496958329533;1
52556;Kültür Merkezi;38.390470409853;27.0489888360679;1
52557;Çağdaş;38.3931634073054;27.0447608533427;1
52558;Ağaçlıyol;38.3886204053625;27.0457538516844;1
52559;Kösedere Ağaçlıyol;38.5648635736585;26.554335298899;1
52560;Kösedere Ağaçlıyol;38.5647435742105;26.5542663016694;1
52561;İncir;38.543951390392;26.571421641076;1
52562;İncir;38.543890390332;26.5712746426415;1
52563;Badem;38.5452093896362;26.5733766176606;1
52564;Badem;38.5453853896073;26.5736916140429;1
52565;Ceviz;38.5457703926469;26.5760615923347;1
52566;Ceviz;38.545787392206;26.575854593933;1
52567;Çınar;38.546863;26.576747;1
52568;Çınar;38.547047;26.576796;1
52569;Eğlenhoca Son Durak;38.5429443900775;26.5693596639187;1
52570;Kösedere;38.5465153479094;26.5534297751166;1
52571;Eski Mordoğan Meydan;38.5187865295448;26.5992025419485;1
52572;Eski Mordoğan Mezarlık;38.5198745322262;26.6028805069109;1
52573;Eski Mordoğan Mezarlık;38.5198885318888;26.602718508172;1
52574;Eski Mordoğan İZSU;38.519848535273;26.604544493434;1
52575;Eski Mordoğan İZSU;38.5198925348137;26.6043734946312;1
52576;Eski Mordoğan;38.5218335399154;26.6111244308707;1
52577;Eski Mordoğan;38.5218355403467;26.6113724288509;1
52578;Deniz Hudut Kapısı;38.1943105650121;26.7786521601587;1
52579;Balçova Fırın;38.3897604066164;27.0462468488299;1
52580;Sığacık Zeytinlik;38.1869356661564;26.8055076041967;1
52581;Sığacık Zeytinlik;38.1868876659355;26.8056696027861;1
52582;Eğlenhoca Giriş;38.5513117564739;26.5786370765673;1
52583;Eğlenhoca Giriş;38.5511993780634;26.5783305414505;1
52584;Derebağ;38.5688652855562;26.560872568537;1
52585;Derebağ;38.5688982852666;26.5607765690871;1
52586;Karpusça Yolu;38.5572963052706;26.5504777318158;1
52587;Karpusça Yolu;38.5570733056718;26.5502867348548;1
52588;İçmekıyısı;38.5774662470175;26.5555895498196;1
52589;İçmekıyısı;38.5775142465107;26.5554025509772;1
52590;Camikebir Bahçe;38.2145406030194;26.810320950125;1
52591;Camikebir Bahçe;38.214618602976;26.8102489514282;1
52592;Serçe;38.4031168331097;27.047748660498;1
52593;Serçe;38.403234416573;27.0477078303003;1
52594;Üçyol Ayrımı;38.5382350253977;26.3880893125046;1
52595;Üçyol Ayrımı;38.5383850252262;26.3882163101882;1
52596;Barbaros Son Durak;38.3235892781126;26.5801355779248;1
52597;Tepe;38.3534233295141;26.887923583493;1
52598;Küçükkaya Yol Ayrımı;38.3455213409272;26.8946965227634;1
52599;Küçükkaya Yol Ayrımı;38.3459123404599;26.8947365238329;1
52600;Küçükkaya Pansiyon;38.3376603503239;26.8958374893961;1
52601;Küçükkaya Pansiyon;38.3378473501154;26.8960314890822;1
52602;Panaroma Evleri;38.3351713531833;26.8959064796873;1
52603;Panaroma Evleri;38.335541352763;26.8962564792978;1
52604;Kavacık Mezarlık;38.3127583542196;26.9636100731354;1
52605;Kavacık Mezarlık;38.3127423542624;26.9634900735706;1
52606;Kavacık Manzara;38.3147043516063;26.97161004783;1
52607;Kavacık Manzara;38.3147933516476;26.9715160485736;1
52608;Kavacık Tarla;38.3161863501849;26.976897031865;1
52609;Kavacık Tarla;38.3160603502282;26.9766720323035;1
52610;Kavacık Çardak;38.31562634872;26.9812750118823;1
52611;Kavacık Çardak;38.3156863487514;26.9812260123091;1
52612;Kavacık Bahçe;38.3167433475093;26.9864999949941;1
52613;Kavacık Bahçe;38.3167773475514;26.9863949955406;1
52614;Kavacık Üzüm;38.3227193481897;26.9932769884725;1
52615;Kavacık Üzüm;38.3225913481489;26.9932109883197;1
52616;Kavacık Küme;38.3227693471332;26.9991859649682;1
52617;Kavacık Küme;38.3226833470482;26.9994119637959;1
52618;Manzara;38.2699964507557;26.8595262775077;1
52619;Manzara;38.2700096427982;26.8597025730701;1
52620;Eğlenhoca Zeytinyağı;38.5433463845516;26.567136679978;1
52621;Eğlenhoca Zeytinyağı;38.5432663845291;26.5669746817829;1
52622;Çamtepe Tepe;38.2754013874646;26.9236010328336;1
52623;Çamtepe Tepe;38.2753273875468;26.9235450325555;1
52624;Uzunkuyu Meydan;38.2845904320848;26.55174952126;1
52625;Uzunkuyu Meydan;38.2845174323187;26.5516185217611;1
52626;Ahmet Hakkı Balcıoğlu Mesleki Anadolu Lisesi;38.3876893987316;27.0394268806225;1
52627;Ahmet Hakkı Balcıoğlu Mesleki Anadolu Lises;38.3877303989294;27.0396118797692;1
52628;Bademler Üçyol;38.2709164720637;26.8320834214969;1
52630;Payamlı Kısıklar;38.3220993603038;26.9334012448798;1
52631;Payamlı Kısıklar;38.32205236037;26.9332022456056;1
52632;Payamlı Bağ;38.3240173582621;26.9391102263231;1
52634;Kavacık Bağ;38.326565355415;26.9509711821355;1
52635;Kavacık Bağ;38.3263503554602;26.9510831808495;1
52636;Kavacık Restoran;38.325099354863;26.9568651505378;1
52637;Kavacık Restoran;38.3247763548958;26.9570241486584;1
52638;Kavacık Giriş;38.3139533572341;26.9547191158891;1
52639;Kavacık Giriş;38.3136433572035;26.9549371136313;1
52640;Birgi Yolu;38.2922643971683;26.5539945704258;1
52641;Birgi Yolu;38.2919223987772;26.5539615677213;1
52642;Yağcılar Tarla;38.2441886387287;26.6896680034231;1
52643;Yağcılar Tarla;38.2438576399506;26.6896359998308;1
52646;Sığacık Tarla;38.1885346558547;26.8091796107364;1
52647;Sığacık Tarla;38.1887186547631;26.8095576116763;1
52648;Birgi Bahçe;38.3073693350133;26.5633256109433;1
52649;Birgi Bahçe;38.3073193349989;26.563079612752;1
52650;Özbek Bahçe;38.3803871441502;26.6782730367431;1
52651;Özbek Tarla;38.3799091556689;26.6825552986704;1
52652;Özbek Akkum;38.3774717382925;26.683374543544;1
52653;Kampüs;38.3458503826797;27.0910866664165;1
52654;Kampüs;38.3459483825681;27.0903376691224;1
52655;Payamlı Çam;38.3344523538105;26.9106934020875;1
52656;Payamlı Çam;38.3344333538207;26.9111203998887;1
52657;Payamlı Zeytinlik;38.3295693581471;26.9123073754336;1
52658;Payamlı Zeytinlik;38.3299373578475;26.9120053783675;1
52659;Payamlı Restoran;38.3284703588834;26.9144963603584;1
52660;Payamlı Restoran;38.3285873588047;26.9143033617659;1
52661;Payamlı Orman;38.3285923575001;26.9266083024463;1
52662;Payamlı Orman;38.3289213573153;26.9262713053094;1
52663;Payamlı;38.3182306860698;26.9241608112785;1
52664;Gödence Yolu;38.2715374661121;26.8382763949454;1
52665;Gödence Yolu;38.2717164656621;26.8384603954751;1
820001;Teknofest Alanı;38.4993143631685;27.0221156930529;1
820009;Kale;38.6627761544998;27.0284485965982;1
