stop_id,stop_name,route_count,connected_routes
10240,Kız Yurdu,31,"104, 105, 15, 152, 157, 171, 18, 19, 193, 20, 21, 224, 23, 233, 27, 285, 29, 30, 32, 33, 374, 465, 471, 484, 485, 508, 550, 587, 588, 72, 887"
50004,Fahrettin Altay Meydan 9,31,"10, 167, 202, 24, 25, 305, 311, 321, 480, 5, 510, 551, 6, 650, 675, 684, 7, 82, 883, 909, 945, 946, 971, 975, 977, 981, 982, 983, 984, 985, 987"
10231,Kestelli,24,"104, 105, 171, 18, 19, 20, 23, 234, 27, 285, 374, 465, 470, 471, 484, 485, 680, 681, 691, 72, 811, 910, 940, 950"
20057,Turan,24,"121, 125, 140, 147, 148, 200, 213, 240, 290, 330, 335, 426, 434, 477, 543, 577, 602, 608, 660, 77, 78, 800, 912, 920"
20060,Turan,24,"121, 125, 140, 147, 148, 200, 213, 240, 290, 330, 335, 426, 434, 477, 543, 577, 602, 608, 660, 77, 78, 800, 912, 920"
50008,Beyaz,24,"202, 24, 25, 305, 311, 321, 481, 5, 510, 6, 650, 7, 8, 82, 909, 971, 975, 977, 981, 982, 983, 984, 985, 987"
20151,Karşıyaka İskele,23,"121, 126, 135, 136, 137, 197, 200, 212, 213, 222, 258, 290, 326, 330, 361, 487, 543, 741, 742, 777, 847, 853, 920"
12874,Halkapınar Tramvay,22,"102, 154, 168, 364, 418, 475, 498, 501, 502, 503, 504, 513, 515, 53, 534, 539, 543, 555, 560, 564, 599, 930"
20081,Çiğli İtfaiye,21,"229, 247, 329, 344, 428, 429, 443, 445, 446, 447, 529, 535, 602, 608, 660, 800, 820, 827, 853, 912, 920"
20153,Osman Bey Parkı,21,"121, 126, 135, 136, 137, 197, 200, 222, 258, 290, 326, 330, 361, 487, 543, 741, 742, 777, 847, 853, 920"
20154,Osman Bey Parkı,21,"121, 126, 135, 136, 137, 197, 200, 222, 258, 290, 326, 330, 361, 487, 543, 741, 742, 777, 847, 853, 920"
20155,Tarık Dursun Kakınç,21,"121, 126, 135, 136, 137, 197, 200, 222, 258, 290, 326, 330, 361, 487, 543, 741, 742, 777, 847, 853, 920"
20157,Dokuz Eylül Dispanser,21,"121, 126, 135, 136, 137, 197, 200, 222, 258, 290, 326, 330, 361, 487, 543, 741, 742, 777, 847, 853, 920"
20159,Karşıyaka Yelken Kulübü,21,"121, 126, 135, 136, 137, 197, 200, 222, 258, 290, 326, 330, 361, 487, 543, 741, 742, 777, 847, 853, 920"
20161,Yunuslar,21,"121, 126, 135, 136, 137, 197, 200, 222, 258, 290, 326, 330, 361, 487, 543, 741, 742, 777, 847, 853, 920"
40010,Şirinyer PTT,21,"104, 206, 285, 303, 304, 374, 441, 470, 472, 476, 490, 515, 536, 676, 72, 805, 871, 874, 875, 876, 940"
50011,Balçova İstasyon,21,"305, 311, 321, 481, 5, 510, 6, 650, 7, 8, 811, 82, 909, 971, 975, 981, 982, 983, 984, 985, 987"
50020,Dokuz Eylül Hastanesi İstasyon,21,"305, 311, 321, 481, 483, 5, 510, 6, 650, 7, 8, 82, 909, 971, 975, 981, 982, 983, 984, 985, 987"
10865,Otel,20,"701, 712, 713, 719, 721, 722, 724, 727, 763, 770, 780, 781, 782, 783, 784, 785, 786, 795, 798, 858"
10867,Şehit Uzman Çavuş Mehmet Onur Özbent,20,"701, 712, 713, 719, 721, 722, 724, 727, 763, 770, 780, 781, 782, 783, 784, 785, 786, 795, 798, 858"
10868,Otel,20,"701, 712, 713, 719, 721, 722, 724, 727, 763, 770, 780, 781, 782, 783, 784, 785, 786, 795, 798, 858"
10870,Yemişlik,20,"701, 712, 713, 719, 721, 722, 724, 727, 763, 770, 780, 781, 782, 783, 784, 785, 786, 795, 798, 858"
10872,Şehit Uzman Çavuş Mehmet Onur Özbent,20,"701, 712, 713, 719, 721, 722, 724, 727, 763, 770, 780, 781, 782, 783, 784, 785, 786, 795, 798, 858"
10903,Yemişlik,20,"701, 712, 713, 719, 721, 722, 724, 727, 763, 770, 780, 781, 782, 783, 784, 785, 786, 795, 798, 858"
11551,Kazım Dirik,20,"701, 712, 713, 715, 719, 721, 722, 724, 727, 763, 770, 780, 781, 782, 783, 784, 785, 786, 795, 798"
11552,Kazım Dirik,20,"701, 712, 713, 715, 719, 721, 722, 724, 727, 763, 770, 780, 781, 782, 783, 784, 785, 786, 795, 798"
11553,Çarşı,20,"701, 712, 713, 715, 719, 721, 722, 724, 727, 763, 770, 780, 781, 782, 783, 784, 785, 786, 795, 798"
11554,Çarşı,20,"701, 712, 713, 715, 719, 721, 722, 724, 727, 763, 770, 780, 781, 782, 783, 784, 785, 786, 795, 798"
11557,Torbalı Belediyesi 2,20,"701, 712, 713, 715, 719, 721, 722, 724, 727, 763, 770, 780, 781, 782, 783, 784, 785, 786, 795, 798"
12058,Eşrefpaşa,20,"104, 105, 157, 171, 193, 224, 23, 233, 285, 29, 30, 32, 33, 374, 465, 471, 484, 485, 72, 940"
20082,Çiğli İtfaiye,20,"229, 247, 329, 344, 428, 429, 443, 445, 446, 529, 535, 602, 608, 660, 800, 820, 827, 853, 912, 920"
20083,Eğitim Gönüllüleri,20,"229, 247, 329, 344, 428, 429, 443, 445, 446, 529, 535, 602, 608, 660, 800, 820, 827, 853, 912, 920"
20084,Eğitim Gönüllüleri,20,"229, 247, 329, 344, 428, 429, 443, 445, 446, 529, 535, 602, 608, 660, 800, 820, 827, 853, 912, 920"
20483,Girne Konutları,20,"135, 137, 147, 148, 197, 240, 258, 426, 430, 434, 435, 532, 535, 537, 577, 741, 742, 77, 78, 847"
40009,Şirinyer Pazar Yeri,20,"206, 285, 303, 304, 374, 441, 472, 476, 485, 536, 676, 72, 74, 805, 838, 866, 871, 874, 875, 876"
40198,Şirinyer Saha,20,"36, 418, 441, 465, 471, 472, 476, 536, 671, 676, 74, 805, 818, 838, 866, 871, 874, 875, 876, 878"
50010,Balçova İstasyon,20,"305, 311, 321, 481, 5, 510, 6, 650, 7, 8, 82, 909, 971, 975, 981, 982, 983, 984, 985, 987"
50012,Molla Kuyusu,20,"305, 311, 321, 481, 5, 510, 6, 650, 7, 8, 82, 909, 971, 975, 981, 982, 983, 984, 985, 987"
50013,Molla Kuyusu,20,"305, 311, 321, 5, 510, 6, 650, 7, 8, 811, 82, 909, 971, 975, 981, 982, 983, 984, 985, 987"
50017,Çağdaş İstasyon,20,"305, 311, 321, 5, 510, 6, 650, 7, 8, 811, 82, 909, 971, 975, 981, 982, 983, 984, 985, 987"
50018,Hoca,20,"305, 311, 321, 481, 5, 510, 6, 650, 7, 8, 82, 909, 971, 975, 981, 982, 983, 984, 985, 987"
50019,Hoca,20,"305, 311, 321, 5, 510, 6, 650, 7, 8, 811, 82, 909, 971, 975, 981, 982, 983, 984, 985, 987"
11506,Tepeköy Aktarma,19,"701, 712, 713, 714, 719, 721, 722, 724, 763, 770, 780, 781, 782, 783, 784, 785, 786, 795, 798"
11510,Tepeköy Aktarma,19,"701, 712, 713, 714, 719, 721, 722, 724, 763, 770, 780, 781, 782, 783, 784, 785, 786, 795, 798"
11531,Tepeköy İstasyon Yolu,19,"701, 712, 713, 714, 719, 721, 722, 724, 763, 770, 780, 781, 782, 783, 784, 785, 786, 795, 798"
11564,Torbalı Belediyesi,19,"701, 712, 713, 715, 719, 721, 724, 727, 763, 770, 780, 781, 782, 783, 784, 785, 786, 795, 798"
20085,Çiğli Belediye,19,"229, 247, 329, 344, 428, 429, 443, 446, 529, 535, 602, 608, 660, 800, 820, 827, 853, 912, 920"
20086,Çiğli Belediye,19,"229, 247, 329, 344, 428, 429, 443, 446, 529, 535, 602, 608, 660, 800, 820, 827, 853, 912, 920"
20096,Balatçık Kahveler,19,"128, 295, 346, 428, 595, 596, 602, 608, 660, 695, 800, 810, 816, 817, 820, 827, 853, 912, 920"
40153,Şirinyer İstasyonu,19,"206, 36, 418, 441, 466, 476, 536, 671, 676, 74, 805, 818, 838, 866, 871, 874, 875, 876, 878"
50014,İş Bankası Evleri,19,"305, 311, 321, 5, 510, 6, 650, 7, 8, 82, 909, 971, 975, 981, 982, 983, 984, 985, 987"
50015,İş Bankası Evleri,19,"305, 311, 321, 5, 510, 6, 7, 8, 811, 82, 909, 971, 975, 981, 982, 983, 984, 985, 987"
50016,Çağdaş İstasyon,19,"305, 311, 321, 5, 510, 6, 650, 7, 8, 82, 909, 971, 975, 981, 982, 983, 984, 985, 987"
50021,Dokuz Eylül Hastanesi İstasyon,19,"305, 311, 321, 5, 6, 650, 7, 8, 811, 82, 909, 971, 975, 981, 982, 983, 984, 985, 987"
10235,Koruluk,18,"104, 105, 171, 23, 234, 285, 374, 465, 470, 471, 484, 485, 680, 691, 72, 910, 940, 950"
10363,Eşref Paşa Hastanesi,18,"117, 153, 214, 249, 302, 367, 418, 44, 45, 49, 54, 57, 58, 59, 60, 64, 662, 699"
10365,Ziya Gökalp Ortaokulu,18,"117, 153, 214, 249, 302, 367, 418, 44, 45, 49, 54, 57, 58, 59, 60, 64, 662, 699"
11504,Torbalı Anadolu İmam Hatip Lisesi,18,"701, 712, 713, 719, 721, 722, 724, 763, 770, 780, 781, 782, 783, 784, 785, 786, 795, 798"
11507,Torbalı Anadolu İmam Hatip Lisesi,18,"701, 712, 713, 719, 721, 722, 724, 763, 770, 780, 781, 782, 783, 784, 785, 786, 795, 798"
20055,Bayraklı Çamlık,18,"102, 125, 140, 147, 148, 240, 335, 426, 434, 477, 501, 502, 504, 577, 598, 662, 77, 78"
20134,Bayraklı Üst Geçit,18,"102, 121, 200, 213, 290, 330, 501, 502, 504, 543, 598, 602, 608, 660, 662, 800, 912, 920"
20189,Bostanlı Pazaryeri,18,"121, 200, 229, 322, 327, 423, 428, 429, 442, 443, 445, 446, 447, 595, 777, 820, 821, 827"
20191,Beşikçioğlu Cami,18,"121, 200, 229, 322, 327, 423, 428, 429, 442, 443, 445, 446, 447, 595, 777, 820, 821, 827"
20194,Bostanlı Pazaryeri,18,"121, 200, 229, 322, 327, 423, 428, 429, 442, 443, 445, 446, 447, 595, 777, 820, 821, 827"
20196,Beşikçioğlu Cami,18,"121, 200, 229, 322, 327, 423, 428, 429, 442, 443, 445, 446, 447, 595, 777, 820, 821, 827"
20197,Bostanlı Market,18,"121, 200, 229, 322, 327, 423, 428, 429, 442, 443, 445, 446, 447, 595, 777, 820, 821, 827"
20198,Bostanlı Market,18,"121, 200, 229, 322, 327, 423, 428, 429, 442, 443, 445, 446, 447, 595, 777, 820, 821, 827"
20199,Şehit Diplomat Erdoğan Özen,18,"126, 135, 136, 137, 197, 222, 258, 326, 361, 430, 435, 487, 532, 741, 742, 847, 853, 920"
20200,Şehit Diplomat Erdoğan Özen,18,"126, 135, 136, 137, 197, 222, 258, 326, 361, 430, 435, 487, 532, 741, 742, 847, 853, 920"
20201,Metin Aşıkoğlu Ortaokulu,18,"126, 135, 136, 137, 197, 222, 258, 326, 361, 430, 435, 487, 532, 741, 742, 847, 853, 920"
20202,Metin Aşıkoğlu Ortaokulu,18,"126, 135, 136, 137, 197, 222, 258, 326, 361, 430, 435, 487, 532, 741, 742, 847, 853, 920"
20203,Geçit 2,18,"126, 135, 136, 137, 197, 222, 258, 326, 361, 430, 435, 487, 532, 741, 742, 847, 853, 920"
20204,Geçit 2,18,"126, 135, 136, 137, 197, 222, 258, 326, 361, 430, 435, 487, 532, 741, 742, 847, 853, 920"
20205,Geçit 1,18,"126, 135, 136, 137, 197, 222, 258, 326, 361, 430, 435, 487, 532, 741, 742, 847, 853, 920"
20206,Geçit 1,18,"126, 135, 136, 137, 197, 222, 258, 326, 361, 430, 435, 487, 532, 741, 742, 847, 853, 920"
20207,Girne Bulvarı,18,"126, 135, 136, 137, 197, 222, 258, 326, 361, 430, 435, 487, 532, 741, 742, 847, 853, 920"
20208,Girne Bulvarı,18,"126, 135, 136, 137, 197, 222, 258, 326, 361, 430, 435, 487, 532, 741, 742, 847, 853, 920"
20339,Mavişehir,18,"121, 229, 322, 327, 423, 428, 429, 442, 443, 445, 446, 447, 547, 595, 777, 820, 821, 827"
30131,Çamdibi Sağlık Ocağı,18,"102, 214, 249, 498, 501, 502, 503, 504, 513, 515, 539, 54, 543, 555, 599, 662, 699, 930"
30281,Halide Edip Adıvar,18,"102, 214, 249, 338, 359, 498, 501, 502, 503, 504, 513, 515, 543, 599, 662, 699, 930, 963"
40127,Mühendislik Fakültesi,18,"171, 213, 277, 290, 304, 353, 390, 412, 465, 470, 471, 472, 476, 490, 515, 676, 690, 878"
40128,Mühendislik Fakültesi,18,"171, 213, 277, 290, 304, 353, 390, 412, 465, 470, 471, 472, 476, 490, 515, 676, 690, 878"
50022,Dokuz Eylül,18,"305, 321, 5, 551, 6, 7, 8, 82, 909, 950, 971, 975, 981, 982, 983, 984, 985, 987"
50023,Dokuz Eylül,18,"305, 321, 5, 551, 6, 7, 8, 82, 909, 950, 971, 975, 981, 982, 983, 984, 985, 987"
50024,Kantar,18,"305, 321, 5, 551, 6, 7, 8, 82, 909, 950, 971, 975, 981, 982, 983, 984, 985, 987"
50025,Kantar,18,"305, 321, 5, 551, 6, 7, 8, 82, 909, 950, 971, 975, 981, 982, 983, 984, 985, 987"
50026,İzsu,18,"305, 321, 5, 551, 6, 7, 8, 82, 909, 950, 971, 975, 981, 982, 983, 984, 985, 987"
50027,Güzel Sanatlar Fakültesi,18,"305, 321, 5, 551, 6, 7, 8, 82, 909, 950, 971, 975, 981, 982, 983, 984, 985, 987"
50030,Balcı,18,"305, 321, 5, 551, 6, 7, 8, 82, 909, 950, 971, 975, 981, 982, 983, 984, 985, 987"
10103,Belediye Sarayı,17,"121, 18, 19, 20, 202, 253, 27, 302, 36, 466, 811, 838, 910, 920, 930, 940, 950"
10252,Üçyol Metro,17,"108, 124, 156, 16, 18, 19, 21, 490, 522, 556, 588, 681, 823, 84, 89, 92, 950"
10364,Ziya Gökalp Ortaokulu,17,"117, 153, 214, 249, 302, 367, 418, 44, 45, 54, 57, 58, 59, 60, 64, 662, 699"
10366,Tepecik Doğum Hastanesi,17,"117, 153, 214, 249, 302, 367, 418, 44, 45, 54, 57, 58, 59, 60, 64, 662, 699"
10367,Tepecik Doğum Hastanesi,17,"117, 153, 214, 249, 302, 367, 418, 44, 45, 54, 57, 58, 59, 60, 64, 662, 699"
10368,Yenişehir PTT,17,"117, 153, 214, 249, 302, 367, 418, 44, 45, 54, 57, 58, 59, 60, 64, 662, 699"
10369,Yenişehir PTT,17,"117, 153, 214, 249, 302, 367, 418, 44, 45, 54, 57, 58, 59, 60, 64, 662, 699"
10660,Ege Serbest Bölge,17,"152, 200, 202, 204, 206, 353, 508, 510, 691, 697, 806, 808, 828, 858, 887, 891, 910"
11532,Tepeköy İstasyon Yolu,17,"701, 712, 713, 714, 719, 721, 722, 724, 763, 770, 780, 781, 782, 783, 784, 786, 798"
11558,Şehit Uzman Onbaşı Mustafa Eser,17,"712, 713, 714, 719, 721, 724, 727, 763, 770, 780, 781, 782, 784, 785, 786, 795, 798"
11559,Şehit Uzman Onbaşı Mustafa Eser,17,"712, 713, 714, 719, 721, 724, 727, 763, 770, 780, 781, 782, 784, 785, 786, 795, 798"
11590,Özensu,17,"712, 713, 714, 719, 721, 724, 727, 763, 770, 780, 781, 782, 784, 785, 786, 795, 798"
11591,Özensu,17,"712, 713, 714, 719, 721, 724, 727, 763, 770, 780, 781, 782, 784, 785, 786, 795, 798"
20062,Naldöken,17,"125, 140, 147, 148, 240, 335, 426, 434, 477, 577, 602, 608, 660, 77, 78, 800, 912"
20209,Çayırcı,17,"126, 135, 136, 137, 197, 222, 258, 326, 430, 435, 487, 532, 741, 742, 847, 853, 920"
20211,Zafer Takı,17,"126, 135, 136, 137, 197, 222, 258, 326, 430, 435, 487, 532, 741, 742, 847, 853, 920"
20212,Çayırcı,17,"126, 135, 136, 137, 197, 222, 258, 326, 430, 435, 487, 532, 741, 742, 847, 853, 920"
20214,Zafer Takı,17,"126, 135, 136, 137, 197, 222, 258, 326, 430, 435, 487, 532, 741, 742, 847, 853, 920"
30279,Adliye,17,"102, 214, 249, 498, 501, 502, 503, 504, 513, 515, 539, 543, 599, 662, 699, 930, 963"
30282,Halide Edip Adıvar,17,"102, 214, 249, 359, 498, 501, 502, 503, 504, 513, 515, 543, 599, 662, 699, 930, 963"
31280,Rektörlük,17,"214, 313, 314, 328, 330, 338, 365, 515, 559, 565, 566, 568, 570, 584, 585, 930, 963"
40011,Yeni Mahalle,17,"104, 206, 285, 303, 304, 374, 470, 476, 490, 515, 536, 676, 805, 874, 875, 876, 940"
40012,Yeni Mahalle,17,"104, 206, 285, 303, 304, 374, 470, 476, 490, 515, 536, 676, 805, 874, 875, 876, 940"
40013,Buca Vergi Dairesi,17,"104, 206, 285, 303, 304, 374, 470, 476, 490, 515, 536, 676, 805, 874, 875, 876, 940"
40014,Buca Vergi Dairesi,17,"104, 206, 285, 303, 304, 374, 470, 476, 490, 515, 536, 676, 805, 874, 875, 876, 940"
40015,Buca Belediye Sarayı,17,"104, 206, 285, 303, 304, 374, 470, 476, 490, 515, 536, 676, 805, 874, 875, 876, 940"
40016,Buca Belediye Sarayı,17,"104, 206, 285, 303, 304, 374, 470, 476, 490, 515, 536, 676, 805, 874, 875, 876, 940"
40737,Buca Sağlık Ocağı,17,"104, 206, 304, 353, 465, 470, 471, 472, 476, 490, 515, 536, 676, 805, 866, 878, 940"
40738,Buca Sağlık Ocağı,17,"104, 206, 304, 353, 465, 470, 471, 472, 476, 490, 515, 536, 676, 805, 866, 878, 940"
10177,Hava Hastanesi,16,"10, 17, 202, 24, 25, 480, 486, 5, 510, 6, 650, 671, 690, 7, 873, 977"
10247,Bayramyeri,16,"15, 152, 157, 18, 19, 20, 27, 508, 550, 587, 588, 681, 811, 887, 910, 950"
10251,Altıntaş,16,"15, 152, 157, 18, 19, 20, 27, 508, 550, 587, 588, 681, 811, 887, 910, 950"
10661,Ege Serbest Bölge,16,"152, 200, 202, 204, 206, 353, 508, 510, 691, 697, 806, 808, 858, 887, 891, 910"
10662,Leylak,16,"152, 200, 202, 204, 206, 353, 508, 510, 691, 697, 806, 808, 858, 887, 891, 910"
10663,Leylak,16,"152, 200, 202, 204, 206, 353, 508, 510, 691, 697, 806, 808, 858, 887, 891, 910"
10664,Ulaştırma,16,"152, 200, 202, 204, 206, 353, 508, 510, 691, 697, 806, 808, 858, 887, 891, 910"
10665,Ulaştırma,16,"152, 200, 202, 204, 206, 353, 508, 510, 691, 697, 806, 808, 858, 887, 891, 910"
11578,Torbalı Tıp Merkezi,16,"712, 713, 719, 721, 724, 727, 763, 770, 780, 781, 782, 784, 785, 786, 795, 798"
11579,Torbalı Tıp Merkezi,16,"712, 713, 719, 721, 724, 727, 763, 770, 780, 781, 782, 784, 785, 786, 795, 798"
11594,Fulya,16,"712, 713, 719, 721, 724, 727, 763, 770, 780, 781, 782, 784, 785, 786, 795, 798"
11595,Fulya,16,"712, 713, 719, 721, 724, 727, 763, 770, 780, 781, 782, 784, 785, 786, 795, 798"
11596,Torbalı Anadolu Lisesi,16,"712, 713, 719, 721, 724, 727, 763, 770, 780, 781, 782, 784, 785, 786, 795, 798"
11597,Torbalı Anadolu Lisesi,16,"712, 713, 719, 721, 724, 727, 763, 770, 780, 781, 782, 784, 785, 786, 795, 798"
11600,Torbalı Diyaliz Merkezi,16,"712, 713, 719, 721, 724, 727, 763, 770, 780, 781, 782, 784, 785, 786, 795, 798"
11601,Torbalı Diyaliz Merkezi,16,"712, 713, 719, 721, 724, 727, 763, 770, 780, 781, 782, 784, 785, 786, 795, 798"
11602,Engelsiz Yaşam Parkı,16,"712, 713, 719, 721, 724, 727, 763, 770, 780, 781, 782, 784, 785, 786, 795, 798"
11603,Engelsiz Yaşam Parkı,16,"712, 713, 719, 721, 724, 727, 763, 770, 780, 781, 782, 784, 785, 786, 795, 798"
14300,Eylül,16,"712, 713, 719, 721, 724, 727, 763, 770, 780, 781, 782, 784, 785, 786, 795, 798"
14301,Eylül,16,"712, 713, 719, 721, 724, 727, 763, 770, 780, 781, 782, 784, 785, 786, 795, 798"
20340,Karya,16,"229, 322, 327, 423, 428, 429, 442, 443, 445, 446, 447, 547, 595, 777, 820, 827"
20341,Karya,16,"229, 322, 327, 423, 428, 429, 442, 443, 445, 446, 447, 547, 595, 777, 820, 827"
30133,Mersinli,16,"102, 214, 249, 498, 501, 502, 503, 504, 513, 515, 539, 543, 599, 662, 699, 930"
30135,Stadyum İstasyon,16,"102, 214, 249, 498, 501, 502, 503, 504, 513, 515, 539, 543, 599, 662, 699, 930"
30137,Bölge İdare Mahkemesi,16,"102, 214, 249, 498, 501, 502, 503, 504, 513, 515, 539, 543, 599, 662, 699, 930"
30139,Üçüncü Sanayi,16,"102, 214, 249, 498, 501, 502, 503, 504, 513, 515, 539, 543, 599, 662, 699, 930"
30140,Üçüncü Sanayi,16,"102, 168, 214, 249, 501, 502, 503, 504, 513, 515, 539, 543, 599, 662, 699, 930"
30280,Adliye,16,"102, 214, 249, 501, 502, 503, 504, 513, 515, 539, 543, 599, 662, 699, 930, 963"
41336,Tınaztepe Yerleşke Son Durak,16,"171, 213, 277, 290, 304, 353, 390, 412, 465, 471, 472, 476, 490, 515, 676, 690"
50029,Balcı,16,"321, 5, 551, 6, 7, 8, 82, 909, 950, 975, 981, 982, 983, 984, 985, 987"
50031,Narlıdere İtfaiye,16,"321, 5, 551, 6, 7, 8, 82, 909, 950, 975, 981, 982, 983, 984, 985, 987"
50032,Narlıdere İtfaiye,16,"321, 5, 551, 6, 7, 8, 82, 909, 950, 975, 981, 982, 983, 984, 985, 987"
50033,Narlıdere Cami,16,"321, 5, 551, 6, 7, 8, 82, 909, 950, 975, 981, 982, 983, 984, 985, 987"
50034,Narlıdere Cami,16,"321, 5, 551, 6, 7, 8, 82, 909, 950, 975, 981, 982, 983, 984, 985, 987"
50035,Uludağ,16,"321, 5, 551, 6, 7, 8, 82, 909, 950, 975, 981, 982, 983, 984, 985, 987"
50036,Uludağ,16,"321, 5, 551, 6, 7, 8, 82, 909, 950, 975, 981, 982, 983, 984, 985, 987"
50037,Köprübaşı,16,"321, 5, 551, 6, 7, 8, 82, 909, 950, 975, 981, 982, 983, 984, 985, 987"
50038,Köprübaşı,16,"321, 5, 551, 6, 7, 8, 82, 909, 950, 975, 981, 982, 983, 984, 985, 987"
50039,Siteler,16,"321, 5, 551, 6, 7, 8, 82, 909, 950, 975, 981, 982, 983, 984, 985, 987"
50040,Siteler,16,"321, 5, 551, 6, 7, 8, 82, 909, 950, 975, 981, 982, 983, 984, 985, 987"
50041,Şehitlik,16,"321, 5, 551, 6, 7, 8, 82, 909, 950, 975, 981, 982, 983, 984, 985, 987"
50042,Şehitlik,16,"321, 5, 551, 6, 7, 8, 82, 909, 950, 975, 981, 982, 983, 984, 985, 987"
10199,Adnan Saygun Sanat Merkezi,15,"17, 202, 24, 25, 480, 486, 5, 510, 6, 650, 671, 690, 7, 873, 977"
10241,Kız Yurdu,15,"15, 152, 157, 193, 224, 233, 29, 30, 32, 33, 508, 550, 587, 588, 887"
10370,Halkapınar İZSU,15,"117, 153, 154, 214, 249, 302, 367, 54, 57, 58, 59, 60, 64, 662, 699"
10371,Halkapınar İZSU,15,"117, 153, 154, 214, 249, 302, 367, 54, 57, 58, 59, 60, 64, 662, 699"
12064,Yağhaneler 2,15,"104, 105, 171, 233, 234, 285, 374, 465, 470, 471, 484, 485, 490, 72, 940"
12068,Konak Anadolu Lisesi,15,"104, 105, 171, 233, 234, 285, 374, 465, 470, 471, 484, 485, 490, 72, 940"
20059,Naldöken,15,"125, 140, 147, 148, 240, 426, 434, 577, 602, 608, 660, 77, 78, 800, 912"
20061,Öztürk,15,"125, 140, 147, 148, 240, 426, 434, 577, 602, 608, 660, 77, 78, 800, 912"
20063,Soğukkuyu Trafik,15,"125, 140, 147, 148, 240, 426, 434, 577, 602, 608, 660, 77, 78, 800, 912"
20064,Öztürk,15,"125, 140, 147, 148, 240, 426, 434, 577, 602, 608, 660, 77, 78, 800, 912"
20066,Soğukkuyu Trafik,15,"125, 140, 147, 148, 240, 426, 434, 577, 602, 608, 660, 77, 78, 800, 912"
20337,Haydar Aliyev Parkı,15,"229, 322, 327, 423, 428, 429, 442, 443, 445, 446, 447, 547, 595, 820, 827"
20338,Mavişehir,15,"229, 322, 327, 423, 428, 429, 442, 443, 445, 446, 447, 547, 595, 820, 827"
22364,Menemen Toplum Sağlığı Merkezi,15,"602, 648, 657, 658, 747, 748, 749, 753, 754, 755, 756, 758, 759, 800, 868"
22365,Menemen Toplum Sağlığı Merkezi,15,"602, 648, 657, 658, 747, 748, 749, 753, 754, 755, 756, 758, 759, 800, 868"
22370,Menemen Garaj Karşısı,15,"602, 648, 657, 658, 747, 748, 749, 753, 754, 755, 756, 758, 759, 800, 868"
22371,Menemen Garaj Karşısı,15,"602, 648, 657, 658, 747, 748, 749, 753, 754, 755, 756, 758, 759, 800, 868"
22390,Menemen Şehir Parkı,15,"602, 648, 657, 658, 747, 748, 749, 753, 754, 755, 756, 758, 759, 800, 868"
22391,Menemen Şehir Parkı,15,"602, 648, 657, 658, 747, 748, 749, 753, 754, 755, 756, 758, 759, 800, 868"
31289,Ata,15,"214, 314, 328, 330, 365, 515, 559, 565, 566, 568, 570, 584, 585, 930, 963"
32243,Ağır Bakım,15,"117, 153, 154, 214, 249, 302, 367, 54, 57, 58, 59, 60, 64, 662, 699"
32244,Ağır Bakım,15,"117, 153, 154, 214, 249, 302, 367, 54, 57, 58, 59, 60, 64, 662, 699"
40739,Buca Üçkuyular Meydan,15,"104, 304, 465, 470, 471, 472, 476, 490, 515, 536, 676, 805, 866, 878, 940"
50605,Urla,15,"684, 732, 733, 734, 737, 738, 760, 761, 762, 882, 906, 961, 962, 978, 984"
10102,İskele,14,"121, 202, 253, 302, 35, 36, 466, 838, 910, 920, 930, 940, 950, 951"
10178,Adnan Saygun Sanat Merkezi,14,"10, 202, 24, 25, 480, 486, 5, 510, 6, 650, 7, 945, 946, 977"
10246,Bayramyeri,14,"15, 152, 18, 19, 20, 21, 508, 550, 587, 588, 681, 887, 910, 950"
10248,Altıntaş,14,"15, 152, 18, 19, 20, 21, 508, 550, 587, 588, 681, 887, 910, 950"
10611,Osman Öksüz Parkı,14,"108, 124, 156, 157, 27, 522, 550, 556, 587, 588, 823, 84, 89, 92"
10653,Gaziemir Semt Garajı,14,"152, 200, 508, 516, 539, 610, 691, 823, 828, 877, 879, 887, 891, 910"
10655,Emrez,14,"152, 200, 508, 516, 539, 610, 691, 823, 828, 877, 879, 887, 891, 910"
10656,Aktepe,14,"152, 200, 508, 516, 539, 610, 691, 823, 828, 877, 879, 887, 891, 910"
10657,Aktepe,14,"152, 200, 508, 516, 539, 610, 691, 823, 828, 877, 879, 887, 891, 910"
11616,Çaybaşı Son Durak,14,"701, 712, 713, 719, 721, 722, 724, 763, 782, 783, 784, 785, 786, 795"
12057,Eşrefpaşa,14,"104, 105, 171, 233, 234, 285, 374, 465, 470, 471, 484, 485, 72, 940"
12065,Yağhaneler 2,14,"104, 105, 171, 233, 234, 285, 374, 465, 470, 471, 484, 485, 72, 940"
12069,Konak Anadolu Lisesi,14,"104, 105, 171, 233, 234, 285, 374, 465, 470, 471, 484, 485, 72, 940"
12070,Şelale Parkı,14,"104, 105, 171, 233, 234, 285, 374, 465, 470, 471, 484, 490, 72, 940"
12071,Şelale Parkı,14,"104, 105, 171, 233, 234, 285, 374, 465, 470, 471, 484, 485, 72, 940"
20097,Eski Sinema,14,"128, 295, 428, 595, 596, 602, 608, 660, 695, 800, 817, 820, 827, 920"
20098,Eski Sinema,14,"128, 295, 428, 595, 596, 602, 608, 660, 695, 800, 817, 820, 827, 920"
20336,Haydar Aliyev Parkı,14,"229, 327, 423, 428, 429, 442, 443, 445, 446, 447, 547, 595, 820, 827"
20395,Atakent Anadolu Lisesi,14,"229, 322, 327, 423, 428, 429, 442, 443, 445, 446, 447, 595, 820, 827"
20396,Atakent Anadolu Lisesi,14,"229, 322, 327, 423, 428, 429, 442, 443, 445, 446, 447, 595, 820, 827"
20482,Girne Konutları,14,"136, 140, 147, 148, 240, 258, 426, 430, 434, 435, 532, 535, 741, 847"
21343,Jandarma,14,"128, 295, 428, 595, 596, 602, 608, 660, 695, 800, 817, 820, 827, 920"
21344,Jandarma,14,"128, 295, 428, 595, 596, 602, 608, 660, 695, 800, 817, 820, 827, 920"
30283,Bayraklı Depo,14,"102, 330, 338, 359, 498, 501, 502, 503, 504, 513, 543, 599, 662, 699"
30284,Bayraklı Depo,14,"102, 330, 338, 359, 498, 501, 502, 503, 504, 513, 543, 599, 662, 699"
30285,Manas,14,"102, 330, 338, 359, 498, 501, 502, 503, 504, 513, 543, 599, 662, 699"
30286,Manas,14,"102, 330, 338, 359, 498, 501, 502, 503, 504, 513, 543, 599, 662, 699"
30289,Smyrna,14,"102, 330, 338, 359, 498, 501, 502, 503, 504, 513, 543, 599, 662, 699"
30290,Smyrna,14,"102, 330, 338, 359, 498, 501, 502, 503, 504, 513, 543, 599, 662, 699"
40889,Spor Salonu,14,"171, 277, 304, 353, 412, 465, 470, 471, 472, 476, 490, 515, 676, 878"
40890,Spor Salonu,14,"171, 277, 304, 353, 412, 465, 470, 471, 472, 476, 490, 515, 676, 878"
40891,Kütüphane,14,"171, 277, 304, 353, 412, 465, 470, 471, 472, 476, 490, 515, 676, 878"
40892,Kütüphane,14,"171, 277, 304, 353, 412, 465, 470, 471, 472, 476, 490, 515, 676, 878"
40894,Tınaztepe Yerleşke Son Durak,14,"213, 290, 304, 353, 390, 412, 470, 471, 472, 490, 515, 676, 690, 878"
50007,Fahrettin Altay Meydan 2,14,"202, 24, 25, 311, 480, 5, 510, 551, 6, 650, 7, 811, 950, 977"
10182,Fahrettin Altay Meydan 5,13,"10, 202, 24, 25, 480, 486, 5, 510, 6, 650, 7, 945, 977"
10356,Basmane Gar,13,"302, 34, 35, 36, 39, 41, 42, 44, 45, 46, 466, 49, 838"
10357,Basmane Gar,13,"302, 34, 35, 36, 39, 41, 42, 44, 45, 46, 466, 49, 838"
10358,Kemer,13,"302, 34, 35, 36, 39, 41, 42, 44, 45, 46, 466, 49, 838"
11668,Çaybaşı Meydan,13,"701, 712, 713, 719, 721, 722, 724, 763, 783, 784, 785, 786, 795"
12066,Arap Cami,13,"104, 105, 171, 233, 285, 33, 374, 465, 471, 484, 485, 72, 940"
13562,İzmir Caddesi,13,"640, 641, 642, 675, 732, 975, 979, 985, 986, 987, 989, 990, 991"
13565,İzmir Caddesi,13,"640, 641, 642, 675, 732, 975, 979, 985, 986, 987, 989, 990, 991"
20052,Çevre ve Şehircilik İl Müdürlüğü,13,"125, 140, 147, 148, 240, 335, 426, 434, 477, 557, 577, 77, 78"
20054,Bayraklı İstasyon,13,"125, 140, 147, 148, 240, 335, 426, 434, 477, 557, 577, 77, 78"
20095,Balatçık Kahveler,13,"128, 295, 428, 595, 596, 602, 608, 660, 695, 800, 820, 827, 920"
20484,Yeni Girne,13,"147, 148, 240, 258, 426, 430, 434, 435, 532, 535, 537, 741, 847"
20485,Yeni Girne,13,"147, 148, 240, 258, 426, 430, 434, 435, 532, 535, 537, 741, 847"
31285,Suphi Koyuncu,13,"214, 328, 330, 365, 515, 565, 566, 568, 570, 584, 585, 930, 963"
50043,Narlıdere Belediye,13,"321, 5, 551, 8, 82, 909, 975, 981, 982, 983, 984, 985, 987"
50044,Narlıdere Belediye,13,"321, 5, 551, 8, 82, 909, 975, 981, 982, 983, 984, 985, 987"
10119,Kavaflar,12,"104, 105, 171, 285, 35, 374, 465, 471, 484, 485, 72, 811"
10625,Hasan Hüseyinler,12,"108, 152, 156, 157, 200, 27, 508, 539, 691, 887, 910, 92"
10628,Orcaner,12,"108, 152, 156, 157, 200, 27, 508, 539, 691, 887, 910, 92"
10629,Orcaner,12,"108, 152, 156, 157, 200, 27, 508, 539, 691, 887, 910, 92"
11264,Gölcükler Sera,12,"707, 729, 775, 776, 789, 792, 794, 799, 804, 808, 814, 829"
11265,Gölcükler Sera,12,"707, 729, 775, 776, 789, 792, 794, 799, 804, 808, 814, 829"
11266,Amber,12,"707, 729, 775, 776, 789, 792, 794, 799, 804, 808, 814, 829"
11267,Amber,12,"707, 729, 775, 776, 789, 792, 794, 799, 804, 808, 814, 829"
11270,Oğlananası Yol Ayrımı,12,"707, 729, 775, 776, 789, 792, 794, 799, 804, 808, 814, 829"
11271,Oğlananası Yol Ayrımı,12,"707, 729, 775, 776, 789, 792, 794, 799, 804, 808, 814, 829"
11605,Çaybaşı Eshot Garajı,12,"701, 712, 713, 719, 721, 722, 763, 783, 784, 785, 786, 795"
11669,Çaybaşı Meydan,12,"701, 712, 713, 719, 721, 722, 763, 783, 784, 785, 786, 795"
11889,Altınyağ,12,"125, 140, 147, 148, 240, 335, 426, 434, 477, 577, 77, 78"
11890,Altınyağ,12,"125, 140, 147, 148, 240, 335, 426, 434, 477, 577, 77, 78"
13560,Kuşadası Caddesi,12,"640, 641, 642, 675, 975, 979, 985, 986, 987, 989, 990, 991"
13563,Kuşadası Caddesi,12,"640, 641, 642, 675, 975, 979, 985, 986, 987, 989, 990, 991"
20040,Çınarlı Hastanesi,12,"125, 140, 147, 148, 240, 335, 426, 434, 477, 577, 77, 78"
20041,Çınarlı Hastanesi,12,"125, 140, 147, 148, 240, 335, 426, 434, 477, 577, 77, 78"
20042,Egem,12,"125, 140, 147, 148, 240, 335, 426, 434, 477, 577, 77, 78"
20044,Zafer Payzın Kavşağı,12,"125, 140, 147, 148, 240, 335, 426, 434, 477, 577, 77, 78"
20045,Salhane İş Merkezi,12,"125, 140, 147, 148, 240, 335, 426, 434, 477, 577, 77, 78"
20046,Salhane İş Merkezi,12,"125, 140, 147, 148, 240, 335, 426, 434, 477, 577, 77, 78"
20047,Makine Mühendisleri Odası,12,"125, 140, 147, 148, 240, 335, 426, 434, 477, 577, 77, 78"
20048,Makine Mühendisleri Odası,12,"125, 140, 147, 148, 240, 335, 426, 434, 477, 577, 77, 78"
20050,Körfez,12,"125, 140, 147, 148, 240, 335, 426, 434, 477, 577, 77, 78"
20051,Çevre ve Şehircilik İl Müdürlüğü,12,"125, 140, 147, 148, 240, 335, 426, 434, 477, 577, 77, 78"
20053,Bayraklı İstasyon,12,"125, 140, 147, 148, 240, 335, 426, 434, 477, 577, 77, 78"
20056,Bayraklı Park,12,"125, 140, 147, 148, 240, 335, 426, 434, 477, 577, 77, 78"
20058,Bayraklı Çamlık,12,"125, 140, 147, 148, 240, 335, 426, 434, 477, 577, 77, 78"
20065,Dedebaşı,12,"125, 126, 222, 326, 535, 602, 608, 660, 800, 853, 912, 920"
20067,Ege Üniversitesi Karşıyaka Sağlık Yerleşkesi,12,"125, 126, 222, 326, 535, 602, 608, 660, 800, 853, 912, 920"
20068,Dedebaşı,12,"125, 126, 222, 326, 535, 602, 608, 660, 800, 853, 912, 920"
20069,Serin Kuyu,12,"125, 126, 222, 326, 535, 602, 608, 660, 800, 853, 912, 920"
20070,Serinkuyu,12,"125, 126, 222, 326, 535, 602, 608, 660, 800, 853, 912, 920"
20087,Çiğli Şaraphane,12,"428, 446, 535, 595, 602, 608, 660, 800, 820, 827, 912, 920"
20088,Çiğli Şaraphane,12,"428, 446, 535, 595, 602, 608, 660, 800, 820, 827, 912, 920"
20089,Çiğli Santral,12,"428, 446, 535, 595, 602, 608, 660, 800, 820, 827, 912, 920"
20090,Çiğli Santral,12,"428, 446, 535, 595, 602, 608, 660, 800, 820, 827, 912, 920"
20091,Küçük Çiğli,12,"428, 446, 535, 595, 602, 608, 660, 800, 820, 827, 912, 920"
20092,Küçük Çiğli,12,"428, 446, 535, 595, 602, 608, 660, 800, 820, 827, 912, 920"
20093,Ata,12,"428, 446, 535, 595, 602, 608, 660, 800, 820, 827, 912, 920"
20094,Ata,12,"428, 446, 535, 595, 602, 608, 660, 800, 820, 827, 912, 920"
20135,Bayraklı Üst Geçit,12,"121, 200, 213, 290, 330, 543, 602, 608, 660, 800, 912, 920"
30963,Matbaa,12,"102, 359, 501, 502, 503, 504, 513, 557, 598, 599, 662, 699"
31556,Otogar Benzinlik,12,"204, 277, 302, 505, 54, 555, 602, 608, 660, 697, 806, 858"
40001,Nato,12,"104, 285, 374, 465, 470, 471, 485, 490, 515, 671, 72, 940"
40004,Şirinyer Merkez,12,"104, 206, 285, 374, 465, 470, 471, 485, 490, 515, 72, 940"
40018,Öğretmen Evleri,12,"104, 206, 303, 304, 470, 476, 490, 515, 536, 676, 805, 940"
40019,İzmir Meslek Yüksek Okulu,12,"104, 206, 303, 304, 470, 476, 490, 515, 536, 676, 805, 940"
40025,Buca Heykel,12,"104, 206, 303, 304, 470, 476, 490, 515, 536, 676, 805, 940"
40070,Eski Mezarlık,12,"176, 177, 206, 304, 353, 470, 472, 490, 515, 536, 866, 878"
40085,Beş Selviler,12,"176, 177, 206, 304, 353, 465, 470, 472, 490, 515, 536, 878"
40092,Beş Selviler,12,"176, 177, 206, 277, 304, 353, 470, 472, 490, 515, 536, 878"
40742,Buca Üçkuyular Meydan,12,"104, 304, 465, 470, 471, 476, 490, 676, 805, 866, 878, 940"
50045,Narlıdere Kaymakamlık,12,"321, 551, 8, 82, 909, 975, 981, 982, 983, 984, 985, 987"
50046,Narlıdere Kaymakamlık,12,"321, 551, 8, 82, 909, 975, 981, 982, 983, 984, 985, 987"
50047,İstihkam Okulu,12,"321, 551, 8, 82, 909, 975, 981, 982, 983, 984, 985, 987"
50048,İstihkam Okulu,12,"321, 551, 8, 82, 909, 975, 981, 982, 983, 984, 985, 987"
50049,Pertev Bey,12,"321, 551, 8, 82, 909, 975, 981, 982, 983, 984, 985, 987"
50050,Pertev Bey,12,"321, 551, 8, 82, 909, 975, 981, 982, 983, 984, 985, 987"
50051,Lojmanlar,12,"321, 551, 8, 82, 909, 975, 981, 982, 983, 984, 985, 987"
50052,Lojmanlar,12,"321, 551, 8, 82, 909, 975, 981, 982, 983, 984, 985, 987"
50053,Subay Gazinosu,12,"321, 551, 8, 82, 909, 975, 981, 982, 983, 984, 985, 987"
50054,Subay Gazinosu,12,"321, 551, 8, 82, 909, 975, 981, 982, 983, 984, 985, 987"
50447,Seferihisar PTT,12,"640, 641, 642, 675, 732, 975, 979, 985, 986, 989, 990, 991"
50449,Seferihisar Mezarlık,12,"640, 641, 642, 675, 732, 975, 979, 985, 986, 989, 990, 991"
50451,Seferihisar Devlet Hastanesi,12,"640, 641, 642, 675, 732, 975, 979, 985, 986, 989, 990, 991"
50452,Seferihisar Devlet Hastanesi,12,"640, 641, 642, 675, 732, 975, 979, 985, 986, 989, 990, 991"
50517,Seferihisar Son Durak,12,"640, 641, 642, 675, 732, 975, 979, 985, 986, 989, 990, 991"
50518,Seferihisar Konutlar,12,"640, 641, 642, 675, 732, 975, 979, 985, 986, 989, 990, 991"
50519,Seferihisar Konutlar,12,"640, 641, 642, 675, 732, 975, 979, 985, 986, 989, 990, 991"
50580,Orman İşletmesi,12,"684, 732, 733, 734, 737, 738, 762, 882, 961, 962, 978, 984"
50583,Urla Merkez,12,"684, 732, 733, 734, 737, 738, 762, 882, 961, 962, 978, 984"
50590,Eski Pazar Yeri,12,"684, 732, 733, 734, 737, 738, 762, 882, 961, 962, 978, 984"
50591,Emniyet,12,"684, 732, 733, 734, 737, 738, 762, 882, 961, 962, 978, 984"
50592,Emniyet,12,"684, 732, 733, 734, 737, 738, 762, 882, 961, 962, 978, 984"
50597,Şehit Kemal İlkokulu,12,"684, 732, 733, 734, 737, 738, 762, 882, 961, 962, 978, 984"
50598,Şehit Kemal İlkokulu,12,"684, 732, 733, 734, 737, 738, 762, 882, 961, 962, 978, 984"
50599,Çeşme,12,"684, 732, 733, 734, 737, 738, 762, 882, 961, 962, 978, 984"
50600,Çeşme,12,"684, 732, 733, 734, 737, 738, 762, 882, 961, 962, 978, 984"
51485,Seferihisar Saha,12,"640, 641, 642, 675, 732, 975, 979, 985, 986, 989, 990, 991"
51486,Seferihisar Saha,12,"640, 641, 642, 675, 732, 975, 979, 985, 986, 989, 990, 991"
51487,Seferihisar Semt Garajı,12,"640, 641, 642, 675, 732, 975, 979, 985, 986, 989, 990, 991"
51488,Seferihisar Semt Garajı,12,"640, 641, 642, 675, 732, 975, 979, 985, 986, 989, 990, 991"
51489,Kocaçay,12,"640, 641, 642, 675, 732, 975, 979, 985, 986, 989, 990, 991"
51490,Kocaçay,12,"640, 641, 642, 675, 732, 975, 979, 985, 986, 989, 990, 991"
51491,Seferihisar Bahçe,12,"640, 641, 642, 675, 732, 975, 979, 985, 986, 989, 990, 991"
51492,Seferihisar Bahçe,12,"640, 641, 642, 675, 732, 975, 979, 985, 986, 989, 990, 991"
51493,Seferihisar İtfaiye,12,"640, 641, 642, 675, 732, 975, 979, 985, 986, 989, 990, 991"
51494,Seferihisar İtfaiye,12,"640, 641, 642, 675, 732, 975, 979, 985, 986, 989, 990, 991"
51496,Seferihisar Mezarlık,12,"640, 641, 642, 675, 732, 975, 979, 985, 986, 989, 990, 991"
51497,Seferihisar Pazaryeri,12,"640, 641, 642, 675, 732, 975, 979, 985, 986, 989, 990, 991"
10617,Elka,11,"108, 152, 156, 157, 27, 490, 508, 691, 887, 910, 92"
10630,Çitlenbik,11,"152, 156, 157, 200, 27, 508, 539, 691, 887, 910, 92"
10631,Çitlenbik,11,"152, 156, 157, 200, 27, 508, 539, 691, 887, 910, 92"
10632,Kaymakkuyu,11,"152, 156, 157, 200, 27, 508, 539, 691, 887, 910, 92"
11258,Menderes Pazar Yeri,11,"707, 729, 775, 776, 789, 792, 794, 799, 804, 808, 829"
11259,Menderes Pazar Yeri,11,"707, 729, 775, 776, 789, 792, 794, 799, 804, 808, 829"
11260,Gölcükler  Adnan Ocay Ortaokulu,11,"707, 729, 775, 776, 789, 792, 794, 799, 804, 808, 829"
11261,Gölcükler Adnan Ocay Ortaokulu,11,"707, 729, 775, 776, 789, 792, 794, 799, 804, 808, 829"
11464,1 Nolu Sağlık Ocağı,11,"701, 712, 713, 719, 721, 722, 763, 784, 785, 786, 795"
11465,1 Nolu Sağlık Ocağı,11,"701, 712, 713, 719, 721, 722, 763, 784, 785, 786, 795"
11466,Torbalı Cami,11,"701, 712, 713, 719, 721, 722, 763, 784, 785, 786, 795"
11467,Torbalı Cami,11,"701, 712, 713, 719, 721, 722, 763, 784, 785, 786, 795"
11470,Kasap,11,"701, 712, 713, 719, 721, 722, 763, 784, 785, 786, 795"
11471,Kasap,11,"701, 712, 713, 719, 721, 722, 763, 784, 785, 786, 795"
15535,Fesleğen,11,"707, 729, 775, 776, 789, 792, 794, 799, 804, 808, 829"
15536,Fesleğen,11,"707, 729, 775, 776, 789, 792, 794, 799, 804, 808, 829"
20137,Nikah Salonu,11,"121, 200, 290, 330, 543, 602, 608, 660, 800, 912, 920"
21416,Menemen Jandarma,11,"602, 648, 658, 660, 747, 748, 749, 753, 759, 800, 868"
21417,Menemen Jandarma,11,"602, 648, 658, 660, 747, 748, 749, 753, 759, 800, 868"
21418,Menemen Üst Geçit,11,"602, 648, 658, 660, 747, 748, 749, 753, 759, 800, 868"
21419,Menemen Üst Geçit,11,"602, 648, 658, 660, 747, 748, 749, 753, 759, 800, 868"
23291,Osman Nuri Ersezin Orta Okulu,11,"643, 644, 645, 646, 651, 831, 832, 833, 835, 836, 842"
23292,Osman Nuri Ersezin Ortaokulu,11,"643, 644, 645, 646, 651, 831, 832, 833, 835, 836, 842"
23293,Saltukbey,11,"643, 644, 645, 646, 651, 831, 832, 833, 835, 836, 842"
23294,Saltukbey,11,"643, 644, 645, 646, 651, 831, 832, 833, 835, 836, 842"
23295,Bergama Meslek Yüksek Okulu,11,"643, 644, 645, 646, 651, 831, 832, 833, 835, 836, 842"
23976,Menemen Garaj,11,"602, 648, 658, 660, 747, 748, 749, 753, 759, 800, 868"
24192,Menemen Garaj,11,"602, 648, 658, 660, 747, 748, 749, 753, 759, 800, 868"
30134,Mersinli,11,"119, 214, 249, 515, 539, 54, 543, 555, 662, 699, 930"
31291,Hükümet Konağı,11,"214, 314, 328, 330, 515, 559, 568, 570, 584, 930, 963"
40002,Nato,11,"104, 285, 374, 465, 470, 471, 485, 490, 515, 72, 940"
40022,Buca Sosyal Güvenlik Kurumu,11,"104, 303, 304, 470, 476, 490, 515, 536, 676, 805, 940"
40037,Buca Devlet Hastanesi,11,"104, 206, 304, 470, 476, 490, 515, 536, 676, 805, 940"
40071,Begos,11,"176, 177, 206, 304, 353, 470, 472, 490, 515, 536, 878"
40086,Papatya,11,"176, 177, 206, 304, 353, 470, 472, 490, 515, 536, 878"
40088,Begos,11,"176, 177, 206, 304, 353, 470, 472, 490, 515, 536, 878"
50057,İstihkam,11,"321, 8, 82, 909, 975, 981, 982, 983, 984, 985, 987"
50058,İstihkam,11,"321, 8, 82, 909, 975, 981, 982, 983, 984, 985, 987"
50059,Çeşme,11,"321, 8, 82, 909, 975, 981, 982, 983, 984, 985, 987"
50060,Halk Plajı,11,"321, 8, 82, 909, 975, 981, 982, 983, 984, 985, 987"
50061,Sıdıka Akdemir Rehberlik ve Araştırma Merkezi,11,"321, 8, 82, 909, 975, 981, 982, 983, 984, 985, 987"
50062,Çeşme,11,"321, 8, 82, 909, 975, 981, 982, 983, 984, 985, 987"
50063,Liman Reis,11,"321, 8, 82, 909, 975, 981, 982, 983, 984, 985, 987"
50064,Sıdıka Akdemir Rehberlik ve Araştırma Merkezi,11,"321, 8, 82, 909, 975, 981, 982, 983, 984, 985, 987"
50065,Pina,11,"321, 8, 82, 909, 975, 981, 982, 983, 984, 985, 987"
50066,Liman Reis,11,"321, 8, 82, 909, 975, 981, 982, 983, 984, 985, 987"
50067,Maltepe,11,"321, 8, 82, 909, 975, 981, 982, 983, 984, 985, 987"
50068,Pina,11,"321, 8, 82, 909, 975, 981, 982, 983, 984, 985, 987"
50069,Balıkçı Kahvesi,11,"321, 8, 82, 909, 975, 981, 982, 983, 984, 985, 987"
50070,Maltepe,11,"321, 8, 82, 909, 975, 981, 982, 983, 984, 985, 987"
50071,Camcı,11,"321, 8, 82, 909, 975, 981, 982, 983, 984, 985, 987"
50072,Balıkçı Kahvesi,11,"321, 8, 82, 909, 975, 981, 982, 983, 984, 985, 987"
50073,Baydar,11,"321, 8, 82, 909, 975, 981, 982, 983, 984, 985, 987"
50074,Baydar,11,"321, 8, 82, 909, 975, 981, 982, 983, 984, 985, 987"
50075,Karaca,11,"321, 8, 82, 909, 975, 981, 982, 983, 984, 985, 987"
50076,Şahin,11,"321, 8, 82, 909, 975, 981, 982, 983, 984, 985, 987"
50077,Kirazlı,11,"321, 8, 82, 909, 975, 981, 982, 983, 984, 985, 987"
50079,Yemişçi,11,"321, 8, 82, 909, 975, 981, 982, 983, 984, 985, 987"
50080,Kirazlı,11,"321, 8, 82, 909, 975, 981, 982, 983, 984, 985, 987"
50081,Anıt,11,"321, 8, 82, 909, 975, 981, 982, 983, 984, 985, 987"
50082,Yemişçi,11,"321, 8, 82, 909, 975, 981, 982, 983, 984, 985, 987"
50084,Anıt,11,"321, 8, 82, 909, 975, 981, 982, 983, 984, 985, 987"
50124,Karaca,11,"321, 8, 82, 909, 975, 981, 982, 983, 984, 985, 987"
50126,Camcı,11,"321, 8, 82, 909, 975, 981, 982, 983, 984, 985, 987"
50384,Otoban Kavşağı,11,"684, 762, 8, 82, 883, 9, 962, 975, 983, 985, 987"
50385,Çeşme Otoban Kavşağı,11,"684, 762, 8, 82, 883, 9, 962, 975, 983, 985, 987"
10255,Üçyol Metro,10,"108, 18, 19, 490, 523, 524, 575, 579, 92, 950"
10361,Kemer 2,10,"34, 36, 39, 41, 42, 44, 45, 46, 466, 838"
10615,İller Bankası,10,"108, 152, 156, 157, 27, 490, 508, 887, 910, 92"
10618,Elka,10,"108, 152, 156, 157, 27, 508, 691, 887, 910, 92"
10626,Hasan Hüseyinler,10,"108, 152, 156, 157, 27, 508, 691, 887, 910, 92"
10666,Askeri Lojmanlar,10,"200, 202, 204, 206, 508, 697, 806, 808, 858, 887"
10667,Gaziemir Alt Geçidi,10,"200, 202, 204, 206, 508, 697, 806, 808, 858, 887"
10668,Kolej,10,"200, 202, 204, 206, 508, 697, 806, 808, 858, 887"
10669,Kolej,10,"200, 202, 204, 206, 508, 697, 806, 808, 858, 887"
10670,Gaziemir İlçe Emniyet,10,"200, 202, 204, 206, 508, 697, 806, 808, 858, 887"
10671,Gaziemir İlçe Emniyet,10,"200, 202, 204, 206, 508, 697, 806, 808, 858, 887"
11252,Menderes İnönü,10,"707, 729, 775, 776, 789, 792, 794, 799, 804, 829"
11253,Menderes İnönü,10,"707, 729, 775, 776, 789, 792, 794, 799, 804, 829"
11254,Menderes Stadyum,10,"707, 729, 775, 776, 789, 792, 794, 799, 804, 829"
11255,Menderes Stadyum,10,"707, 729, 775, 776, 789, 792, 794, 799, 804, 829"
11807,Bayındır Devlet Hastanesi,10,"678, 679, 727, 787, 788, 790, 791, 793, 858, 865"
11809,Bayındır,10,"678, 679, 727, 787, 788, 790, 791, 793, 858, 865"
12199,Kilimci Tepe,10,"193, 224, 23, 522, 550, 556, 588, 680, 823, 89"
12200,Kilimci Tepe,10,"193, 224, 23, 522, 550, 556, 588, 680, 823, 89"
12201,Narlık,10,"193, 224, 23, 522, 550, 556, 588, 680, 823, 89"
12202,Narlık,10,"193, 224, 23, 522, 550, 556, 588, 680, 823, 89"
12209,Karakuyu,10,"124, 193, 224, 23, 522, 587, 588, 680, 823, 879"
12210,Karakuyu,10,"124, 193, 224, 23, 522, 587, 588, 680, 823, 879"
12211,Karaselvi,10,"124, 193, 224, 23, 522, 587, 588, 680, 823, 879"
12212,Karaselvi,10,"124, 193, 224, 23, 522, 587, 588, 680, 823, 879"
12263,Spotçular,10,"124, 156, 522, 550, 556, 587, 588, 823, 84, 89"
13995,Bayındır Son Durak,10,"678, 679, 727, 787, 788, 790, 791, 793, 858, 865"
14500,Moda,10,"17, 202, 24, 25, 510, 650, 671, 690, 873, 977"
14501,Moda,10,"17, 202, 24, 25, 510, 650, 671, 690, 873, 977"
20049,Körfez,10,"125, 147, 240, 335, 426, 434, 477, 577, 77, 78"
21122,Büyük Çiğli Mezarlık,10,"123, 149, 247, 329, 342, 344, 529, 595, 751, 816"
21123,Büyük Çiğli Mezarlık,10,"123, 149, 247, 329, 342, 344, 529, 595, 751, 816"
21129,Eshotçular Sitesi,10,"123, 149, 247, 329, 342, 344, 529, 595, 751, 816"
21130,Eshotçular Sitesi,10,"123, 149, 247, 329, 342, 344, 529, 595, 751, 816"
22168,Tüvtürk,10,"128, 295, 346, 535, 695, 810, 816, 817, 853, 912"
23016,Bergama Son Durak,10,"643, 644, 645, 646, 831, 832, 833, 835, 836, 842"
23296,Bergama Meslek Yüksek Okulu,10,"643, 644, 645, 646, 831, 832, 833, 835, 836, 842"
30132,Çamdibi Sağlık Ocağı,10,"214, 249, 515, 539, 54, 543, 555, 662, 699, 930"
30319,Çağdaş,10,"214, 328, 330, 498, 515, 559, 568, 570, 930, 963"
30321,Bornova Stadı,10,"214, 328, 330, 498, 515, 559, 568, 570, 930, 963"
30323,Bornova Kültür Merkezi,10,"214, 328, 330, 498, 515, 559, 568, 570, 930, 963"
30325,Bornova İzsu,10,"214, 328, 330, 498, 515, 559, 568, 570, 930, 963"
30956,Piyale,10,"102, 330, 501, 502, 504, 534, 543, 557, 598, 662"
31282,Suphi Koyuncu,10,"214, 313, 314, 328, 330, 338, 365, 515, 559, 963"
32346,Fizik Tedavi ve Rehabilitasyon,10,"502, 532, 533, 534, 535, 536, 537, 598, 599, 699"
32347,Teknik Servis,10,"502, 532, 533, 534, 535, 536, 537, 598, 599, 699"
32348,Acil,10,"502, 532, 533, 534, 535, 536, 537, 598, 599, 699"
32349,Onkoloji,10,"502, 532, 533, 534, 535, 536, 537, 598, 599, 699"
32350,Poliklinik 1,10,"502, 532, 533, 534, 535, 536, 537, 598, 599, 699"
32351,Poliklinik 2,10,"502, 532, 533, 534, 535, 536, 537, 598, 599, 699"
40035,Dokuz Eylül Eğitim Fakültesi,10,"104, 206, 304, 470, 476, 515, 536, 676, 805, 940"
40036,Dokuz Eylül Eğitim Fakültesi,10,"104, 206, 304, 476, 490, 515, 536, 676, 805, 940"
40065,İktisadi ve İdari Bilimler Fakültesi,10,"104, 176, 177, 206, 353, 470, 472, 490, 515, 878"
40661,İzmir Tınaztepe Üniversitesi,10,"104, 284, 285, 374, 475, 866, 869, 874, 875, 876"
50083,Eczane,10,"8, 9, 909, 975, 981, 982, 983, 984, 985, 987"
50085,Liman,10,"8, 9, 909, 975, 981, 982, 983, 984, 985, 987"
50086,Eczane,10,"8, 9, 909, 975, 981, 982, 983, 984, 985, 987"
50088,Briketçi,10,"8, 9, 909, 975, 981, 982, 983, 984, 985, 987"
50089,Altmışıncı Yıl Anadolu Lisesi,10,"8, 9, 909, 975, 981, 982, 983, 984, 985, 987"
50090,Liman,10,"8, 9, 909, 975, 981, 982, 983, 984, 985, 987"
50092,Altmışıncı Yıl Anadolu Lisesi,10,"8, 9, 909, 975, 981, 982, 983, 984, 985, 987"
50620,Özbek Yolu,10,"737, 760, 761, 882, 883, 906, 961, 978, 981, 982"
50621,Özbek Yolu,10,"737, 760, 761, 882, 883, 906, 961, 978, 981, 982"
50848,Jandarma 2,10,"732, 733, 734, 737, 760, 761, 882, 906, 961, 978"
50849,Jandarma 2,10,"732, 733, 734, 737, 760, 761, 882, 906, 961, 978"
50850,Mustafa Reşit Aydın Parkı,10,"732, 733, 734, 737, 760, 761, 882, 906, 961, 978"
50851,Mustafa Reşit Aydın Parkı,10,"732, 733, 734, 737, 760, 761, 882, 906, 961, 978"
50852,Fidanlık,10,"732, 733, 734, 737, 760, 761, 882, 906, 961, 978"
50853,Fidanlık,10,"732, 733, 734, 737, 760, 761, 882, 906, 961, 978"
52131,Urla Adliye,10,"732, 733, 734, 737, 760, 761, 882, 906, 961, 978"
52132,Urla Adliye,10,"732, 733, 734, 737, 760, 761, 882, 906, 961, 978"
10121,Çankaya,9,"234, 302, 41, 42, 44, 45, 46, 811, 951"
10612,Osman Öksüz Parkı,9,"108, 152, 490, 508, 550, 587, 887, 910, 92"
10659,Altıncı Sanayi Kavşağı,9,"200, 202, 204, 206, 510, 697, 806, 858, 910"
10674,Emlak Bankası Evleri,9,"200, 202, 204, 206, 508, 697, 806, 808, 858"
10675,Emlak Bankası Evleri,9,"200, 202, 204, 206, 508, 697, 806, 808, 858"
10676,Seçkinler Sitesi,9,"200, 202, 204, 206, 508, 697, 806, 808, 858"
10677,Seçkinler Sitesi,9,"200, 202, 204, 206, 508, 697, 806, 808, 858"
10679,Akçay,9,"200, 202, 204, 206, 508, 697, 806, 808, 858"
10869,Çaybaşı Lambalar,9,"719, 727, 770, 780, 781, 782, 786, 798, 858"
10874,Çaybaşı Lambalar,9,"701, 727, 770, 780, 781, 782, 786, 798, 858"
11458,Torbalı Siteler,9,"701, 713, 719, 721, 763, 784, 785, 786, 795"
11459,Torbalı Siteler,9,"701, 713, 719, 721, 763, 784, 785, 786, 795"
11460,Torbalı Piri Reis Mesleki ve Teknik Anadolu Lisesi,9,"701, 713, 719, 721, 763, 784, 785, 786, 795"
11461,Torbalı Piri Reis Mesleki ve Teknik Anadolu Lisesi,9,"701, 713, 719, 721, 763, 784, 785, 786, 795"
11462,Çetineller Ortaokulu,9,"701, 713, 719, 721, 763, 784, 785, 786, 795"
11463,Çetineller Ortaokulu,9,"701, 713, 719, 721, 763, 784, 785, 786, 795"
11778,Çiçekçiler,9,"697, 727, 787, 788, 791, 793, 795, 806, 858"
11779,Çiçekçiler,9,"697, 727, 787, 788, 791, 793, 795, 806, 858"
11803,Bayındır Jandarma,9,"678, 679, 727, 787, 788, 790, 791, 793, 858"
11805,Atatürk İlkokulu,9,"678, 679, 727, 787, 788, 790, 791, 793, 858"
11878,Atatürk Stadı,9,"364, 515, 53, 539, 543, 555, 560, 564, 930"
12062,Yağhaneler,9,"157, 193, 224, 23, 234, 27, 470, 680, 691"
12204,Zincirlikuyu,9,"193, 224, 23, 522, 550, 556, 588, 680, 823"
12257,Çevik Kuvvet,9,"124, 156, 20, 522, 556, 588, 823, 84, 89"
12259,Bahçelievler,9,"124, 156, 20, 522, 556, 588, 823, 84, 89"
12267,Yeşilyurt İtfaiye,9,"16, 18, 19, 490, 520, 523, 524, 575, 579"
12269,Karabağlar Cumhuriyet Mesleki ve Teknik Anadolu Lisesi,9,"16, 18, 19, 490, 520, 523, 524, 575, 579"
13351,Kemer Aktarma Merkezi,9,"34, 39, 41, 418, 42, 46, 466, 49, 838"
13352,Kemer Aktarma Merkezi,9,"34, 39, 41, 418, 42, 46, 466, 49, 838"
14925,Ödemiş Garaj,9,"609, 611, 616, 618, 621, 697, 796, 803, 806"
14926,Ödemiş Garaj,9,"609, 611, 616, 618, 621, 697, 796, 803, 806"
14927,Beşgöz,9,"609, 611, 616, 618, 621, 697, 796, 803, 806"
14928,Beşgöz,9,"609, 611, 616, 618, 621, 697, 796, 803, 806"
14935,Ocaklı,9,"609, 611, 616, 618, 621, 697, 796, 803, 806"
14936,Ocaklı,9,"609, 611, 616, 618, 621, 697, 796, 803, 806"
14937,Büyükavulcuk,9,"609, 611, 616, 618, 621, 697, 796, 803, 806"
14938,Büyükavulcuk,9,"609, 611, 616, 618, 621, 697, 796, 803, 806"
14939,Yolüstü Benzinlik,9,"609, 611, 616, 618, 621, 697, 796, 803, 806"
14947,Gerçekli,9,"609, 611, 616, 618, 621, 697, 796, 803, 806"
14948,Gerçekli,9,"609, 611, 616, 618, 621, 697, 796, 803, 806"
14949,Gereli,9,"609, 611, 616, 618, 621, 697, 796, 803, 806"
14950,Gereli,9,"609, 611, 616, 618, 621, 697, 796, 803, 806"
14951,Türkönü,9,"609, 611, 616, 618, 621, 697, 796, 803, 806"
14952,Türkönü,9,"609, 611, 616, 618, 621, 697, 796, 803, 806"
15005,Kültürpark Kavşak,9,"609, 611, 616, 618, 621, 697, 796, 803, 806"
15006,Kültürpark Kavşak,9,"609, 611, 616, 618, 621, 697, 796, 803, 806"
15435,Fulya,9,"714, 715, 724, 727, 770, 780, 781, 782, 798"
16003,Bayır,9,"609, 611, 616, 618, 621, 697, 796, 803, 806"
16004,Bayır,9,"609, 611, 616, 618, 621, 697, 796, 803, 806"
16031,Kışla Mahallesi,9,"609, 611, 616, 618, 621, 697, 796, 803, 806"
16032,Kışla Mahallesi,9,"609, 611, 616, 618, 621, 697, 796, 803, 806"
16439,Kışlalı Kümesi,9,"609, 611, 616, 618, 621, 697, 796, 803, 806"
20071,Kayalar Mezarlığı,9,"327, 535, 602, 608, 660, 800, 853, 912, 920"
20073,Karşıyaka Jandarma,9,"327, 535, 602, 608, 660, 800, 853, 912, 920"
20077,Ayyıldız,9,"327, 535, 602, 608, 660, 800, 853, 912, 920"
20079,15 Temmuz Şehitler Anadolu Lisesi,9,"327, 535, 602, 608, 660, 800, 853, 912, 920"
20185,Yıllar,9,"121, 200, 290, 330, 430, 435, 532, 543, 777"
21388,Eski Yol,9,"128, 428, 602, 660, 695, 749, 800, 826, 827"
21389,Eski Yol,9,"128, 428, 602, 660, 695, 749, 800, 826, 827"
21390,Kargılar,9,"128, 428, 602, 660, 695, 749, 800, 826, 827"
21391,Kargılar,9,"128, 428, 602, 660, 695, 749, 800, 826, 827"
21392,Ulukent Gar,9,"128, 428, 602, 660, 695, 749, 800, 826, 827"
23289,Bergama Zeytinlik,9,"643, 644, 651, 652, 831, 832, 833, 836, 936"
24150,Ataşehir Köprü,9,"123, 149, 247, 329, 342, 344, 529, 751, 816"
24151,Ataşehir Köprü,9,"123, 149, 247, 329, 342, 344, 529, 751, 816"
24152,Ataşehir Mahallesi Parkı,9,"123, 149, 247, 329, 342, 344, 529, 751, 816"
24153,Ataşehir Mahallesi Parkı,9,"123, 149, 247, 329, 342, 344, 529, 751, 816"
30038,Koyuncu,9,"117, 277, 364, 367, 505, 560, 564, 60, 64"
30040,Işıkkent Benzinlik,9,"117, 277, 364, 367, 505, 560, 564, 60, 64"
30041,Egemenlik,9,"117, 277, 364, 367, 505, 560, 564, 60, 64"
30043,Işıkkent Benzinlik,9,"117, 277, 364, 367, 505, 560, 564, 60, 64"
30136,Stadyum İstasyon,9,"119, 214, 249, 515, 539, 543, 662, 699, 930"
30138,Bölge İdare Mahkemesi,9,"102, 168, 501, 502, 503, 504, 513, 543, 599"
30317,Mustafa Kemal Anadolu Lisesi,9,"214, 328, 330, 498, 515, 559, 570, 930, 963"
30318,Mustafa Kemal Anadolu Lisesi,9,"214, 328, 330, 498, 515, 559, 570, 930, 963"
30322,Bornova Stadı,9,"214, 328, 330, 515, 559, 568, 570, 930, 963"
30324,Bornova Kültür Merkezi,9,"214, 328, 330, 515, 559, 568, 570, 930, 963"
30326,Bornova İzsu,9,"214, 328, 330, 515, 559, 568, 570, 930, 963"
31274,Hükümet Konağı,9,"214, 328, 330, 515, 559, 568, 570, 930, 963"
31545,Halkapınar Spor Salonu,9,"102, 168, 498, 501, 502, 503, 504, 513, 599"
31547,Çınarlı Diş Hastanesi,9,"102, 168, 498, 501, 502, 503, 504, 513, 599"
50622,Çiftlik,9,"737, 760, 761, 882, 906, 961, 978, 981, 982"
50623,Çiftlik,9,"737, 760, 761, 882, 906, 961, 978, 981, 982"
50624,Sefa,9,"737, 760, 761, 882, 906, 961, 978, 981, 982"
50625,Sefa,9,"737, 760, 761, 882, 906, 961, 978, 981, 982"
50627,Benzinlik,9,"737, 760, 761, 882, 906, 961, 978, 981, 982"
50638,Torasan Mahallesi,9,"737, 760, 761, 882, 906, 961, 978, 981, 982"
50639,Dilek,9,"737, 760, 761, 882, 906, 961, 978, 981, 982"
50640,Dilek,9,"737, 760, 761, 882, 906, 961, 978, 981, 982"
50641,Urla Bölge Trafik,9,"737, 760, 761, 882, 883, 906, 978, 981, 982"
50642,Urla Bölge Trafik,9,"737, 760, 761, 882, 883, 906, 978, 981, 982"
50859,Urla Sanayi 1,9,"684, 732, 734, 737, 738, 882, 961, 978, 984"
50860,Urla Sanayi 1,9,"684, 732, 734, 737, 738, 882, 961, 978, 984"
52153,Hisar,9,"640, 641, 642, 675, 975, 979, 985, 990, 991"
52154,Hisar,9,"640, 641, 642, 675, 975, 979, 985, 990, 991"
10124,Çardak 2,8,"234, 34, 39, 41, 42, 44, 45, 46"
10224,Mezarlıkbaşı,8,"234, 470, 680, 681, 691, 910, 940, 950"
10226,Kestelli,8,"234, 470, 680, 681, 691, 910, 940, 950"
10228,Koruluk,8,"234, 470, 680, 681, 691, 910, 940, 950"
10321,Kent Müzesi,8,"470, 680, 681, 691, 910, 930, 940, 950"
10322,Kent Müzesi,8,"470, 680, 681, 691, 910, 930, 940, 950"
10503,Mehmetçik,8,"311, 486, 517, 551, 681, 879, 945, 946"
10633,Kaymakkuyu,8,"152, 200, 508, 539, 691, 887, 910, 92"
10634,Karabağlar Cumhuriyet Anadolu Lisesi,8,"152, 200, 508, 539, 691, 887, 910, 92"
10635,Karabağlar Cumhuriyet Anadolu Lisesi,8,"152, 200, 508, 539, 691, 887, 910, 92"
10636,Söğüt,8,"152, 200, 508, 539, 691, 887, 910, 92"
10638,Kızılcık,8,"152, 200, 508, 539, 691, 887, 910, 92"
10651,Sinem,8,"152, 200, 485, 508, 539, 691, 887, 910"
10652,Sinem,8,"152, 200, 485, 508, 539, 691, 887, 910"
10678,Gaziemir Aktarma Merkezi,8,"485, 508, 610, 823, 828, 877, 879, 891"
10713,Menderes Anadolu Lisesi,8,"508, 729, 775, 776, 792, 794, 808, 814"
10714,Menderes Anadolu Lisesi,8,"508, 729, 775, 776, 792, 794, 808, 814"
10715,Menderes Sağlık Ocağı,8,"508, 729, 775, 776, 792, 794, 808, 814"
10717,Sümerbank,8,"508, 707, 789, 799, 804, 808, 814, 829"
10718,Sümerbank,8,"508, 707, 789, 799, 804, 808, 814, 829"
10719,Menderes Belediyesi,8,"508, 707, 789, 799, 804, 808, 814, 829"
10720,Menderes Belediyesi,8,"508, 707, 789, 799, 804, 808, 814, 829"
10722,Cüneytbey Cami,8,"508, 707, 789, 799, 804, 808, 814, 829"
10852,Torbalı Ticaret Odası,8,"697, 712, 713, 715, 722, 795, 806, 858"
10853,Torbalı Ticaret Odası,8,"697, 712, 713, 715, 722, 795, 806, 858"
11250,Menderes Sağlık Ocağı,8,"508, 729, 775, 776, 792, 794, 808, 814"
11764,Canlı Çıkış,8,"697, 727, 787, 788, 793, 795, 806, 858"
11765,Canlı Çıkış,8,"697, 727, 787, 788, 793, 795, 806, 858"
11766,Yeşilova Köy Yolu,8,"697, 727, 787, 788, 793, 795, 806, 858"
11767,Yeşilova Köy Yolu,8,"697, 727, 787, 788, 793, 795, 806, 858"
11768,Elifli,8,"697, 727, 787, 788, 793, 795, 806, 858"
11769,Elifli,8,"697, 727, 787, 788, 793, 795, 806, 858"
11770,Furunlu Tulumba,8,"697, 727, 787, 788, 793, 795, 806, 858"
11771,Furunlu Tulumba,8,"697, 727, 787, 788, 793, 795, 806, 858"
11774,Furunlu Yedikavak,8,"697, 727, 787, 791, 793, 795, 806, 858"
11775,Furunlu Yedikavak,8,"697, 727, 787, 791, 793, 795, 806, 858"
11776,Karahalilli,8,"697, 727, 787, 791, 793, 795, 806, 858"
11777,Karahalilli,8,"697, 727, 787, 791, 793, 795, 806, 858"
11788,Canlı Çınar,8,"697, 727, 787, 788, 793, 795, 806, 858"
11789,Canlı Çınar,8,"697, 727, 787, 788, 793, 795, 806, 858"
11892,Çınarlı Mesleki ve Teknik Anadolu Lisesi,8,"102, 168, 501, 502, 503, 504, 513, 599"
12215,Kuyu,8,"193, 224, 23, 522, 587, 671, 680, 823"
12216,Kuyu,8,"193, 224, 23, 522, 587, 671, 680, 823"
12268,Yeşilyurt İtfaiye,8,"16, 18, 19, 520, 523, 524, 575, 579"
12270,Karabağlar Cumhuriyet Mesleki ve Teknik Anadolu Lisesi,8,"16, 18, 19, 520, 523, 524, 575, 579"
12437,Limontepe Seniye-Hasan Saray İlkokulu,8,"16, 20, 520, 523, 524, 587, 680, 84"
12438,Limontepe Seniye-Hasan Saray İlkokulu,8,"16, 20, 517, 520, 523, 524, 680, 84"
12879,Gaziemir PTT,8,"152, 353, 491, 510, 691, 828, 891, 910"
12880,Gaziemir PTT,8,"152, 353, 491, 510, 691, 828, 891, 910"
13564,Sığacık Yol Ayrımı,8,"640, 642, 675, 975, 985, 986, 987, 990"
14697,Muzaffer Gönen Parkı,8,"609, 611, 616, 618, 621, 795, 796, 803"
14698,Muzaffer Gönen Parkı,8,"609, 611, 616, 618, 621, 795, 796, 803"
14699,Kurtuluş,8,"609, 611, 616, 618, 621, 795, 796, 803"
14700,Kurtuluş,8,"609, 611, 616, 618, 621, 795, 796, 803"
14953,Ertuğrulköy,8,"609, 611, 616, 621, 697, 796, 803, 806"
14954,Ertuğrulköy,8,"609, 611, 616, 621, 697, 796, 803, 806"
14955,Yel Aldı,8,"609, 611, 616, 621, 697, 796, 803, 806"
14956,Yel Aldı,8,"609, 611, 616, 621, 697, 796, 803, 806"
15004,Sarıtaş,8,"609, 611, 616, 621, 697, 796, 803, 806"
15456,Elifli Sera,8,"697, 727, 787, 788, 793, 795, 806, 858"
15457,Elifli Sera,8,"697, 727, 787, 788, 793, 795, 806, 858"
15834,Torba Kent,8,"697, 712, 713, 715, 722, 795, 806, 858"
15835,Torba Kent,8,"697, 712, 713, 715, 722, 795, 806, 858"
15957,Yol Üstü Benzinlik Anayol,8,"609, 616, 618, 621, 697, 796, 803, 806"
16536,Kurucuova Ova,8,"609, 611, 616, 621, 697, 796, 803, 806"
16805,Çiftlik,8,"609, 611, 616, 621, 697, 796, 803, 806"
16806,Çiftlik,8,"609, 611, 616, 621, 697, 796, 803, 806"
16841,Ödemiş İtfaiye,8,"609, 611, 616, 618, 621, 795, 796, 803"
16842,Ödemiş İtfaiye,8,"609, 611, 616, 618, 621, 795, 796, 803"
20072,Kayalar Mezarlığı,8,"535, 602, 608, 660, 800, 853, 912, 920"
20074,Karşıyaka Jandarma,8,"535, 602, 608, 660, 800, 853, 912, 920"
20078,Ayyıldız,8,"535, 602, 608, 660, 800, 853, 912, 920"
20080,15 Temmuz Şehitler Anadolu Lisesi,8,"535, 602, 608, 660, 800, 853, 912, 920"
20455,Gümüşpala Su Deposu,8,"135, 196, 197, 335, 477, 577, 742, 77"
20456,Gümüşpala Su Deposu,8,"135, 196, 197, 335, 477, 577, 742, 77"
20486,Girne Pazaryeri,8,"240, 426, 430, 434, 435, 535, 537, 741"
20487,Girne Pazaryeri,8,"240, 426, 430, 434, 435, 535, 537, 741"
20488,Zihni Üstün İlkokulu,8,"240, 426, 430, 434, 435, 535, 537, 741"
20489,Zihni Üstün İlkokulu,8,"240, 426, 430, 434, 435, 535, 537, 741"
21027,Atatürk Mahallesi Zirve,8,"123, 342, 346, 442, 443, 446, 810, 816"
21459,Ulukent Gar,8,"128, 602, 660, 695, 749, 800, 826, 827"
21545,Ulukent Aktarma,8,"428, 695, 698, 748, 749, 826, 827, 848"
21697,İstasyon Köprü,8,"648, 658, 747, 748, 749, 753, 759, 868"
21698,İstasyon Köprü,8,"648, 658, 747, 748, 749, 753, 759, 868"
21713,Menemen Devlet Hastanesi Kavşak,8,"648, 658, 747, 748, 749, 753, 759, 868"
22989,Bergama Park,8,"645, 646, 651, 652, 653, 835, 842, 936"
22991,Yalnız Ev,8,"645, 646, 651, 652, 653, 835, 842, 936"
22992,Bergama Park,8,"645, 646, 651, 652, 653, 835, 842, 936"
22993,Küçükkaya,8,"645, 646, 651, 652, 653, 835, 842, 936"
22994,Yalnız Ev,8,"645, 646, 651, 652, 653, 835, 842, 936"
22995,Termal,8,"645, 646, 651, 652, 653, 835, 842, 936"
22996,Küçükkaya,8,"645, 646, 651, 652, 653, 835, 842, 936"
22997,Yuvam,8,"645, 646, 651, 652, 653, 835, 842, 936"
22998,Bergama Termal,8,"645, 646, 651, 652, 653, 835, 842, 936"
23127,Bergama Sanayi,8,"643, 644, 651, 652, 653, 656, 836, 936"
23355,Bergama Höyük,8,"643, 644, 651, 652, 653, 656, 836, 936"
23356,Bergama Höyük,8,"643, 644, 651, 652, 653, 656, 836, 936"
23536,Menemen İzban,8,"648, 658, 747, 748, 749, 753, 759, 868"
23600,Karşıyaka İskele,8,"121, 200, 212, 213, 290, 330, 543, 777"
23604,Menemen Devlet Hastanesi Kavşak,8,"648, 658, 747, 748, 749, 753, 759, 868"
24154,Kadriye,8,"645, 646, 651, 652, 653, 835, 842, 936"
24155,Kadriye,8,"645, 646, 651, 652, 653, 835, 842, 936"
24161,Kışlalı Kümesi,8,"609, 611, 616, 618, 697, 796, 803, 806"
30018,MTK Birinci Giriş,8,"117, 302, 367, 53, 57, 58, 60, 64"
30019,MTK Birinci Giriş,8,"117, 302, 367, 53, 57, 58, 60, 64"
30020,Meriç Mahallesi Çeşme,8,"117, 302, 367, 53, 57, 58, 60, 64"
30021,MTK İkinci Giriş,8,"117, 302, 367, 53, 57, 58, 60, 64"
30022,Evrenesoğlu Ortaokulu,8,"117, 302, 367, 53, 57, 58, 60, 64"
30023,Evrenesoğlu Ortaokulu,8,"117, 302, 367, 53, 57, 58, 60, 64"
30036,Egemenlik,8,"117, 364, 367, 505, 560, 564, 60, 64"
30305,Çamkıran,8,"214, 249, 328, 330, 515, 559, 930, 963"
30308,Çamkıran,8,"214, 249, 328, 330, 515, 559, 930, 963"
30320,Çağdaş,8,"214, 328, 330, 515, 559, 570, 930, 963"
30553,Yeşil Köşk,8,"259, 267, 268, 358, 368, 468, 505, 59"
30554,Yeşil Köşk,8,"259, 267, 268, 358, 368, 468, 505, 59"
30555,Öğrenci Köyü,8,"259, 267, 268, 358, 368, 468, 505, 59"
30556,Öğrenci Köyü,8,"259, 267, 268, 358, 368, 468, 505, 59"
30761,Cumhuriyet,8,"668, 766, 767, 768, 769, 772, 967, 988"
30762,Cumhuriyet,8,"668, 766, 767, 768, 769, 772, 967, 988"
30763,Çeşme,8,"668, 766, 767, 768, 769, 772, 967, 988"
30764,Çeşme,8,"668, 766, 767, 768, 769, 772, 967, 988"
30765,Manav,8,"668, 766, 767, 768, 769, 772, 967, 988"
30767,Manav,8,"668, 766, 767, 768, 769, 772, 967, 988"
30768,Şehitler Parkı,8,"668, 766, 767, 768, 769, 772, 967, 988"
30769,Şehitler Parkı,8,"668, 766, 767, 768, 769, 772, 967, 988"
30770,Kemalpaşa,8,"668, 766, 767, 768, 769, 772, 967, 988"
30771,Kemalpaşa,8,"668, 766, 767, 768, 769, 772, 967, 988"
30787,Yol Ayrımı,8,"668, 766, 767, 768, 769, 772, 967, 988"
30788,Yol Ayrımı,8,"668, 766, 767, 768, 769, 772, 967, 988"
30851,Kemalpaşa Belediyesi,8,"668, 766, 767, 768, 769, 772, 967, 988"
30854,Kemalpaşa Belediyesi,8,"668, 766, 767, 768, 769, 772, 967, 988"
31082,Cengizhan Son Durak,8,"359, 502, 559, 597, 598, 599, 662, 699"
32475,Ege Üniversitesi Öğrenci Köyü,8,"259, 267, 268, 358, 368, 468, 505, 59"
32476,Ege Üniversitesi Öğrenci Köyü,8,"259, 267, 268, 358, 368, 468, 505, 59"
40160,Şirinyer Parkı,8,"36, 418, 465, 466, 471, 485, 74, 866"
50378,Necdet Tokatlıoğlu,8,"321, 675, 9, 962, 975, 983, 985, 987"
50379,Seferihisar Kavşak,8,"8, 82, 9, 962, 975, 983, 985, 987"
50380,Seferihisar Kavşak,8,"8, 82, 9, 962, 975, 983, 985, 987"
50382,Konutlar,8,"8, 82, 9, 962, 975, 983, 985, 987"
50383,Konutlar,8,"8, 82, 9, 962, 975, 983, 985, 987"
50390,Karaoğlu,8,"321, 675, 9, 962, 975, 983, 985, 987"
50391,Karaoğlu,8,"321, 675, 9, 962, 975, 983, 985, 987"
50393,Çardak Kahve,8,"321, 675, 9, 962, 975, 983, 985, 987"
50394,Çardak Kahve,8,"321, 675, 9, 962, 975, 983, 985, 987"
50464,Çiçek,8,"8, 82, 9, 962, 975, 983, 985, 987"
50613,İzsu,8,"737, 760, 761, 882, 883, 906, 978, 982"
50628,İzsu,8,"737, 760, 761, 882, 883, 906, 978, 982"
50630,İkinci Köprü,8,"737, 760, 761, 882, 906, 978, 981, 982"
50631,İkinci Köprü,8,"737, 760, 761, 882, 906, 978, 981, 982"
50632,İçmeler Çıkış,8,"737, 760, 761, 882, 906, 978, 981, 982"
50636,Çardak,8,"737, 760, 761, 882, 906, 978, 981, 982"
50637,Torasan Mahallesi,8,"737, 760, 761, 882, 906, 978, 981, 982"
50709,Çardak,8,"737, 760, 761, 882, 906, 978, 981, 982"
50730,İçmeler,8,"737, 760, 761, 882, 906, 978, 981, 982"
50731,İçmeler,8,"737, 760, 761, 882, 906, 978, 981, 982"
52439,Florya,8,"321, 675, 9, 962, 975, 983, 985, 987"
52440,Florya,8,"321, 675, 9, 962, 975, 983, 985, 987"
10104,Sosyal Sigortalar Kurumu,7,"121, 202, 253, 910, 920, 940, 950"
10106,Dokuz Eylül Rektörlük,7,"121, 202, 253, 910, 920, 940, 950"
10112,Halit Ziya,7,"121, 202, 253, 910, 920, 940, 950"
10123,Basmane Ptt,7,"34, 35, 36, 39, 466, 811, 838"
10126,Borsa,7,"302, 35, 36, 466, 838, 930, 951"
10128,Çardak,7,"302, 35, 36, 466, 811, 838, 951"
10146,Kız Lisesi,7,"10, 121, 253, 302, 35, 811, 951"
10148,Karataş Anadolu Lisesi,7,"10, 121, 253, 302, 35, 811, 951"
10257,İzmir Spor,7,"15, 20, 520, 575, 681, 811, 950"
10504,Fahrettin Altay,7,"311, 517, 551, 681, 879, 945, 946"
10616,İller Bankası,7,"108, 152, 490, 508, 887, 910, 92"
10637,Kızılcık,7,"152, 200, 508, 539, 691, 887, 910"
10639,Paşa Köprüsü,7,"152, 200, 508, 539, 691, 887, 910"
10640,Paşa Köprüsü,7,"152, 200, 508, 539, 691, 887, 910"
10641,Karabağlar,7,"152, 200, 508, 539, 691, 887, 910"
10642,Karabağlar,7,"152, 200, 508, 539, 691, 887, 910"
10654,Gaziemir Semt Garajı,7,"152, 200, 516, 539, 691, 887, 910"
10711,Menderes Park,7,"508, 729, 775, 776, 792, 794, 808"
10712,Menderes Park,7,"508, 729, 775, 776, 792, 794, 808"
10721,Menderes Ziraat Odası,7,"508, 707, 799, 804, 808, 814, 829"
10848,Çetineller Otel,7,"697, 701, 712, 719, 722, 806, 858"
10932,Menderes Nikah Sarayı,7,"729, 775, 776, 792, 794, 799, 804"
10933,Menderes Nikah Sarayı,7,"729, 775, 776, 792, 794, 799, 804"
10943,Seydiköy,7,"729, 775, 776, 792, 794, 799, 804"
10944,Seydiköy,7,"729, 775, 776, 792, 794, 799, 804"
10945,Şehit Piyade Uzman Çavuş Ayhan Elmacı,7,"729, 775, 776, 792, 794, 799, 804"
10946,Şehit Piyade Uzman Çavuş Ayhan Elmacı,7,"729, 775, 776, 792, 794, 799, 804"
11752,Canlı Kahveler,7,"697, 727, 787, 793, 795, 806, 858"
11753,Canlı Park,7,"697, 727, 787, 793, 795, 806, 858"
11759,Yakapınar Giriş,7,"697, 727, 787, 793, 795, 806, 858"
11760,Canlı Park,7,"697, 727, 787, 793, 795, 806, 858"
11761,Canlı Kahveler,7,"697, 727, 787, 793, 795, 806, 858"
11772,Furunlu Yolu,7,"697, 727, 787, 793, 795, 806, 858"
11773,Furunlu Yolu,7,"697, 727, 787, 793, 795, 806, 858"
11780,Bayındır Çınar,7,"727, 787, 788, 791, 793, 795, 858"
11781,Bayındır Çınar,7,"727, 787, 788, 791, 793, 795, 858"
11796,Sokullu,7,"727, 787, 788, 791, 793, 795, 858"
11797,Sokullu,7,"727, 787, 788, 791, 793, 795, 858"
11798,Bayındır Sadık Susamcıoğlu Anadolu Lisesi,7,"727, 787, 788, 791, 793, 795, 858"
11799,Bayındır Sadık Susamcıoğlu Anadolu Lisesi,7,"727, 787, 788, 791, 793, 795, 858"
11800,Bayındır Fatih İlkokulu,7,"727, 787, 788, 791, 793, 795, 858"
11801,Bayındır Fatih İlkokulu,7,"727, 787, 788, 791, 793, 795, 858"
11802,Güven,7,"727, 787, 788, 791, 793, 858, 865"
12198,Yağhaneler 3,7,"157, 193, 224, 23, 27, 680, 691"
12203,Zincirlikuyu,7,"193, 224, 23, 522, 588, 680, 823"
12205,Kestelli,7,"193, 224, 23, 522, 588, 680, 823"
12206,Kestelli,7,"193, 224, 23, 522, 588, 680, 823"
12207,Bozyaka Cami,7,"193, 224, 23, 522, 588, 680, 823"
12208,Bozyaka Cami,7,"193, 224, 23, 522, 588, 680, 823"
12337,Hasan Tahsin,7,"18, 19, 523, 524, 575, 579, 879"
12339,Karabağlar Halk Eğitim Merkezi,7,"18, 19, 523, 524, 575, 579, 879"
12340,Hasan Tahsin,7,"18, 19, 523, 524, 575, 579, 879"
12341,Mermerci,7,"18, 19, 523, 524, 575, 579, 879"
12342,Karabağlar Halk Eğitim Merkezi,7,"18, 19, 523, 524, 575, 579, 879"
12344,Mermerci,7,"18, 19, 523, 524, 575, 579, 879"
12508,Yıkık Cami 2,7,"193, 522, 523, 587, 671, 680, 877"
12509,Yıkık Cami 2,7,"193, 522, 523, 587, 671, 680, 877"
12876,Halil Tan Parkı,7,"152, 353, 491, 510, 691, 828, 910"
12877,Büyükşehir Kurs Merkezi,7,"152, 353, 510, 691, 828, 891, 910"
12878,Büyükşehir Kurs Merkezi,7,"152, 353, 510, 691, 828, 891, 910"
12881,Gaziemir Belediyesi,7,"152, 353, 491, 510, 691, 828, 910"
12882,Gaziemir Belediyesi,7,"152, 353, 491, 510, 691, 828, 910"
12883,Gaziemir Merkez Cami,7,"152, 353, 491, 510, 691, 828, 910"
12884,Gaziemir Merkez Cami,7,"152, 353, 491, 510, 691, 828, 910"
12885,Yeşil Mahallesi Muhtarlığı,7,"152, 353, 491, 510, 691, 828, 910"
12886,Gaziemir Trafo,7,"152, 353, 491, 510, 691, 828, 910"
12888,Yeşil Mahallesi Muhtarlığı,7,"152, 353, 491, 510, 691, 828, 910"
12891,Gaziemir Trafo,7,"152, 353, 491, 510, 691, 828, 910"
12895,Halil Tan Parkı,7,"152, 353, 491, 510, 691, 828, 910"
12944,Şehit Polis Ahmet Atilla Güneş İlkokulu,7,"152, 353, 491, 510, 691, 828, 910"
12946,Gaziemir İMKB Mesleki ve Teknik Anadolu Lisesi,7,"152, 353, 491, 510, 691, 828, 910"
14915,Kurucuova Benzinlik,7,"609, 611, 616, 697, 796, 803, 806"
14916,Kurucuova Benzinlik,7,"609, 611, 616, 697, 796, 803, 806"
14918,Kaymakçı Giriş,7,"609, 611, 616, 697, 796, 803, 806"
14919,Kaymakçı Giriş,7,"609, 611, 616, 697, 796, 803, 806"
14957,Kurucaova,7,"609, 611, 616, 697, 796, 803, 806"
14958,Kurucaova,7,"609, 611, 616, 697, 796, 803, 806"
14959,Kurucaova Tarla,7,"609, 611, 616, 697, 796, 803, 806"
14960,Kurucaova Tarla,7,"609, 611, 616, 697, 796, 803, 806"
14961,Kaymakçı Üçyol,7,"609, 611, 616, 697, 796, 803, 806"
14962,Kaymakçı Üçyol,7,"609, 611, 616, 697, 796, 803, 806"
14963,Kaymakçı Zafer,7,"609, 611, 616, 697, 796, 803, 806"
14964,Kaymakçı Zafer,7,"609, 611, 616, 697, 796, 803, 806"
14965,Hasan Çavuş,7,"609, 611, 616, 697, 796, 803, 806"
14966,Hasan Çavuş,7,"609, 611, 616, 697, 796, 803, 806"
14967,Kaymakçı Sanayi,7,"609, 611, 616, 697, 796, 803, 806"
14968,Kaymakçı Sanayi,7,"609, 611, 616, 697, 796, 803, 806"
14969,Kaymakçı Köprü,7,"609, 611, 616, 697, 796, 803, 806"
14970,Kaymakçı Köprü,7,"609, 611, 616, 697, 796, 803, 806"
15003,Sarıtaş,7,"609, 611, 616, 697, 796, 803, 806"
15482,Atatürk Kültür Merkezi,7,"10, 152, 233, 284, 417, 508, 887"
15637,ÇİKOOP,7,"727, 787, 788, 791, 793, 795, 858"
15638,ÇİKOOP,7,"727, 787, 788, 791, 793, 795, 858"
15639,Bayındır Zeytin,7,"727, 787, 788, 791, 793, 795, 858"
15640,Bayındır Zeytin,7,"727, 787, 788, 791, 793, 795, 858"
15641,Bayındır Gül,7,"727, 787, 788, 791, 793, 795, 858"
15642,Bayındır Gül,7,"727, 787, 788, 791, 793, 795, 858"
16151,Kurucuova Çifttlik,7,"609, 611, 616, 697, 796, 803, 806"
16152,Kurucuova Çiftlik,7,"609, 611, 616, 697, 796, 803, 806"
16376,Kazım Dirik,7,"609, 611, 616, 697, 796, 803, 806"
16377,Kazım Dirik,7,"609, 611, 616, 697, 796, 803, 806"
16396,Benzinlik,7,"609, 611, 616, 697, 796, 803, 806"
16537,Kurucuova Ova,7,"609, 611, 616, 697, 796, 803, 806"
16586,Mimar Kemalettin,7,"121, 202, 253, 910, 920, 940, 950"
20043,Egem,7,"125, 240, 335, 426, 434, 477, 577"
20144,Tersane,7,"121, 196, 200, 290, 330, 543, 920"
20145,Tersane,7,"121, 196, 200, 290, 330, 543, 920"
20146,Selçuk Yaşar Alaybey Ortaokulu,7,"121, 196, 200, 290, 330, 543, 920"
20147,Selçuk Yaşar Alaybey Ortaokulu,7,"121, 196, 200, 290, 330, 543, 920"
20148,Muammer Aksoy Parkı,7,"121, 196, 200, 290, 330, 543, 920"
20149,Muammer Aksoy Parkı,7,"121, 196, 200, 290, 330, 543, 920"
20426,Soğukkuyu,7,"135, 137, 197, 577, 742, 77, 78"
20428,Demirci,7,"135, 137, 197, 577, 742, 77, 78"
20481,Kuyumcu Abdullah Altınçubuk İlkokulu,7,"135, 137, 197, 577, 742, 77, 78"
20836,Evka 6,7,"125, 247, 322, 326, 426, 430, 447"
21028,İzkent Son Durak,7,"123, 342, 346, 442, 443, 446, 810"
21035,Atatürk Mahallesi Zirve,7,"123, 342, 346, 442, 443, 446, 816"
21393,Jandarma Ormanı,7,"128, 602, 660, 698, 748, 800, 848"
21394,Ulukent Trafo,7,"128, 602, 660, 698, 748, 800, 848"
21395,Ulukent Trafo,7,"128, 602, 660, 698, 748, 800, 848"
21396,Üst Geçit,7,"128, 602, 660, 698, 748, 800, 848"
21397,Üst Geçit,7,"128, 602, 660, 698, 748, 800, 848"
21399,Egekent 2,7,"128, 602, 660, 698, 748, 800, 848"
21967,Yeni Foça Otogar,7,"660, 661, 664, 665, 666, 745, 750"
22230,Gazeteci Çetin Altan Anadolu Ticaret Lisesi,7,"135, 137, 197, 577, 742, 77, 78"
23002,Eroğlu,7,"645, 646, 652, 653, 835, 842, 936"
23004,Karayolları Bakımevi,7,"645, 646, 652, 653, 835, 842, 936"
23290,Bergama Zeytinlik,7,"643, 644, 651, 831, 832, 833, 936"
24085,Otel,7,"645, 646, 652, 653, 835, 842, 936"
24167,Maltepe,7,"645, 646, 651, 652, 835, 842, 936"
30024,Kokluca Mezarlığı,7,"117, 302, 367, 53, 57, 60, 64"
30025,Kokluca Mezarlığı,7,"117, 302, 367, 53, 57, 60, 64"
30026,Şehitler,7,"117, 302, 367, 53, 57, 60, 64"
30027,Şehitler,7,"117, 302, 367, 53, 57, 60, 64"
30028,Havuzlu Kahve,7,"117, 302, 367, 53, 57, 60, 64"
30030,Altındağ Belediyesi,7,"117, 302, 367, 53, 57, 60, 64"
30031,Altındağ Belediyesi,7,"117, 302, 367, 53, 57, 60, 64"
30032,Şehitler Ortaokulu,7,"117, 302, 367, 53, 57, 60, 64"
30035,Şehitler Ortaokulu,7,"117, 302, 367, 53, 57, 60, 64"
30123,Miralay Fethi Bey,7,"214, 249, 53, 54, 59, 662, 699"
30124,Miralay Fethi Bey,7,"214, 249, 53, 54, 59, 662, 699"
30127,Birinci Sanayi Sitesi,7,"214, 249, 53, 54, 59, 662, 699"
30128,Birinci Sanayi Sitesi,7,"214, 249, 53, 54, 59, 662, 699"
30129,Taç Sanayi,7,"214, 249, 53, 54, 59, 662, 699"
30130,Taç Sanayi,7,"214, 249, 53, 54, 59, 662, 699"
30255,Ege Üniversitesi Hastanesi,7,"119, 204, 290, 390, 533, 558, 800"
30301,Şehit Hakan Ünal,7,"214, 249, 328, 330, 515, 930, 963"
30302,Şehit Hakan Ünal,7,"214, 249, 328, 330, 515, 930, 963"
30303,Şehit Murat Aslantürk,7,"214, 249, 328, 330, 515, 930, 963"
30306,Şehit Murat Aslantürk,7,"214, 249, 328, 330, 515, 930, 963"
30757,Sekiz Eylül İlkokulu,7,"668, 766, 767, 768, 772, 967, 988"
30758,Sekiz Eylül İlkokulu,7,"668, 766, 767, 768, 772, 967, 988"
30759,Osmanlı Parkı,7,"668, 766, 767, 768, 772, 967, 988"
30760,Osmanlı Parkı,7,"668, 766, 767, 768, 772, 967, 988"
30965,Yunus Keskin Parkı,7,"102, 501, 502, 504, 557, 598, 662"
30998,Köprü,7,"102, 501, 502, 504, 557, 598, 662"
31364,Evka 4 Muhtarlık,7,"168, 249, 365, 565, 566, 568, 585"
31778,Evka 3 Aktarma Merkezi,7,"114, 565, 566, 584, 585, 949, 966"
40038,Buca Devlet Hastanesi,7,"104, 304, 470, 476, 490, 536, 940"
40067,Buca Eski Mezarlık,7,"206, 353, 470, 472, 490, 515, 878"
40069,Papatya,7,"206, 353, 470, 472, 490, 515, 878"
40079,Hasan Ağa Bahçesi,7,"176, 177, 304, 536, 866, 869, 940"
40087,Buca Belediye Şantiye,7,"171, 176, 177, 206, 277, 536, 676"
40733,Buca Devlet Hastanesi,7,"465, 471, 472, 74, 818, 866, 878"
40734,Buca Devlet Hastanesi,7,"465, 471, 472, 74, 818, 866, 878"
40735,Demokrasi Meydanı,7,"465, 471, 472, 74, 818, 866, 878"
40736,Demokrasi Meydanı,7,"465, 471, 472, 74, 818, 866, 878"
50028,Güzel Sanatlar Fakültesi,7,"305, 5, 6, 7, 8, 82, 971"
50091,Fidanlık,7,"82, 9, 909, 962, 981, 982, 984"
50093,Elif,7,"82, 9, 909, 962, 981, 982, 984"
50094,Fidanlık,7,"82, 9, 909, 962, 981, 982, 984"
50095,Şehit Üsteğmen Deveci,7,"82, 9, 909, 962, 981, 982, 984"
50096,Elif,7,"82, 9, 909, 962, 981, 982, 984"
50098,Şehit Üsteğmen Deveci,7,"82, 9, 909, 962, 981, 982, 984"
50199,Korutürk,7,"480, 481, 483, 510, 551, 650, 950"
50402,Yelki Villakent,7,"321, 675, 762, 975, 983, 985, 987"
50403,Çamlı Villaları,7,"321, 675, 762, 975, 983, 985, 987"
50404,Çamlı Villaları,7,"321, 675, 762, 975, 983, 985, 987"
50405,Çamlı Papatya,7,"321, 675, 762, 975, 983, 985, 987"
50406,Çamlı Papatya,7,"321, 675, 762, 975, 983, 985, 987"
50407,Çamlı Merkez,7,"321, 675, 762, 975, 983, 985, 987"
50524,Siteler Muhtarlık,7,"82, 9, 909, 962, 981, 982, 984"
50576,Yeşil Yol,7,"684, 738, 760, 761, 906, 962, 984"
50577,Yeşil Yol,7,"684, 738, 760, 761, 906, 962, 984"
50633,İçmeler Çıkış,7,"737, 760, 761, 906, 978, 981, 982"
51826,Fahrettin Altay Meydan 3,7,"10, 17, 671, 690, 8, 873, 969"
51859,Urla Villalar,7,"737, 760, 761, 882, 906, 978, 982"
51860,Urla Villalar,7,"737, 760, 761, 882, 906, 978, 982"
51941,Mermerci,7,"321, 675, 762, 975, 983, 985, 987"
51942,Mermerci,7,"321, 675, 762, 975, 983, 985, 987"
10016,Bahribaba,6,"21, 910, 920, 930, 940, 950"
10117,Hisarönü,6,"23, 35, 811, 930, 940, 951"
10227,Mezarlıkbaşı,6,"470, 681, 691, 910, 940, 950"
10233,Koruluk,6,"18, 19, 20, 27, 681, 811"
10242,Etnografya Müzesi,6,"18, 19, 20, 21, 23, 27"
10330,Montrö,6,"202, 691, 910, 930, 940, 950"
10421,Tariş,6,"121, 912, 920, 930, 951, 963"
10425,Liman,6,"121, 912, 920, 930, 951, 963"
10561,Meşale,6,"25, 517, 522, 671, 873, 877"
10562,Meşale,6,"25, 517, 522, 671, 873, 877"
10648,Torbalı Devlet Hastanesi,6,"697, 713, 714, 715, 795, 806"
10649,Torbalı Devlet Hastanesi,6,"697, 713, 714, 715, 795, 806"
10673,Sarnıç Alt Geçidi,6,"202, 204, 206, 697, 806, 858"
10703,Menderes sanayi,6,"508, 707, 799, 804, 808, 814"
10794,Türkmenköy Jandarma,6,"697, 705, 709, 712, 806, 858"
10795,Türkmenköy Jandarma,6,"697, 705, 709, 712, 806, 858"
10796,Üç Pınarlar,6,"697, 705, 709, 712, 806, 858"
10797,Üç Pınarlar,6,"697, 705, 709, 712, 806, 858"
10798,Emlakçılar,6,"697, 705, 709, 712, 806, 858"
10799,Emlakçılar,6,"697, 705, 709, 712, 806, 858"
10801,Egekent 4 Kavşak,6,"697, 701, 705, 709, 806, 858"
10802,Ayrancılar Mezarlık,6,"697, 701, 705, 709, 806, 858"
10803,Ayrancılar Mezarlık,6,"697, 701, 705, 709, 806, 858"
10804,Havuzlu,6,"697, 701, 705, 712, 806, 858"
10806,Sekseninci Yıl Cumhuriyet Parkı,6,"697, 701, 705, 709, 806, 858"
10807,Sekseninci Yıl Cumhuriyet Parkı,6,"697, 701, 705, 709, 806, 858"
10808,Ayrancılar Petrol Ofisi,6,"697, 701, 705, 712, 806, 858"
10809,Ayrancılar Petrol Ofisi,6,"697, 701, 705, 712, 806, 858"
10810,Tevfik Fikret,6,"697, 701, 705, 712, 806, 858"
10812,Bahçelievler,6,"697, 701, 705, 712, 806, 858"
10822,Aksan,6,"697, 701, 712, 722, 806, 858"
10823,Aksan,6,"697, 701, 712, 722, 806, 858"
10825,Havuzlu,6,"697, 701, 705, 712, 806, 858"
10826,Namet,6,"697, 701, 712, 722, 806, 858"
10827,Namet,6,"697, 701, 712, 722, 806, 858"
10828,Beşyol,6,"697, 701, 712, 722, 806, 858"
10829,Beşyol,6,"697, 701, 712, 722, 806, 858"
10830,Kuşçuburun Karayolları,6,"697, 701, 712, 722, 806, 858"
10831,Kuşçuburun Karayolları,6,"697, 701, 712, 722, 806, 858"
10832,Kuşcuburun Barbaros Ortaokulu,6,"697, 701, 712, 722, 806, 858"
10833,Kuşcuburun Barbaros Ortaokulu.,6,"697, 701, 712, 722, 806, 858"
10834,Yüksek Kahve,6,"697, 701, 712, 722, 806, 858"
10835,Yüksek Kahve,6,"697, 701, 712, 722, 806, 858"
10838,Beşevler Çeşme,6,"697, 701, 712, 722, 806, 858"
10839,Beşevler Çeşme,6,"697, 701, 712, 722, 806, 858"
10840,Reysaş,6,"697, 701, 712, 722, 806, 858"
10841,Reysaş,6,"697, 701, 712, 722, 806, 858"
10842,Camel,6,"697, 701, 712, 722, 806, 858"
10843,Camel,6,"697, 701, 712, 722, 806, 858"
10844,Temel,6,"697, 701, 712, 722, 806, 858"
10845,Temel,6,"697, 701, 712, 722, 806, 858"
10846,Çapak Yolu,6,"697, 701, 712, 722, 806, 858"
10847,Çapak Yolu,6,"697, 701, 712, 722, 806, 858"
10849,Çetineller Otel,6,"697, 701, 712, 722, 806, 858"
10871,Çaybaşı Mermerci,6,"727, 770, 780, 781, 798, 858"
10873,Sepici,6,"727, 770, 780, 781, 798, 858"
10875,Bölge Trafik,6,"727, 770, 780, 781, 798, 858"
10876,Çaybaşı Mermerci,6,"727, 770, 780, 781, 798, 858"
10877,Şahtaş,6,"727, 770, 780, 781, 798, 858"
10878,Sepici,6,"727, 770, 780, 781, 798, 858"
10879,Doğanay,6,"727, 770, 780, 781, 798, 858"
10880,Bölge Trafik,6,"727, 770, 780, 781, 798, 858"
10881,Pamukyazı Tamsa Seramik Fabrikası A.Ş. İlkokulu,6,"727, 770, 780, 781, 798, 858"
10882,Şahtaş,6,"727, 770, 780, 781, 798, 858"
10883,Pamukyazı Merkez,6,"727, 770, 780, 781, 798, 858"
10884,Doğanay,6,"727, 770, 780, 781, 798, 858"
10886,Pamukyazı Tamsa Seramik Fabrikası A.Ş. İlkokulu,6,"727, 770, 780, 781, 798, 858"
10888,Pamukyazı Merkez,6,"727, 770, 780, 781, 798, 858"
10907,Bayraktar,6,"697, 701, 712, 722, 806, 858"
10908,Bayraktar,6,"697, 701, 712, 722, 806, 858"
11072,Begonya,6,"776, 778, 829, 986, 987, 989"
11077,Begonya,6,"776, 778, 829, 986, 987, 989"
11392,Kamp,6,"776, 778, 829, 986, 987, 989"
11393,Kamp,6,"776, 778, 829, 986, 987, 989"
11398,Torbalı Sanayi,6,"719, 721, 763, 784, 785, 786"
11400,Torbalı Sanayi Çıkışı,6,"719, 721, 763, 784, 785, 786"
11402,Opel,6,"719, 721, 763, 784, 785, 786"
11404,Tütün Fabrikası,6,"719, 721, 763, 784, 785, 786"
11747,Dede Dağı,6,"697, 727, 788, 795, 806, 858"
11748,Dede Dağı,6,"697, 727, 788, 795, 806, 858"
11750,Arıkbaşı Akçam,6,"697, 727, 788, 795, 806, 858"
11751,Arıkbaşı Akçam,6,"697, 727, 788, 795, 806, 858"
11757,Kızılcaova,6,"697, 727, 787, 795, 806, 858"
11758,Yakapınar Giriş,6,"697, 727, 787, 795, 806, 858"
11782,Sera,6,"697, 727, 787, 795, 806, 858"
11783,Sera,6,"697, 727, 787, 795, 806, 858"
11784,Benzinlik,6,"697, 727, 787, 795, 806, 858"
11785,Benzinlik,6,"697, 727, 787, 795, 806, 858"
11786,Mezarlık,6,"697, 727, 787, 795, 806, 858"
11787,Mezarlık,6,"697, 727, 787, 795, 806, 858"
12063,Yağhaneler,6,"193, 224, 23, 234, 680, 691"
12213,Bayram Kahya,6,"124, 193, 23, 587, 588, 680"
12214,Bayram Kahya,6,"124, 193, 23, 587, 588, 680"
12234,Asmalı,6,"23, 516, 523, 873, 877, 977"
12235,Asmalı,6,"23, 516, 523, 873, 877, 977"
12236,Çöp Fabrikası,6,"23, 516, 523, 873, 877, 977"
12255,Bozyaka Devlet Hastanesi,6,"522, 550, 556, 588, 823, 89"
12256,Bozyaka Devlet Hastanesi,6,"522, 550, 556, 588, 823, 89"
12271,Yeşilyurt Çeşme,6,"16, 19, 520, 523, 524, 879"
12272,Yeşilyurt Çeşme,6,"16, 19, 520, 523, 524, 879"
12273,Yeşilyurt Devlet Hastanesi,6,"16, 19, 520, 523, 524, 879"
12274,Yeşilyurt Devlet Hastanesi,6,"16, 19, 520, 523, 524, 879"
12275,Yeşilyurt Huzurevi,6,"16, 19, 520, 523, 524, 879"
12276,Yeşilyurt Huzurevi,6,"16, 19, 520, 523, 524, 879"
12277,Basın Sitesi,6,"16, 19, 520, 523, 524, 879"
12278,Basın Sitesi,6,"16, 19, 520, 523, 524, 879"
12363,Şehit Halit Taş Ortaokulu,6,"16, 19, 520, 523, 524, 879"
12364,Şehit Halit Taş Ortaokulu,6,"16, 19, 520, 523, 524, 879"
12433,Egzozcu,6,"16, 20, 517, 523, 524, 680"
12434,Egzozcu,6,"16, 20, 517, 523, 524, 680"
12435,Ülkü,6,"16, 20, 517, 523, 524, 680"
12436,Ülkü,6,"16, 20, 517, 523, 524, 680"
12469,Ali Fuat Erden Mahallesi Muhtarlığı,6,"193, 517, 522, 524, 671, 877"
12470,Memiş Kahya,6,"193, 517, 522, 524, 671, 877"
12471,Memiş Kahya,6,"193, 517, 522, 524, 671, 877"
12472,Güzel İzmir Cami,6,"193, 224, 517, 522, 524, 671"
12474,Toprak,6,"193, 224, 517, 522, 524, 671"
12833,Çamlık,6,"156, 27, 516, 539, 556, 873"
13005,Sarnıç Dere,6,"491, 705, 728, 828, 887, 889"
13006,Sarnıç Dere,6,"491, 705, 728, 828, 887, 889"
13567,Sığacık Yol Ayrımı,6,"675, 732, 975, 985, 987, 991"
14971,Ödemiş Cezaevi,6,"609, 611, 697, 796, 803, 806"
14972,Ödemiş Cezaevi,6,"609, 611, 697, 796, 803, 806"
15436,Çaybaşı Fabrikalar,6,"727, 770, 780, 781, 798, 858"
15437,Çaybaşı Fabrikalar,6,"727, 770, 780, 781, 798, 858"
15563,Menderes SGK,6,"508, 707, 799, 804, 808, 814"
16397,Benzinlik,6,"609, 611, 697, 796, 803, 806"
16446,Küme Evler,6,"618, 621, 697, 796, 803, 806"
16447,Küme Evler,6,"618, 621, 697, 796, 803, 806"
16476,Yeni Kent,6,"697, 701, 712, 722, 806, 858"
16739,TOKİ Evleri,6,"23, 516, 523, 873, 877, 977"
16740,TOKİ Evleri,6,"23, 516, 523, 873, 877, 977"
20449,Muhtar,6,"196, 197, 335, 477, 537, 77"
20450,Muhtar,6,"196, 197, 335, 477, 537, 77"
20451,Emek,6,"196, 197, 335, 477, 537, 77"
20452,Emek,6,"196, 197, 335, 477, 537, 77"
20453,Gümüşpala Merkez,6,"196, 197, 335, 477, 537, 77"
20454,Gümüşpala Merkez,6,"196, 197, 335, 477, 537, 77"
20853,Mustafa Kemal Mahallesi Muhtarlığı,6,"125, 247, 322, 326, 426, 430"
20856,Körfez Köy,6,"125, 247, 322, 326, 426, 430"
20857,Körfez Köy,6,"125, 247, 322, 326, 426, 430"
20858,Mustafa Kemal Mahallesi Muhtarlığı,6,"125, 247, 322, 326, 426, 430"
20965,Egekent Dispanser,6,"123, 342, 423, 442, 443, 816"
20966,Egekent Dispanser,6,"123, 342, 423, 442, 443, 816"
20977,Büyük Çiğli Anadolu Lisesi,6,"123, 342, 423, 442, 443, 816"
20978,Büyük Çiğli Anadolu Lisesi,6,"123, 342, 423, 442, 443, 816"
21398,Bakım Merkezi,6,"602, 660, 698, 748, 749, 800"
21400,Tarımsal Araştırma,6,"602, 660, 698, 748, 749, 800"
21401,Tarımsal Araştırma,6,"602, 660, 698, 748, 749, 800"
21402,Koyundere,6,"602, 660, 698, 748, 749, 800"
21403,Koyundere,6,"602, 660, 698, 748, 749, 800"
21593,Bakırçay Üniversitesi,6,"207, 619, 750, 757, 812, 850"
22737,Aliağa İlçe Emniyet Müdürlüğü,6,"834, 835, 837, 849, 935, 936"
22740,Aliağa İlçe Emniyet Müdürlüğü,6,"834, 835, 837, 849, 935, 936"
22999,Eroğlu,6,"645, 646, 653, 835, 842, 936"
23001,Karayolları Bakımevi,6,"645, 646, 653, 835, 842, 936"
23009,Bergama Begonya,6,"645, 646, 652, 835, 842, 936"
23011,Bergama Salkım,6,"645, 646, 652, 835, 842, 936"
23128,Bergama Sanayi,6,"643, 644, 651, 656, 836, 936"
23801,Bergama Kantar,6,"645, 646, 652, 835, 842, 936"
24032,İstiklal Meydanı,6,"651, 652, 653, 831, 832, 833"
24033,İstiklal Meydanı,6,"651, 652, 653, 831, 832, 833"
24086,Otel,6,"645, 646, 653, 835, 842, 936"
24120,Semiye,6,"643, 644, 645, 646, 651, 835"
30029,Havuzlu Kahve,6,"117, 302, 53, 57, 60, 64"
30034,Mimar Sinan Mesleki ve Teknik Anadolu Lisesi,6,"117, 302, 367, 505, 60, 64"
30037,Mimar Sinan Mesleki ve Teknik Anadolu Lisesi,6,"117, 302, 367, 505, 60, 64"
30045,Metaş,6,"117, 364, 367, 505, 560, 60"
30101,Yeni Kent,6,"290, 602, 608, 660, 800, 963"
30102,Yeni Kent,6,"290, 602, 608, 660, 800, 963"
30108,Benzinlik,6,"168, 290, 602, 608, 660, 800"
30110,Hayat Ağacı,6,"168, 290, 602, 608, 660, 800"
30299,Adalet Mahallesi,6,"214, 249, 330, 515, 930, 963"
30300,Adalet Mahallesi,6,"214, 249, 330, 515, 930, 963"
30511,Otogar,6,"204, 277, 302, 505, 54, 555"
30753,Çınarköy Yolu,6,"668, 766, 767, 768, 967, 988"
30755,Kemalpaşa Havuz,6,"668, 766, 767, 768, 967, 988"
30756,Kemalpaşa Havuz,6,"668, 766, 767, 768, 967, 988"
30971,Bayraklı Çocuk Parkı,6,"359, 503, 513, 597, 599, 699"
30974,Dede Fırını,6,"359, 503, 513, 597, 599, 699"
30975,Çorapçı,6,"359, 503, 513, 597, 599, 699"
30976,Çorapçı,6,"359, 503, 513, 597, 599, 699"
30977,Şehit Hakan Uysal,6,"359, 503, 513, 597, 599, 699"
30978,Şehit Hakan Uysal,6,"359, 503, 513, 597, 599, 699"
30979,Heykel,6,"359, 503, 513, 597, 599, 699"
30980,Heykel,6,"359, 503, 513, 597, 599, 699"
30981,Çay Mahallesi,6,"359, 503, 513, 597, 599, 699"
30982,Çay Mahallesi Son Durak,6,"359, 503, 513, 597, 599, 699"
30983,Dede Fırını,6,"359, 503, 513, 597, 599, 699"
30991,Adil Akçamlı,6,"102, 502, 504, 557, 598, 662"
31091,Park,6,"359, 503, 513, 597, 599, 699"
31092,Park,6,"359, 503, 513, 597, 599, 699"
31093,Çeşme,6,"359, 503, 513, 597, 599, 699"
31094,Çeşme,6,"359, 503, 513, 597, 599, 699"
31131,Tepe,6,"359, 502, 597, 598, 599, 699"
31295,Hükümet Konağı,6,"365, 498, 565, 566, 584, 585"
31358,Nedim Dağtaş,6,"168, 249, 365, 565, 566, 568"
31359,Nedim Dağtaş,6,"168, 249, 365, 565, 566, 568"
31360,Depo,6,"168, 249, 365, 565, 566, 568"
31361,Evka 4 Depo,6,"168, 249, 365, 565, 566, 568"
31362,Yeditepe İtfaiye,6,"168, 249, 365, 565, 566, 568"
31365,Evka 4 Muhtarlık,6,"168, 249, 365, 565, 566, 568"
31366,Mehmet Akif Cami,6,"168, 249, 565, 566, 568, 585"
31367,Mehmet Akif Cami,6,"168, 249, 565, 566, 568, 585"
31368,Evka-4 Anaokulu,6,"168, 249, 565, 566, 568, 585"
31369,Evka-4 Anaokulu,6,"168, 249, 565, 566, 568, 585"
31370,Evka 4 Son Durak,6,"168, 249, 565, 566, 568, 585"
31467,Türkan Özilhan Devlet Hastanesi,6,"111, 314, 317, 67, 966, 988"
31468,Türkan Özilhan Devlet Hastanesi,6,"111, 314, 317, 67, 966, 988"
31474,Adil Demir Sitesi,6,"111, 314, 317, 67, 966, 988"
31475,Adil Demir Sitesi,6,"111, 314, 317, 67, 966, 988"
31476,Bornova Kooperatif,6,"111, 314, 317, 67, 966, 988"
31477,Bornova Kooperatif,6,"111, 314, 317, 67, 966, 988"
31481,Bornova Tenis Kulübü,6,"111, 114, 317, 67, 966, 988"
31482,Bornova Tenis Kulübü,6,"111, 114, 317, 67, 966, 988"
31483,Profesörler Sitesi,6,"111, 114, 317, 67, 966, 988"
31484,Profesörler Sitesi,6,"111, 114, 317, 67, 966, 988"
31485,Şehit Erkan Er Ortaokulu,6,"111, 314, 317, 67, 966, 988"
32372,Evka 4 İş Merkezi,6,"168, 249, 565, 566, 568, 585"
32428,Dumlupınar,6,"365, 498, 565, 566, 584, 585"
40066,İktisadi ve İdari Bilimler Fakültesi,6,"206, 353, 472, 515, 869, 878"
40068,İktisadi ve İdari Bilimler Fakültesi,6,"104, 176, 177, 470, 490, 940"
40129,Mimarlık Fakültesi,6,"213, 290, 390, 412, 690, 878"
40130,Mimarlık Fakültesi,6,"213, 290, 390, 412, 690, 878"
40137,Nato 1,6,"105, 171, 233, 417, 484, 671"
40138,Nato 1,6,"105, 171, 233, 417, 484, 671"
40140,Şirinyer Ertuğrul Gazi Anadolu Lisesi,6,"105, 171, 233, 417, 484, 671"
40141,Şirinyer Ertuğrul Gazi Anadolu Lisesi,6,"105, 171, 233, 417, 484, 671"
40142,Akıncılar Cami,6,"105, 171, 233, 417, 484, 671"
40143,Akıncılar Cami,6,"105, 171, 233, 417, 484, 671"
40145,Akıncılar Merkez,6,"105, 171, 233, 417, 484, 671"
40146,Akıncılar Merkez,6,"105, 171, 233, 417, 484, 671"
40175,İzban Koşu Durağı,6,"105, 171, 233, 417, 484, 671"
40176,İzban Koşu Durağı,6,"105, 171, 233, 417, 484, 671"
40644,Buca İlçe Halk Kütüphanesi,6,"104, 284, 285, 374, 866, 874"
40645,Buca İlçe Halk Kütüphanesi,6,"104, 284, 285, 374, 866, 874"
40656,Şehit Polis Cebrail Aksöz,6,"104, 284, 285, 374, 866, 874"
40657,Şehit Polis Cebrail Aksöz,6,"104, 284, 285, 374, 866, 874"
40658,Mursal Meydanı,6,"104, 284, 285, 374, 866, 874"
40659,Mursal Meydanı,6,"104, 284, 285, 374, 866, 874"
40895,Sosyal Tesisler,6,"213, 290, 390, 412, 690, 878"
40896,Sosyal Tesisler,6,"213, 290, 390, 412, 690, 878"
40897,İşletme Fakültesi,6,"213, 290, 390, 412, 690, 878"
40898,Fen Edebiyat,6,"213, 290, 390, 412, 690, 878"
40901,Teknopark,6,"213, 290, 390, 412, 690, 878"
40902,Teknopark,6,"213, 290, 390, 412, 690, 878"
41311,Buca Toki Girişi,6,"104, 284, 285, 866, 869, 875"
41312,Buca Toki Girişi,6,"104, 284, 285, 866, 869, 875"
50105,Kahveler,6,"684, 909, 962, 981, 982, 984"
50108,Kahveler,6,"684, 909, 962, 981, 982, 984"
50111,İzmir Cengiz Aytmatov Sosyal Bilimler Lisesi,6,"684, 883, 962, 981, 982, 984"
50114,İzmir Cengiz Aytmatov Sosyal Bilimler Lisesi,6,"684, 883, 962, 981, 982, 984"
50175,Teleferik,6,"480, 481, 483, 551, 950, 969"
50197,Termal,6,"480, 481, 510, 551, 650, 950"
50371,Güzelbahçe,6,"28, 321, 762, 8, 82, 9"
50386,Benzin İstasyonu,6,"675, 8, 975, 983, 985, 987"
50387,Benzin İstasyonu,6,"675, 8, 975, 983, 985, 987"
50388,Çiçek Mezatı,6,"675, 8, 975, 983, 985, 987"
50408,Çamlı Merkez,6,"675, 762, 975, 983, 985, 987"
50433,Gölet Ata,6,"675, 732, 975, 985, 987, 991"
50434,Gölet Ata,6,"675, 732, 975, 985, 987, 991"
50435,Seferihisar İMKB Mesleki ve Teknik Anadolu Lisesi,6,"675, 732, 975, 985, 987, 991"
50436,Seferihisar İMKB Mesleki ve Teknik Anadolu Lisesi,6,"675, 732, 975, 985, 987, 991"
50437,Uluslararası Seferihisar İMKB Anadolu İmam Hatip Lisesi,6,"675, 732, 975, 985, 987, 991"
50438,Uluslararası Seferihisar İMKB Anadolu İmam Hatip Lisesi,6,"675, 732, 975, 985, 987, 991"
50439,Karakayalar,6,"675, 732, 975, 985, 987, 991"
50440,Karakayalar,6,"675, 732, 975, 985, 987, 991"
50441,Esentepe,6,"675, 732, 975, 985, 987, 991"
50442,Esentepe,6,"675, 732, 975, 985, 987, 991"
50443,Öğretmenevi,6,"675, 732, 975, 985, 987, 991"
50444,Öğretmenevi,6,"675, 732, 975, 985, 987, 991"
50453,Ulamış Giriş,6,"675, 732, 975, 985, 987, 991"
50454,Ulamış Giriş,6,"675, 732, 975, 985, 987, 991"
50506,Barış Selçuk Parkı,6,"675, 732, 975, 985, 987, 991"
50507,Barış Selçuk Parkı,6,"675, 732, 975, 985, 987, 991"
50508,Jandarma,6,"675, 732, 975, 985, 987, 991"
50509,Jandarma,6,"675, 732, 975, 985, 987, 991"
50578,Urla Anadolu Lisesi,6,"684, 760, 761, 906, 962, 984"
50579,Urla Mesleki ve Teknik Anadolu Lisesi,6,"684, 760, 761, 906, 962, 984"
50581,Jandarma,6,"684, 760, 761, 906, 962, 984"
50854,Urla Sanat,6,"684, 732, 738, 762, 962, 984"
50855,Urla Sanat,6,"684, 732, 738, 762, 962, 984"
50861,Urla Sanayi 2,6,"734, 737, 762, 882, 961, 978"
50862,Urla Sanayi 2,6,"734, 737, 762, 882, 961, 978"
50863,Urla Sanayi 3,6,"734, 737, 762, 882, 961, 978"
50864,Urla Sanayi 3,6,"734, 737, 762, 882, 961, 978"
51059,Urla Devlet Hastanesi,6,"684, 732, 734, 738, 961, 984"
51060,Urla Devlet Hastanesi,6,"684, 732, 734, 738, 961, 984"
51944,Ulama,6,"675, 732, 975, 985, 987, 991"
51979,Ekoköy,6,"675, 732, 975, 985, 987, 991"
10135,Fahrettin Altay Meydan 6,5,"517, 681, 811, 879, 950"
10281,Denizmen,5,"517, 681, 811, 879, 950"
10283,Göztepe Stadı,5,"517, 681, 811, 879, 950"
10289,Hıfzıssıhha,5,"517, 681, 811, 879, 950"
10415,Alsancak Gar,5,"121, 253, 920, 930, 951"
10418,Alsancak Gar,5,"121, 253, 912, 951, 963"
10424,Liman,5,"121, 912, 920, 930, 951"
10505,Ordu Pazarı,5,"486, 517, 551, 681, 879"
10507,İkinci Oyak Sitesi,5,"486, 517, 551, 681, 879"
10512,Ordu Pazarı,5,"486, 517, 551, 681, 879"
10574,Ülkü Sineması,5,"34, 39, 418, 466, 838"
10575,Ülkü Sineması,5,"34, 39, 418, 466, 838"
10576,Gürçeşme,5,"34, 39, 418, 466, 838"
10577,Gürçeşme,5,"34, 39, 418, 466, 838"
10578,Gürçeşme Cami,5,"34, 39, 418, 466, 838"
10579,Gürçeşme Cami,5,"34, 39, 418, 466, 838"
10597,Beyazevler Sağlık Ocağı,5,"232, 233, 353, 491, 818"
10598,Beyazevler Sağlık Ocağı,5,"232, 233, 353, 491, 818"
10726,Menderes Sanayi,5,"508, 707, 799, 804, 814"
10759,Çamlık,5,"697, 705, 707, 806, 858"
10762,Havalimanı,5,"508, 697, 806, 808, 858"
10775,Kısık Sanayi Estim,5,"697, 705, 707, 806, 858"
10776,Dizdarlar,5,"697, 705, 707, 806, 858"
10777,Dizdarlar,5,"697, 705, 707, 806, 858"
10779,Gişeler,5,"697, 705, 707, 806, 858"
10780,Ayçiçeği,5,"697, 705, 707, 806, 858"
10783,Ayçiçeği,5,"697, 705, 707, 806, 858"
10784,Gişeler,5,"697, 705, 707, 806, 858"
10785,Soğutma Fabrikası,5,"697, 705, 707, 806, 858"
10786,Yeşilköy,5,"697, 705, 707, 806, 858"
10787,Yeşilköy,5,"697, 705, 707, 806, 858"
10788,Mersinli Kahve Cami,5,"697, 705, 707, 806, 858"
10789,Mersinli Kahve Cami,5,"697, 705, 707, 806, 858"
10800,Egekent 4 Kavşak,5,"697, 705, 709, 806, 858"
10814,Ayrancılar Un Fabrikası,5,"697, 701, 712, 806, 858"
10815,Ayrancılar Un Fabrikası,5,"697, 701, 712, 806, 858"
10816,Selviler,5,"697, 701, 712, 806, 858"
10817,Selviler,5,"697, 701, 712, 806, 858"
10818,Ventola,5,"697, 701, 712, 806, 858"
10819,Ventola,5,"697, 701, 712, 806, 858"
10820,Yazıbaşı,5,"697, 701, 712, 806, 858"
10821,Yazıbaşı,5,"697, 701, 712, 806, 858"
10905,Ayrancılar Hastane,5,"697, 701, 705, 806, 858"
10917,Koruluk,5,"729, 775, 776, 792, 794"
10918,Koruluk,5,"729, 775, 776, 792, 794"
10942,Menderes Çevre Yolu,5,"729, 775, 776, 792, 794"
10947,Menderes Çevre Yolu,5,"729, 775, 776, 792, 794"
10948,Dereköy Yol Ayrımı,5,"729, 775, 776, 792, 794"
10949,Dereköy Yol Ayrımı,5,"729, 775, 776, 792, 794"
10950,Menderes Adliye Sarayı,5,"729, 775, 776, 792, 794"
10951,Menderes Adliye Sarayı,5,"729, 775, 776, 792, 794"
10956,Ege,5,"729, 775, 776, 792, 794"
10957,Ege,5,"729, 775, 776, 792, 794"
10958,Altın,5,"729, 775, 776, 792, 794"
10959,Altın,5,"729, 775, 776, 792, 794"
10960,Şehit Polis Hüseyin Dalgılıç,5,"729, 775, 776, 792, 794"
10961,Şehit Polis Hüseyin Dalgılıç,5,"729, 775, 776, 792, 794"
10962,Ünal Soğuk Hava,5,"729, 775, 776, 792, 794"
10963,Ünal Soğuk Hava,5,"729, 775, 776, 792, 794"
10964,Küner Yol Ayrımı,5,"729, 775, 776, 792, 794"
10965,Küner Yol Ayrımı,5,"729, 775, 776, 792, 794"
11104,Akçaalan,5,"729, 775, 776, 792, 794"
11111,Sarıçay,5,"729, 775, 776, 792, 794"
11122,Sarıçay,5,"729, 775, 776, 792, 794"
11123,Akçaalan,5,"729, 775, 776, 792, 794"
11399,Torbalı Sanayi,5,"721, 763, 784, 785, 786"
11401,Opel,5,"721, 763, 784, 785, 786"
11403,Tütün Fabrikası,5,"721, 763, 784, 785, 786"
11405,Mimteks,5,"721, 763, 784, 785, 786"
11406,Mimteks,5,"721, 763, 784, 785, 786"
11407,İl Özel İdare Asfalt Şantiye,5,"721, 763, 784, 785, 786"
11408,İl Özel İdare Asfalt Şantiye,5,"721, 763, 784, 785, 786"
11409,Ortaköy,5,"721, 763, 784, 785, 786"
11410,Ortaköy,5,"721, 763, 784, 785, 786"
11411,Torbalı Sanayi Çıkışı,5,"721, 763, 784, 785, 786"
11518,Pancar Aktarma,5,"692, 701, 707, 709, 712"
11671,Evliya Çelebi,5,"721, 763, 784, 785, 786"
11672,Evliya Çelebi,5,"719, 721, 763, 784, 786"
11679,Tire Yol Ayrımı,5,"727, 780, 781, 798, 858"
11680,Tire Yol Ayrımı,5,"727, 780, 781, 798, 858"
11681,Yağmur,5,"727, 780, 781, 798, 858"
11682,Yağmur,5,"727, 780, 781, 798, 858"
11683,Tat Konserve,5,"727, 780, 781, 798, 858"
11684,Tat Konserve,5,"727, 780, 781, 798, 858"
11685,Osman Dirik Parkı,5,"727, 780, 781, 798, 858"
11686,Osman Dirik Parkı,5,"727, 780, 781, 798, 858"
11687,Subaşı Pazaryeri,5,"727, 780, 781, 798, 858"
11688,Subaşı Pazaryeri,5,"727, 780, 781, 798, 858"
11754,Çiftçi Gediği Köy Yolu,5,"697, 727, 795, 806, 858"
11755,Çiftçi Gediği Köy Yolu,5,"697, 727, 795, 806, 858"
11756,Kızılcaova,5,"697, 727, 795, 806, 858"
11854,Yenişehir Üst Geçit,5,"200, 234, 36, 515, 539"
11856,Yeşildere,5,"200, 234, 36, 515, 539"
11857,Yeşildere,5,"200, 234, 36, 515, 539"
12060,Eşrefpaşa,5,"234, 27, 470, 680, 691"
12061,Eşrefpaşa,5,"193, 224, 23, 680, 691"
12217,Yıkık Cami,5,"224, 23, 523, 823, 877"
12218,Yıkık Cami,5,"224, 23, 523, 823, 877"
12219,Naci Şensoy Anadolu Lisesi,5,"224, 23, 523, 823, 877"
12220,Naci Şensoy Anadolu Lisesi,5,"224, 23, 523, 823, 877"
12237,Çöp Fabrikası,5,"23, 516, 523, 877, 977"
12333,Yeşilyurt Devlet Hastanesi,5,"16, 18, 520, 575, 579"
12335,Şehit Erkan Özcan Anadolu Lisesi,5,"16, 18, 520, 575, 579"
12336,Yeşilyurt Devlet Hastanesi,5,"16, 18, 520, 575, 579"
12338,Şehit Erkan Özcan Anadolu Lisesi,5,"16, 18, 520, 575, 579"
12427,Maliyeciler,5,"18, 517, 523, 524, 579"
12428,Maliyeciler,5,"18, 517, 523, 524, 579"
12429,Arap Deresi,5,"18, 517, 523, 524, 579"
12430,Arap Deresi,5,"18, 517, 523, 524, 579"
12439,Yadigar Sitesi,5,"16, 18, 20, 579, 680"
12440,Yadigar Sitesi,5,"16, 18, 20, 579, 680"
12441,Yeşilyurt,5,"16, 18, 20, 579, 680"
12460,Briketçi,5,"193, 522, 524, 671, 877"
12461,Briketçi,5,"193, 522, 524, 671, 877"
12462,Umut Mahallesi Köprü,5,"193, 522, 524, 671, 877"
12463,Umut Mahallesi Köprü,5,"193, 522, 524, 671, 877"
12464,Küçük Trafo,5,"193, 522, 524, 671, 877"
12465,Küçük Trafo,5,"193, 522, 524, 671, 877"
12466,Çakırtepe,5,"193, 522, 524, 671, 877"
12467,Çakırtepe,5,"193, 522, 524, 671, 877"
12468,Ali Fuat Erden Mahallesi Muhtarlığı,5,"193, 522, 524, 671, 877"
12473,Güzel İzmir Cami,5,"193, 517, 522, 524, 671"
12475,Toprak,5,"193, 517, 522, 524, 671"
12542,Sacide Ayaz İlk ve Ortaokulu,5,"193, 224, 524, 873, 877"
12596,Kasap,5,"156, 157, 27, 556, 879"
12598,Karabağlar Briketçi,5,"156, 157, 27, 556, 879"
12599,Kasap,5,"156, 157, 27, 556, 879"
12600,Bademlik,5,"156, 157, 27, 556, 879"
12601,Karabağlar Briketçi,5,"156, 157, 27, 556, 879"
12602,Sinan Cami,5,"156, 157, 27, 556, 879"
12603,Bademlik,5,"156, 157, 27, 556, 879"
12604,Karabağlar Atatürk Mesleki ve Teknik Anadolu Lisesi,5,"156, 157, 27, 556, 879"
12605,Cevdet Güçlüer İlkokulu,5,"156, 157, 27, 556, 879"
12607,Karabağlar Atatürk Mesleki ve Teknik Anadolu Lisesi,5,"156, 157, 27, 556, 879"
12620,Çamlık Yol Ayrımı,5,"224, 522, 588, 671, 823"
12790,Cennetçeşme Beyazıt Cami,5,"193, 224, 524, 873, 877"
12887,İkinci Nizamiye,5,"152, 353, 510, 691, 910"
12889,Gazikent Muhtarlık,5,"152, 353, 510, 691, 910"
12890,İkinci Nizamiye,5,"152, 353, 510, 691, 910"
12893,Gaziemir Belediyesi Spor Tesisi,5,"152, 353, 510, 691, 910"
12937,Özcan Sitesi,5,"152, 353, 510, 691, 910"
12939,Erol Özdil,5,"152, 353, 510, 691, 910"
12940,Şehit Üsteğmen Hakan Özkaner,5,"152, 353, 510, 691, 910"
12941,Şehit Serhat Sığnak Mesleki ve Teknik Anadolu Lisesi,5,"152, 353, 510, 691, 910"
12942,Birinci Nizamiye,5,"152, 353, 510, 691, 910"
12943,Sosyal Konutlar,5,"152, 353, 510, 691, 910"
12948,Özcan Sitesi,5,"152, 353, 510, 691, 910"
13183,Serdengeçti,5,"232, 233, 353, 491, 818"
13184,Serdengeçti,5,"232, 233, 353, 491, 818"
13234,Dokuz Eylül,5,"705, 728, 828, 887, 889"
13256,Sümbül,5,"17, 24, 517, 522, 877"
13257,Sümbül,5,"17, 24, 517, 522, 877"
13267,Yaşar Kemal Mahalle Muhtarlığı,5,"17, 24, 517, 522, 877"
13268,Yaşar Kemal Mahalle Muhtarlığı,5,"17, 24, 517, 522, 877"
13561,Tepecik Caddesi,5,"975, 979, 986, 987, 989"
15478,Ödemiş Devlet Hastanesi,5,"611, 616, 618, 796, 803"
15479,Ödemiş Devlet Hastanesi,5,"611, 616, 618, 796, 803"
15480,Şehit Polis Gökhan Kirazlı,5,"611, 616, 618, 796, 803"
15481,Şehit Polis Gökhan Kirazlı,5,"611, 616, 618, 796, 803"
15484,Ödemiş Son Durak,5,"609, 611, 616, 618, 621"
15485,Ödemiş Nikah Sarayı,5,"611, 616, 618, 796, 803"
15486,Ödemiş Nikah Sarayı,5,"611, 616, 618, 796, 803"
15487,Örentepe Yolu,5,"697, 727, 795, 806, 858"
15488,Örentepe Yolu,5,"697, 727, 795, 806, 858"
15562,Menderes SGK,5,"508, 707, 799, 804, 814"
15564,Menderes Son Durak,5,"508, 707, 799, 808, 814"
15573,Menderes Düğün Salonu,5,"508, 799, 804, 808, 814"
15604,Tünel İşletme Şefliği,5,"200, 234, 417, 515, 539"
15716,Beton Santrali,5,"697, 714, 715, 795, 806"
15717,Beton Santrali,5,"697, 714, 715, 795, 806"
15947,Soğutma Fabrikası,5,"697, 705, 707, 806, 858"
16424,Ortaç,5,"611, 616, 618, 796, 803"
16425,Ortaç,5,"611, 616, 618, 796, 803"
16795,Karahalilli Bahçe,5,"697, 727, 787, 793, 858"
16796,Karahalilli Bahçe,5,"697, 727, 787, 793, 858"
20492,Soğukkuyu Atölye,5,"135, 137, 577, 742, 78"
20493,Soğukkuyu Atölye,5,"135, 137, 577, 742, 78"
20494,Dostluk,5,"135, 137, 577, 742, 78"
20495,Dostluk,5,"135, 137, 577, 742, 78"
20496,Kadızade Zühtü Işıl,5,"135, 137, 577, 742, 78"
20497,Kadızade Zühtü Işıl,5,"135, 137, 577, 742, 78"
20515,Gümüşpala Ticaret Lisesi,5,"196, 197, 477, 577, 77"
20516,Gümüşpala Ticaret Lisesi,5,"196, 197, 477, 577, 77"
20517,Karşıyaka Endüstri Meslek Lisesi,5,"196, 197, 477, 577, 77"
20518,Karşıyaka Endüstri Meslek Lisesi,5,"196, 197, 477, 577, 77"
20519,Nafiz Gürman Muhtarlık,5,"196, 197, 477, 577, 77"
20520,Nafiz Gürman Muhtarlık,5,"196, 197, 477, 577, 77"
20523,Gümüşpala Lisesi,5,"196, 197, 477, 577, 77"
20524,Gümüşpala Lisesi,5,"196, 197, 477, 577, 77"
20525,Nuri Atik Mesleki ve Teknik Anadolu Lisesi,5,"196, 197, 477, 577, 77"
20526,Nuri Atik Mesleki ve Teknik Anadolu Lisesi,5,"196, 197, 477, 577, 77"
20527,Vali Namık Kemal İlköğretim Okulu,5,"196, 197, 477, 577, 77"
20528,Vali Namık Kemal İlköğretim Okulu,5,"196, 197, 477, 577, 77"
20529,Nafiz Gürman Eski Son Durak,5,"196, 197, 477, 577, 77"
20530,Nafiz Gürman Eski Son Durak,5,"196, 197, 477, 577, 77"
20531,Kayalık,5,"196, 197, 477, 577, 77"
20532,Kayalık,5,"196, 197, 477, 577, 77"
20535,Orkide,5,"196, 197, 477, 577, 77"
20536,Orkide,5,"196, 197, 477, 577, 77"
20640,Köprü,5,"136, 240, 430, 535, 741"
20642,Şantiye,5,"136, 240, 430, 535, 741"
20643,Köprü,5,"136, 240, 430, 535, 741"
20645,Şantiye,5,"136, 240, 430, 535, 741"
20700,Nafiz Gürman,5,"196, 197, 477, 577, 77"
20967,Ormancı Sitesi,5,"123, 342, 442, 443, 816"
20968,Ormancı Sitesi,5,"123, 342, 442, 443, 816"
21004,İzkent Meydan,5,"123, 342, 442, 443, 816"
21029,Atatürk Mahallesi Gezer,5,"346, 442, 446, 810, 816"
21031,Atatürk Mahallesi Doğan,5,"346, 442, 446, 810, 816"
21094,Söğüt,5,"423, 442, 595, 816, 817"
21095,Söğüt,5,"423, 442, 595, 816, 817"
21096,Bayraktar Sitesi,5,"423, 442, 595, 816, 817"
21097,Bayraktar Sitesi,5,"423, 442, 595, 816, 817"
21114,Tenis Kulübü,5,"423, 442, 595, 816, 817"
21115,Tenis Kulübü,5,"423, 442, 595, 816, 817"
21132,Şehit Ali Karaoğlan Lisesi,5,"149, 423, 442, 751, 853"
21133,Şehit Ali Karaoğlan Lisesi,5,"149, 423, 442, 751, 853"
21328,Katip Çelebi Üniversitesi,5,"207, 595, 596, 817, 920"
21329,Meydan Yolu,5,"295, 608, 695, 820, 827"
21330,Meydan Yolu,5,"295, 608, 695, 820, 827"
21334,Uğur Mumcu Sağlık Ocağı,5,"295, 608, 695, 820, 827"
21335,Uğur Mumcu,5,"295, 608, 695, 820, 827"
21336,Uğur Mumcu,5,"295, 608, 695, 820, 827"
21337,İnönü Mahallesi,5,"295, 608, 695, 820, 827"
21338,İnönü Mahallesi,5,"295, 608, 695, 820, 827"
21339,Papatya,5,"295, 608, 695, 820, 827"
21340,Papatya,5,"295, 608, 695, 820, 827"
21381,Subay Lojmanları,5,"128, 428, 602, 660, 800"
21382,Subay Lojmanları,5,"128, 428, 602, 660, 800"
21385,Astsubay Lojmanları,5,"128, 428, 602, 660, 800"
21404,Koyundere İlkokulu,5,"602, 648, 660, 749, 800"
21406,Asarlık Giriş,5,"602, 648, 660, 749, 800"
21407,Asarlık Giriş,5,"602, 648, 660, 749, 800"
21408,Haldun Koşay Lisesi,5,"602, 648, 660, 749, 800"
21409,Haldun Koşay Lisesi,5,"602, 648, 660, 749, 800"
21420,Astsubay Lojmanları,5,"128, 428, 602, 660, 800"
21495,Ulukent Aktarma,5,"619, 750, 757, 812, 850"
21530,Cansu Sitesi,5,"128, 428, 608, 749, 848"
21531,Cansu Sitesi,5,"128, 428, 608, 749, 848"
21548,Şelale,5,"128, 428, 608, 749, 826"
21549,Şelale,5,"128, 428, 608, 749, 826"
21550,Kent 2,5,"128, 428, 608, 749, 826"
21551,Kent 2,5,"128, 428, 608, 749, 826"
21571,Ova Küme Evleri,5,"619, 750, 757, 812, 850"
21572,Çitlenbik,5,"619, 750, 757, 812, 850"
21575,Hobi Park,5,"619, 750, 757, 812, 850"
21576,Hobi Park,5,"619, 750, 757, 812, 850"
21577,Günerli Üçyol,5,"619, 750, 757, 812, 850"
21578,Günerli Üçyol,5,"619, 750, 757, 812, 850"
21579,Günerli Dörtyol,5,"619, 750, 757, 812, 850"
21580,Günerli Dörtyol,5,"619, 750, 757, 812, 850"
21581,Ekin Koleji,5,"619, 750, 757, 812, 850"
21582,Ekin Koleji,5,"619, 750, 757, 812, 850"
21591,Aşağı Çeşme,5,"619, 750, 757, 812, 850"
21592,Aşağı Çeşme,5,"619, 750, 757, 812, 850"
22009,Şehit Üsteğmen Ahmet Konuksever,5,"125, 322, 326, 426, 430"
22010,Şehit Üsteğmen Ahmet Konuksever,5,"125, 322, 326, 426, 430"
22013,Taş Duvar,5,"125, 322, 326, 426, 430"
22014,Taş Duvar,5,"125, 322, 326, 426, 430"
22015,Yüksek Vadi,5,"125, 322, 326, 426, 430"
22016,Yüksek Vadi,5,"125, 322, 326, 426, 430"
22045,Yüksek Vadi 2,5,"125, 322, 326, 426, 430"
22046,Yüksek Vadi 2,5,"125, 322, 326, 426, 430"
22077,Atatürk Mahallesi TOKİ İlkokulu,5,"346, 442, 446, 810, 816"
22078,Atatürk Mahallesi TOKİ İlkokulu,5,"346, 442, 446, 810, 816"
22085,Atatürk Mahallesi Toki Evleri 1,5,"346, 442, 446, 810, 816"
22086,Atatürk Mahallesi Toki Evleri 1,5,"346, 442, 446, 810, 816"
22087,Atatürk Mahallesi Toki Evleri 2,5,"346, 442, 446, 810, 816"
22088,Atatürk Mahallesi Toki Evleri 2,5,"346, 442, 446, 810, 816"
22257,Menemen Aktarma Merkezi,5,"657, 753, 754, 755, 756"
22630,Yonca,5,"125, 322, 326, 426, 430"
22631,Yonca,5,"125, 322, 326, 426, 430"
22745,Karayolları,5,"835, 837, 849, 935, 936"
22747,Aliağa Sahil,5,"835, 837, 849, 935, 936"
22748,Karayolları,5,"835, 837, 849, 935, 936"
22749,Termik Santral Tesisleri,5,"835, 837, 849, 935, 936"
22750,Aliağa Sahil,5,"835, 837, 849, 935, 936"
22751,Kombine,5,"835, 837, 849, 935, 936"
22752,Termik Santral Tesisleri,5,"835, 837, 849, 935, 936"
22753,Aliağa İskele,5,"835, 837, 849, 935, 936"
22754,Kombine,5,"835, 837, 849, 935, 936"
22755,Sahil Sağlık Denetleme,5,"835, 837, 849, 935, 936"
22756,Aliağa İskele,5,"835, 837, 849, 935, 936"
22757,Tabakçı plajı,5,"835, 837, 849, 935, 936"
22758,Sahil Sağlık Denetleme,5,"835, 837, 849, 935, 936"
22759,Fabrika,5,"835, 837, 849, 935, 936"
22760,Tabakçı plajı,5,"835, 837, 849, 935, 936"
22762,Fabrika,5,"835, 837, 849, 935, 936"
23000,Yuvam,5,"645, 646, 835, 842, 936"
23003,Bergama Tuna,5,"645, 646, 835, 842, 936"
23005,Mezarlıkbaşı Cami,5,"645, 646, 835, 842, 936"
23006,Bergama Tuna,5,"645, 646, 835, 842, 936"
23007,Bergama Sardunya,5,"645, 646, 835, 842, 936"
23008,Mezarlıkbaşı Cami,5,"645, 646, 835, 842, 936"
23010,Bergama Sardunya,5,"645, 646, 835, 842, 936"
23012,Bergama Begonya,5,"645, 646, 835, 842, 936"
23014,Bergama Salkım,5,"645, 646, 835, 842, 936"
23533,Atatürk Mahallesi Gezer,5,"346, 442, 446, 810, 816"
23601,Karşıyaka İskele,5,"196, 197, 258, 741, 847"
23800,Bergama Kantar,5,"645, 646, 835, 842, 936"
23917,Sedir,5,"602, 648, 660, 749, 800"
23986,Yurt,5,"207, 557, 558, 559, 598"
23988,Havacılık Lisesi,5,"602, 648, 660, 749, 800"
23989,Havacılık Lisesi,5,"602, 648, 660, 749, 800"
24119,Semiye,5,"643, 644, 645, 651, 835"
24157,İlçe Tarım,5,"651, 652, 653, 656, 936"
24264,Düğün Salonu,5,"619, 750, 757, 812, 850"
24379,Düğün Salonu,5,"619, 750, 757, 812, 850"
24544,Çitlenbik,5,"619, 750, 757, 812, 850"
30047,Işıkkent Mezarlık,5,"117, 364, 367, 560, 60"
30062,Otogar Kavşağı,5,"117, 367, 505, 60, 64"
30163,Altındağ Atatürk Kültür Merkezi STK Yerleşke,5,"364, 54, 555, 560, 564"
30164,Altındağ Atatürk Kültür Merkezi STK Yerleşke,5,"364, 54, 555, 560, 564"
30165,Bulvar,5,"364, 54, 555, 560, 564"
30166,Bulvar,5,"364, 54, 555, 560, 564"
30220,Rafet Paşa,5,"119, 259, 54, 555, 59"
30332,Çimento Fabrikası,5,"111, 317, 949, 966, 988"
30333,Osman Kibar Kavşağı,5,"314, 602, 608, 660, 949"
30335,Bölge Trafik,5,"314, 602, 608, 660, 949"
30336,Bölge Trafik,5,"314, 602, 608, 660, 949"
30337,Atölye,5,"314, 602, 608, 660, 949"
30338,Atölye,5,"314, 602, 608, 660, 949"
30340,Dördüncü Sanayi Kavşağı,5,"111, 317, 949, 966, 988"
30341,Dördüncü Sanayi Kavşağı,5,"111, 317, 949, 966, 988"
30342,Terbay,5,"111, 317, 949, 966, 988"
30344,Terbay,5,"111, 317, 949, 966, 988"
30355,Çimento Fabrikası,5,"111, 317, 949, 966, 988"
30586,Hasan Tahsin Özel Eğitim Okulu,5,"268, 358, 367, 368, 468"
30588,Görme Engelliler Okulu,5,"268, 358, 367, 368, 468"
30589,Okullar,5,"268, 358, 367, 368, 468"
30590,Okullar,5,"268, 358, 367, 368, 468"
30591,Hasan Tahsin Özel Eğitim Okulu,5,"268, 358, 367, 368, 468"
30592,Görme Engelliler Okulu,5,"268, 358, 367, 368, 468"
30593,Okul,5,"268, 358, 367, 368, 468"
30594,Okul,5,"268, 358, 367, 368, 468"
30670,Kent Bahçeleri,5,"267, 358, 560, 60, 67"
30672,Aziz Erol Güzelcan Mesleki ve Teknik Anadolu Lisesi,5,"267, 358, 560, 60, 67"
30673,Kent Bahçeleri,5,"267, 358, 560, 60, 67"
30676,Güzeller,5,"267, 358, 560, 60, 67"
30677,Güzeller,5,"267, 358, 560, 60, 67"
30678,Demirler,5,"267, 358, 560, 60, 67"
30679,Demirler,5,"267, 358, 560, 60, 67"
30680,Pınarbaşı Kültür Merkezi,5,"267, 358, 560, 60, 67"
30681,Pınarbaşı Kültür Merkezi,5,"267, 358, 560, 60, 67"
30682,Siteler,5,"267, 358, 560, 60, 67"
30683,Siteler,5,"267, 358, 560, 60, 67"
30684,Market,5,"267, 358, 560, 60, 67"
30685,Market,5,"267, 358, 560, 60, 67"
30686,Göçmen,5,"267, 358, 560, 60, 67"
30687,Göçmen,5,"267, 358, 560, 60, 67"
30688,Şen,5,"267, 358, 560, 60, 67"
30689,Şen Market,5,"267, 358, 560, 60, 67"
30690,Beşinci Sanayi Sitesi,5,"267, 358, 560, 60, 67"
30691,Pınarbaşı Sanayi Giriş,5,"267, 358, 560, 60, 67"
30692,Pınarbaşı Sanayi Giriş,5,"267, 358, 560, 60, 67"
30962,Matbaa,5,"359, 503, 513, 599, 699"
30970,Bayraklı Çocuk Parkı,5,"359, 503, 513, 599, 699"
30992,Adil Akçamlı,5,"102, 501, 502, 557, 662"
30993,Mavi Köşe,5,"102, 502, 557, 598, 662"
30994,Mavi Köşe,5,"102, 502, 557, 598, 662"
30995,Taş Ocağı,5,"102, 502, 557, 598, 662"
30996,Taş Ocağı,5,"102, 502, 557, 598, 662"
31046,Alparslan Mahallesi Muhtarlık,5,"102, 502, 557, 598, 662"
31047,Alparslan Mahallesi Muhtarlık,5,"102, 502, 557, 598, 662"
31048,PTT Santral,5,"102, 502, 557, 598, 662"
31049,PTT Santral,5,"102, 502, 557, 598, 662"
31095,Köşe,5,"503, 513, 597, 599, 699"
31096,Köşe,5,"503, 513, 597, 599, 699"
31097,Metaş İlköğretim Okulu,5,"503, 513, 597, 599, 699"
31098,Metaş İlköğretim Okulu,5,"503, 513, 597, 599, 699"
31099,Kasap,5,"503, 513, 597, 599, 699"
31100,Kasap,5,"503, 513, 597, 599, 699"
31101,Dümbüllü,5,"503, 513, 597, 599, 699"
31102,Dümbüllü,5,"503, 513, 597, 599, 699"
31103,Çardak,5,"503, 513, 597, 599, 699"
31104,Çardak,5,"503, 513, 597, 599, 699"
31271,Mahfel,5,"313, 314, 338, 568, 570"
31272,Mahfel,5,"313, 314, 338, 568, 570"
31292,Erzene Muhtarlık,5,"365, 565, 566, 584, 585"
31298,Malazgirt İlköğretim Okulu,5,"365, 565, 566, 584, 585"
31299,Malazgirt İlköğretim Okulu,5,"365, 565, 566, 584, 585"
31300,Lale Tepe Cami,5,"365, 565, 566, 584, 585"
31301,Lale Tepe Cami,5,"365, 565, 566, 584, 585"
31302,Toprak Yol,5,"365, 565, 566, 584, 585"
31303,Toprak Yol,5,"365, 565, 566, 584, 585"
31319,Seyit Şanlı Anadolu Lisesi,5,"168, 249, 568, 584, 585"
31469,Ses,5,"111, 317, 67, 966, 988"
31470,Ses,5,"111, 317, 67, 966, 988"
31471,Dördüncü Sanayi,5,"111, 317, 67, 966, 988"
31472,Erez,5,"111, 317, 67, 966, 988"
32149,Benzinlik,5,"290, 602, 608, 660, 800"
32150,Bölge İstasyonu,5,"290, 602, 608, 660, 800"
32151,Ankara Caddesi,5,"290, 602, 608, 660, 800"
32152,Ankara Caddesi,5,"290, 602, 608, 660, 800"
32154,Narlıkuyu,5,"290, 602, 608, 660, 800"
32155,Narlıkuyu,5,"290, 602, 608, 660, 800"
32184,Keresteciler,5,"290, 602, 608, 660, 800"
32268,Yıkık Minare Cami,5,"365, 565, 566, 584, 585"
32423,Seyit Şanlı Anadolu Lisesi,5,"168, 249, 568, 584, 585"
32462,Eylül,5,"277, 302, 505, 54, 555"
40003,Şirinyer Merkez,5,"104, 470, 490, 515, 940"
40057,Fatma Saygın Anadolu Lisesi,5,"176, 177, 206, 353, 869"
40058,Fatma Saygın Anadolu Lisesi,5,"176, 177, 206, 353, 869"
40080,Buca Eski Mezarlık,5,"176, 177, 304, 536, 866"
40094,Buca Belediye Şantiye,5,"176, 177, 206, 277, 536"
40101,Şirinyer Bankalar,5,"303, 304, 36, 418, 466"
40102,Şirinyer Bankalar,5,"303, 304, 36, 418, 466"
40103,Fabrika,5,"303, 304, 36, 418, 466"
40104,Fabrika,5,"303, 304, 36, 418, 466"
40105,Yeniyol,5,"303, 304, 36, 418, 466"
40106,Yeniyol,5,"303, 304, 36, 418, 466"
40251,Eski Sinema 2,5,"465, 471, 476, 676, 805"
40252,Eski Sinema,5,"465, 471, 476, 676, 805"
40411,Redresör,5,"441, 472, 72, 838, 871"
40461,Çakıl,5,"285, 374, 874, 875, 876"
40462,Çakıl,5,"285, 374, 874, 875, 876"
40464,Hüdaverdi Cami,5,"284, 285, 374, 874, 875"
40475,Hüdaverdi Cami,5,"284, 285, 374, 874, 875"
40488,Evka 1 İtfaiye,5,"284, 285, 374, 874, 875"
40503,Evka 1 İtfaiye,5,"284, 285, 374, 874, 875"
40504,Evka 1 Çeşme,5,"284, 285, 374, 874, 875"
40505,Evka 1 Ceşme,5,"284, 285, 374, 874, 875"
40506,Süleyman Şah Mesleki ve Teknik Anadolu Lisesi,5,"284, 285, 374, 874, 875"
40507,Süleyman Şah Mesleki ve Teknik Anadolu Lisesi,5,"284, 285, 374, 874, 875"
41200,Hasan Ağa Bahçesi,5,"176, 177, 304, 536, 866"
41204,Işılay Saygın Lisesi,5,"176, 177, 866, 869, 940"
41416,Tınaztepe Yerleşke Son Durak,5,"171, 277, 465, 476, 676"
50001,Üçkuyular İskele Son Durak,5,"481, 483, 7, 945, 946"
50097,Siteler,5,"909, 962, 981, 982, 984"
50099,Çamlıçay Mahallesi,5,"909, 962, 981, 982, 984"
50100,Siteler,5,"909, 962, 981, 982, 984"
50101,Cemevi,5,"909, 962, 981, 982, 984"
50102,Çamlıçay Mahallesi,5,"909, 962, 981, 982, 984"
50103,Damlar,5,"909, 962, 981, 982, 984"
50104,Cemevi,5,"909, 962, 981, 982, 984"
50106,Damlar,5,"909, 962, 981, 982, 984"
50119,Yakamoz,5,"684, 962, 981, 982, 984"
50122,Yakamoz,5,"684, 962, 981, 982, 984"
50138,İkiztepe,5,"167, 480, 551, 950, 969"
50140,Barış,5,"167, 480, 551, 950, 969"
50142,Ziya Gökalp,5,"167, 480, 551, 950, 969"
50147,Balçova İstasyon,5,"167, 480, 551, 950, 969"
50149,Balçova Anadolu Lisesi,5,"167, 480, 551, 950, 969"
50150,Tatbikat Cami,5,"167, 480, 551, 950, 969"
50151,Sevgi Yolu,5,"167, 480, 551, 950, 969"
50152,Duygu,5,"167, 480, 551, 950, 969"
50153,Balçova Belediyesi,5,"167, 480, 551, 950, 969"
50154,Kabristan,5,"167, 480, 551, 950, 969"
50159,Merkez Cami,5,"167, 480, 551, 950, 969"
50165,Asmaaltı,5,"167, 480, 551, 950, 969"
50177,Turem,5,"480, 481, 551, 950, 969"
50196,Korutürk,5,"480, 510, 551, 650, 950"
50198,Termal,5,"480, 510, 551, 650, 950"
50357,Stad,5,"321, 762, 8, 82, 9"
50362,Güzelbahçe Meydan,5,"321, 762, 8, 82, 9"
50363,Güzelbahçe Sağlık Ocağı,5,"321, 762, 8, 82, 9"
50364,Sağlık Ocağı,5,"321, 762, 8, 82, 9"
50365,Okul Durağı,5,"321, 762, 8, 82, 9"
50366,Okul Durağı,5,"321, 762, 8, 82, 9"
50372,Stad,5,"321, 762, 8, 82, 9"
50389,Çiçek Mezatı,5,"675, 975, 983, 985, 987"
50400,Kent Koleji,5,"675, 975, 983, 985, 987"
50409,Çamlı Solakoğlu,5,"675, 975, 983, 985, 987"
50410,Çamlı Solakoğlu,5,"675, 975, 983, 985, 987"
50411,Çamtepe Besicilik,5,"675, 975, 983, 985, 987"
50412,Çamtepe Besicilik,5,"675, 975, 983, 985, 987"
50413,Çamtepe Eskicioğlu,5,"675, 975, 983, 985, 987"
50414,Çamtepe Eskicioğlu,5,"675, 975, 983, 985, 987"
50415,Hekim Köy,5,"675, 975, 983, 985, 987"
50416,Hekim Köy,5,"675, 975, 983, 985, 987"
50417,Bademler Kooperatif,5,"675, 975, 983, 985, 987"
50418,Bademler Kooperatif,5,"675, 975, 983, 985, 987"
50419,Bademler,5,"675, 975, 983, 985, 987"
50420,Bademler,5,"675, 975, 983, 985, 987"
50421,Bademler Benzin İstasyonu,5,"675, 975, 983, 985, 987"
50422,Bademler Benzin İstasyonu,5,"675, 975, 983, 985, 987"
50423,Bademler Gödence,5,"675, 975, 985, 987, 991"
50424,Bademler Gödence,5,"675, 975, 983, 985, 987"
50425,Yeşilkent,5,"675, 975, 985, 987, 991"
50426,Yeşilkent,5,"675, 975, 985, 987, 991"
50427,Ufuk Köy,5,"675, 732, 975, 985, 991"
50428,Ufuk Köy,5,"675, 732, 975, 985, 991"
50431,Ulamış Yaren,5,"675, 732, 975, 985, 991"
50432,Ulamış Yaren,5,"675, 732, 975, 985, 991"
50523,Siteler Muhtarlık,5,"909, 962, 981, 982, 984"
50618,Söğüt,5,"760, 761, 906, 981, 982"
50619,Söğüt,5,"760, 761, 906, 981, 982"
50712,Kavacık Yolu,5,"17, 24, 517, 522, 877"
50713,Kavacık Yolu,5,"17, 24, 517, 522, 877"
51823,Sığacık Yol Ayrımı 2,5,"641, 732, 979, 989, 991"
51968,Spor Salonu,5,"480, 481, 510, 551, 650"
52305,Ulamış Kümesi,5,"675, 732, 975, 985, 991"
52306,Ulamış Kümesi,5,"675, 732, 975, 985, 991"
10036,Konak,4,"104, 171, 465, 471"
10134,Fahrettin Altay Meydan 7,4,"517, 681, 879, 950"
10145,Kız Lisesi,4,"10, 253, 302, 951"
10147,Karataş Anadolu Lisesi,4,"10, 253, 302, 951"
10211,Çankaya,4,"691, 811, 940, 950"
10225,Mezarlıkbaşı,4,"18, 19, 20, 811"
10259,Şoförler Lokali,4,"15, 681, 811, 950"
10262,Şoförler Lokali,4,"15, 21, 681, 950"
10280,Hıfzıssıhha,4,"517, 681, 879, 950"
10285,Hatay Çeşme,4,"15, 681, 811, 950"
10290,Denizmen,4,"517, 681, 879, 950"
10292,Göztepe Stadı,4,"517, 681, 879, 950"
10312,Üçyol Aktarma,4,"16, 520, 575, 84"
10502,Fahrettin Altay Meydan 8,4,"311, 551, 945, 946"
10506,Mehmetçik,4,"486, 517, 681, 879"
10514,İkinci Oyak Sitesi,4,"517, 551, 681, 879"
10554,Vasıf Çınar,4,"202, 910, 940, 950"
10580,İsmet Paşa Sağlık Ocağı,4,"39, 418, 466, 838"
10581,İsmet Paşa Sağlık Ocağı,4,"39, 418, 466, 838"
10605,Mevlüt Aysun Özer İlkokulu,4,"232, 233, 353, 818"
10606,Mevlüt Aysun Özer İlkokulu,4,"232, 233, 353, 818"
10644,TRT,4,"697, 705, 806, 858"
10645,TRT,4,"697, 705, 806, 858"
10646,Selçuk Şehit Erol Olçok Anadolu Lisesi,4,"693, 694, 743, 770"
10647,Selçuk Şehit Erol Olçok Anadolu Lisesi,4,"693, 694, 743, 770"
10672,Sarnıç Alt Geçidi,4,"697, 806, 858, 887"
10685,Ürkmez Kumsal,4,"776, 986, 987, 989"
10686,Ürkmez Kumsal,4,"776, 986, 987, 989"
10693,Gümüşsuyu Orman Kampı,4,"776, 778, 986, 987"
10694,Gümüşsuyu Orman Kampı,4,"776, 778, 986, 987"
10791,Oğlananası,4,"697, 705, 806, 858"
10792,Ayrancılar Gölet,4,"697, 705, 806, 858"
10793,Ayrancılar Gölet,4,"697, 705, 806, 858"
10813,Bahçelievler,4,"697, 701, 806, 858"
10824,Oğlananası,4,"697, 705, 806, 858"
10915,Seferihisar Belediyesi Şantiye,4,"776, 986, 987, 989"
10916,Seferihisar Belediyesi Şantiye,4,"776, 986, 987, 989"
10938,Selçuk Belediyesi,4,"693, 694, 743, 770"
10939,Selçuk Belediyesi,4,"693, 694, 743, 770"
10941,Selçuk Yeni Son Durağı,4,"693, 694, 743, 770"
11048,Meryem Ana,4,"776, 778, 986, 987"
11050,Tıp Merkezi,4,"776, 778, 986, 987"
11053,Meryem  Ana,4,"776, 778, 986, 987"
11054,Gümüldür Lisesi,4,"776, 778, 986, 987"
11055,Tıp Merkezi,4,"776, 778, 986, 987"
11056,DSİ Kamp,4,"776, 778, 986, 987"
11057,Bahçecik,4,"776, 778, 986, 987"
11058,Göçmen Konutları,4,"776, 778, 986, 987"
11059,Gümüldür Lisesi,4,"776, 778, 986, 987"
11060,Hacı Sadık Cami,4,"776, 778, 986, 987"
11061,DSİ Kamp,4,"776, 778, 986, 987"
11062,Orman Kampı,4,"776, 778, 986, 987"
11063,Göçmen Konutları,4,"776, 778, 986, 987"
11064,Stad,4,"776, 778, 986, 987"
11065,Hacı Sadık Cami,4,"776, 778, 986, 987"
11066,İZDER,4,"776, 778, 986, 987"
11067,Orman Kampı,4,"776, 778, 986, 987"
11068,Ürkmez Belediyesi,4,"776, 778, 986, 987"
11069,Stad,4,"776, 778, 986, 987"
11070,Ürkmez Sağlık Ocağı,4,"776, 778, 986, 987"
11071,İZDER,4,"776, 778, 986, 987"
11073,Ürkmez Belediyesi,4,"776, 778, 986, 987"
11074,Pansiyon,4,"776, 986, 987, 989"
11075,Ürkmez Sağlık Ocağı,4,"776, 778, 986, 987"
11076,Ürkmez Jandarma,4,"776, 986, 987, 989"
11078,Fırın,4,"776, 986, 987, 989"
11079,Huzur Sitesi,4,"776, 986, 987, 989"
11080,Payamlı Muhtarlık,4,"776, 986, 987, 989"
11081,Pansiyon,4,"776, 986, 987, 989"
11082,Yıldız,4,"776, 986, 987, 989"
11083,Ürkmez Jandarma,4,"776, 986, 987, 989"
11084,Ozanköy,4,"776, 986, 987, 989"
11085,Fırın,4,"776, 986, 987, 989"
11086,Sahilkent,4,"776, 986, 987, 989"
11087,Payamlı Muhtarlık,4,"776, 986, 987, 989"
11088,Ar Konutları,4,"776, 986, 987, 989"
11089,Yıldız,4,"776, 986, 987, 989"
11090,Sakızağacı,4,"776, 986, 987, 989"
11091,Ozanköy,4,"776, 986, 987, 989"
11092,Doğanbey Çıkış,4,"776, 986, 987, 989"
11093,Çiçek Tatil Sitesi,4,"776, 986, 987, 989"
11095,Ar Konutları,4,"776, 986, 987, 989"
11096,Bahçecik,4,"776, 778, 986, 987"
11097,Sakızağacı,4,"776, 986, 987, 989"
11099,Doğanbey Çıkış,4,"776, 986, 987, 989"
11101,Doğanbey,4,"776, 986, 987, 989"
11102,Doğanbey,4,"776, 986, 987, 989"
11108,Huzur Sitesi,4,"776, 986, 987, 989"
11118,Ovacık,4,"776, 778, 986, 987"
11119,Ovacık,4,"776, 778, 986, 987"
11120,Çiçek Tatil Sitesi,4,"776, 986, 987, 989"
11121,Sahilkent,4,"776, 986, 987, 989"
11148,Mandalin,4,"776, 778, 986, 987"
11149,Mandalin,4,"776, 778, 986, 987"
11150,Gümüldür Muhtar,4,"776, 778, 986, 987"
11151,Gümüldür Muhtar,4,"776, 778, 986, 987"
11152,Gümüldür Meydan 2,4,"776, 778, 986, 987"
11153,Gümüldür Meydan 2,4,"776, 778, 986, 987"
11154,Gümüldür Pazaryeri,4,"776, 778, 986, 987"
11155,Gümüldür Pazaryeri,4,"776, 778, 986, 987"
11156,Gümüldür Kavşak,4,"776, 778, 986, 987"
11157,Gümüldür Kavşak,4,"776, 778, 986, 987"
11294,Karakoç Çayı,4,"776, 986, 987, 989"
11332,Karakoç Çayı,4,"776, 986, 987, 989"
11396,Ortaköy Kavşak,4,"721, 763, 785, 786"
11397,Ortaköy Kavşak,4,"721, 763, 785, 786"
11412,Çamlıca Kavşağı,4,"721, 763, 785, 786"
11414,Zümrüt,4,"721, 763, 785, 786"
11415,Zümrüt,4,"721, 763, 785, 786"
11418,Punteks,4,"721, 763, 785, 786"
11419,Punteks,4,"721, 763, 785, 786"
11420,Palmiye,4,"721, 763, 785, 786"
11421,Palmiye,4,"721, 763, 785, 786"
11422,Verde,4,"721, 763, 785, 786"
11423,Verde,4,"721, 763, 785, 786"
11424,Kocatepe Zeytinlik,4,"721, 763, 785, 786"
11425,Kocatepe Zeytinlik,4,"721, 763, 785, 786"
11426,Karakuyu Mezarlık,4,"721, 763, 785, 786"
11427,Karakuyu Mezarlık,4,"721, 763, 785, 786"
11428,Karakuyu Spor Tesisleri,4,"721, 763, 785, 786"
11429,Karakuyu Spor Tesisleri,4,"721, 763, 785, 786"
11430,Karakuyu Gülfidan,4,"721, 763, 785, 786"
11431,Karakuyu Gülfidan,4,"721, 763, 785, 786"
11432,Karakuyu Pazar Yeri,4,"721, 763, 785, 786"
11433,Karakuyu Pazar Yeri,4,"721, 763, 785, 786"
11474,Haluk Alpsu Bulvarı,4,"701, 714, 715, 722"
11475,Haluk Alpsu Bulvarı,4,"701, 714, 715, 722"
11476,Fidan,4,"701, 714, 715, 722"
11477,Fidan,4,"701, 714, 715, 722"
11526,Yaren Dede,4,"721, 763, 785, 786"
11537,Market,4,"701, 715, 722, 783"
11538,Market,4,"701, 715, 722, 783"
11539,Ertuğrul Cami,4,"701, 715, 722, 783"
11540,Ertuğrul Cami,4,"701, 715, 722, 783"
11560,Doğanbey Muhtarlık,4,"776, 986, 987, 989"
11561,Doğanbey Muhtarlık,4,"776, 986, 987, 989"
11562,Karakuyu Birlik Sitesi,4,"721, 763, 785, 786"
11563,Karakuyu Birlik Sitesi,4,"721, 763, 785, 786"
11659,Papatya,4,"727, 780, 798, 858"
11660,Papatya,4,"727, 780, 798, 858"
11689,Subaşı Belediyesi,4,"727, 780, 798, 858"
11690,Subaşı Belediyesi,4,"727, 780, 798, 858"
11691,7 Nolu Sağlık Ocağı,4,"727, 780, 798, 858"
11692,7 Nolu Sağlık Ocağı,4,"727, 780, 798, 858"
11693,Akkoca Tavuk Çiftliği,4,"727, 780, 798, 858"
11694,Akkoca Tavuk Çiftliği,4,"727, 780, 798, 858"
11695,Çiftlik,4,"727, 780, 798, 858"
11696,Çiftlik,4,"727, 780, 798, 858"
11697,Atalan Aile Sağlığı Merkezi,4,"727, 780, 798, 858"
11700,Atalan Aile Sağlığı Merkezi,4,"727, 780, 798, 858"
11853,Yenişehir Pazar Yeri,4,"200, 36, 515, 539"
11855,Yenişehir Üst Geçit,4,"200, 36, 515, 539"
11930,Hacı Bayram Cami,4,"41, 42, 46, 49"
11932,Zeytinlik,4,"41, 42, 46, 49"
12059,Eşrefpaşa,4,"29, 30, 32, 33"
12222,Hulusi Kentmen Parkı,4,"23, 523, 823, 877"
12223,Hulusi Kentmen Parkı,4,"23, 523, 823, 877"
12224,Çiftlik,4,"23, 523, 823, 877"
12225,Çiftlik,4,"23, 523, 823, 877"
12226,Eskiizmir İlkokulu,4,"23, 523, 823, 877"
12227,Eskiizmir İlkokulu,4,"23, 523, 823, 877"
12228,Reşat Nuri,4,"23, 523, 823, 877"
12229,Reşat Nuri,4,"23, 523, 823, 877"
12230,Gürsel,4,"23, 523, 823, 877"
12231,Gürsel,4,"23, 523, 823, 877"
12232,İzmir Anadolu Lisesi,4,"23, 523, 823, 877"
12233,İzmir Anadolu Lisesi,4,"23, 523, 823, 877"
12238,Türkeliler,4,"23, 516, 523, 877"
12239,Türkeliler,4,"23, 516, 523, 877"
12240,Uzundere,4,"23, 516, 523, 877"
12287,Osman Kibar,4,"124, 20, 587, 84"
12288,Osman Kibar,4,"124, 20, 587, 84"
12289,Gülyaka,4,"124, 20, 587, 84"
12290,Gülyaka,4,"124, 20, 587, 84"
12303,İzsu,4,"18, 575, 579, 879"
12304,İzsu,4,"18, 575, 579, 879"
12305,Defne,4,"18, 575, 579, 879"
12306,Defne,4,"18, 575, 579, 879"
12307,Öztepe,4,"18, 575, 579, 879"
12308,Öztepe,4,"18, 575, 579, 879"
12315,Ahmet Ragıp Üzümcü İlkokulu,4,"18, 20, 575, 579"
12316,Ahmet Ragıp Üzümcü İlkokulu,4,"18, 20, 575, 579"
12331,Fidan,4,"18, 520, 575, 579"
12332,Mızraklı,4,"18, 520, 575, 579"
12334,Fidan,4,"18, 520, 575, 579"
12367,Mızraklı,4,"18, 520, 575, 579"
12452,Yeşilyurt Mezarlık,4,"16, 20, 520, 84"
12453,Yeşilyurt Mezarlık,4,"16, 20, 520, 84"
12454,Yeşilyurt Sağlık Ocağı,4,"16, 20, 520, 84"
12455,Yeşilyurt Sağlık Ocağı,4,"16, 20, 520, 84"
12456,Kooperatif Evleri Eski Son Durak,4,"16, 20, 520, 84"
12457,Kooperatif Evleri Eski Son Durak,4,"16, 20, 520, 84"
12458,Bahçe,4,"16, 20, 520, 84"
12459,Bahçe,4,"16, 20, 520, 84"
12541,Sacide Ayaz İlk ve Ortaokulu,4,"193, 524, 873, 877"
12617,Karanfil,4,"224, 522, 671, 823"
12618,Karanfil,4,"224, 522, 671, 823"
12621,Çamlık Yol Ayrımı,4,"224, 522, 671, 823"
12622,Kaymakkuyu 2,4,"156, 157, 27, 671"
12625,Trafo,4,"224, 522, 671, 823"
12638,Hasan Ali Yücel Parkı,4,"550, 556, 671, 879"
12639,Hasan Ali Yücel Parkı,4,"550, 556, 671, 879"
12641,İlkkurşun Anadolu Lisesi,4,"550, 556, 671, 879"
12642,İlkkurşun Anadolu Lisesi,4,"550, 556, 671, 879"
12643,İsmail Hakkı Tonguç Parkı,4,"224, 522, 823, 879"
12644,İsmail Hakkı Tonguç Parkı,4,"224, 522, 823, 879"
12718,Aktepe Cami,4,"157, 828, 879, 92"
12720,Demirkıran,4,"157, 828, 879, 92"
12721,Aktepe Cami,4,"157, 828, 879, 92"
12723,Demirkıran,4,"157, 828, 879, 92"
12789,Cennetçeşme Beyazıt Cami,4,"193, 524, 873, 877"
12791,Muran,4,"193, 524, 873, 877"
12792,Muran,4,"193, 524, 873, 877"
12801,Yurtoğlu Üçyol,4,"193, 524, 873, 877"
12802,Yurtoğlu Üçyol,4,"193, 524, 873, 877"
12818,Ana Sağlığı,4,"156, 27, 556, 828"
12819,Ana Sağlığı,4,"156, 27, 556, 828"
13016,Havalimanı Dış Hatlar Geliş,4,"200, 202, 204, 206"
13018,Havalimanı İç Hatlar Geliş,4,"200, 202, 204, 206"
13164,Esbaş,4,"232, 491, 808, 828"
13181,Yasemin Uysal,4,"232, 233, 353, 818"
13182,Yasemin Uysal,4,"232, 233, 353, 818"
13248,Yavuz Selim İlkokulu,4,"17, 517, 522, 877"
13249,Yavuz Selim İlkokulu,4,"17, 517, 522, 877"
13250,Fatih Sultan Mehmet Teknik ve Endüstri Meslek Lisesi,4,"17, 517, 522, 877"
13251,Fatih Sultan Mehmet Teknik ve Endüstri Meslek Lisesi,4,"17, 517, 522, 877"
13254,Yasemin,4,"17, 517, 522, 877"
13255,Yasemin,4,"17, 517, 522, 877"
13258,Nergiz,4,"17, 517, 522, 877"
13259,Nergiz,4,"17, 517, 522, 877"
13260,Leylak,4,"17, 517, 522, 877"
13261,Leylak,4,"17, 517, 522, 877"
13262,Lavanta,4,"17, 517, 522, 877"
13263,Lavanta,4,"17, 517, 522, 877"
13264,Toki Evleri Son Durak,4,"17, 517, 522, 877"
13265,Zambak,4,"17, 517, 522, 877"
13266,Zambak,4,"17, 517, 522, 877"
13276,Cumaovası Aktarma Merkezi,4,"729, 792, 794, 829"
13332,İncir Fabrikası,4,"789, 799, 804, 829"
13333,İncir Fabrikası,4,"789, 799, 804, 829"
13334,Dereköy Kavşak,4,"789, 799, 804, 829"
13335,Dereköy Kavşak,4,"789, 799, 804, 829"
13535,Eksen Deresi,4,"979, 986, 987, 989"
13536,Eksen Deresi,4,"979, 986, 987, 989"
13540,Ömür Beldesi,4,"979, 986, 987, 989"
13542,Doğanbey Payamlı,4,"979, 986, 987, 989"
13544,Haritacılar Sitesi,4,"979, 986, 987, 989"
13545,Doğanbey Payamlı,4,"979, 986, 987, 989"
13546,Güneşlikent,4,"979, 986, 987, 989"
13547,Haritacılar Sitesi,4,"979, 986, 987, 989"
13548,Kemerkaya Evleri,4,"979, 986, 987, 989"
13549,Güneşlikent,4,"979, 986, 987, 989"
13550,Yenikent,4,"979, 986, 987, 989"
13551,Kemerkaya Evleri,4,"979, 986, 987, 989"
13553,Yenikent,4,"979, 986, 987, 989"
13554,Akarca,4,"979, 986, 987, 989"
13556,Hıdırlık,4,"979, 986, 987, 989"
13557,Akarca,4,"979, 986, 987, 989"
13558,Tepecik Caddesi,4,"979, 986, 987, 989"
13559,Hıdırlık,4,"979, 986, 987, 989"
13696,Taşkesik,4,"697, 782, 795, 806"
13697,Taşkesik,4,"697, 782, 795, 806"
13698,Havuzbaşı Zeytinlik,4,"697, 782, 795, 806"
13851,Torbalı Diş Hastanesi,4,"701, 715, 722, 783"
13852,Torbalı Diş Hastanesi,4,"701, 715, 722, 783"
13996,Hükümet Önü,4,"678, 679, 790, 865"
14623,Tire Kavşağı,4,"697, 795, 806, 865"
14624,Tire Kavşağı,4,"697, 795, 806, 865"
14629,Bayındır Yağcı,4,"697, 795, 806, 865"
14631,Bayındır Meslek Yüksek Okulu,4,"697, 795, 806, 865"
14632,Bayındır Meslek Yüksek Okulu,4,"697, 795, 806, 865"
14633,Yusuflu,4,"697, 795, 806, 865"
14634,Yusuflu,4,"697, 795, 806, 865"
14635,Yakacık,4,"697, 795, 806, 865"
14636,Yakacık,4,"697, 795, 806, 865"
14637,Yakacık Papatya,4,"697, 795, 806, 865"
14638,Yakacık Papatya,4,"697, 795, 806, 865"
14639,Buruncuk,4,"697, 795, 806, 865"
14640,Buruncuk,4,"697, 795, 806, 865"
14977,Alaşarlı,4,"611, 697, 796, 801"
14978,Alaşarlı,4,"611, 697, 796, 801"
14980,Kızılcahavlu,4,"611, 697, 796, 801"
15119,Ödemiş Sanayi,4,"609, 801, 803, 806"
15120,Ödemiş Sanayi,4,"609, 801, 803, 806"
15123,Medeniyet,4,"609, 801, 803, 806"
15124,Medeniyet,4,"609, 801, 803, 806"
15125,Çaylı Yem Sokak,4,"609, 801, 803, 806"
15126,Çaylı Yem Sokak,4,"609, 801, 803, 806"
15127,Orhangazi,4,"609, 801, 803, 806"
15128,Orhangazi,4,"609, 801, 803, 806"
15130,Köfündere,4,"609, 801, 803, 806"
15152,Buruncuk Kirazlar,4,"697, 795, 806, 865"
15153,Buruncuk Kirazlar,4,"697, 795, 806, 865"
15427,Yeni Mahalle Altyol,4,"697, 707, 806, 858"
15429,Ormancı Altyol,4,"697, 707, 806, 858"
15431,Kısıkköy Altyol,4,"697, 707, 806, 858"
15468,Yakacık Çiftlik,4,"697, 795, 806, 865"
15469,Yakacık Çiftlik,4,"697, 795, 806, 865"
15571,Bayındır Yağcı,4,"697, 795, 806, 865"
15929,Ödemiş Müzesi,4,"609, 621, 697, 806"
15930,Ödemiş Müzesi,4,"609, 621, 697, 806"
15948,Çamlık,4,"697, 707, 806, 858"
15977,Beydağ Yol Ayrımı,4,"611, 697, 796, 801"
15978,Beydağ Yol Ayrımı,4,"611, 697, 796, 801"
15984,Orhangazi Yolu,4,"609, 801, 803, 806"
15985,Orhangazi Yolu,4,"609, 801, 803, 806"
15992,Çaylı Çıkış,4,"611, 697, 796, 801"
15993,Çaylı Çıkış,4,"611, 697, 796, 801"
16129,Taşkesik Benzinlik,4,"697, 782, 795, 806"
16130,Taşkesik Yolu,4,"697, 782, 795, 806"
16131,Taşkesik Yolu,4,"697, 782, 795, 806"
16142,Kent,4,"193, 524, 873, 877"
16403,Medeniyet,4,"611, 697, 796, 801"
16404,Medeniyet,4,"611, 697, 796, 801"
16442,Türkönü Küme Evler,4,"697, 796, 803, 806"
16443,Türkönü Küme Evler,4,"697, 796, 803, 806"
16520,Sevgi Mahalle Muhtarlığı,4,"224, 522, 823, 879"
16521,Sevgi Mahalle Muhtarlığı,4,"224, 522, 823, 879"
16560,Havuzbaşı Seralar,4,"697, 782, 795, 806"
16561,Havuzbaşı Seralar,4,"697, 782, 795, 806"
16811,Kavaflar 2,4,"234, 27, 36, 838"
20004,Karşıyaka İskele,4,"136, 361, 487, 920"
20352,Spor Merkezi,4,"121, 200, 777, 821"
20353,Spor Merkezi,4,"121, 200, 777, 821"
20354,Pamukkale Sitesi,4,"121, 200, 777, 821"
20355,Pamukkale Sitesi,4,"121, 200, 777, 821"
20356,Mavişehir Dört Yol,4,"121, 200, 777, 821"
20357,Mavişehir Dört Yol,4,"121, 200, 777, 821"
20384,Süleyman Demirel Lisesi,4,"121, 200, 777, 821"
20385,Süleyman Demirel Lisesi,4,"121, 200, 777, 821"
20465,Çolakoğlu,4,"135, 335, 537, 742"
20466,Çolakoğlu,4,"135, 335, 537, 742"
20467,Doğançay Meydan,4,"135, 335, 537, 742"
20468,Doğançay Meydan,4,"135, 335, 537, 742"
20498,Pazaryeri,4,"135, 537, 577, 742"
20499,Bakkal,4,"135, 537, 577, 742"
20500,Kubilay,4,"135, 537, 577, 742"
20501,Anadolu Cami,4,"135, 537, 577, 742"
20502,Anadolu Cami,4,"135, 537, 577, 742"
20503,Yunus,4,"135, 537, 577, 742"
20504,Yunus,4,"135, 537, 577, 742"
20676,Geçit,4,"125, 126, 326, 327"
20678,Cumhuriyet Mahallesi Trafo,4,"125, 126, 326, 327"
20815,Sevgi Ormanı,4,"247, 426, 430, 447"
20816,Sevgi Ormanı,4,"247, 426, 430, 447"
20832,Şehit Astsubay Uğur Görkem Harmankaya,4,"247, 426, 430, 447"
20833,Şehit Astsubay Uğur Görkem Harmankaya,4,"247, 426, 430, 447"
20834,Gürgen,4,"247, 426, 430, 447"
20835,Gürgen,4,"247, 426, 430, 447"
20854,Şehit Üsteğmen Onur Özkaya,4,"125, 322, 326, 426"
20855,Şehit Üsteğmen Onur Özkaya,4,"125, 322, 326, 426"
20885,Mobilyacı,4,"229, 329, 429, 529"
20887,Dereyolu,4,"229, 329, 429, 529"
20889,Çiğli Kız Meslek Lisesi,4,"229, 329, 429, 529"
20890,Çiğli Kız Meslek Lisesi,4,"229, 329, 429, 529"
20902,Köyiçi Mahallesi Muhtarlık,4,"229, 329, 429, 529"
20904,Okul,4,"229, 329, 429, 529"
20906,Güzeltepe Dört Yol,4,"229, 329, 429, 529"
20907,Güzeltepe Dört Yol,4,"229, 329, 429, 529"
20908,Güzeltepe Muhtarlık,4,"229, 329, 429, 529"
20909,Güzeltepe Muhtarlık,4,"229, 329, 429, 529"
20910,Güzeltepe Esentepe Cami,4,"229, 329, 429, 529"
20911,Güzeltepe Esentepe Cami,4,"229, 329, 429, 529"
20912,Kemal Hadımlı Ortaokulu,4,"229, 329, 429, 529"
20913,Kemal Hadımlı Ortaokulu,4,"229, 329, 429, 529"
21000,Egekent Cami,4,"123, 342, 443, 816"
21001,İzkent Çay Bahçesi,4,"123, 342, 443, 816"
21002,İzkent Çay Bahçesi,4,"123, 342, 443, 816"
21003,İzkent Meydan,4,"123, 342, 443, 816"
21019,İzkent Üçyol,4,"123, 342, 443, 816"
21020,İzkent Üçyol,4,"123, 342, 443, 816"
21021,Tepe,4,"123, 342, 443, 816"
21022,Tepe,4,"123, 342, 443, 816"
21023,Çiğli İzkent,4,"123, 342, 443, 816"
21024,Çiğli İzkent,4,"123, 342, 443, 816"
21025,Yoldaş,4,"123, 342, 443, 816"
21026,Yoldaş,4,"123, 342, 443, 816"
21049,Münevver Öğretmen Ortaokulu,4,"346, 446, 810, 816"
21050,Münevver Öğretmen Ortaokulu,4,"346, 446, 810, 816"
21116,Kent Hastanesi,4,"423, 442, 816, 817"
21117,Kent Hastanesi,4,"423, 442, 816, 817"
21193,Eyüp Sitesi,4,"149, 816, 817, 853"
21194,Eyüp Sitesi,4,"149, 816, 817, 853"
21195,Çiğli Devlet Hastanesi,4,"149, 816, 817, 853"
21196,Çiğli Devlet Hastanesi,4,"149, 816, 817, 853"
21321,Tekel Lojmanlar,4,"595, 596, 817, 920"
21322,Tekel Lojmanlar,4,"595, 596, 817, 920"
21333,Uğur Mumcu Sağlık Ocağı,4,"295, 608, 695, 827"
21341,Zambak,4,"295, 608, 820, 827"
21342,Zambak,4,"295, 608, 820, 827"
21362,Simge Sitesi,4,"695, 749, 826, 827"
21365,Simge Sitesi,4,"695, 749, 826, 827"
21375,Harmandalı Eski Belediye,4,"295, 608, 820, 827"
21376,Harmandalı Eski Belediye,4,"295, 608, 820, 827"
21405,Koyundere İlkokulu,4,"602, 660, 749, 800"
21411,Asarlık Mezarlık,4,"602, 660, 749, 800"
21519,9 Eylül Muhtarlık,4,"695, 749, 826, 827"
21520,9 Eylül Muhtarlık,4,"695, 749, 826, 827"
21528,Ege,4,"128, 428, 749, 848"
21529,Ege,4,"128, 428, 749, 848"
21532,Centaş,4,"128, 428, 749, 848"
21533,Centaş Sitesi,4,"128, 428, 749, 848"
21534,Centaş 2 Sitesi,4,"128, 428, 749, 848"
21535,Centaş 2 Sitesi,4,"128, 428, 749, 848"
21536,Taş Duvar,4,"128, 428, 749, 848"
21537,Taş Duvar,4,"128, 428, 749, 848"
21539,Ulu-Koop,4,"695, 749, 826, 827"
21540,Manzara,4,"128, 428, 749, 826"
21541,Manzara,4,"128, 428, 749, 826"
21542,Metrokent,4,"128, 428, 749, 826"
21543,Metrokent,4,"128, 428, 749, 826"
21546,Santral,4,"128, 428, 749, 826"
21547,Santral,4,"128, 428, 749, 826"
21552,EGEKENT-2-SON DURAK,4,"128, 428, 749, 826"
21562,Top Sahası,4,"428, 698, 748, 848"
21563,Yamaç,4,"128, 428, 749, 848"
21564,Yamaç,4,"128, 428, 749, 848"
21566,Umut,4,"128, 428, 749, 826"
21567,Umut,4,"128, 428, 749, 826"
21568,Asarlık Köprü,4,"648, 658, 748, 749"
21583,Seyrek Belediyesi,4,"619, 750, 757, 850"
21584,Seyrek Belediyesi,4,"619, 750, 757, 850"
21585,Kumtepe,4,"619, 750, 757, 850"
21586,Kumtepe,4,"619, 750, 757, 850"
21587,Seyrek İlköğretim Okulu,4,"619, 750, 757, 850"
21588,Seyrek İlköğretim Okulu,4,"619, 750, 757, 850"
21589,Seyrek Meydan,4,"619, 750, 757, 850"
21590,Seyrek Meydan,4,"619, 750, 757, 850"
21628,Koyundere Kahveler,4,"648, 698, 748, 848"
21629,Koyundere Kahveler,4,"648, 698, 748, 848"
21630,İstiklal,4,"648, 698, 748, 848"
21631,İstiklal,4,"648, 698, 748, 848"
21652,Asarlık Toki Evleri,4,"648, 658, 698, 748"
21653,Asarlık Toki Evleri,4,"648, 658, 698, 748"
21664,Asarlık Pazar Yeri,4,"648, 658, 748, 749"
21666,Asarlık Park,4,"648, 658, 748, 749"
21672,Miyase İnceer İlkokulu-Ortaokulu,4,"648, 658, 748, 749"
21673,Miyase İnceer İlkokulu-Ortaokulu,4,"648, 658, 748, 749"
21674,Menemen Devlet Hastanesi,4,"648, 658, 748, 749"
21675,Menemen Devlet Hastanesi,4,"648, 658, 748, 749"
21789,Maltepe Kubilay,4,"657, 750, 756, 757"
21790,Maltepe Kubilay,4,"657, 750, 756, 757"
21791,Maltepe Son Durak,4,"657, 750, 756, 757"
21792,Maltepe Son Durak,4,"657, 750, 756, 757"
21807,Maltepe Köşe,4,"657, 750, 756, 757"
21808,Maltepe Köşe,4,"657, 750, 756, 757"
21927,Mimar Sinan,4,"660, 661, 745, 746"
21941,Doğakent,4,"660, 661, 666, 745"
21942,Doğakent,4,"660, 661, 666, 745"
21943,Alize,4,"660, 661, 666, 745"
21944,Alize,4,"660, 661, 666, 745"
21945,Meltem Sitesi,4,"660, 661, 666, 745"
21946,Meltem Sitesi,4,"660, 661, 666, 745"
21947,Foça Şahin Tepesi,4,"660, 661, 666, 745"
21948,Foça Şahin Tepesi,4,"660, 661, 666, 745"
21949,Petra Koyu,4,"660, 661, 666, 745"
21950,Petra Koyu,4,"660, 661, 666, 745"
21951,Öğretmen Evi,4,"660, 661, 666, 745"
21952,Öğretmen Evi,4,"660, 661, 666, 745"
21953,Mercan,4,"660, 661, 666, 745"
21954,Mercan,4,"660, 661, 666, 745"
21955,Gazi Mustafa Kemal,4,"660, 661, 666, 745"
21956,Gazi Mustafa Kemal,4,"660, 661, 666, 745"
21957,Yeni Foça Birlik Evleri,4,"660, 661, 666, 745"
21958,Yeni Foça Birlik Evleri,4,"660, 661, 666, 745"
21961,Doğal Kent,4,"660, 661, 666, 745"
21962,Doğal Kent,4,"660, 661, 666, 745"
21963,Yücel Sitesi,4,"660, 661, 666, 745"
21964,Yücel Sitesi,4,"660, 661, 666, 745"
21969,Ulus,4,"660, 661, 745, 746"
21970,Ulus,4,"660, 661, 745, 746"
21971,Fatih,4,"660, 661, 745, 746"
21972,Fatih,4,"660, 661, 745, 746"
21973,Ören,4,"660, 661, 745, 746"
21974,Ören,4,"660, 661, 745, 746"
21975,Çakmaklı Yolu,4,"660, 661, 745, 746"
21976,Çakmaklı Yolu,4,"660, 661, 745, 746"
21977,Horozgediği,4,"660, 661, 745, 746"
21978,Horozgediği,4,"660, 661, 745, 746"
21979,Çakmaklı,4,"660, 661, 745, 746"
21980,Çakmaklı,4,"660, 661, 745, 746"
21981,Sanayi,4,"660, 661, 745, 746"
21983,Tır parkı,4,"660, 661, 745, 746"
21984,Tır parkı,4,"660, 661, 745, 746"
22090,Atatürk Mahallesi Nergis,4,"346, 442, 446, 816"
22142,Soyak,4,"125, 322, 326, 327"
22143,Çiğli Aktarma Merkezi,4,"149, 751, 816, 817"
22220,Salhane Aktarma Merkezi,4,"328, 338, 359, 539"
22258,Menemen Aktarma Merkezi,4,"747, 758, 759, 868"
22398,Gül Körfezi,4,"660, 661, 666, 745"
22399,Gül Körfezi,4,"660, 661, 666, 745"
22400,Yeni Foça Yol Ayrımı,4,"660, 661, 745, 746"
22401,Yeni Foça Yol Ayrımı,4,"660, 661, 745, 746"
22403,Beş Kardeşler,4,"660, 661, 745, 746"
22404,Gencelli,4,"660, 661, 666, 745"
22407,Donat Kent,4,"660, 661, 666, 745"
22408,Çamkoru Sitesi,4,"660, 661, 666, 745"
22409,Çamkoru Sitesi,4,"660, 661, 666, 745"
22454,Menemen Karakol,4,"657, 660, 756, 758"
22455,Menemen Karakol,4,"657, 660, 756, 758"
22456,Yıldız Mandıra,4,"657, 660, 756, 758"
22457,Yıldız Mandıra,4,"657, 660, 756, 758"
22533,Ulukent Üçyol,4,"695, 749, 826, 827"
22534,Ulukent Üçyol,4,"695, 749, 826, 827"
22624,Fidelya,4,"125, 322, 326, 426"
22625,Fidelya,4,"125, 322, 326, 426"
22626,Ortanca,4,"125, 322, 326, 426"
22627,Ortanca,4,"125, 322, 326, 426"
22761,Pınarcık  Yol Ayrımı,4,"835, 837, 849, 936"
22763,Saha,4,"835, 837, 849, 936"
22764,Pınarcık  Yol Ayrımı,4,"835, 837, 849, 936"
22765,Çaltılıdere,4,"835, 837, 849, 936"
22766,Saha,4,"835, 837, 849, 936"
22767,Çoraklar,4,"835, 837, 849, 936"
22768,Çaltılıdere,4,"835, 837, 849, 936"
22769,Kalabak,4,"835, 837, 849, 936"
22770,Çoraklar,4,"835, 837, 849, 936"
22771,Hacıömerli Jandarma,4,"835, 837, 849, 936"
22772,Kalabak,4,"835, 837, 849, 936"
22773,Mavi Köşe,4,"835, 837, 849, 936"
22774,Hacıömerli Jandarma,4,"835, 837, 849, 936"
22775,Hacı Ömerli Muhtarlık,4,"835, 837, 849, 936"
22776,Mavi Köşe,4,"835, 837, 849, 936"
22778,Hacı Ömerli Muhtarlık,4,"835, 837, 849, 936"
22779,Üst Geçit,4,"835, 837, 849, 936"
22781,Yeni Şakran  Merkez,4,"835, 837, 849, 936"
22782,Üst Geçit,4,"835, 837, 849, 936"
22786,Yeni Şakran Yol Ayrımı,4,"835, 837, 849, 936"
22843,Aliağa Organize Sanayi Yol Ayrımı,4,"835, 837, 849, 936"
22844,Aliağa Organize Sanayi Yol Ayrımı,4,"835, 837, 849, 936"
22847,Çelik,4,"660, 661, 745, 746"
22848,Çelik,4,"660, 661, 745, 746"
23129,Bergama Hastane,4,"643, 644, 836, 936"
23130,Bergama Hastane,4,"643, 644, 836, 936"
23261,Akkoç,4,"619, 750, 757, 850"
23262,Akkoç,4,"619, 750, 757, 850"
23301,Ada,4,"125, 322, 326, 426"
23302,Ada,4,"125, 322, 326, 426"
23305,Mustafa Kemal Mahallesi Eski Son Durak,4,"125, 322, 326, 426"
23307,Spor Kondisyon Parkı,4,"125, 322, 326, 426"
23317,MKE Aliağa Hurda Müdürlüğü,4,"660, 661, 745, 746"
23318,MKE Aliağa Hurda Müdürlüğü,4,"660, 661, 745, 746"
23393,Aliağa 80. Yıl Lisesi,4,"661, 834, 849, 935"
23395,Ahmet Taner Kışlalı Parkı,4,"661, 834, 849, 935"
23397,Park,4,"661, 834, 849, 935"
23399,Saha,4,"661, 834, 849, 935"
23400,Saha,4,"661, 834, 849, 935"
23422,Atatürk Mahallesi Nergis,4,"346, 442, 446, 816"
23425,Üç Kemer Caddesi,4,"656, 831, 832, 833"
23426,Üç Kemer Caddesi,4,"656, 831, 832, 833"
23427,Üç Kemer Köprüsü,4,"656, 831, 832, 833"
23428,Üç Kemer Köprüsü,4,"656, 831, 832, 833"
23616,Düğün Salonu,4,"835, 837, 849, 936"
23617,Düğün Salonu,4,"835, 837, 849, 936"
23625,Barbaros,4,"660, 661, 666, 745"
23724,Menemen İmam-Hatip Ortaokulu,4,"128, 428, 749, 826"
23725,Menemen İmam-Hatip Ortaokulu,4,"128, 428, 749, 826"
23977,Gencelli,4,"660, 661, 666, 745"
23987,8. Etap,4,"557, 558, 559, 598"
24025,Barış Merdivenleri,4,"651, 652, 653, 656"
24030,Yeni Cami,4,"651, 652, 653, 656"
24031,Banka,4,"651, 652, 653, 656"
24045,Hastane,4,"651, 652, 653, 656"
24075,Karadut,4,"651, 652, 653, 656"
24076,Eski Belediye,4,"651, 652, 653, 656"
24077,Hatuniye,4,"651, 652, 653, 656"
24078,Çaltıcı Bahçe,4,"651, 652, 653, 656"
24079,Kültür Merkezi,4,"651, 652, 653, 656"
24080,Çamlı Park,4,"651, 652, 653, 656"
24132,Yıldız Garaj,4,"656, 831, 832, 833"
24133,Yıldız Garaj,4,"656, 831, 832, 833"
24148,Çaltılıdere Atlı Terapi Merkezi,4,"835, 837, 849, 936"
24149,Çaltılıdere Atlı Terapi Merkezi,4,"835, 837, 849, 936"
24158,İlçe Tarım,4,"651, 652, 653, 656"
24168,Kavaklı,4,"619, 750, 757, 850"
24169,Kavaklı Üçyol,4,"619, 750, 757, 850"
24170,Onur,4,"619, 750, 757, 850"
24231,Kubilay,4,"135, 537, 577, 742"
24238,Katip Çelebi Üniversitesi,4,"207, 595, 596, 817"
24245,Sefa Köse Reis,4,"660, 661, 666, 745"
24246,Sefa Köse Reis,4,"660, 661, 666, 745"
24254,Basketbol Sahası,4,"128, 428, 749, 848"
24255,Basketbol Sahası,4,"128, 428, 749, 848"
24288,Menemen Eski Sanayi,4,"657, 660, 756, 758"
24289,Menemen Eski Sanayi,4,"657, 660, 756, 758"
24647,Doğançay Köprü,4,"135, 335, 537, 742"
24648,Doğançay Köprü,4,"135, 335, 537, 742"
30042,Efes,4,"117, 364, 560, 60"
30044,Pınar Süt,4,"117, 364, 560, 60"
30049,Tuborg,4,"117, 364, 560, 60"
30051,Pınar Süt,4,"117, 364, 560, 60"
30149,Kamil Tunca Bulvarı,4,"364, 560, 564, 59"
30150,Kamil Tunca Bulvarı,4,"364, 560, 564, 59"
30151,Gürbüz,4,"364, 560, 564, 59"
30152,Gürbüz,4,"364, 560, 564, 59"
30153,Kartal,4,"364, 560, 564, 59"
30154,Kartal,4,"364, 560, 564, 59"
30155,Çamdibi Esnaf Odası,4,"364, 560, 564, 59"
30156,Çamdibi Esnaf Odası,4,"364, 560, 564, 59"
30157,Umut,4,"364, 560, 564, 59"
30158,Umut,4,"364, 560, 564, 59"
30159,Kahveler,4,"364, 560, 564, 59"
30160,Kahveler,4,"364, 560, 564, 59"
30161,Park,4,"364, 560, 564, 59"
30162,Park,4,"364, 560, 564, 59"
30221,Yeşilova,4,"119, 259, 54, 555"
30223,Sevgi,4,"119, 259, 54, 555"
30225,Birlik,4,"119, 54, 555, 59"
30226,Birlik,4,"119, 54, 555, 59"
30227,Çimentaş Lisesi,4,"119, 54, 555, 59"
30228,Çimentaş Lisesi,4,"119, 54, 555, 59"
30291,Şehit Musa Can,4,"328, 338, 359, 539"
30292,Şehit Musa Can,4,"328, 359, 498, 539"
30298,Şehit Polis Fethi Sekin,4,"328, 359, 498, 539"
30304,Şehit Polis Fethi Sekin,4,"328, 338, 359, 539"
30412,MTK Çarşısı,4,"119, 154, 53, 57"
30421,Çamkule,4,"119, 153, 53, 57"
30422,Çamkule,4,"119, 153, 53, 57"
30423,Zeytintepe,4,"119, 505, 53, 57"
30424,Zeytintepe,4,"119, 505, 53, 57"
30425,Merkez Cami,4,"119, 505, 53, 57"
30426,Merkez Cami,4,"119, 505, 53, 57"
30427,Çiçek,4,"119, 505, 53, 57"
30428,Çiçek,4,"119, 505, 53, 57"
30461,Yener Caddesi,4,"119, 505, 53, 57"
30462,Yener Caddesi,4,"119, 505, 53, 57"
30463,Zafer Parkı,4,"119, 505, 53, 57"
30464,Zafer Parkı,4,"119, 505, 53, 57"
30471,Yener,4,"119, 505, 53, 57"
30472,Altındağ,4,"119, 505, 53, 57"
30473,Kızılcık,4,"119, 505, 53, 57"
30474,Tek Yön,4,"119, 505, 53, 57"
30475,Merkez Mahallesi Muhtarlık,4,"119, 505, 53, 57"
30477,Altındağ İlkokulu,4,"119, 505, 53, 57"
30512,Işıkkent Mezarlık,4,"267, 277, 564, 64"
30513,Turanlar,4,"267, 277, 564, 64"
30514,Yıldız,4,"267, 277, 564, 64"
30515,Işıkkent Mezarlık,4,"267, 277, 564, 64"
30516,Işıkkent,4,"267, 277, 564, 64"
30517,Yıldız,4,"267, 277, 564, 64"
30518,Hatice Güzelcan Anadolu Lisesi,4,"267, 277, 564, 64"
30519,Işıkkent,4,"267, 277, 564, 64"
30520,Yener,4,"267, 277, 564, 64"
30521,Hatice Güzelcan Anadolu Lisesi,4,"267, 277, 564, 64"
30523,Yener,4,"267, 277, 564, 64"
30550,Pınarbaşı Kara Ali Camii,4,"267, 560, 60, 67"
30551,Ayakkabıcılar Sitesi,4,"267, 277, 364, 64"
30552,Ayakkabıcılar Sitesi,4,"267, 277, 364, 64"
30595,Adliye Lojmanları,4,"268, 358, 367, 468"
30596,Adliye Lojmanları,4,"268, 358, 367, 468"
30597,Çağla,4,"268, 358, 367, 468"
30598,Çağla,4,"268, 358, 367, 468"
30601,Sarılar,4,"268, 358, 367, 468"
30602,Sarılar,4,"268, 358, 367, 468"
30603,Mevlana Mahallesi Cami,4,"268, 358, 367, 468"
30604,Mevlana Mahallesi Cami,4,"268, 358, 367, 468"
30611,Hasanağa Camii,4,"268, 358, 367, 468"
30612,Hasanağa Camii,4,"268, 358, 367, 468"
30652,Çamlık Alan Parkı 2,4,"267, 560, 60, 67"
30671,Aziz Erol Güzelcan Mesleki ve Teknik Anadolu Lisesi,4,"267, 560, 60, 67"
30694,Park,4,"267, 560, 60, 67"
30778,Rıfat Ilgaz Son Durak,4,"668, 767, 768, 967"
30790,Dolmuş Garajı,4,"767, 769, 772, 967"
31062,Alpaslan,4,"502, 557, 598, 662"
31063,Alpaslan,4,"502, 557, 598, 662"
31064,Durmuş Yaşar İlköğretim Okulu,4,"502, 557, 598, 662"
31065,Durmuş Yaşar İlköğretim Okulu,4,"502, 557, 598, 662"
31066,Birkent,4,"502, 557, 598, 662"
31067,Birkent,4,"502, 557, 598, 662"
31068,Yetmiş Beşinci Yıl Parkı,4,"502, 557, 598, 662"
31069,Yetmiş Beşinci Yıl Parkı,4,"502, 557, 598, 662"
31070,Cengizhan Yetmiş Beşinci Yıl Lisesi,4,"502, 557, 598, 662"
31071,Cengizhan Yetmiş Beşinci Yıl Lisesi,4,"502, 557, 598, 662"
31072,Birkent 2,4,"502, 557, 598, 662"
31078,Sağlık Ocağı,4,"502, 559, 598, 662"
31079,Sağlık Ocağı,4,"502, 559, 598, 662"
31080,Yasemin,4,"502, 559, 598, 662"
31081,Yasemin,4,"502, 559, 598, 662"
31129,Ticaret Borsası İlköğretim Okulu,4,"359, 597, 599, 699"
31130,Ticaret Borsası İlköğretim Okulu,4,"359, 597, 599, 699"
31213,Osman Gazi,4,"168, 249, 568, 570"
31214,Osman Gazi,4,"168, 249, 568, 570"
31215,Öğretmen,4,"168, 249, 568, 570"
31216,Öğretmen,4,"168, 249, 568, 570"
31217,Aydın,4,"168, 249, 568, 570"
31218,Aydın,4,"168, 249, 568, 570"
31221,Şehit Harun Bağlam,4,"168, 249, 568, 570"
31222,Şehit Harun Bağlam,4,"168, 249, 568, 570"
31245,Bülbül,4,"168, 249, 568, 585"
31246,Bülbül,4,"168, 249, 568, 585"
31276,Büyük Park,4,"314, 338, 568, 570"
31423,Ali Rıza Güven Cami,4,"214, 315, 316, 498"
31424,Ali Rıza Güven Cami,4,"214, 315, 316, 498"
31425,Ataberk,4,"214, 315, 316, 498"
31426,Ataberk,4,"214, 315, 316, 498"
31771,Evka 3 Aktarma Merkezi,4,"328, 338, 498, 963"
31773,Evka 3 Aktarma Merkezi,4,"315, 316, 365, 515"
31852,Çamkıran Parkı,4,"338, 498, 534, 559"
31853,Çamkıran Parkı,4,"338, 498, 534, 559"
31854,Ay,4,"338, 498, 534, 559"
31855,Ay,4,"338, 498, 534, 559"
31856,Taşkent,4,"338, 534, 559, 568"
31857,Taşkent,4,"338, 534, 559, 568"
32352,Cami,4,"557, 558, 559, 598"
32353,Cami,4,"557, 558, 559, 598"
32354,4. Etap,4,"557, 558, 559, 598"
32355,4. Etap,4,"557, 558, 559, 598"
32356,5. Etap,4,"557, 558, 559, 598"
32357,5. Etap,4,"557, 558, 559, 598"
32373,5. Etap Alt Yol,4,"557, 558, 559, 598"
32402,Otogar Yeni,4,"277, 697, 806, 858"
32406,Arslan,4,"268, 367, 368, 67"
32480,Birkent 2,4,"502, 557, 598, 662"
40040,Buca Devlet Hastanesi,4,"206, 515, 676, 805"
40077,Buca Diyaliz Merkezi,4,"176, 177, 304, 536"
40199,Koşu Yolu,4,"472, 818, 866, 878"
40200,Koşu Yolu,4,"472, 818, 866, 878"
40201,Siteler,4,"472, 818, 866, 878"
40202,Siteler,4,"472, 818, 866, 878"
40207,Vali Rahmi Bey,4,"472, 818, 866, 878"
40208,Vali Rahmi Bey,4,"472, 818, 866, 878"
40209,Şehitler Parkı,4,"472, 818, 866, 878"
40210,Şehitler Parkı,4,"472, 818, 866, 878"
40265,Zencefil,4,"353, 484, 74, 818"
40266,Zencefil,4,"353, 484, 74, 818"
40299,Altıncı Sanayi,4,"232, 233, 353, 818"
40300,Altıncı Sanayi,4,"232, 233, 353, 818"
40301,Galericiler Sitesi,4,"232, 233, 353, 818"
40302,Galericiler Sitesi,4,"232, 233, 353, 818"
40410,Redresör,4,"441, 472, 72, 871"
40412,Betonyol,4,"441, 472, 72, 871"
40413,Betonyol,4,"441, 472, 72, 871"
40414,Gül,4,"441, 472, 72, 871"
40415,Gül,4,"441, 472, 72, 871"
40416,Manolya,4,"441, 472, 72, 871"
40417,Manolya,4,"441, 472, 72, 871"
40418,Dirayet Süren İlkokulu,4,"441, 472, 72, 871"
40419,Dirayet Süren İlkokulu,4,"441, 472, 72, 871"
40420,Ufuk Karakolu,4,"441, 472, 72, 871"
40421,Ufuk Karakolu,4,"441, 472, 72, 871"
40422,Yıkıkkemer Meydan,4,"441, 472, 72, 871"
40423,Yıkıkkemer Meydan,4,"441, 472, 72, 871"
40574,Adatepe,4,"104, 176, 177, 940"
40577,Fakülte,4,"104, 176, 177, 940"
40578,Fakülte,4,"104, 176, 177, 940"
40582,Adatepe Üçgen Park,4,"104, 176, 177, 940"
40584,Işılay Saygın Güzel Sanatlar Lisesi,4,"176, 177, 869, 940"
40619,Cumhuriyet Parkı,4,"104, 284, 285, 875"
40620,Cumhuriyet Parkı,4,"104, 284, 285, 875"
40623,Birlikcan,4,"104, 284, 285, 875"
40624,Birlikcan,4,"104, 284, 285, 875"
40626,Avşar Sitesi,4,"104, 284, 285, 875"
40627,Avşar Sitesi,4,"104, 284, 285, 875"
40630,Çam,4,"104, 284, 285, 875"
40631,Çam,4,"104, 284, 285, 875"
40632,Alkent,4,"104, 284, 285, 875"
40633,Alkent,4,"104, 284, 285, 875"
40646,Azerbaycan,4,"104, 284, 285, 866"
40647,Azerbaycan,4,"104, 284, 285, 866"
40652,Evka 1 Pazaryeri,4,"104, 284, 285, 875"
40653,Evka-1 Pazaryeri,4,"104, 284, 285, 875"
40802,Menekşe,4,"105, 171, 417, 805"
40803,Menekşe,4,"105, 171, 417, 805"
40812,Yasemin,4,"105, 171, 417, 805"
40813,Yasemin,4,"105, 171, 417, 805"
40822,Cumhuriyet Sitesi,4,"171, 417, 476, 676"
40824,Akmeşe,4,"171, 417, 476, 676"
40825,Akmeşe,4,"171, 417, 476, 676"
40827,Cumhuriyet Sitesi,4,"171, 417, 476, 676"
40836,Sıraevler,4,"171, 417, 476, 676"
40838,Zeytinlik,4,"171, 417, 476, 676"
40839,Zeytinlik,4,"171, 417, 476, 676"
40849,Şehit Astsubay Ümit Başaran İlkokulu,4,"171, 417, 476, 676"
40850,Şehit Astsubay Ümit Başaran İlkokulu,4,"171, 417, 476, 676"
40851,Buca Kooperatif Meydan,4,"171, 417, 476, 676"
40852,Buca Kooperatif Meydan,4,"171, 417, 476, 676"
41144,Toros Meydan,4,"34, 42, 441, 475"
41145,Toros Meydan,4,"34, 42, 441, 475"
41146,Manzara,4,"34, 42, 441, 475"
41147,Manzara,4,"34, 42, 441, 475"
41148,Gültepe Mezarlık,4,"34, 42, 441, 475"
41149,Gültepe Mezarlık,4,"34, 42, 441, 475"
41154,Dilek,4,"171, 417, 476, 676"
41155,Dilek,4,"171, 417, 476, 676"
41173,Şirinyer Aktarma,4,"476, 676, 805, 866"
41174,Şirinyer Aktarma,4,"441, 472, 838, 871"
41176,Şirinyer Aktarma,4,"206, 536, 818, 878"
41231,Huzur,4,"104, 284, 285, 875"
41232,Huzur,4,"104, 284, 285, 875"
41233,Sosyal Yaşam Merkezi 2,4,"104, 284, 285, 875"
41234,Sosyal Yaşam Merkezi 2,4,"104, 284, 285, 875"
41349,Zirve,4,"104, 284, 285, 875"
41350,Zirve,4,"104, 284, 285, 875"
41351,Kolej,4,"104, 284, 285, 875"
41352,Kolej,4,"104, 284, 285, 875"
50109,Aşıklar Çeşmesi,4,"962, 981, 982, 984"
50110,Üç Evler,4,"962, 981, 982, 984"
50113,Bakkal,4,"962, 981, 982, 984"
50117,Begonya,4,"962, 981, 982, 984"
50118,Bakkal,4,"962, 981, 982, 984"
50120,Begonya,4,"962, 981, 982, 984"
50130,Üçkuyular iskele Son Durak,4,"10, 25, 650, 977"
50166,Gümüş,4,"480, 551, 950, 969"
50167,Aydibi,4,"480, 551, 950, 969"
50168,Çifte Selviler,4,"480, 551, 950, 969"
50169,Gümüş,4,"480, 551, 950, 969"
50170,Salih Dede Anadolu Lisesi,4,"480, 551, 950, 969"
50171,Çifte Selviler,4,"480, 551, 950, 969"
50172,Ekonomi Üniversitesi,4,"480, 551, 950, 969"
50173,Salih Dede Anadolu Lisesi,4,"480, 551, 950, 969"
50174,Teleferik,4,"480, 551, 950, 969"
50176,Balçova Son Durak,4,"481, 510, 650, 969"
50207,Başak,4,"311, 480, 481, 486"
50208,İnciraltı,4,"311, 480, 481, 486"
50209,İnciraltı,4,"311, 480, 481, 486"
50210,Deniz Müzesi,4,"311, 480, 481, 486"
50211,İnciraltı Park,4,"311, 480, 481, 486"
50212,İnciraltı Yurdu,4,"311, 480, 481, 486"
50219,İnciraltı Yeni Son Durak,4,"311, 480, 481, 486"
50360,Hakkı Oğuz Tabaoğlu İlkokulu,4,"762, 82, 9, 962"
50361,Hakkı Oğuz Tabaoğlu İlkokulu,4,"762, 82, 9, 962"
50377,Necdet Tokatlıoğlu,4,"675, 975, 985, 987"
50395,Yelki,4,"675, 975, 985, 987"
50396,Yelki,4,"675, 975, 985, 987"
50397,Market,4,"675, 975, 985, 987"
50398,Market,4,"675, 975, 985, 987"
50399,Kent Koleji,4,"675, 975, 985, 987"
50467,Yelki Üçyol,4,"321, 9, 962, 983"
50468,Yelki Üçyol,4,"321, 9, 962, 983"
50469,Köşe,4,"321, 9, 962, 983"
50470,Köşe,4,"321, 9, 962, 983"
50471,Tokatlıoğlu,4,"321, 9, 962, 983"
50472,Tokatlıoğlu,4,"321, 9, 962, 983"
50473,Belediye,4,"321, 9, 962, 983"
50474,Yelki Belediye,4,"321, 9, 962, 983"
50475,Sağlık Ocağı,4,"321, 762, 962, 983"
50476,Yelki Sağlık Ocağı,4,"321, 762, 962, 983"
50485,Yelki Kavşak,4,"321, 762, 962, 983"
50601,Golf,4,"684, 738, 962, 984"
50602,Golf,4,"684, 738, 962, 984"
50616,Dörtyol,4,"883, 962, 981, 982"
50617,Dörtyol,4,"883, 962, 981, 982"
51945,İva,4,"979, 986, 987, 989"
51946,İva,4,"979, 986, 987, 989"
51952,Doğan,4,"979, 986, 987, 989"
51953,Alp,4,"979, 986, 987, 989"
51954,Güzelbahçe Vali Kazım Paşa Ortaokulu,4,"28, 321, 82, 9"
52029,Sarmaşık,4,"762, 8, 9, 962"
52030,Sarmaşık,4,"762, 8, 9, 962"
52031,Vadi,4,"762, 8, 9, 962"
52032,Vadi,4,"762, 8, 9, 962"
52054,Güzelbahçe Kolej,4,"321, 762, 962, 983"
52056,Alp,4,"979, 986, 987, 989"
52095,Spor Salonu,4,"480, 510, 551, 650"
52508,İnciraltı 2,4,"311, 480, 481, 486"
10019,Bahribaba,3,"121, 253, 811"
10040,Konak,3,"284, 417, 466"
10107,Dokuz Eylül Rektörlük,3,"121, 253, 920"
10108,Alsancak Devlet Hastanesi,3,"121, 253, 920"
10109,Alsancak Devlet Hastanesi,3,"121, 253, 920"
10110,Talatpaşa,3,"121, 253, 920"
10111,Talatpaşa,3,"121, 253, 920"
10215,Çankaya,3,"470, 910, 950"
10229,Mezarlıkbaşı,3,"23, 234, 680"
10232,Dumlupınar,3,"701, 729, 792"
10234,Tekeli İstasyon,3,"701, 729, 792"
10254,İzmir Spor,3,"15, 20, 681"
10271,Hakimevleri,3,"681, 811, 950"
10273,Susuz Dede,3,"681, 811, 950"
10275,Amerikan Koleji,3,"681, 811, 950"
10282,Çeşme,3,"15, 681, 950"
10287,Nokta,3,"681, 811, 950"
10323,Montrö,3,"49, 681, 940"
10324,Montrö,3,"680, 811, 951"
10359,Kemer 1,3,"302, 35, 49"
10426,Umur Bey,3,"253, 930, 951"
10428,Aydibi,3,"253, 930, 951"
10430,Yaşar Üniversitesi,3,"253, 930, 951"
10460,Halkapınar Metro,3,"503, 513, 599"
10491,Halkapınar 2,3,"147, 335, 434"
10492,Halkapınar 2,3,"477, 577, 77"
10494,Halkapınar 2,3,"148, 426, 78"
10517,Demokrasi Üniversitesi,3,"311, 945, 946"
10518,Demokrasi Üniversitesi,3,"311, 945, 946"
10519,Sadettin Tezcan Özel Eğitim Meslek Okulu,3,"311, 945, 946"
10520,Sadettin Tezcan Özel Eğitim Meslek Okulu,3,"311, 945, 946"
10521,Esentepe Aile Hekimliği,3,"311, 945, 946"
10522,Esentepe Aile Hekimliği,3,"311, 945, 946"
10523,Esentepe Kültür Merkezi,3,"311, 945, 946"
10524,Esentepe Kültür Merkezi,3,"311, 945, 946"
10527,Orkide,3,"311, 945, 946"
10528,Orkide,3,"311, 945, 946"
10529,Gelinler,3,"311, 945, 946"
10530,Gelinler,3,"311, 945, 946"
10531,Esentepe Basket Sahası,3,"311, 945, 946"
10532,Esentepe Basket Sahası,3,"311, 945, 946"
10533,Çocuk parkı,3,"311, 945, 946"
10534,Çocuk parkı,3,"311, 945, 946"
10613,Üçyol Sevgi Yolu Parkı,3,"152, 508, 910"
10729,Çırpı Konutlar,3,"727, 788, 858"
10730,Çırpı Konutlar,3,"727, 788, 858"
10860,Torbalı Garajı,3,"714, 715, 858"
10862,Elif,3,"714, 715, 858"
10864,Torbalı Galeri,3,"714, 715, 858"
10866,Torbalı Garajı,3,"714, 715, 858"
10901,Zeytin Köy,3,"693, 743, 770"
10906,Zeytin Köy,3,"693, 743, 770"
10909,Tasiş Ambar,3,"200, 508, 808"
10936,Şirince Yolu,3,"693, 743, 770"
10937,Şirince Yolu,3,"693, 743, 770"
10940,Belevi,3,"743, 770, 783"
10966,Ova,3,"729, 775, 792"
10967,Ova,3,"729, 775, 792"
10968,Develi Yolu,3,"729, 775, 792"
10969,Develi Yolu,3,"729, 775, 792"
11207,Pancar Cami,3,"692, 701, 707"
11209,Pancar Meydan,3,"701, 707, 712"
11210,Defne,3,"701, 709, 712"
11211,Defne,3,"701, 709, 712"
11212,Pancar Giriş,3,"701, 709, 712"
11213,Pancar Giriş,3,"701, 709, 712"
11214,Gurbet Tepe,3,"701, 709, 712"
11215,Gurbet Tepe,3,"701, 709, 712"
11218,Çiftlik,3,"701, 709, 712"
11219,Çiftlik,3,"701, 709, 712"
11220,Otoyol,3,"701, 709, 712"
11221,Otoyol,3,"701, 709, 712"
11222,Sanayi Sitesi,3,"701, 709, 712"
11223,Sanayi Sitesi,3,"701, 709, 712"
11232,Kırkpınar,3,"729, 775, 792"
11233,Kırkpınar,3,"729, 775, 792"
11251,Dumlupınar,3,"701, 729, 792"
11368,DEÜ Torbalı Meslek Yüksekokulu,3,"713, 714, 715"
11394,Tekeli İstasyon Yolu,3,"701, 729, 792"
11395,Tekeli İstasyon Yolu,3,"701, 729, 792"
11413,Çamlıca Kavşağı,3,"721, 785, 786"
11434,Karakuyu Meydan,3,"721, 763, 786"
11435,Karakuyu Meydan,3,"721, 763, 786"
11436,Hacı Tahsin Irmak İlkokulu,3,"721, 763, 785"
11437,Hacı Tahsin Irmak İlkokulu,3,"721, 763, 785"
11438,Bardakçılar,3,"721, 763, 785"
11439,Bardakçılar,3,"721, 763, 785"
11478,Pınar,3,"701, 714, 722"
11479,Pınar,3,"701, 714, 722"
11480,Anaokulu,3,"701, 714, 722"
11481,Anaokulu,3,"701, 714, 722"
11482,Halk,3,"701, 714, 722"
11483,Halk,3,"701, 714, 722"
11484,Barış Sitesi,3,"701, 714, 722"
11485,Barış Sitesi,3,"701, 714, 722"
11486,Sevgi Yolu,3,"701, 714, 722"
11489,Sevgi Yolu,3,"701, 714, 722"
11525,Yaren Dede,3,"721, 763, 786"
11527,Süt Fabrikası,3,"701, 709, 712"
11528,Süt Fabrikası,3,"701, 709, 712"
11545,Elif,3,"714, 715, 858"
11547,Torbalı Galeri,3,"714, 715, 858"
11698,Yeniçiftlik İlkokulu,3,"727, 798, 858"
11699,Yeniçiftlik İlkokulu,3,"727, 798, 858"
11701,Çocuk Parkı,3,"727, 798, 858"
11702,Çocuk Parkı,3,"727, 798, 858"
11708,Bülbüldere Yol Ayrımı,3,"727, 798, 858"
11709,Bülbüldere Yol Ayrımı,3,"727, 798, 858"
11732,Çırpı Belediyesi,3,"727, 788, 858"
11733,Çırpı Belediyesi,3,"727, 788, 858"
11734,Çırpı Park,3,"727, 788, 858"
11735,Çırpı Park,3,"727, 788, 858"
11736,Bayındır Çırpı İlkokulu,3,"727, 788, 858"
11737,Bayındır Çırpı İlkokulu,3,"727, 788, 858"
11738,Arıkbaşı Kahveler,3,"697, 795, 806"
11739,Arıkbaşı Kahveler,3,"697, 795, 806"
11742,Arıkbaşıı İstasyon,3,"727, 788, 858"
11743,Arıkbaşı İstasyon,3,"727, 788, 858"
11744,Ekoten,3,"697, 795, 806"
11745,Ekoten,3,"697, 795, 806"
11746,Arıkbaşı Okul Yolu,3,"727, 788, 858"
11749,Arıkbaşı Okul Yolu,3,"727, 788, 858"
11893,Birinci Sanayi Sitesi,3,"154, 418, 475"
11894,Birinci Sanayi Sitesi,3,"154, 418, 475"
11895,Veterinerlik,3,"154, 418, 475"
11896,Veterinerlik,3,"154, 418, 475"
11897,Yenişehir Gıda Çarşısı İZSU Yanı,3,"154, 418, 475"
11898,Yenişehir Gıda Çarşısı İZSU Yanı,3,"154, 418, 475"
11929,Hacı Bayram Cami,3,"41, 42, 46"
11931,Zeytinlik,3,"41, 42, 46"
11937,Barbaros Hayrettin İlkokulu,3,"41, 42, 46"
11938,Barbaros Hayrettin İlkokulu,3,"41, 42, 46"
11939,Levent Çeşme,3,"41, 42, 46"
11940,Levent Çeşme,3,"41, 42, 46"
11941,Levent Depo,3,"41, 42, 46"
11942,Levent Depo,3,"41, 42, 46"
11952,Levent,3,"41, 42, 46"
11989,Sarışın,3,"44, 45, 475"
11990,Sarışın,3,"44, 45, 475"
11991,Kahveler,3,"44, 45, 475"
11992,Kahveler,3,"44, 45, 475"
12042,Düğün Salonu,3,"34, 42, 441"
12043,Düğün Salonu,3,"34, 42, 441"
12116,Kasap,3,"29, 30, 32"
12117,Kasap,3,"29, 30, 32"
12118,Çimentepe Aile Sağlık Merkezi,3,"29, 30, 32"
12119,Konak Ömer Lütfü Akad Ortaokulu,3,"29, 30, 32"
12121,Çimentepe Aile Sağlık Merkezi,3,"29, 30, 32"
12126,Konak Ömer Lütfü Akad Ortaokulu,3,"29, 30, 32"
12291,Karabağlar Kazım Karabekir Orta Okulu,3,"124, 587, 879"
12292,Karabağlar Kazım Karabekir Ortaokulu,3,"124, 587, 879"
12293,Emek Sitesi,3,"124, 587, 879"
12294,Emek Sitesi,3,"124, 587, 879"
12323,Yeşilyurt Merkez Cami,3,"18, 575, 579"
12324,Yeşilyurt Merkez Cami,3,"18, 575, 579"
12325,Şehit Muzaffer Erdönmez İlkokulu,3,"18, 575, 579"
12326,Şehit Muzaffer Erdönmez İlkokulu,3,"18, 575, 579"
12431,Yadigar Cami,3,"517, 523, 524"
12432,Yadigar Cami,3,"517, 523, 524"
12562,Zincirlikuyu 2,3,"550, 556, 89"
12563,Zincirlikuyu 2,3,"550, 556, 89"
12597,Kaymakkuyu 1,3,"156, 157, 27"
12624,Trafo,3,"522, 671, 823"
12629,Bahar Yıldırım İlkokulu,3,"556, 671, 879"
12630,Bahar Yıldırım İlkokulu,3,"556, 671, 879"
12633,2 Nolu Çağdaş Kahraman Sağlık Ocağı,3,"556, 671, 879"
12634,2 Nolu Çağdaş Kahraman Sağlık Ocağı,3,"556, 671, 879"
12714,Saka,3,"157, 828, 879"
12716,Köşe,3,"157, 828, 879"
12717,Saka,3,"157, 828, 879"
12719,Köşe,3,"157, 828, 879"
12722,Aktepe Polis Lojmanları,3,"157, 610, 92"
12724,Peker Mahallesi Eski Son Durak,3,"157, 610, 92"
12725,Aktepe Polis Lojmanları,3,"157, 610, 92"
12727,Peker Mahallesi Eski Son Durak,3,"157, 610, 92"
12796,Yurtoğlu Son Durak,3,"193, 524, 873"
12797,Yurtoğlu Pazaryeri,3,"193, 524, 873"
12798,Yurtoğlu Pazaryeri,3,"193, 524, 873"
12804,Şehit Egemen Öztürk Ortaokulu,3,"193, 524, 873"
12808,Destan Aksoy Parkı,3,"193, 524, 873"
12811,Destan Aksoy Parkı,3,"193, 524, 873"
12820,Mevlana Cami,3,"27, 556, 828"
12821,Mevlana Cami,3,"27, 556, 828"
12863,Demirci,3,"157, 828, 879"
12864,Demirci,3,"157, 828, 879"
12865,Lalepaşa Cami,3,"157, 828, 879"
12866,Lalepaşa Cami,3,"157, 828, 879"
12867,Manav,3,"157, 828, 879"
12868,Manav,3,"157, 828, 879"
12957,Sarnıç Köprüsü,3,"705, 887, 889"
12960,Hava Teknik Okulu,3,"728, 828, 889"
12961,Karakol,3,"728, 828, 889"
12962,Karakol,3,"728, 828, 889"
12963,Havacılık Meslek Yüksek Okulu,3,"728, 828, 889"
12964,Havacılık Meslek Yüksek Okulu,3,"728, 828, 889"
12965,Adnan Menderes İlkokulu,3,"728, 828, 889"
12966,Adnan Menderes İlkokulu,3,"728, 828, 889"
12967,Sarnıç Meydan,3,"728, 828, 889"
12968,Sarnıç Meydan,3,"728, 828, 889"
12969,Bayrak,3,"728, 828, 889"
12970,Bayrak,3,"728, 828, 889"
12971,Sarnıç Belediye Garajı,3,"728, 828, 889"
12972,Sarnıç Belediye Garajı,3,"728, 828, 889"
12975,Sarnıç Sağlık Ocağı,3,"728, 828, 889"
12976,Sarnıç Sağlık Ocağı,3,"728, 828, 889"
12977,Sarnıç Trafo,3,"728, 828, 889"
12978,Sarnıç Trafo,3,"728, 828, 889"
12980,Bisikletçi,3,"728, 828, 889"
12981,Çarşı,3,"728, 828, 889"
12982,Çarşı,3,"728, 828, 889"
12983,Muhtarlık,3,"728, 828, 889"
12984,Muhtarlık,3,"728, 828, 889"
12985,Sarnıç Eski Son durak,3,"728, 828, 889"
12986,Sarnıç Eski Son durak,3,"728, 828, 889"
12987,Sarnıç Çamlık,3,"705, 828, 889"
12988,Sarnıç Çamlık,3,"705, 828, 889"
12989,Sanayi Caddesi,3,"705, 828, 889"
12990,Sanayi Caddesi,3,"705, 828, 889"
12991,Sarnıç Piknik Alanı,3,"705, 828, 889"
12992,Sarnıç Piknik Alanı,3,"705, 828, 889"
12993,Karaçam,3,"705, 828, 889"
12994,Karaçam,3,"705, 828, 889"
12995,Gazeteler,3,"705, 828, 889"
12996,Gazeteler,3,"705, 828, 889"
12997,Dolmuşçular,3,"705, 828, 889"
13000,Sarnıç,3,"705, 828, 889"
13002,Mimar Kemalettin Tekstil Meslek Lisesi,3,"728, 828, 889"
13003,Mimar Kemalettin Anadolu Lisesi,3,"728, 828, 889"
13007,Hava Teknik Okulu,3,"728, 828, 889"
13130,Dereköy,3,"799, 804, 829"
13329,Dereköy İlkokulu,3,"799, 804, 829"
13330,Dereköy İlkokulu,3,"799, 804, 829"
13331,Dereköy,3,"799, 804, 829"
13338,Aktepe Giriş,3,"610, 828, 879"
13339,Aktepe Giriş,3,"610, 828, 879"
13495,Merkez Sokak,3,"789, 799, 829"
13496,Merkez Sokak,3,"789, 799, 829"
13497,Üzüm Bağları,3,"789, 799, 829"
13498,Üzüm Bağları,3,"789, 799, 829"
13499,Akçaköy Yol Ayrımı,3,"789, 799, 829"
13500,Akçaköy Yol Ayrımı,3,"789, 799, 829"
13502,Çatalca Yol Ayrımı,3,"789, 799, 829"
13543,Ömür Beldesi,3,"986, 987, 989"
13584,Plastik Fabrikası,3,"789, 799, 829"
13585,Plastik Fabrikası,3,"789, 799, 829"
13920,Ilgın,3,"789, 799, 829"
13921,Ilgın,3,"789, 799, 829"
13997,Hükümet önü,3,"678, 679, 790"
14308,Koruluk 2,3,"701, 715, 722"
14309,Koruluk 2,3,"701, 715, 722"
14320,Torbalı Konutlar,3,"701, 714, 722"
14321,Torbalı Konutlar,3,"701, 714, 722"
14324,Torbalı Stad,3,"701, 714, 722"
14325,Torbalı Stad,3,"701, 714, 722"
14602,Fuar İzmir,3,"610, 650, 92"
14641,Zeytinova,3,"697, 795, 806"
14642,Zeytinova,3,"697, 795, 806"
14643,Bayındır Meşe,3,"697, 795, 806"
14644,Bayındır Meşe,3,"697, 795, 806"
14645,Bayındır Leylak,3,"697, 795, 806"
14646,Bayındır Leylak,3,"697, 795, 806"
14647,Pınarlı,3,"697, 795, 806"
14648,Pınarlı,3,"697, 795, 806"
14649,Pınarlı Cami,3,"697, 795, 806"
14650,Pınarlı Cami,3,"697, 795, 806"
14651,Zeybek,3,"697, 795, 806"
14652,Zeybek,3,"697, 795, 806"
14653,Kasımpatı,3,"697, 795, 806"
14654,Kasımpatı,3,"697, 795, 806"
14655,Frezya,3,"697, 795, 806"
14656,Frezya,3,"697, 795, 806"
14657,Bayraktepe,3,"697, 795, 806"
14658,Bayraktepe,3,"697, 795, 806"
14659,Derebaşı,3,"697, 795, 806"
14660,Derebaşı,3,"697, 795, 806"
14661,Derebaşı Zeytin,3,"697, 795, 806"
14662,Derebaşı Zeytin,3,"697, 795, 806"
14663,Doyranlı,3,"697, 795, 806"
14664,Doyranlı,3,"697, 795, 806"
14665,Gökçen,3,"697, 795, 806"
14666,Gökçen,3,"697, 795, 806"
14667,İlkkurşun,3,"697, 795, 806"
14668,İlkkurşun,3,"697, 795, 806"
14669,Şirinköy,3,"697, 795, 806"
14670,Şirinköy,3,"697, 795, 806"
14671,Yeniköy Cami,3,"697, 795, 806"
14672,Yeniköy Cami,3,"697, 795, 806"
14673,Yeniköy Şehit Cengiz Topel İlkokulu,3,"697, 795, 806"
14674,Yeniköy Şehit Cengiz Topel İlkokulu,3,"697, 795, 806"
14675,Demircili Yol Ayrımı,3,"697, 795, 806"
14676,Demircili Yol Ayrımı,3,"697, 795, 806"
14677,Demircili,3,"697, 795, 806"
14678,Demircili,3,"697, 795, 806"
14679,Demircili Trafo,3,"697, 795, 806"
14680,Demircili Trafo,3,"697, 795, 806"
14681,Ödemiş Giriş,3,"697, 795, 806"
14682,Ödemiş Giriş,3,"697, 795, 806"
14683,Ömür,3,"697, 795, 806"
14684,Ömür,3,"697, 795, 806"
14685,Ödemiş Çeşme,3,"697, 795, 806"
14686,Ödemiş Çeşme,3,"697, 795, 806"
14687,Cumhuriyet Ortaokulu,3,"697, 795, 806"
14688,Cumhuriyet Ortaokulu,3,"697, 795, 806"
14689,Prof.Dr.Muzaffer Kula Anadolu Lisesi,3,"697, 795, 806"
14690,Prof.Dr.Muzaffer Kula Anadolu Lisesi,3,"697, 795, 806"
14691,Ekin Pazarı,3,"697, 795, 806"
14692,Ekin Pazarı,3,"697, 795, 806"
14693,Ödemiş Hükümet Konağı,3,"697, 795, 806"
14694,Ödemiş Hükümet Konağı,3,"697, 795, 806"
14695,Ödemiş Belediye,3,"697, 795, 806"
14696,Ödemiş Belediye,3,"697, 795, 806"
14704,Ödemiş Yeni Garaj,3,"795, 796, 803"
14721,Demircili Giriş,3,"697, 795, 806"
14722,Demircili Giriş,3,"697, 795, 806"
14723,Demircili Çiftlik,3,"697, 795, 806"
14724,Demircili Çiftlik,3,"697, 795, 806"
14725,Demircili Çıkış,3,"697, 795, 806"
14726,Demircili Çıkış,3,"697, 795, 806"
14920,Hasan Çavuş,3,"697, 796, 801"
14921,Hasan Çavuş,3,"697, 796, 801"
14922,Beydağ Değirmen,3,"697, 796, 801"
14923,Kızılcahavlu Çıkış,3,"697, 796, 801"
14924,Kızılcahavlu Çıkış,3,"697, 796, 801"
14940,Yolüstü Benzinlik,3,"611, 796, 803"
14942,Yolüstü Kahveler,3,"611, 796, 803"
14944,Yolüstü Meydan,3,"611, 796, 803"
14946,Yolüstü Seralar,3,"611, 796, 803"
14973,Çaylı Aydın,3,"697, 796, 801"
14974,Çaylı Aydın,3,"697, 796, 801"
14975,Çaylı Koşuyolu,3,"697, 796, 801"
14976,Çaylı Koşuyolu,3,"697, 796, 801"
14979,Kızılcahavlu,3,"697, 796, 801"
14981,Yeşilköy,3,"697, 796, 801"
14982,Yeşilköy,3,"697, 796, 801"
14983,Yeşil Ova,3,"697, 796, 801"
14984,Yeşil Ova,3,"697, 796, 801"
14985,Sarıkaya,3,"697, 796, 801"
14986,Sarıkaya,3,"697, 796, 801"
14987,Bahar,3,"697, 796, 801"
14988,Bahar,3,"697, 796, 801"
14989,Nar Ağacı,3,"697, 796, 801"
14990,Nar Ağacı,3,"697, 796, 801"
14991,Çiftlikköy,3,"697, 796, 801"
14992,Çiftlikköy,3,"697, 796, 801"
14993,Menderes Üçyol,3,"697, 796, 801"
14994,Menderes Üçyol,3,"697, 796, 801"
14995,Beydağ Giriş,3,"697, 796, 801"
14996,Beydağ Giriş,3,"697, 796, 801"
14997,Beydağ Yağmur,3,"697, 796, 801"
14998,Beydağ Yağmur,3,"697, 796, 801"
14999,Beydağ Köşe,3,"697, 796, 801"
15000,Beydağ Köşe,3,"697, 796, 801"
15001,Beydağ Değirmen,3,"697, 796, 801"
15121,Yağlar Çıkış,3,"801, 803, 806"
15122,Yağlar Çıkış,3,"801, 803, 806"
15129,Köfündere,3,"801, 803, 806"
15131,Yağlar,3,"801, 803, 806"
15132,Yağlar,3,"801, 803, 806"
15133,Bahçe,3,"801, 803, 806"
15134,Bahçe,3,"801, 803, 806"
15135,Arkacılar,3,"801, 803, 806"
15136,Arkacılar,3,"801, 803, 806"
15137,Arkacılar Bulut,3,"801, 803, 806"
15138,Arkacılar Bulut,3,"801, 803, 806"
15139,Kiraz Giriş,3,"801, 803, 806"
15140,Kiraz Giriş,3,"801, 803, 806"
15141,Kiraz İlçe Tarım  Müdürlüğü,3,"801, 803, 806"
15142,Kiraz İlçe Tarım  Müdürlüğü,3,"801, 803, 806"
15143,Atatürk İlkokulu,3,"801, 803, 806"
15144,Atatürk İlkokulu,3,"801, 803, 806"
15145,Kiraz Yeni Mahalle Cami,3,"801, 803, 806"
15146,Kiraz Yeni Mahalle Cami,3,"801, 803, 806"
15148,Doyranlı Fidanlık,3,"697, 795, 806"
15149,Doyranlı Fidanlık,3,"697, 795, 806"
15150,Doyranlı Lale Bahçesi,3,"697, 795, 806"
15151,Doyranlı Lale Bahçesi,3,"697, 795, 806"
15156,Aslanlar Yol Ayrımı,3,"697, 795, 806"
15157,Aslanlar  Yol Ayrımı,3,"697, 795, 806"
15256,Tire Toplu Konutlar,3,"743, 774, 798"
15257,Tire Toplu Konutlar,3,"743, 774, 798"
15258,Tire Anadolu İmam Hatip Lisesi,3,"743, 774, 798"
15259,Tire Anadolu İmam Hatip Lisesi,3,"743, 774, 798"
15260,Tire Park,3,"743, 774, 798"
15261,Tire Park,3,"743, 774, 798"
15262,Tire İstasyon,3,"743, 774, 798"
15263,Tire İstasyon,3,"743, 774, 798"
15264,Tire Meydan,3,"743, 774, 798"
15265,Tire Meydan,3,"743, 774, 798"
15266,Tire Stadı,3,"743, 774, 798"
15267,Tire Stadı,3,"743, 774, 798"
15268,Tire Sanatkarlar,3,"743, 774, 798"
15269,Tire Sanatkarlar,3,"743, 774, 798"
15270,Tire Zümrüt,3,"743, 774, 798"
15271,Tire Zümrüt,3,"743, 774, 798"
15272,Tire Terminal,3,"743, 774, 798"
15273,Tire Terminal,3,"743, 774, 798"
15460,Köfündere Çiftlik,3,"801, 803, 806"
15461,Köfündere Çiftlik,3,"801, 803, 806"
15537,Yeniçiftlik Benzinlik,3,"727, 798, 858"
15538,Yeniçiftlik Benzinlik,3,"727, 798, 858"
15541,Havuzbaşı Zeytinlik,3,"697, 795, 806"
15608,Pancar Prefabrik,3,"701, 709, 712"
15609,Pancar Prefabrik,3,"701, 709, 712"
15610,Pancar Zeytin,3,"701, 709, 712"
15611,Pancar Zeytin,3,"701, 709, 712"
15663,Merkez Cami,3,"714, 715, 727"
15664,Merkez Cami,3,"714, 715, 727"
15665,Torbalı Diş Hastanesi,3,"714, 715, 727"
15666,Torbalı Diş Hastanesi,3,"714, 715, 727"
15876,Yenitepe Erguvan,3,"516, 539, 873"
15877,Yenitepe Meydan,3,"516, 539, 873"
15878,Yenitepe Meydan,3,"516, 539, 873"
15879,Yenitepe Erguvan,3,"516, 539, 873"
15880,Yenitepe Giriş,3,"516, 539, 873"
15881,Yenitepe Giriş,3,"516, 539, 873"
15898,Uzundere Kavşağı,3,"516, 539, 873"
15899,Uzundere Kavşağı,3,"516, 539, 873"
15919,Havalimanı,3,"697, 806, 858"
15921,Keresteciler Sitesi,3,"697, 806, 858"
15922,Keresteciler Sitesi,3,"697, 806, 858"
15923,Mobilyacılar,3,"697, 806, 858"
15924,Mobilyacılar,3,"697, 806, 858"
15925,Aydın,3,"697, 806, 858"
15926,Aydın,3,"697, 806, 858"
15927,Gölcükler Yol Ayrımı,3,"697, 806, 858"
15928,Gölcükler Yol Ayrımı,3,"697, 806, 858"
15949,Kısıkköy Sanayi Estim,3,"697, 806, 858"
15950,Kısıkköy Giriş Alt Yol,3,"697, 806, 858"
15951,Ormancı Alt Yol,3,"697, 806, 858"
15952,Yeni Mahalle Alt Yol,3,"697, 806, 858"
15953,Benzinlik,3,"697, 806, 858"
15954,Benzinlik,3,"697, 806, 858"
15955,Torbalı Devlet Hastanesi Kavşağı,3,"712, 714, 722"
15956,Torbalı Devlet Hastanesi Kavşağı,3,"712, 714, 722"
16005,Değirmenönü,3,"801, 803, 806"
16006,Değirmenönü,3,"801, 803, 806"
16025,Şehit Öğretmen Ayhan Kökmen,3,"697, 796, 801"
16026,Şehit Öğretmen Ayhan Kökmen,3,"697, 796, 801"
16029,Mermer Fabrikası,3,"697, 795, 806"
16030,Mermer Fabrikası,3,"697, 795, 806"
16118,Tire Yolu,3,"743, 770, 783"
16119,Belevi,3,"743, 770, 783"
16128,Taşkesik Benzinlik,3,"697, 782, 806"
16145,İlkkurşun Ova,3,"697, 795, 806"
16146,İlkkurşun Ova,3,"697, 795, 806"
16157,İlkkurşun Küme,3,"697, 795, 806"
16158,İlkkurşun Küme,3,"697, 795, 806"
16176,Belevi Meydan,3,"743, 770, 783"
16177,Belevi Meydan,3,"743, 770, 783"
16178,Kent,3,"193, 524, 873"
16217,Sempati,3,"801, 803, 806"
16218,Sempati,3,"801, 803, 806"
16420,Benzinlik,3,"697, 796, 801"
16421,Benzinlik,3,"697, 796, 801"
16458,Demiryolu,3,"727, 788, 858"
16459,Demiryolu,3,"727, 788, 858"
16542,Botanik,3,"697, 795, 806"
16543,Botanik,3,"697, 795, 806"
16741,Armutluk,3,"697, 796, 801"
16742,Armutluk,3,"697, 796, 801"
20001,Karşıyaka İskele,3,"135, 137, 742"
20022,Bostanlı İskele,3,"212, 213, 290"
20026,Bostanlı İskele,3,"221, 322, 327"
20172,Bostanlı İskele,3,"121, 200, 777"
20358,Kuğu,3,"121, 777, 821"
20359,Kuğu,3,"121, 777, 821"
20360,Albatros,3,"121, 777, 821"
20361,Albatros,3,"121, 777, 821"
20362,Martı,3,"121, 777, 821"
20363,Martı,3,"121, 777, 821"
20366,Flamingo Sitesi 2,3,"121, 777, 821"
20367,Flamingo Sitesi 2,3,"121, 777, 821"
20368,Flamingo Sitesi,3,"121, 777, 821"
20369,Flamingo Sitesi,3,"121, 777, 821"
20417,Naldöken İtfaiye,3,"196, 335, 477"
20418,Naldöken İtfaiye,3,"196, 335, 477"
20419,Çam,3,"196, 335, 477"
20420,Çam,3,"196, 335, 477"
20421,Naldöken Yol Ayrımı,3,"196, 335, 477"
20429,Bahçe,3,"197, 537, 77"
20430,Bahçe,3,"197, 537, 77"
20431,Gümüşpala Çamlık,3,"197, 537, 77"
20432,Gümüşpala Çamlık,3,"197, 537, 77"
20433,Terzi,3,"197, 537, 77"
20434,Terzi,3,"197, 537, 77"
20439,Ellinci Yıl İlkokulu,3,"197, 537, 77"
20440,Ellinci Yıl İlkokulu,3,"197, 537, 77"
20441,Gümüşpala Dört Yol,3,"197, 537, 77"
20442,Gümüşpala Dört Yol,3,"197, 537, 77"
20443,Gümüşpala Karakol,3,"197, 537, 77"
20444,Gümüşpala Karakol,3,"197, 537, 77"
20447,Gümüşpala Kahveler,3,"196, 335, 477"
20448,Gümüşpala Kahveler,3,"196, 335, 477"
20457,Cemil Atlas İlköğretim Okulu,3,"135, 335, 742"
20458,Cemil Atlas İlköğretim Okulu,3,"135, 335, 742"
20459,Doğançay Viyadüğü,3,"135, 335, 742"
20460,Doğançay Viyadüğü,3,"135, 335, 742"
20461,Kentaş,3,"135, 335, 742"
20462,Kentaş,3,"135, 335, 742"
20463,Doğançay Mezarlık,3,"135, 335, 742"
20464,Doğançay Mezarlık,3,"135, 335, 742"
20469,Doğançay,3,"135, 537, 742"
20470,Doğançay,3,"335, 537, 742"
20543,Yamanlar PTT,3,"137, 537, 78"
20544,Yamanlar PTT,3,"137, 537, 78"
20545,Yamanlar Çeşme,3,"137, 537, 78"
20546,Yamanlar Çeşme,3,"137, 537, 78"
20547,Cemal Gürsel İlköğretim Okulu,3,"137, 537, 78"
20548,Yamanlar Semt Kütüphanesi,3,"137, 537, 78"
20549,Yamanlar Karakol,3,"137, 537, 78"
20550,Yamanlar Karakol,3,"137, 537, 78"
20551,Nergis,3,"137, 537, 78"
20552,Nergis,3,"137, 537, 78"
20553,Tünel,3,"137, 537, 78"
20554,Tünel,3,"137, 537, 78"
20570,Mutlu Parkı,3,"147, 532, 847"
20571,Mutlu Parkı,3,"147, 532, 847"
20572,Okul,3,"147, 532, 847"
20573,Okul,3,"147, 532, 847"
20574,Postacılar Muhtarlık,3,"147, 532, 847"
20575,Postacılar Muhtarlık,3,"147, 532, 847"
20576,Postacılar Trafo,3,"147, 532, 847"
20577,Postacılar Trafo,3,"147, 532, 847"
20578,İnönü Kültür Merkezi,3,"147, 532, 847"
20579,İnönü Kültür Merkezi,3,"147, 532, 847"
20581,Halit Özpirinç Lisesi,3,"148, 258, 532"
20582,Halit Özpirinç Lisesi,3,"148, 258, 532"
20593,Milli İrade Orta Okulu,3,"148, 258, 532"
20594,Milli İrade Orta Okulu,3,"148, 258, 532"
20657,Örnekköy,3,"136, 140, 240"
20672,Daryol,3,"136, 240, 430"
20673,Daryol,3,"136, 240, 430"
20677,Geçit,3,"125, 126, 326"
20679,Cumhuriyet Mahallesi Trafo,3,"125, 126, 326"
20680,Cumhuriyet Mahallesi Üçyol,3,"125, 326, 327"
20682,Mürşide Altınçubuk İlköğretim Okulu,3,"125, 326, 327"
20702,Fırın,3,"125, 326, 327"
20716,İnönü Mahallesi Muhtarlığı,3,"125, 326, 327"
20718,Marangoz,3,"125, 326, 327"
20720,Yamaç Parkı,3,"125, 326, 327"
20751,Çiğli Emniyet Müdürlüğü,3,"247, 344, 447"
20752,Çiğli Emniyet Müdürlüğü,3,"247, 344, 447"
20753,Göknar,3,"247, 344, 447"
20754,Göknar,3,"247, 344, 447"
20791,Milli Piyango Anadolu Lisesi,3,"344, 430, 445"
20792,Milli Piyango Anadolu Lisesi,3,"344, 430, 445"
20793,Eski Son Durak,3,"344, 430, 445"
20794,Eski Son Durak,3,"344, 430, 445"
20820,Acer,3,"247, 430, 447"
20821,Acer,3,"247, 430, 447"
20822,Kızılağaç,3,"247, 430, 447"
20823,Kızılağaç,3,"247, 430, 447"
20824,Ketenci,3,"247, 430, 447"
20825,Ketenci,3,"247, 430, 447"
20826,Yıldız,3,"247, 426, 447"
20827,Yıldız,3,"247, 426, 447"
20828,Şehit Jandarma Komando Fikri Koruer Parkı,3,"247, 426, 447"
20829,Şehit Jandarma Komando Fikri Koruer Parkı,3,"247, 426, 447"
20830,Kamelya,3,"247, 426, 447"
20831,Kamelya,3,"247, 426, 447"
20923,Güzeltepe Futbol Sahası,3,"229, 430, 529"
20924,Güzeltepe Futbol Sahası,3,"229, 430, 529"
20925,Kanuni İlkokulu,3,"229, 430, 529"
20926,Kanuni İlkokulu,3,"229, 430, 529"
20927,Çiğli Kooperatif 1,3,"229, 430, 529"
20928,Çiğli Kooperatif 1,3,"229, 430, 529"
20929,Mehmetçik,3,"229, 430, 529"
20930,Mehmetçik,3,"229, 430, 529"
20931,Çiğli Kooperatif 2,3,"229, 430, 529"
20932,Çiğli Kooperatif 2,3,"229, 430, 529"
20934,Bayır,3,"229, 430, 529"
20935,Bayır,3,"229, 430, 529"
20985,Akiş Öğütçü İlköğretim Okulu,3,"342, 443, 816"
20986,Akiş Öğütçü İlköğretim Okulu,3,"342, 443, 816"
20987,Egekent Postane,3,"342, 443, 816"
20988,Egekent Postane,3,"342, 443, 816"
20989,Turan Çakın İlkokulu,3,"342, 443, 816"
20990,Turan Çakın İlkokulu,3,"342, 443, 816"
20991,Egekent Trafo,3,"342, 443, 816"
20992,Egekent Trafo,3,"342, 443, 816"
20993,Adliyeciler Sitesi,3,"342, 443, 816"
20994,Adliyeciler Sitesi,3,"342, 443, 816"
20995,Eshotçular Sitesi,3,"342, 443, 816"
20996,Eshotçular Sitesi,3,"342, 443, 816"
20997,Egekent Park,3,"342, 443, 816"
20998,Egekent Park,3,"342, 443, 816"
20999,Egekent Cami,3,"342, 443, 816"
21051,Çiğli İMKB Mesleki ve Teknik Anadolu Lisesi,3,"346, 446, 810"
21052,Çiğli İMKB Mesleki ve Teknik Anadolu Lisesi,3,"346, 446, 810"
21053,Evka 5 Park,3,"346, 446, 810"
21054,Evka 5 Park,3,"346, 446, 810"
21055,İlkevler,3,"346, 446, 810"
21056,İlkevler,3,"346, 446, 810"
21057,Atatürk,3,"346, 446, 810"
21058,İlkevler 2,3,"346, 446, 810"
21059,9 Eylül,3,"346, 446, 810"
21060,Atatürk,3,"346, 446, 810"
21061,Evka 5 İş Merkezi,3,"346, 446, 810"
21062,9 Eylül,3,"346, 446, 810"
21063,Evka 5 Cumhuriyet,3,"346, 446, 810"
21064,Evka 5 Cumhuriyet,3,"346, 446, 810"
21155,Kutup Yıldızı,3,"149, 751, 777"
21156,Kutup Yıldızı,3,"149, 751, 777"
21157,Kaklıç Kavşağı,3,"149, 751, 777"
21158,Kaklıç Kavşağı,3,"149, 751, 777"
21317,Şehit Üsteğmen İbrahim Fahri Efendi,3,"295, 608, 820"
21318,Şehit Üsteğmen İbrahim Fahri Efendi,3,"295, 608, 820"
21325,Yörük,3,"295, 608, 820"
21326,Yörük,3,"295, 608, 820"
21351,Harmandalı Mezarlık,3,"295, 608, 820"
21352,Harmandalı Mezarlık,3,"295, 608, 820"
21353,Cumhuriyet Mahallesi Muhtarlığı,3,"295, 608, 820"
21354,Cumhuriyet Mahallesi Muhtarlığı,3,"295, 608, 820"
21355,Site 1,3,"295, 608, 820"
21356,Site 1,3,"295, 608, 820"
21357,Site 2,3,"295, 608, 820"
21358,Site 2,3,"295, 608, 820"
21370,Fevzi Çakmak,3,"295, 608, 820"
21371,Fevzi Çakmak,3,"295, 608, 820"
21372,Harmandalı,3,"295, 608, 820"
21410,Asarlık Mezarlık,3,"602, 660, 800"
21412,Asarlık Esat Paşa Mahallesi,3,"602, 660, 800"
21413,Asarlık İnönü Mahallesi,3,"602, 660, 800"
21414,Son Direk,3,"602, 660, 800"
21415,Son Direk,3,"602, 660, 800"
21442,Aliağa Sanayi,3,"661, 745, 746"
21444,Aliağa Sanayi Çıkış,3,"661, 745, 746"
21445,Aliağa Sanayi,3,"661, 745, 746"
21509,Ulukent Ortaokulu,3,"749, 826, 827"
21510,Ulukent Ortaokulu,3,"749, 826, 827"
21521,Zirve,3,"749, 826, 827"
21522,Zirve,3,"749, 826, 827"
21523,Market,3,"128, 749, 848"
21524,Market,3,"128, 749, 848"
21526,İrem Sitesi,3,"128, 749, 848"
21527,İrem Sitesi,3,"128, 749, 848"
21538,Ulu-Koop,3,"749, 826, 827"
21595,Villakent Giriş,3,"657, 750, 757"
21596,Villakent Giriş,3,"657, 750, 757"
21597,Teraslı Park,3,"657, 750, 757"
21598,Teraslı Park,3,"657, 750, 757"
21599,Hüseyin Baradan Parkı,3,"657, 750, 757"
21600,Spor Sahası,3,"657, 750, 757"
21601,Spor Sahası,3,"657, 750, 757"
21602,Hüseyin Baradan Parkı,3,"657, 750, 757"
21603,Merdivenli Park,3,"657, 750, 757"
21606,Merdivenli Park,3,"657, 750, 757"
21607,Villakent Merkez,3,"657, 750, 757"
21609,Şehit Astsubay Ümit İnce,3,"657, 750, 757"
21610,Villakent Merkez,3,"657, 750, 757"
21611,Maltepe Giriş,3,"657, 750, 757"
21612,Şehit Astsubay Ümit İnce,3,"657, 750, 757"
21613,Maltepe Ortaokulu,3,"657, 750, 757"
21614,Maltepe Giriş,3,"657, 750, 757"
21615,Villakent Anadolu Lisesi,3,"657, 750, 757"
21616,Villakent Anadolu Lisesi,3,"657, 750, 757"
21617,Florya,3,"657, 750, 757"
21618,Florya,3,"657, 750, 757"
21619,Şahin,3,"657, 750, 757"
21620,Şahin,3,"657, 750, 757"
21624,Maltepe Ortaokulu,3,"657, 750, 757"
21626,Koyundere Eski Son Durak,3,"648, 698, 748"
21627,Koyundere Eski Son Durak,3,"648, 698, 748"
21644,Mutlu,3,"648, 698, 748"
21645,Mutlu,3,"648, 698, 748"
21646,Vali Kutlu Aktaş,3,"648, 698, 748"
21647,Vali Kutlu Aktaş,3,"648, 698, 748"
21648,Koyundereli Hacı Mehmet Camii,3,"648, 698, 748"
21649,Koyundereli Hacı Mehmet Camii,3,"648, 698, 748"
21650,Fatma Koşay İlköğretim Okulu,3,"648, 698, 748"
21651,Fatma Koşay İlköğretim Okulu,3,"648, 698, 748"
21658,Aktaşlar,3,"648, 658, 748"
21659,Aktaşlar,3,"648, 658, 748"
21660,Beyaz Ev,3,"648, 658, 748"
21661,Beyaz Ev,3,"648, 658, 748"
21662,Duman,3,"648, 658, 748"
21663,Duman,3,"648, 658, 748"
21665,Asarlık Pazar Yeri,3,"648, 658, 748"
21667,Asarlık Park,3,"648, 658, 748"
21668,Fırın,3,"658, 748, 749"
21669,Fırın,3,"658, 748, 749"
21670,Zerdeçal,3,"658, 748, 749"
21671,Zerdeçal,3,"658, 748, 749"
21691,Nergis,3,"658, 748, 749"
21692,Nergis,3,"658, 748, 749"
21695,Papatya,3,"658, 748, 749"
21696,Papatya,3,"658, 748, 749"
21699,Anadolu Lisesi,3,"747, 753, 759"
21702,Anadolu Lisesi,3,"747, 753, 759"
21703,Menemen İZSU,3,"747, 753, 759"
21706,Menemen İZSU,3,"747, 753, 759"
21709,Mermerci,3,"747, 753, 759"
21711,Fabrikalar,3,"747, 753, 759"
21712,Mermerci,3,"747, 753, 759"
21714,Fabrikalar,3,"747, 753, 759"
21727,Çileklik,3,"747, 753, 759"
21728,Çileklik,3,"747, 753, 759"
21729,Yol,3,"747, 753, 759"
21730,Yol,3,"747, 753, 759"
21743,Trafo,3,"747, 753, 759"
21744,Trafo,3,"747, 753, 759"
21756,Merkez İlköğretim Okulu,3,"747, 753, 759"
21757,Merkez İlköğretim Okulu,3,"747, 753, 759"
21758,Emiralem Üçyol,3,"747, 753, 759"
21759,Emiralem Üçyol,3,"747, 753, 759"
21993,İsmail Rahmi Karadavut İlkokulu,3,"547, 816, 817"
21994,İsmail Rahmi Karadavut İlkokulu,3,"547, 816, 817"
22017,Asarlık Köprü,3,"648, 658, 748"
22035,Körfez Mahallesi,3,"434, 435, 537"
22036,Körfez Mahallesi,3,"434, 435, 537"
22037,Körfez Evleri Giriş,3,"434, 435, 537"
22038,Körfez Evleri Giriş,3,"434, 435, 537"
22047,Doğa Koleji,3,"121, 200, 821"
22049,Albayrak Mavişehir Evleri,3,"121, 200, 821"
22050,Soyak,3,"121, 200, 821"
22051,Soyak,3,"121, 200, 821"
22052,Fotoğraf Müzesi,3,"121, 200, 821"
22053,Fotoğraf Müzesi,3,"121, 200, 821"
22054,Bayrak,3,"121, 200, 821"
22055,Bayrak,3,"121, 200, 821"
22058,Albayrak Mavişehir Evleri,3,"121, 200, 821"
22061,Yaşam,3,"121, 200, 821"
22141,Soyak,3,"125, 322, 326"
22145,Çiğli Aktarma Merkezi,3,"329, 529, 817"
22146,Çiğli Aktarma Merkezi,3,"247, 344, 547"
22173,Egekent Aktarma Merkezi,3,"596, 816, 817"
22174,Egekent Aktarma Merkezi,3,"346, 535, 810"
22190,Mavişehir Aktarma Merkezi,3,"121, 200, 821"
22244,Biçerova İstasyon,3,"661, 745, 746"
22300,Çamlıkent,3,"229, 430, 529"
22301,Çamlıkent Giriş,3,"229, 430, 529"
22302,Çamlıkent Giriş,3,"229, 430, 529"
22303,Çamlıkent Meydan,3,"229, 430, 529"
22304,Çamlıkent Meydan,3,"229, 430, 529"
22305,Çamlıkent Çıkış,3,"229, 430, 529"
22306,Çamlıkent Çıkış,3,"229, 430, 529"
22372,Belen Meydan,3,"754, 755, 758"
22373,Belen Meydan,3,"754, 755, 758"
22402,Beş Kardeşler,3,"660, 661, 745"
22426,Soyak İzsu,3,"125, 326, 327"
22427,İnönü Mahallesi Trafo,3,"125, 326, 327"
22509,Ahıska,3,"648, 826, 848"
22510,Ahıska,3,"648, 826, 848"
22513,Gazi Mah  Toki Evleri,3,"648, 826, 848"
22514,Gazi Mah  Toki Evleri,3,"648, 826, 848"
22516,Toki Okul,3,"648, 826, 848"
22537,Egekent 2 Pazaryeri,3,"608, 749, 826"
22538,Egekent 2 Pazaryeri,3,"608, 749, 826"
22539,Toki Okul,3,"648, 826, 848"
22540,Yamanlar Muradiye Cami,3,"137, 537, 78"
22541,Yamanlar Muradiye Cami,3,"137, 537, 78"
22543,Şehit Yüzbaşı Ali Rıza Sadak İlkokulu,3,"137, 537, 78"
22544,Şehit Yüzbaşı Ali Rıza Sadak İlkokulu,3,"137, 537, 78"
22545,Anıt Park,3,"137, 537, 78"
22546,Anıt Park,3,"137, 537, 78"
22547,Ahmet Taner Kışlalı,3,"137, 537, 78"
22548,Ahmet Taner Kışlalı,3,"137, 537, 78"
22550,Yamanlar Yeni Son Durak,3,"137, 537, 78"
22562,Maltepe Arıtma Tesisi,3,"657, 750, 757"
22563,Maltepe Arıtma Tesisi,3,"657, 750, 757"
22564,Maltepe Çiftlik,3,"657, 750, 757"
22565,Maltepe Çiftlik,3,"657, 750, 757"
22566,Maltepe Üçyol,3,"657, 750, 757"
22567,Maltepe Üçyol,3,"657, 750, 757"
22634,İncirlik,3,"835, 837, 936"
22635,İncirlik,3,"835, 837, 936"
22738,Aliağa Terminal İçi,3,"835, 837, 936"
22739,Gazeteci Hasan Tahsin,3,"835, 837, 936"
22741,Aliağa Santral,3,"835, 837, 936"
22742,Gazeteci Hasan Tahsin,3,"835, 837, 936"
22743,Aliağa Liman,3,"835, 837, 936"
22744,Aliağa santral,3,"835, 837, 936"
22746,Aliağa Liman,3,"835, 837, 936"
22777,Yeni Şakran Giriş,3,"835, 837, 936"
22780,Yeni Şakran Giriş,3,"835, 837, 936"
22783,Yeni Şakran Yol Ayrımı,3,"835, 837, 936"
22784,Yeni Şakran  Merkez,3,"835, 837, 936"
22785,Demirkent,3,"835, 837, 936"
22787,Ilıca,3,"835, 837, 936"
22788,Demirkent,3,"835, 837, 936"
22789,Mavi Kent,3,"835, 837, 936"
22790,Ilıca,3,"835, 837, 936"
22791,Kazıkbağları Merkez,3,"835, 837, 936"
22792,Mavi Kent,3,"835, 837, 936"
22793,Çandarlı Yol Ayrımı,3,"835, 837, 936"
22794,Kazıkbağları Merkez,3,"835, 837, 936"
22796,Çandarlı Yol Ayrımı,3,"835, 837, 936"
22849,Çeşme,3,"661, 745, 746"
22850,Çeşme,3,"661, 745, 746"
22975,Desen,3,"835, 842, 936"
22976,Desen,3,"835, 842, 936"
22979,Tekkedere,3,"835, 842, 936"
22980,Tekkedere,3,"835, 842, 936"
22981,Yenikent,3,"835, 842, 936"
22982,Yenikent,3,"835, 842, 936"
22983,Kurfallı,3,"835, 842, 936"
22984,Kurfallı,3,"835, 842, 936"
22985,Sarıdere,3,"835, 842, 936"
22986,Sarıdere,3,"835, 842, 936"
22987,Eğrigöl,3,"835, 842, 936"
22988,Eğrigöl,3,"835, 842, 936"
23253,Çilek Bahçesi,3,"747, 753, 759"
23254,Çilek Bahçesi,3,"747, 753, 759"
23306,Spor Kondisyon Parkı,3,"125, 322, 426"
23390,Çocuk Parkı,3,"834, 849, 935"
23391,Zeytinli Parkı,3,"834, 849, 935"
23392,Atatürk İlkokulu,3,"834, 849, 935"
23394,Demokrasi Meydanı,3,"834, 849, 935"
23396,Meydan,3,"834, 849, 935"
23398,Atatürk Parkı,3,"834, 849, 935"
23401,Meslek Yüksek Okulu,3,"834, 849, 935"
23402,Meslek Yüksek Okulu,3,"834, 849, 935"
23403,Bozköy,3,"835, 842, 936"
23404,Bozköy,3,"835, 842, 936"
23429,Tabak Köprüsü,3,"831, 832, 833"
23430,Tabak Köprüsü,3,"831, 832, 833"
23431,Camikebir Caddesi,3,"831, 832, 833"
23432,Camikebir Caddesi,3,"831, 832, 833"
23433,Kozak Caddesi,3,"831, 832, 833"
23434,Kozak Caddesi,3,"831, 832, 833"
23435,Tekkeboğazı Sokak,3,"831, 832, 833"
23436,Tekkeboğazı Sokak,3,"831, 832, 833"
23437,Hasan Dede Turbesi,3,"831, 832, 833"
23439,Hasan Dede Turbesi,3,"831, 832, 833"
23440,Kozak Bergama Yolu,3,"831, 832, 833"
23441,Kozak Bergama Yolu,3,"831, 832, 833"
23442,Selçuk Mahallesi,3,"831, 832, 833"
23443,Selçuk Mahallesi,3,"831, 832, 833"
23444,Çavuşali Sokak,3,"831, 832, 833"
23445,Çavuşali Sokak,3,"831, 832, 833"
23446,Kozak Yaşam Vadisi,3,"831, 832, 833"
23447,Kozak Yaşam Vadisi,3,"831, 832, 833"
23448,Yukarıbey Giriş,3,"831, 832, 833"
23449,Yukarıbey Giriş,3,"831, 832, 833"
23450,Yukarıbey Cami,3,"831, 832, 833"
23451,Yukarıbey Cami,3,"831, 832, 833"
23514,İlkevler 2,3,"346, 446, 810"
23525,Yerlitahtacı Yol Ayrımı,3,"831, 832, 833"
23526,Yerlitahtacı Yol Ayrımı,3,"831, 832, 833"
23527,Kapıkaya,3,"831, 832, 833"
23528,Kapıkaya,3,"831, 832, 833"
23529,Kozak Yaylası,3,"831, 832, 833"
23530,Kozak Yaylası,3,"831, 832, 833"
23592,Park Kozak,3,"831, 832, 833"
23593,Park Kozak,3,"831, 832, 833"
23602,İncecikler,3,"831, 832, 833"
23603,İncecikler,3,"831, 832, 833"
23618,Doğançay Aile Sağlığı Merkezi,3,"135, 335, 742"
23619,Doğançay Aile Sağlığı Merkezi,3,"135, 335, 742"
23641,Günerli Çeşme,3,"750, 757, 850"
23642,Günerli Çeşme,3,"750, 757, 850"
23643,Günerli Cami,3,"750, 757, 850"
23644,Günerli Cami,3,"750, 757, 850"
23662,Sürgün Abidesi,3,"648, 826, 848"
23665,Ahıskakent İlkokulu,3,"648, 826, 848"
23666,Ahıskakent ilkokulu,3,"648, 826, 848"
23685,Bostanlı İskele,3,"430, 435, 532"
24002,Bayatlı,3,"651, 652, 653"
24004,Akif Ersezgin Lisesi,3,"651, 652, 653"
24006,Mert Öztüre İlkokulu,3,"651, 652, 653"
24008,Bayatlı Çıkış,3,"651, 652, 653"
24010,Ilıca,3,"651, 652, 653"
24020,Bayrak,3,"651, 652, 653"
24022,Tariş,3,"651, 652, 653"
24024,Barış Merdivenleri,3,"651, 652, 653"
24026,Meslek Lisesi,3,"651, 652, 653"
24028,Kültür Merkezi,3,"651, 652, 653"
24029,Hükümet Konağı,3,"651, 652, 653"
24034,Bazilika,3,"651, 652, 653"
24035,Bazilika,3,"651, 652, 653"
24036,Akasya,3,"651, 652, 653"
24037,Akasya,3,"651, 652, 653"
24038,Cumhuriyet Lisesi,3,"651, 652, 653"
24039,Cumhuriyet Lisesi,3,"651, 652, 653"
24040,Ulu Cami Muhtarlık,3,"651, 652, 653"
24041,Ulu Cami Muhtarlık,3,"651, 652, 653"
24042,Poliklinik,3,"651, 652, 653"
24043,Poliklinik,3,"651, 652, 653"
24044,Hastane,3,"651, 652, 653"
24098,Terminal,3,"651, 652, 653"
24099,Terminal,3,"651, 652, 653"
24144,Cemsultan,3,"652, 653, 656"
24171,Park,3,"652, 653, 656"
24213,Şakran İncirlik 2,3,"835, 837, 936"
24214,Şakran İncirlik 2,3,"835, 837, 936"
24236,Yuvam 2,3,"651, 652, 653"
24241,Kırlangıç,3,"657, 750, 757"
24242,Kırlangıç,3,"657, 750, 757"
24251,Aliağa Terminal İçi,3,"834, 849, 935"
24252,Santorini Sitesi,3,"229, 430, 529"
24253,Santorini Sitesi,3,"229, 430, 529"
24281,Koyundere Fatih Cami,3,"648, 698, 748"
24282,Koyundere Fatih Cami,3,"648, 698, 748"
24456,İsmet İnönü,3,"602, 660, 800"
24640,Köprü,3,"754, 755, 758"
24641,Köprü,3,"754, 755, 758"
24649,Alp Oğuz Anadolu Lisesi,3,"834, 849, 935"
30015,Bornova Metro,3,"259, 338, 59"
30046,Akasya,3,"117, 560, 60"
30048,Ege Endüstri,3,"117, 560, 60"
30053,Etap,3,"117, 560, 60"
30055,Ege Endüstri,3,"117, 560, 60"
30057,BMC,3,"117, 560, 60"
30179,Burak Reis,3,"119, 54, 555"
30181,Havuzlu Kahve,3,"119, 54, 555"
30183,Sıdıka Rodop Lisesi,3,"119, 54, 555"
30185,Pazar Yeri,3,"119, 54, 555"
30187,Dispanser,3,"119, 54, 555"
30189,PTT,3,"119, 54, 555"
30200,Mersinli Cami,3,"119, 54, 555"
30202,Havuzlu Kahve,3,"119, 54, 555"
30204,Dispanser,3,"119, 54, 555"
30206,Yıldırım Beyazıt Cami,3,"119, 54, 555"
30208,Şehit Piyade Ferhat Altın,3,"119, 54, 555"
30210,Birlik Cami,3,"119, 54, 555"
30212,Sanayi Sitesi,3,"119, 54, 555"
30214,Yıldırım,3,"119, 54, 555"
30219,Rafet Paşa,3,"119, 54, 555"
30222,Yeşilova,3,"119, 54, 555"
30224,Sevgi,3,"119, 54, 555"
30272,Ege Üniversitesi Hastanesi,3,"119, 204, 390"
30343,Mermerci,3,"949, 966, 988"
30345,İzbeton,3,"949, 966, 988"
30346,İzbeton,3,"949, 966, 988"
30348,Belkahve Çay Bahçesi,3,"949, 966, 988"
30350,Maliye,3,"949, 966, 988"
30351,Belkahve Çay Bahçesi,3,"949, 966, 988"
30352,Fabrika,3,"949, 966, 988"
30353,Maliye,3,"949, 966, 988"
30373,Topçu Birliği,3,"313, 315, 316"
30377,Mezarlık,3,"313, 315, 316"
30378,Dostlar Sitesi,3,"313, 315, 316"
30379,Dostlar Sitesi,3,"313, 315, 316"
30416,Çamkule Pazar Yeri,3,"153, 53, 57"
30419,Levent Kara Sağlık Ocağı,3,"153, 53, 57"
30420,Levent Kara Sağlık Ocağı,3,"153, 53, 57"
30509,Kuzey,3,"267, 564, 64"
30533,Meltem,3,"267, 564, 64"
30534,Meltem,3,"267, 564, 64"
30540,Kara Nakliyeciler,3,"277, 364, 64"
30541,Kara Nakliyeciler,3,"277, 364, 64"
30543,Yunus Emre,3,"267, 367, 505"
30544,Köprü,3,"267, 367, 505"
30545,İzeltaş Mağaza,3,"267, 367, 505"
30546,İzeltaş,3,"267, 367, 505"
30547,İzeltaş,3,"267, 367, 505"
30548,İzeltaş Mağaza,3,"267, 367, 505"
30557,Bornova Anadolu Lisesi,3,"267, 367, 505"
30558,Bornova Anadolu Lisesi,3,"267, 367, 505"
30559,Eser,3,"267, 367, 505"
30560,Eser,3,"267, 367, 505"
30561,Selçuk Yaşar Boyacılık EML,3,"267, 367, 505"
30562,Selçuk Yaşar Boyacılık EML,3,"267, 367, 505"
30605,Alt Geçit,3,"268, 367, 368"
30606,Alt Geçit,3,"268, 367, 368"
30607,Elif,3,"268, 367, 368"
30608,Elif,3,"268, 367, 368"
30613,Aktar,3,"268, 367, 368"
30614,Aktar,3,"268, 367, 368"
30627,Papatya,3,"268, 358, 67"
30628,Papatya,3,"268, 358, 67"
30637,Bezirgan,3,"367, 368, 67"
30638,Bezirgan,3,"367, 368, 67"
30639,Metal,3,"367, 368, 67"
30640,Metal,3,"367, 368, 67"
30641,Fabrika,3,"367, 368, 67"
30642,Fabrika,3,"367, 368, 67"
30643,Pınarbaşı Kavşak,3,"560, 60, 67"
30644,Pınarbaşı Kavşak,3,"560, 60, 67"
30645,Fincancılar,3,"560, 60, 67"
30646,Fincancılar,3,"560, 60, 67"
30647,Termak,3,"560, 60, 67"
30648,Termak,3,"560, 60, 67"
30649,Pınarbaşı Depolar,3,"560, 60, 67"
30650,Pınarbaşı Depolar,3,"560, 60, 67"
30789,Dolmuş Garajı,3,"767, 772, 967"
30955,Piyale,3,"330, 534, 543"
31013,Bayraklı Siteler,3,"338, 498, 534"
31014,Bayraklı Siteler,3,"338, 498, 534"
31015,Fatih Cami,3,"338, 498, 534"
31016,Fatih Cami,3,"338, 498, 534"
31121,Sevgi,3,"597, 599, 699"
31122,Sevgi,3,"597, 599, 699"
31123,Başaran,3,"597, 599, 699"
31124,Başaran,3,"597, 599, 699"
31125,Cami,3,"597, 599, 699"
31126,Cami,3,"597, 599, 699"
31127,Kahveler,3,"597, 599, 699"
31128,Kahveler,3,"597, 599, 699"
31132,Tepe,3,"359, 599, 699"
31137,Yeşil Ulu Cami,3,"502, 598, 662"
31138,Yeşil Ulu Cami,3,"502, 598, 662"
31139,Borsa Okulu Eski Sondurak,3,"502, 598, 662"
31140,Borsa Okulu Eski Sondurak,3,"502, 598, 662"
31185,Şehit Polis Fethi Sekin İlköğretim Okulu,3,"249, 498, 570"
31186,Şehit Polis Fethi Sekin İlköğretim Okulu,3,"249, 498, 570"
31191,Mustafa Kemal Lisesi,3,"249, 498, 570"
31192,Mustafa Kemal Lisesi,3,"249, 498, 570"
31201,Çukurbahçe Cami,3,"249, 568, 570"
31202,Çukurbahçe Cami,3,"249, 568, 570"
31203,İbrahim Ethem,3,"249, 568, 570"
31204,İbrahim Ethem,3,"249, 568, 570"
31205,Şehit Asteğmen Ergin KAYA,3,"249, 568, 570"
31206,Şehit Asteğmen Ergin KAYA,3,"249, 568, 570"
31223,İsmet Sezgin İlköğretim Okulu,3,"168, 249, 568"
31224,İsmet Sezgin İlköğretim Okulu,3,"168, 249, 568"
31227,Şehit Kara Pilot Yüzbaşı Mehmet İlker Karaman,3,"168, 249, 568"
31228,Şehit Kara Pilot Yüzbaşı Mehmet İlker Karaman,3,"168, 249, 568"
31239,Dörtyol,3,"168, 249, 568"
31240,Dörtyol,3,"168, 249, 568"
31241,Ali İhsan Bey,3,"168, 249, 568"
31242,Ali İhsan Bey,3,"168, 249, 568"
31243,Zehra Hoca İlköğretim Okulu,3,"168, 249, 568"
31244,Zehra Hoca İlköğretim Okulu,3,"168, 249, 568"
31281,Suphi Koyuncu,3,"313, 314, 338"
31308,Çiçekli,3,"565, 584, 585"
31309,Çiçekli,3,"565, 584, 585"
31385,Sevgi,3,"168, 249, 568"
31386,Sevgi,3,"168, 249, 568"
31387,Akdemir Parkı,3,"168, 249, 568"
31388,Akdemir Parkı,3,"168, 249, 568"
31389,Gazi,3,"168, 249, 568"
31390,Gazi,3,"168, 249, 568"
31391,Turgut Reis,3,"168, 249, 568"
31392,Turgut Reis,3,"168, 249, 568"
31553,Otogar Yeni,3,"602, 608, 660"
31580,Sütçüler Köyü Girişi,3,"769, 772, 949"
31582,Atatürk Caddesi,3,"769, 772, 949"
31583,Sütçüler Köyü Girişi,3,"769, 772, 949"
31584,Baltaalanı,3,"769, 772, 949"
31585,Atatürk Caddesi,3,"769, 772, 949"
31587,Baltaalanı,3,"769, 772, 949"
31633,Pakmaya Ülkü Hızal Anadolu Lisesi,3,"668, 768, 988"
31656,Pakmaya Ülkü Hızal Anadolu Lisesi,3,"668, 768, 988"
31850,Sağlık Müdürlüğü,3,"338, 498, 534"
31851,Sağlık Müdürlüğü,3,"338, 498, 534"
31858,Başak,3,"338, 534, 559"
31859,Başak,3,"338, 534, 559"
32196,Hava Pilot Teğmen Erdoğan Çallı,3,"769, 772, 949"
32197,Hava Pilot Teğmen Erdoğan Çallı,3,"769, 772, 949"
32307,Afet Haberleşme,3,"557, 559, 598"
32308,Afet Haberleşme,3,"557, 559, 598"
32309,2. Etap,3,"558, 559, 598"
32310,2. Etap,3,"558, 559, 598"
32311,Etap 1,3,"558, 559, 598"
32312,Etap 1,3,"558, 559, 598"
32313,Köşe,3,"558, 559, 598"
32314,Köşe,3,"558, 559, 598"
32332,Soğukpınar,3,"668, 768, 988"
32333,Papatya,3,"557, 559, 598"
32334,Papatya,3,"557, 559, 598"
32378,Okul,3,"557, 559, 598"
32379,Okul,3,"557, 559, 598"
32411,Avcı,3,"597, 599, 699"
32412,Avcı,3,"597, 599, 699"
40081,Eski Mezarlık,3,"866, 869, 940"
40159,Şirinyer Parkı,3,"485, 74, 866"
40183,İnkılap,3,"233, 484, 74"
40186,İrfan Nadir İlkokulu,3,"233, 484, 74"
40195,Koşuyolu,3,"105, 171, 417"
40196,Koşuyolu,3,"105, 171, 417"
40215,Ata,3,"465, 471, 74"
40216,Ata,3,"465, 471, 74"
40217,Ensar Cami,3,"465, 471, 74"
40218,Ensar Cami,3,"465, 471, 74"
40219,30 Ağustos İlköğretim Okulu,3,"465, 471, 74"
40220,30 Ağustos İlköğretim Okulu,3,"465, 471, 74"
40221,Harp İş Sitesi,3,"465, 471, 74"
40222,Harp İş Sitesi,3,"465, 471, 74"
40271,Buca Anadolu Lisesi,3,"233, 353, 818"
40272,Buca Anadolu Lisesi,3,"233, 353, 818"
40273,İnönü Mahallesi Muhtarlık,3,"233, 353, 818"
40274,İnönü Mahallesi Muhtarlık,3,"233, 353, 818"
40287,Kuzucuoğlu,3,"233, 353, 818"
40288,Kuzucuoğlu,3,"233, 353, 818"
40289,İsmail Şekip Uyal İlköğretim Okulu,3,"233, 353, 818"
40290,İsmail Şekip Uyal İlköğretim Okulu,3,"233, 353, 818"
40328,Üçyol,3,"484, 485, 74"
40329,Üçyol,3,"484, 485, 74"
40355,Göksu,3,"484, 485, 74"
40356,Göksu,3,"484, 485, 74"
40363,İrfan Nadir İlkokulu,3,"233, 484, 74"
40365,Osman Bey Anadolu Lisesi,3,"233, 484, 74"
40454,İşçievleri,3,"472, 72, 871"
40457,Selviler,3,"472, 72, 871"
40458,Selviler,3,"472, 72, 871"
40486,İstiklal,3,"472, 72, 871"
40487,İstiklal,3,"472, 72, 871"
40493,Işıklı Parkı,3,"472, 72, 871"
40494,Işıklı Parkı,3,"472, 72, 871"
40495,Ana Sağlığı,3,"472, 72, 871"
40496,Ana Sağlığı,3,"472, 72, 871"
40497,Bloklar,3,"472, 72, 871"
40498,Bloklar,3,"472, 72, 871"
40508,Buca Tenis Kulübü,3,"284, 285, 875"
40509,Buca Tenis Kulübü,3,"284, 285, 875"
40510,Mevlana Heykeli,3,"284, 285, 875"
40511,Mevlana Heykeli,3,"284, 285, 875"
40512,Eyüp Sultan Cami,3,"284, 285, 875"
40513,Eyüp Sultan Cami,3,"284, 285, 875"
40514,Mehmetçik,3,"284, 285, 875"
40515,Mehmetçik,3,"284, 285, 875"
40522,Dokuz Eylül Öğrenci Yurdu,3,"374, 874, 876"
40523,Dokuz Eylül Öğrenci Yurdu,3,"374, 874, 876"
40528,Çağdaş,3,"284, 285, 875"
40529,Çağdaş,3,"284, 285, 875"
40530,Dörtyol,3,"284, 285, 875"
40531,Dörtyol,3,"284, 285, 875"
40581,Adatepe Son Durak,3,"176, 177, 940"
40586,Akşemsettin İlkokulu,3,"284, 285, 875"
40587,Akşemsettin İlkokulu,3,"284, 285, 875"
40588,Sağlık Ocağı,3,"284, 285, 875"
40589,Sağlık Ocağı,3,"284, 285, 875"
40590,Karakol,3,"284, 285, 875"
40591,Karakol,3,"284, 285, 875"
40592,Sultan Alparslan Anadolu Lisesi,3,"284, 285, 875"
40593,Sultan Alparslan Anadolu Lisesi,3,"284, 285, 875"
40613,Yavuz Sultan Selim Cami,3,"284, 285, 875"
40614,Yavuz Sultan Selim Cami,3,"284, 285, 875"
40853,Emek,3,"171, 476, 676"
40854,Emek,3,"171, 476, 676"
40866,Kuruçeşme,3,"171, 476, 676"
40867,Şafak,3,"171, 476, 676"
40870,Şafak,3,"171, 476, 676"
40877,Eski Son Durak,3,"171, 476, 676"
40878,Eski Son Durak,3,"171, 476, 676"
40879,Kahve,3,"171, 476, 676"
40880,Kahve,3,"171, 476, 676"
40881,Aybers Hikmet Karabacak Anadolu Lisesi,3,"171, 476, 676"
40930,Bağ Arası,3,"176, 177, 277"
40931,Bağ Arası,3,"176, 177, 277"
40932,Yeni Mezarlık,3,"176, 177, 277"
40933,Yeni Mezarlık,3,"176, 177, 277"
40934,Olduruk,3,"176, 177, 277"
40966,Yeni Mezarlık İki,3,"176, 177, 277"
40967,Yeni Mezarlık İki,3,"176, 177, 277"
41086,Yıldız,3,"472, 72, 871"
41087,Yıldız,3,"472, 72, 871"
41088,Telsizler,3,"472, 72, 871"
41089,Telsizler,3,"472, 72, 871"
41165,Süsen,3,"105, 171, 417"
41166,Kızılkanat,3,"105, 171, 417"
41167,Kızılkanat,3,"105, 171, 417"
41168,Süsen,3,"105, 171, 417"
41172,Şirinyer Aktarma,3,"874, 875, 876"
41177,Şirinyer Aktarma,3,"36, 418, 466"
41203,Neşet Ertaş Parkı,3,"104, 866, 869"
41205,Adatepe Park,3,"104, 866, 869"
41206,Neşet Ertaş Parkı,3,"104, 866, 869"
41207,Adatepe Villaları,3,"104, 866, 869"
41208,Adatepe Park,3,"104, 866, 869"
41209,Fabrikalar 1,3,"104, 866, 869"
41210,Adatepe Villaları,3,"104, 866, 869"
41211,Fabrikalar 2,3,"104, 866, 869"
41212,Fabrikalar 1,3,"104, 866, 869"
41213,Çay  Bahçesi,3,"104, 866, 869"
41214,Fabrikalar 2,3,"104, 866, 869"
41215,Yahya Kemal Beyatlı,3,"104, 866, 869"
41216,Çay  Bahçesi,3,"104, 866, 869"
41217,Toki Okul,3,"104, 866, 875"
41218,Yahya Kemal Beyatlı,3,"104, 866, 869"
41219,Toki AVM,3,"104, 866, 875"
41220,Toki Okul,3,"104, 866, 875"
41222,Toki AVM,3,"104, 866, 875"
41227,Sosyal Yaşam Merkezi,3,"284, 285, 866"
41228,Sosyal Yaşam Merkezi,3,"284, 285, 866"
41229,Fabrikalar 3,3,"104, 866, 869"
41230,Fabrikalar 3,3,"104, 866, 869"
41235,Barış Manço,3,"104, 866, 869"
41236,Barış Manço,3,"104, 866, 869"
41295,Yenigün Muhtar,3,"171, 417, 74"
41296,Yenigün Muhtar,3,"171, 417, 74"
41297,Nazım Hikmet Parkı,3,"171, 417, 74"
41298,Nazım Hikmet Parkı,3,"171, 417, 74"
41310,Şirinyer Aktarma,3,"465, 471, 472"
41335,Balkan,3,"303, 304, 36"
41373,İde,3,"104, 285, 875"
41387,Adatepe Son Durak,3,"176, 177, 940"
41402,Emek,3,"472, 72, 871"
41403,Emek,3,"472, 72, 871"
50002,Üçkuyular İskele Son Durak,3,"483, 5, 6"
50003,Üçkuyular İskele Son Durak,3,"24, 480, 486"
50186,Dokuz Eylül Deniz Bilimleri,3,"483, 486, 811"
50203,Ata Durağı,3,"311, 480, 811"
50205,Sera,3,"311, 480, 811"
50206,Beşyol,3,"311, 480, 481"
50215,Beşyol,3,"311, 480, 811"
50327,Güzelbahçe Pazar Yeri,3,"321, 82, 9"
50328,Pazar Yeri,3,"321, 82, 9"
50329,Güzelbahçe Kaymakamlık,3,"321, 82, 9"
50330,Güzelbahçe Kaymakamlık,3,"321, 82, 9"
50331,Yaka Giriş,3,"321, 82, 9"
50332,Yaka Giriş,3,"321, 82, 9"
50333,Fabrika,3,"321, 82, 9"
50334,Fabrika,3,"321, 82, 9"
50335,Fırın,3,"321, 82, 9"
50336,Fırın,3,"321, 82, 9"
50337,Uğur Mumcu,3,"321, 82, 9"
50338,Uğur Mumcu,3,"321, 82, 9"
50355,Belediye,3,"321, 82, 9"
50356,Belediye,3,"321, 82, 9"
50367,Asır,3,"762, 8, 82"
50368,Asır,3,"762, 8, 82"
50369,Bankacılar Sitesi,3,"762, 8, 82"
50370,Ünlü,3,"762, 8, 82"
50374,Şehit Kemal,3,"762, 8, 82"
50487,Şehit İlhami Yılmaz,3,"321, 762, 962"
50488,Şehit İlhami Yılmaz,3,"321, 762, 962"
50489,Yelki Saha,3,"321, 762, 962"
50490,Yelki Saha,3,"321, 762, 962"
50610,Çardak,3,"761, 978, 981"
50611,Aygün,3,"962, 981, 982"
50612,Aygün,3,"962, 981, 982"
50614,Kekliktepe,3,"962, 981, 982"
50615,Kekliktepe,3,"962, 981, 982"
50629,Akça,3,"962, 981, 982"
50634,Akça,3,"962, 981, 982"
50635,Rektörlük,3,"882, 883, 982"
50645,Süreyya Sultan Evleri,3,"761, 978, 981"
50646,Süreyya Sultan Evleri,3,"761, 978, 981"
50647,Çiftlik,3,"761, 978, 981"
50648,Çiftlik,3,"761, 978, 981"
50649,Çardak Kamp,3,"761, 978, 981"
50650,Çardak Kamp,3,"761, 978, 981"
50651,Dyo Kampı,3,"761, 978, 981"
50652,Manolya,3,"761, 978, 981"
50653,Manolya,3,"761, 978, 981"
50654,Yüksek Teknoloji,3,"761, 978, 981"
50655,Yüksek Teknoloji,3,"761, 978, 981"
50656,Balıkçı,3,"761, 978, 981"
50657,Balıkçı,3,"761, 978, 981"
50658,Gülbahçe,3,"761, 978, 981"
50659,Gülbahçe,3,"761, 978, 981"
50660,Dyo Kampı,3,"761, 978, 981"
50661,Çardak,3,"761, 978, 981"
50662,Saha,3,"761, 978, 981"
50663,Saha,3,"761, 978, 981"
50664,Gümüşkoy,3,"761, 978, 981"
50665,Gümüşkoy,3,"761, 978, 981"
50666,Kamp,3,"761, 978, 981"
50667,Kamp,3,"761, 978, 981"
50668,Öğretmenler,3,"761, 978, 981"
50669,Öğretmenler,3,"761, 978, 981"
50670,Meryem Sitesi,3,"761, 978, 981"
50671,Meryem Sitesi,3,"761, 978, 981"
50672,Göztepe,3,"761, 978, 981"
50673,Göztepe,3,"761, 978, 981"
50674,Kamelya,3,"761, 978, 981"
50675,Kamelya,3,"761, 978, 981"
50676,Pınar,3,"761, 978, 981"
50677,Pınar,3,"761, 978, 981"
50678,Kaynaktur,3,"761, 978, 981"
50679,Kaynaktur,3,"761, 978, 981"
50680,Şehit,3,"761, 978, 981"
50681,Şehit,3,"761, 978, 981"
50682,Market,3,"761, 978, 981"
50683,Market,3,"761, 978, 981"
50684,Sağlık Ocağı,3,"761, 978, 981"
50685,Sağlık Ocağı,3,"761, 978, 981"
50686,Balıklıova,3,"761, 978, 981"
50687,Balıklıova,3,"761, 978, 981"
50688,Pınar Evleri,3,"761, 978, 981"
50689,Karareis,3,"761, 978, 981"
50690,Pura,3,"761, 978, 981"
50691,Pınar Evleri,3,"761, 978, 981"
50692,Nar,3,"761, 978, 981"
50693,Pura,3,"761, 978, 981"
50694,Balıklıova Merkez,3,"761, 978, 981"
50695,Nar,3,"761, 978, 981"
50696,Karareis,3,"761, 978, 981"
50697,Balıklıova Merkez,3,"761, 978, 981"
50704,Gülbahçe Pazaryeri,3,"761, 978, 981"
50705,Gülbahçe Pazaryeri,3,"761, 978, 981"
50740,Güzelbahçe İMKB Mesleki ve Teknik Anadolu Lisesi,3,"321, 762, 9"
50741,Güzelbahçe İMKB Mesleki ve Teknik Anadolu Lisesi,3,"321, 762, 9"
50744,Teras Evler,3,"321, 762, 9"
50745,Teras Evler,3,"321, 762, 9"
51196,Ulamış İlkokulu,3,"732, 985, 991"
51197,Ulamış İlkokulu,3,"732, 985, 991"
51198,Ulamış Mezarlık,3,"732, 985, 991"
51199,Ulamış Mezarlık,3,"732, 985, 991"
51200,Ulamış Cami,3,"732, 985, 991"
51201,Ulamış Cami,3,"732, 985, 991"
51202,Ulamış Kahveler,3,"732, 985, 991"
51203,Ulamış Kahveler,3,"732, 985, 991"
51204,Kanalboyu,3,"732, 985, 991"
51205,Kanalboyu,3,"732, 985, 991"
51206,Ulamış Çeşme,3,"732, 985, 991"
51207,Ulamış Çeşme,3,"732, 985, 991"
51456,Kocabuk,3,"761, 978, 981"
51457,Kocabuk,3,"761, 978, 981"
51505,Rektörlük,3,"882, 883, 982"
51507,Yabancı Diller,3,"882, 883, 982"
51509,Kütüphane,3,"882, 883, 982"
51510,Yabancı Diller,3,"882, 883, 982"
51511,Şenlik Alanı,3,"882, 883, 982"
51512,Kütüphane,3,"882, 883, 982"
51513,Yurtlar,3,"882, 883, 982"
51514,Şenlik Alanı,3,"882, 883, 982"
51515,İYTE Kız Öğrenci Yurdu,3,"882, 883, 982"
51516,İYTE Sera,3,"882, 883, 982"
51518,İYTE Son Durak,3,"882, 883, 982"
51740,İYTE Yaşam Merkezi,3,"737, 760, 906"
51741,İYTE Yaşam Merkezi,3,"737, 760, 906"
51742,Tepe Kahve,3,"737, 760, 906"
51743,Tepe Kahve,3,"737, 760, 906"
51747,Barbaros Yol ayrımı,3,"737, 760, 906"
51748,Barbaros Yol ayrımı,3,"737, 760, 906"
51749,Kocagöl,3,"737, 760, 906"
51750,Kocagöl,3,"737, 760, 906"
51821,Fen Fakültesi,3,"882, 883, 982"
51822,Fen Fakültesi,3,"882, 883, 982"
51824,Yüksek Teknoloji Giriş,3,"882, 883, 982"
51825,Yüksek Teknoloji Giriş,3,"882, 883, 982"
52013,Şehit Abdullah Tayyip Olçok Anadolu İmam Hatip Lisesi,3,"321, 762, 962"
52014,Şehit Abdullah Tayyip Olçok Anadolu İmam Hatip Lisesi,3,"321, 762, 962"
52033,Güzeltepe,3,"8, 9, 962"
52034,Güzeltepe,3,"8, 9, 962"
52035,Ata,3,"8, 9, 962"
52036,Ata,3,"8, 9, 962"
52037,Uğur Koleji,3,"8, 9, 962"
52038,Uğur Koleji,3,"8, 9, 962"
52055,Güzelbahçe Kolej,3,"321, 762, 962"
52139,İYTE Öğrenci Yurdu,3,"882, 883, 982"
52140,İYTE Öğrenci Yurdu,3,"882, 883, 982"
52165,İYTE Kız Öğrenci Yurdu,3,"882, 883, 982"
52443,Altyüz Köprüsü,3,"761, 978, 981"
52444,Altyüz Köprüsü,3,"761, 978, 981"
52626,Ahmet Hakkı Balcıoğlu Mesleki Anadolu Lisesi,3,"480, 551, 969"
52627,Ahmet Hakkı Balcıoğlu Mesleki Anadolu Lises,3,"480, 551, 969"
10007,Bahribaba,2,"29, 30"
10021,Bahribaba,2,"35, 951"
10030,Konak,2,"303, 304"
10037,Konak,2,"484, 485"
10038,Konak,2,"152, 887"
10130,Şehit Fethibey,2,"41, 42"
10207,Çileme Akar,2,"729, 792"
10208,Çileme Akar,2,"729, 792"
10209,Çileme Manav,2,"729, 792"
10212,Çileme Manav,2,"729, 792"
10213,Çankaya,2,"680, 681"
10214,Çileme Sera,2,"729, 792"
10216,Çileme Sera,2,"729, 792"
10217,Çileme Ekin,2,"729, 792"
10218,Çileme Ekin,2,"729, 792"
10219,Tekeli Çiftlik,2,"729, 792"
10220,Tekeli Çiftlik,2,"729, 792"
10221,Tekeli Efe,2,"729, 792"
10222,Tekeli Efe,2,"729, 792"
10223,Tekeli Yörük,2,"729, 792"
10230,Tekeli Yörük,2,"729, 792"
10236,Tekeli Esinti,2,"729, 792"
10243,Tekeli Esinti,2,"729, 792"
10244,Tekeli Tarım,2,"729, 792"
10245,Tekeli Tarım,2,"729, 792"
10267,Develi Cami,2,"729, 792"
10268,Develi Cami,2,"729, 792"
10269,Develi,2,"729, 792"
10270,Hakimevleri,2,"681, 950"
10272,Susuzdede,2,"681, 950"
10274,Amerikan Koleji,2,"681, 950"
10276,Uğur Mumcu Parkı,2,"108, 92"
10286,Nokta,2,"681, 950"
10298,Üçyol Aktarma,2,"108, 92"
10300,Üçyol Aktarma,2,"490, 89"
10306,Üçyol Aktarma,2,"124, 524"
10308,Üçyol Aktarma,2,"156, 556"
10310,Üçyol Aktarma,2,"523, 823"
10327,Lozan,2,"811, 951"
10329,Hocazade Cami,2,"930, 951"
10332,Lozan,2,"930, 951"
10333,Tekel,2,"930, 951"
10336,Hocazade Cami,2,"930, 951"
10338,Tekel,2,"930, 951"
10350,Mürsel Paşa,2,"811, 951"
10353,Kültürpark,2,"49, 811"
10384,Çayırlı Bahçe,2,"811, 951"
10386,Dispanser,2,"811, 951"
10388,Mimar Sinan,2,"811, 951"
10390,26 Ağustos Kapısı,2,"811, 951"
10413,Alsancak Gar,2,"121, 951"
10454,Halkapınar Metro,2,"515, 534"
10457,Halkapınar Metro,2,"168, 930"
10459,Halkapınar Metro,2,"102, 504"
10462,Halkapınar Metro,2,"501, 502"
10496,Halkapınar 2,2,"253, 951"
10525,Öğretmenler ve Şeker Mevhibe Ortaokulu,2,"311, 945"
10526,Öğretmenler ve Şeker Mevhibe Ortaokulu,2,"311, 945"
10582,İğdeli Kahve,2,"418, 466"
10583,İğdeli Kahve,2,"418, 466"
10584,Yeni Cami,2,"418, 466"
10585,Yeni Cami,2,"418, 466"
10586,Gürçeşme Karakol,2,"418, 466"
10681,Tarım Kooperatifi,2,"743, 770"
10682,Tarım Kooperatifi,2,"743, 770"
10687,Havalimanı,2,"508, 808"
10691,Şehit Jandarma Uzman Çavuş Hüseyin Tosun,2,"701, 709"
10692,Şehit Jandarma Uzman Çavuş Hüseyin Tosun,2,"701, 709"
10695,Görece Fidanlık,2,"508, 808"
10700,Zeytinlik,2,"508, 808"
10701,Dokuz Eylül,2,"508, 808"
10704,Dokuz Eylül,2,"508, 808"
10707,Kışlalı,2,"508, 808"
10708,Kışlalı,2,"508, 808"
10751,Tarım Ürünleri Deposu,2,"743, 770"
10752,Tarım Ürünleri Deposu,2,"743, 770"
10781,Barbaros,2,"789, 829"
10782,Barbaros,2,"789, 829"
10897,Belevi Kavşak,2,"743, 770"
10899,Küçük Menderes Nehri,2,"743, 770"
10902,Belevi Kavşak,2,"743, 770"
10904,Küçük Menderes Nehri,2,"743, 770"
10952,Dereköy Yolu,2,"789, 829"
10953,Dereköy Yolu,2,"789, 829"
10974,Sancaklı Yol Ayrımı,2,"729, 775"
10975,Sancaklı Yol Ayrımı,2,"729, 775"
11020,Grand Efe,2,"775, 778"
11022,Güneş Sitesi,2,"775, 778"
11023,Grand Efe,2,"775, 778"
11024,Kültür Çarşısı,2,"775, 778"
11025,Sümbül,2,"775, 778"
11026,Özdere Belediyesi,2,"775, 778"
11027,Güneş Sitesi,2,"775, 778"
11028,Tosun Çeşmesi,2,"775, 778"
11029,Kültür Çarşısı,2,"775, 778"
11030,Kalemlik,2,"775, 778"
11031,Özdere Belediyesi,2,"775, 778"
11032,Göksu,2,"775, 778"
11033,Tosun Çeşmesi,2,"775, 778"
11034,On Dört Evler,2,"775, 778"
11035,Kalemlik,2,"775, 778"
11037,Göksu,2,"775, 778"
11038,Havacılar Kampı,2,"775, 778"
11039,On Dört Evler,2,"775, 778"
11040,Turizm Okulu,2,"775, 778"
11041,Merkez Bankası Tesisleri,2,"775, 778"
11042,İş Bankası Evleri,2,"775, 778"
11043,Havacılar Kampı,2,"775, 778"
11045,Turizm Okulu,2,"775, 778"
11047,İş Bankası Evleri,2,"775, 778"
11098,Merkez Bankası Tesisleri,2,"775, 778"
11162,Özkent,2,"775, 778"
11163,Güverte,2,"775, 778"
11164,Güverte,2,"775, 778"
11182,Sera,2,"729, 792"
11183,Sera,2,"729, 792"
11204,Pancar Muzaffer Hanım İlkokulu,2,"692, 701"
11205,Pancar Muzaffer Hanım İlkokulu,2,"701, 707"
11208,Pancar Meydan,2,"707, 709"
11216,Organize,2,"709, 712"
11217,Organize,2,"709, 712"
11224,Bahçeler,2,"701, 709"
11225,Bahçeler,2,"701, 709"
11226,Pancar Viraj,2,"701, 709"
11227,Pancar Viraj,2,"701, 709"
11228,Ayrancılar Çıkış,2,"701, 709"
11229,Ayrancılar Çıkış,2,"701, 709"
11230,Yıldız,2,"701, 709"
11231,Yıldız,2,"701, 709"
11240,Özdere Aile Sağlığı Merkezi,2,"775, 778"
11241,Özdere Aile Sağlığı Merkezi,2,"775, 778"
11249,Özkent,2,"775, 778"
11301,Develi,2,"729, 792"
11313,Ege Koop. İş Merkezi,2,"705, 712"
11314,Egekent 4 Giriş,2,"705, 712"
11316,Egekent 4 2 Nolu Sağlık Ocağı,2,"705, 712"
11319,Egekent 4,2,"705, 712"
11345,Plastik Fabrikası,2,"701, 709"
11346,Plastik Fabrikası,2,"701, 709"
11362,Kamelya,2,"701, 709"
11363,Kamelya,2,"701, 709"
11364,Fesleğen,2,"701, 709"
11365,Fesleğen,2,"701, 709"
11367,Egekent 4 Işık,2,"705, 712"
11369,Egekent 4 Mavi,2,"705, 712"
11370,Asfalt,2,"710, 722"
11371,Asfalt,2,"710, 722"
11372,Yazıbaşı Tekel,2,"710, 722"
11373,Yazıbaşı Tekel,2,"710, 722"
11374,Yazıbaşı Tariş,2,"710, 722"
11375,Yazıbaşı Tariş,2,"710, 722"
11376,Balkan,2,"710, 722"
11377,Balkan,2,"710, 722"
11378,Yazıbaşı Sağlık Ocağı,2,"710, 722"
11379,Yazıbaşı Sağlık Ocağı,2,"710, 722"
11380,Şehit Çağatay Necati Dinç İlkokulu,2,"710, 722"
11381,Şehit Çağatay Necati Dinç İlkokulu,2,"710, 722"
11382,Merkez Cami,2,"710, 722"
11383,Merkez Cami,2,"710, 722"
11384,Yazıbaşı Merkez,2,"710, 722"
11385,Yazıbaşı Merkez,2,"710, 722"
11386,Üçgöz,2,"710, 722"
11387,Uluğbey İlkokulu,2,"710, 722"
11388,Uluğbey İlkokulu,2,"710, 722"
11389,Yazıbaşı Son Durak,2,"710, 722"
11391,Üçgöz,2,"710, 722"
11440,Karakuyu Cami,2,"721, 763"
11441,Karakuyu Cami,2,"721, 763"
11443,Asmalı,2,"721, 763"
11444,Karakuyu Son Durak,2,"721, 763"
11445,Karakuyu Son Durak,2,"721, 763"
11488,PTT 2,2,"701, 722"
11491,PTT 2,2,"701, 722"
11492,Torbalı Askerlik Şubesi,2,"701, 722"
11495,Torbalı Askerlik Şubesi,2,"701, 722"
11511,Torbalı Aktarma,2,"715, 781"
11513,Torbalı Aktarma,2,"780, 782"
11517,Pancar Pazaryeri,2,"692, 707"
11571,Şehit Uzman Çavuş Harun Şenöz,2,"713, 714"
11572,Şehit Uzman Çavuş Harun Şenöz,2,"713, 714"
11573,Yedi Eylül Mahallesi Mezarlık,2,"713, 714"
11574,Yedi Eylül Mahallesi Mezarlık,2,"713, 714"
11613,Çaybaşı Kahveler,2,"724, 782"
11617,Çaybaşı,2,"724, 782"
11619,Eğerci Eski Okul,2,"724, 782"
11621,Eğerci Dörtyol,2,"724, 782"
11623,Ödemişliler,2,"724, 782"
11624,Eğerci Eski Okul,2,"724, 782"
11625,Eğerci İlkokulu,2,"724, 782"
11626,Eğerci Dörtyol,2,"724, 782"
11627,Çatkın,2,"724, 782"
11628,Ödemişliler,2,"724, 782"
11629,Çocuk Parkı,2,"724, 782"
11630,Eğerci İlkokulu,2,"724, 782"
11631,Güler,2,"724, 782"
11632,Çatkın,2,"724, 782"
11633,Eğerci Kahveler,2,"724, 782"
11634,Çocuk Parkı,2,"724, 782"
11635,Eğerci Kabristan,2,"724, 782"
11636,Güler,2,"724, 782"
11637,Eğerci Kara Selviler,2,"724, 782"
11638,Eğerci Kara Selviler,2,"724, 782"
11639,Şehitler Viraj,2,"724, 782"
11640,Eğerci Kabristan,2,"724, 782"
11641,Şehitler Dörtyol,2,"724, 782"
11642,Eğerci Kara Selviler,2,"724, 782"
11643,Efeler,2,"724, 782"
11644,Şehitler Viraj,2,"724, 782"
11645,Eğerci Üçyol,2,"724, 782"
11646,Şehitler Dörtyol,2,"724, 782"
11647,Şehitler Köşe,2,"724, 782"
11648,Efeler,2,"724, 782"
11649,Şehitler Ağaç Kapı,2,"724, 782"
11650,Eğerci Üçyol,2,"724, 782"
11651,Şehitler Muhtarlık,2,"724, 782"
11652,Şehitler Köşe,2,"724, 782"
11653,Şehitler Kahveler,2,"724, 782"
11654,Şehitler Ağaç Kapı,2,"724, 782"
11655,Şehitler,2,"724, 782"
11656,Şehitler Muhtarlık,2,"724, 782"
11658,Şehitler Kahveler,2,"724, 782"
11662,Fatih İlkokulu,2,"714, 858"
11663,Yedi Eylül,2,"713, 714"
11664,Yedi Eylül,2,"713, 714"
11710,Hasköy Arıtma,2,"727, 858"
11711,Hasköy Arıtma,2,"727, 858"
11714,Yeniçiftlik Merkez,2,"727, 858"
11715,Yeniçiftlik Merkez,2,"727, 858"
11716,Yeniçiftlik Çıkış,2,"727, 858"
11717,Yeniçiftlik Çıkış,2,"727, 858"
11718,Hasköy Giriş,2,"727, 858"
11719,Hasköy Giriş,2,"727, 858"
11720,Hasköy Kahveler,2,"727, 858"
11721,Hasköy Kahveler,2,"727, 858"
11722,Hasköy Meydan,2,"727, 858"
11723,Hasköy Meydan,2,"727, 858"
11724,Hasköy Çıkış,2,"727, 858"
11725,Hasköy Çıkış,2,"727, 858"
11726,Çırpı Giriş,2,"727, 858"
11727,Çırpı Giriş,2,"727, 858"
11728,Çırpı Cami,2,"727, 858"
11729,Çırpı Cami,2,"727, 858"
11730,Çırpı Akasya,2,"727, 858"
11731,Çırpı Akasya,2,"727, 858"
11740,Çırpı Köprü,2,"727, 858"
11741,Çırpı Köprü,2,"727, 858"
11790,Salça Fabrikası,2,"727, 858"
11791,Salça Fabrikası,2,"727, 858"
11810,Hasköy Çiftlik,2,"727, 858"
11811,Hasköy Çiftlik,2,"727, 858"
11824,Cumhuriyet Mahallesi Merkez,2,"775, 778"
11825,Cumhuriyet Mahallesi  Merkez,2,"775, 778"
11826,Cumhuriyet Mahallesi Hastane,2,"775, 778"
11827,Cumhuriyet Mahallesi Hastane,2,"775, 778"
11828,Özdere Belediye Garajı,2,"775, 778"
11829,Özdere Belediye Garajı,2,"775, 778"
11830,7 Nolu Sağlık Ocağı,2,"775, 778"
11831,7 Nolu Sağlık Ocağı,2,"775, 778"
11840,Cumhuriyet Sanayi,2,"775, 778"
11843,Cumhuriyet Sanayi,2,"775, 778"
11852,Yenişehir Pazar Yeri,2,"234, 36"
11859,Buca Köprüsü,2,"200, 539"
11860,Buca Köprüsü,2,"200, 539"
11862,Yenidoğan,2,"234, 36"
11899,Kocakapı,2,"234, 35"
11901,Ballıkuyu Çeşme,2,"234, 35"
11903,Ballıkuyu Eski Son Durak,2,"234, 35"
11905,Umut,2,"234, 35"
11907,Yeşildere Cami,2,"234, 35"
11908,Yeşildere Cami,2,"234, 35"
11909,Yeşiltepe İlkokulu,2,"234, 35"
11910,Yeşiltepe İlkokulu,2,"234, 35"
11911,Gayretiye Cami,2,"234, 35"
11912,Gayretiye Cami,2,"234, 35"
11913,Çeşme,2,"234, 35"
11914,Çeşme,2,"234, 35"
11915,Muradiye Cami,2,"234, 35"
11916,Muradiye Cami,2,"234, 35"
11917,Gazozcu,2,"234, 35"
11918,Gazozcu,2,"234, 35"
11920,Ballıkuyu,2,"234, 35"
11947,Dörtyol,2,"42, 46"
11949,Ferahlı,2,"42, 475"
11953,Gazi Caddesi,2,"46, 475"
11954,Gazi Caddesi,2,"46, 475"
11955,Kahveler,2,"46, 475"
11956,Kahveler,2,"46, 475"
11957,Gültepe Karakol,2,"46, 475"
11958,Gültepe Karakol,2,"46, 475"
11959,Çobançeşme,2,"46, 475"
12007,Adem Yavuz,2,"44, 475"
12008,Adem Yavuz,2,"44, 475"
12009,Fatih Cami,2,"44, 475"
12010,Fatih Cami,2,"44, 475"
12011,Adem Yavuz Parkı,2,"44, 475"
12012,Adem Yavuz Parkı,2,"44, 475"
12049,Aydın,2,"42, 441"
12050,Aydın,2,"42, 441"
12051,Çınartepe Muhtarlık,2,"42, 441"
12052,Çınartepe Muhtarlık,2,"42, 441"
12054,Çınartepe,2,"42, 441"
12266,Spotçular,2,"550, 587"
12368,Şehit Gazeteci Hasan Tahsin Ortaokulu,2,"20, 520"
12369,Şehit Gazeteci Hasan Tahsin Ortaokulu,2,"20, 520"
12404,Tüpçü,2,"20, 520"
12405,Yeşilyurt Türbe,2,"20, 520"
12406,Kültür,2,"20, 520"
12407,Tüpçü,2,"20, 520"
12408,Etiler,2,"20, 520"
12409,Kültür,2,"20, 520"
12410,Tahsin Yazıcı,2,"20, 520"
12411,Etiler,2,"20, 520"
12413,Tahsin Yazıcı,2,"20, 520"
12423,Nevvar Salih İşgören Anadolu Lisesi,2,"517, 879"
12424,Nevvar Salih İşgören Anadolu Lisesi,2,"517, 879"
12425,Metin Oktay Mahallesi Muhtarlığı,2,"517, 879"
12426,Metin Oktay Mahallesi Muhtarlığı,2,"517, 879"
12488,Dilek,2,"520, 84"
12489,Dilek,2,"520, 84"
12490,Kavaklı,2,"520, 84"
12491,Kavaklı,2,"520, 84"
12510,Birinci Trafo,2,"517, 587"
12511,Bahriye Üçok Mahallesi Köprü,2,"517, 587"
12512,Limontepe Cami,2,"517, 587"
12513,Birinci Trafo,2,"517, 587"
12514,Kardeşler,2,"517, 587"
12515,Limontepe Cami,2,"517, 587"
12516,İkinci Trafo,2,"517, 587"
12517,Kardeşler,2,"517, 587"
12518,Limontepe Pazar Yeri,2,"517, 587"
12519,İkinci Trafo,2,"517, 587"
12520,Karabağlar Emir Sultan Ortaokulu,2,"517, 587"
12521,Limontepe Pazaryeri,2,"517, 587"
12522,Üçüncü Trafo,2,"517, 587"
12523,Karabağlar Emir Sultan Ortaokulu,2,"517, 587"
12524,Saadet Onart İlkokulu,2,"517, 587"
12525,Üçüncü Trafo,2,"517, 587"
12527,Saadet Onart İlkokulu,2,"517, 587"
12529,Limontepe,2,"517, 587"
12539,Hercai,2,"124, 517"
12540,Hercai,2,"124, 517"
12564,Serdar,2,"550, 556"
12565,Zincirlikuyu Trafo,2,"550, 556"
12566,Zincirlikuyu Trafo,2,"550, 556"
12567,Seniha Mayda Ortaokulu,2,"550, 556"
12568,Seniha Mayda Ortaokulu,2,"550, 556"
12674,Dere,2,"588, 828"
12676,Durallar İlkokulu,2,"588, 828"
12677,Dere,2,"588, 828"
12679,Durallar İlkokulu,2,"588, 828"
12736,Şehit Süleyman Ergin,2,"610, 92"
12737,Şehit Süleyman Ergin,2,"610, 92"
12738,Palmiyeler,2,"588, 828"
12739,Palmiyeler,2,"588, 828"
12740,Tahir Merzeci Ortaokulu,2,"588, 828"
12741,Tahir Merzeci Ortaokulu,2,"588, 828"
12742,Yeni Çamlık,2,"588, 828"
12778,Sümbül,2,"224, 877"
12779,Market,2,"224, 877"
12781,Remzi Oğuz Arık İlkokulu,2,"224, 877"
12782,Remzi Oğuz Arık İlkokulu,2,"224, 877"
12787,Yurtoğlu Muhtarlık,2,"193, 524"
12788,Yurtoğlu Muhtarlık,2,"193, 524"
12793,Tekstil,2,"224, 524"
12794,Tekstil,2,"224, 524"
12795,Yurtoğlu Son Durak,2,"524, 873"
12800,Karabaglar Nene Hatun Mesleki Ve Teknik Anadolu Lisesi,2,"193, 524"
12805,İlkkent,2,"193, 873"
12807,Şehit Egemen Öztürk Ortaokulu,2,"193, 873"
12822,Çamlık Cami,2,"27, 556"
12823,Çamlık Cami,2,"27, 556"
12824,Zeytin,2,"27, 556"
12825,Zeytin,2,"27, 556"
12827,Konut,2,"27, 556"
12828,Tepe,2,"27, 556"
12829,Tepe,2,"27, 556"
12830,Zambak,2,"27, 556"
12831,Zambak,2,"27, 556"
12846,Tulumba,2,"27, 556"
12847,Tulumba,2,"27, 556"
12906,Lale,2,"491, 891"
12907,Lale,2,"491, 891"
12908,Sümbül,2,"491, 891"
12909,Sümbül,2,"491, 891"
12910,Yasemin,2,"491, 891"
12911,Yasemin,2,"491, 891"
12912,Evrensel Sitesi,2,"491, 891"
12913,Evrensel Sitesi,2,"491, 891"
12914,Leylak,2,"491, 891"
12915,Leylak,2,"491, 891"
12918,Doktorlar Sitesi,2,"491, 891"
12919,Doktorlar Sitesi,2,"491, 891"
12920,Güneş Sitesi,2,"491, 891"
12921,Güneş Sitesi,2,"491, 891"
12922,Akyüz,2,"491, 891"
12923,Akyüz,2,"491, 891"
12924,Zafer Mahallesi Muhtarlık,2,"491, 891"
12925,Zafer Mahallesi Muhtarlık,2,"491, 891"
12926,Evka 7,2,"491, 891"
12927,Evka 7,2,"491, 891"
12928,Evka 7 Son Durak,2,"491, 891"
12931,Hasan Kara Parkı,2,"491, 891"
12932,Hasan Kara Parkı,2,"491, 891"
12934,Albay İbrahim Karaoğlanoğlu,2,"491, 891"
12935,Albay İbrahim Karaoğlanoğlu,2,"491, 891"
12945,Şehit Polis Ahmet Atilla Güneş İlkokulu,2,"491, 828"
12947,Gaziemir İMKB Mesleki ve Teknik Anadolu Lisesi,2,"491, 828"
12973,Sardunya,2,"728, 828"
12974,Sardunya,2,"728, 828"
12979,Bisikletçi,2,"728, 828"
12999,Açelya,2,"705, 828"
13009,Gaziemir Belediye Şantiye,2,"705, 828"
13010,Gaziemir Belediye Şantiye,2,"705, 828"
13021,Çatalca Mezarlık,2,"789, 799"
13022,Çatalca Mezarlık,2,"789, 799"
13029,PTT,2,"707, 728"
13030,PTT,2,"707, 728"
13075,Çileme Merkez,2,"729, 792"
13162,Esbaş Otopark,2,"353, 828"
13223,Şehit Üsteğmen Ahmet Konuksever,2,"491, 828"
13274,Menderes Altgeçit,2,"707, 814"
13275,Menderes Altgeçit,2,"707, 814"
13277,Cumaovası Aktarma Merkezi,2,"789, 799"
13281,Cumaovası Aktarma Merkezi,2,"804, 814"
13301,Sarnıç Aktarma Merkezi,2,"491, 889"
13345,Kemer Aktarma Merkezi,2,"662, 699"
13347,Kemer Aktarma Merkezi,2,"58, 64"
13348,Kemer Aktarma Merkezi,2,"117, 60"
13349,Kemer Aktarma Merkezi,2,"367, 57"
13503,Çatalca Seralar,2,"789, 799"
13504,Çatalca Seralar,2,"789, 799"
13505,Çatalca,2,"789, 799"
13506,Çatalca,2,"789, 799"
13516,Çatalca Meydan,2,"789, 799"
13517,Çatalca Meydan,2,"789, 799"
13520,Orhanlı,2,"829, 989"
13521,Orhanlı,2,"829, 989"
13574,Zambak,2,"829, 989"
13575,Zambak,2,"829, 989"
13576,Maviçiçek,2,"829, 989"
13577,Maviçiçek,2,"829, 989"
13616,Yeni Orhanlı Ortaokulu,2,"829, 989"
13617,Yeni Orhanlı Ortaokulu,2,"829, 989"
13618,Orhanlı Muhtarlık,2,"829, 989"
13619,Orhanlı Muhtarlık,2,"829, 989"
13620,Kuru Dere,2,"829, 989"
13621,Kuru Dere,2,"829, 989"
13622,Papatya,2,"829, 989"
13623,Papatya,2,"829, 989"
13624,Sardunya,2,"829, 989"
13625,Sardunya,2,"829, 989"
13626,Sarmaşık,2,"829, 989"
13627,Sarmaşık,2,"829, 989"
13628,Yeni Orhanlı Küme Evleri,2,"829, 989"
13629,Yeni Orhanlı Küme Evleri,2,"829, 989"
13630,Kavacık,2,"829, 989"
13631,Kavacık,2,"829, 989"
13632,Kavak,2,"829, 989"
13633,Kavak,2,"829, 989"
13634,Gonca,2,"829, 989"
13635,Gonca,2,"829, 989"
13636,Karakoç Kaplıcaları,2,"829, 989"
13637,Karakoç Kaplıcaları,2,"829, 989"
13638,Payamlı Yol ayrımı,2,"829, 989"
13639,Payamlı Yol ayrımı,2,"829, 989"
13640,Baraj Yolu,2,"829, 989"
13641,Baraj Yolu,2,"829, 989"
13642,Ürkmez Pazaryeri,2,"829, 989"
13643,Ürkmez Pazaryeri,2,"829, 989"
13656,Fulya,2,"829, 989"
13659,Erguvan,2,"829, 989"
13660,Erguvan,2,"829, 989"
13661,Yağmur,2,"829, 989"
13662,Yağmur,2,"829, 989"
13663,Sarısalkım,2,"829, 989"
13664,Sarısalkım,2,"829, 989"
13665,Çoban Yıldızı,2,"829, 989"
13666,Çoban Yıldızı,2,"829, 989"
13667,Nar Çiçeği,2,"829, 989"
13668,Nar Çiçeği,2,"829, 989"
13669,Karakoç Dere,2,"829, 989"
13670,Karakoç Dere,2,"829, 989"
13671,Fulya,2,"829, 989"
13674,Ürkmez İstiklal,2,"829, 989"
13675,Ürkmez İstiklal,2,"829, 989"
13676,Mehmetcik,2,"829, 989"
13677,Mehmetcik,2,"829, 989"
13678,Ömür Sitesi Sahil Yolu,2,"979, 989"
13679,Ömür Sitesi Sahil Yolu,2,"979, 989"
13680,Dağ Evleri,2,"829, 989"
13681,Dağ Evleri,2,"829, 989"
13682,Ömür Sitesi Mavi,2,"979, 989"
13683,Ömür Sitesi Mavi,2,"979, 989"
13684,Ömür Sitesi Yağmur,2,"979, 989"
13685,Ömür Sitesi Güneş,2,"979, 989"
13686,Ömür Sitesi Merkez,2,"979, 989"
13687,Ömür Sitesi Yağmur,2,"979, 989"
13688,Ömür Sitesi Güneş,2,"979, 989"
13721,Kızılcaova Merkez,2,"787, 788"
13748,Cembekler,2,"788, 793"
13749,Cembekler,2,"788, 793"
13750,Yeniay,2,"788, 793"
13751,Yeniay,2,"788, 793"
13836,Doğancılar,2,"176, 784"
13838,Torbalı Muratbey Mahallesi,2,"714, 783"
13839,Torbalı Muratbey Mahallesi,2,"714, 783"
13871,Torbalı Havuz Park,2,"714, 783"
13872,Torbalı Havuz Park,2,"714, 783"
13903,Köprü,2,"829, 989"
13904,Köprü,2,"829, 989"
13905,Poyraz,2,"829, 989"
13906,Poyraz,2,"829, 989"
13907,Kurutaş,2,"829, 989"
13908,Kurutaş,2,"829, 989"
13909,Orhanlı Meydan,2,"829, 989"
13910,Orhanlı Meydan,2,"829, 989"
13911,Aynısefa,2,"829, 989"
13912,Aynısefa,2,"829, 989"
13913,Ürkmez Kardelen,2,"829, 989"
13914,Ürkmez Kardelen,2,"829, 989"
13915,Ürkmez İpek,2,"829, 989"
13916,Ürkmez İpek,2,"829, 989"
13917,Akçaköy  İncir Fabrikası,2,"789, 799"
13918,Akçaköy  İncir Fabrikası,2,"789, 799"
13919,Akçaköy,2,"789, 799"
13934,Çingülü,2,"829, 989"
13935,Çingülü,2,"829, 989"
13936,Çoban Yastığı,2,"829, 989"
13937,Çoban Yastığı,2,"829, 989"
13938,Fesleğen,2,"829, 989"
13939,Fesleğen,2,"829, 989"
13940,Firuze,2,"829, 989"
13941,Firuze,2,"829, 989"
13942,Hatmi,2,"829, 989"
13943,Hatmi,2,"829, 989"
13960,Lilyum,2,"829, 989"
13961,Lilyum,2,"829, 989"
13998,Bayındır Sanayi,2,"679, 790"
13999,Bayındır Sanayi,2,"679, 790"
14000,Turanlı,2,"679, 790"
14001,Turanlı,2,"679, 790"
14002,Yusuflu Köyü Yol Ayrımı,2,"679, 790"
14003,Yusuflu Köyü Yol Ayrımı,2,"679, 790"
14004,Ergenli Giriş,2,"679, 790"
14005,Ergenli Giriş,2,"679, 790"
14006,Ergenli Meydan,2,"679, 790"
14007,Ergenli Meydan,2,"679, 790"
14008,Ergenli Çıkış,2,"679, 790"
14009,Ergenli Çıkış,2,"679, 790"
14010,Ilıca Meydan,2,"679, 790"
14011,Ilıca Meydan,2,"679, 790"
14012,Kızıloba yol ayrımı,2,"679, 790"
14013,Kızıloba yol ayrımı,2,"679, 790"
14264,İstiklal,2,"705, 728"
14265,İstiklal,2,"705, 728"
14266,Hürriyet,2,"705, 728"
14267,Hürriyet,2,"705, 728"
14268,Çamlar,2,"705, 728"
14269,Çamlar,2,"705, 728"
14270,Sarnıç Gölet,2,"705, 728"
14271,Sarnıç Gölet,2,"705, 728"
14272,Sarnıç Yol Ayrımı,2,"705, 728"
14273,Sarnıç Yol Ayrımı,2,"705, 728"
14274,Sarnıç Yeşil,2,"705, 728"
14275,Sarnıç Yeşil,2,"705, 728"
14310,Öğretmenler Sitesi,2,"701, 722"
14311,Öğretmenler Sitesi,2,"701, 722"
14312,Torbalı Ticaret Odası 80.Yıl İlkokulu,2,"701, 722"
14313,Torbalı Ticaret Odası 80.Yıl İlkokulu,2,"701, 722"
14322,Şehit Uzman Çavuş Harun Şenözüar Mesleki ve Teknik Anadolu Lisesi,2,"701, 722"
14323,Şehit Uzman Çavuş Harun Şenözüar Mesleki ve Teknik Anadolu Lisesi,2,"701, 722"
14601,Fuar İzmir,2,"610, 92"
14603,Aktepe Meşe,2,"610, 92"
14604,Aktepe Meşe,2,"610, 92"
14625,Genceroğlu Parkı,2,"795, 865"
15147,Kiraz Son Durak,2,"803, 806"
15154,Bayındır Tariş,2,"679, 790"
15155,Bayındır Tariş,2,"679, 790"
15250,Ödemiş Kavşağı,2,"774, 798"
15251,Ödemiş Kavşağı,2,"774, 798"
15252,Maltepe,2,"774, 798"
15253,Maltepe,2,"774, 798"
15254,Tire Hastanesi,2,"774, 798"
15255,Tire Hastane,2,"774, 798"
15275,Tire Terminal İçi,2,"743, 798"
15438,Kızıloba Ilıca Giriş,2,"679, 790"
15439,Kızıloba Ilıca Giriş,2,"679, 790"
15471,Beydağ Denizli Yolu,2,"697, 796"
15472,Beydağ Denizli Yolu,2,"697, 796"
15473,Beydağ Stadı,2,"697, 796"
15500,Belevi İstasyon,2,"743, 783"
15501,Kozpınar,2,"743, 783"
15502,Kozpınar,2,"743, 783"
15503,Belevi Depolar,2,"743, 783"
15504,Belevi Depolar,2,"743, 783"
15531,Konak,2,"285, 374"
15532,Konak,2,"105, 72"
15567,Arıtma,2,"775, 778"
15568,Arıtma,2,"775, 778"
15572,Menderes Düğün Salonu,2,"799, 804"
15622,Meslek Fabrikası,2,"515, 539"
15623,İlkkent,2,"193, 873"
15635,Gıda Sanayi,2,"743, 770"
15636,Gıda Sanayi,2,"743, 770"
15836,Bahriye Üçok Mahallesi Köprü,2,"517, 587"
15894,Ayrancılar Sağlık Ocağı,2,"705, 712"
15917,Yeşil Bahçe,2,"829, 989"
15918,Yeşil Bahçe,2,"829, 989"
15931,Bayındır Giriş,2,"697, 806"
15932,Bayındır Giriş,2,"697, 806"
15933,İzsu,2,"697, 806"
15934,İzsu,2,"697, 806"
16097,Çırpı Çiftlik,2,"727, 858"
16098,Çırpı Çiftlik,2,"727, 858"
16099,Payamlı Mezarlık,2,"829, 989"
16100,Payamlı Mezarlık,2,"829, 989"
16117,Tire Yolu,2,"743, 770"
16155,Saha,2,"789, 829"
16156,Saha,2,"789, 829"
16170,Fidanlık,2,"743, 770"
16171,Fidanlık,2,"743, 770"
16172,Nar,2,"743, 770"
16173,Nar,2,"743, 770"
16174,Tire ATATÜRK Std.,2,"774, 798"
16175,Tire ATATÜRK Std.,2,"774, 798"
16180,Gümüldür Bahçeler,2,"776, 778"
16194,Menderes Son Durak,2,"799, 814"
16368,Atatürk Ortaokulu,2,"491, 828"
16369,Atatürk Ortaokulu,2,"491, 828"
16370,Nevvar Salih İşgören Devlet Hastanesi,2,"491, 828"
16371,Nevvar Salih İŞgören Devlet Hastanesi,2,"491, 828"
16372,Gaziemir Şantiye,2,"491, 828"
16373,Gaziemir Şantiye,2,"491, 828"
16416,Orkide,2,"24, 28"
16429,Çatalca Bahçe,2,"789, 799"
16430,Çatalca Bahçe,2,"789, 799"
16452,Torbalı Mezarlık,2,"697, 806"
16453,Torbalı Mezarlık,2,"697, 806"
16466,Sevgi,2,"491, 828"
16467,Sevgi,2,"491, 828"
16470,Festival,2,"789, 799"
16471,Festival,2,"789, 799"
16637,Ergenli Şantiye,2,"679, 790"
16638,Ergenli Şantiye,2,"679, 790"
16647,Akçaköy Yolu,2,"789, 799"
16648,Akçaköy Yolu,2,"789, 799"
16688,Zeytin Ağacı,2,"775, 778"
16689,Zeytin Ağacı,2,"775, 778"
16807,Organize Sanayi,2,"679, 790"
16808,Organize Sanayi,2,"679, 790"
16838,Çeşme,2,"679, 790"
16839,Çeşme,2,"679, 790"
16865,Serdar,2,"550, 556"
20002,Karşıyaka İskele,2,"222, 853"
20003,Karşıyaka İskele,2,"126, 326"
20021,Bostanlı İskele,2,"820, 827"
20023,Bostanlı İskele,2,"330, 543"
20024,Bostanlı İskele,2,"423, 442"
20025,Bostanlı İskele,2,"229, 429"
20033,Bostanlı İskele,2,"445, 447"
20251,Nalkesen,2,"221, 487"
20256,Nalkesen,2,"221, 487"
20260,Velidedeoğlu,2,"221, 547"
20263,Onur,2,"221, 547"
20264,Onur,2,"221, 547"
20265,Ümit,2,"221, 547"
20266,Ümit,2,"221, 547"
20289,İl Özel İdare Lojmanları,2,"221, 547"
20290,İl Özel İdare Lojmanları,2,"221, 547"
20295,Sadi Hoşses Parkı,2,"221, 547"
20296,Sadi Hoşses Parkı,2,"221, 547"
20297,Kanalboyu,2,"221, 547"
20298,Kanalboyu,2,"221, 547"
20410,Şemikler Meydan,2,"221, 222"
20411,Şemikler Lisesi,2,"221, 222"
20412,Şemikler Lisesi,2,"221, 222"
20422,Leylak,2,"221, 487"
20423,Leylak,2,"221, 487"
20558,Seyir Tepe,2,"147, 847"
20559,Seyir Tepe,2,"147, 847"
20560,Seyit Onbaşı,2,"147, 847"
20561,Seyit Onbaşı,2,"147, 847"
20562,Zehra Semahat İlköğretim Okulu,2,"148, 258"
20563,Zehra Semahat İlköğretim Okulu,2,"148, 258"
20564,Çiçek Parkı,2,"148, 258"
20565,Çiçek Parkı,2,"148, 258"
20566,Gürgen,2,"148, 258"
20568,Çınar Parkı,2,"147, 847"
20569,Çınar Parkı,2,"147, 847"
20595,Salkım Söğüt,2,"148, 258"
20596,Salkım Söğüt,2,"148, 258"
20597,Kurtuluş İpek İşeri İlköğretim Okulu,2,"148, 258"
20598,Kurtuluş İpek İşeri İlköğretim Okulu,2,"148, 258"
20599,Camcı,2,"148, 258"
20600,Camcı,2,"148, 258"
20601,Kahvehane,2,"148, 258"
20602,Kahvehane,2,"148, 258"
20603,Market,2,"148, 258"
20604,Market,2,"148, 258"
20605,Şirin Camii,2,"148, 258"
20606,Şirin Camii,2,"148, 258"
20607,Mutlu,2,"148, 258"
20608,Mutlu,2,"148, 258"
20609,Barış,2,"148, 258"
20610,Barış,2,"148, 258"
20611,Onur Mahallesi,2,"148, 258"
20624,İmbatlı Muhtarlık Durağı,2,"136, 140"
20626,Havva Özişbakan Lisesi,2,"136, 140"
20627,İmbatlı Merkez Cami,2,"136, 140"
20628,Örnekköy İlköğretim Okulu,2,"136, 140"
20629,Havva Özişbakan Lisesi,2,"136, 140"
20630,Örnekköy  Muhtarlık,2,"136, 140"
20631,Örnekköy İlköğretim Okulu,2,"136, 140"
20632,Örnekköy Polis Merkezi,2,"136, 140"
20633,Örnekköy Pazaryeri,2,"136, 140"
20635,Örnekköy Polis Merkezi,2,"136, 140"
20656,Çam,2,"136, 140"
20658,Dizdar Cami,2,"136, 240"
20659,Dizdar Cami,2,"136, 240"
20660,Dostlar,2,"136, 240"
20661,Dostlar,2,"136, 240"
20662,Nuri Vesugay Parkı,2,"136, 240"
20663,Nuri Vesugay Parkı,2,"136, 240"
20681,Cumhuriyet Mahallesi Üçyol,2,"125, 326"
20683,Mürşide Altınçubuk İlköğretim Okulu,2,"125, 326"
20701,Fırın,2,"125, 326"
20717,İnönü Mahallesi Muhtarlığı,2,"125, 326"
20719,Marangoz,2,"125, 326"
20721,Yamaç Parkı,2,"125, 326"
20729,Dörtyol,2,"136, 240"
20730,Dörtyol,2,"136, 240"
20731,Elit Sitesi,2,"136, 240"
20732,Elit Sitesi,2,"136, 240"
20733,Ata,2,"136, 240"
20734,Ata,2,"136, 240"
20735,Martı Parkı,2,"136, 240"
20736,Martı Parkı,2,"136, 240"
20737,Meydan,2,"136, 240"
20738,Meydan,2,"136, 240"
20749,Denge Koleji,2,"344, 447"
20755,Akasya,2,"247, 447"
20756,Akasya,2,"247, 447"
20757,Aydınlıkevler Muhtarlık,2,"247, 447"
20758,Aydınlıkevler Muhtarlık,2,"247, 447"
20759,Aydınlıkevler Cami,2,"247, 447"
20760,Aydınlıkevler Cami,2,"247, 447"
20761,Fakir Baykurt Parkı,2,"247, 447"
20762,Fakir Baykurt Parkı,2,"247, 447"
20763,Aydınlıkevler Park,2,"247, 447"
20764,Aydınlıkevler Park,2,"247, 447"
20779,Eczane,2,"344, 445"
20780,Eczane,2,"344, 445"
20781,Yamaç,2,"344, 445"
20782,Yamaç,2,"344, 445"
20783,Evka 2 Telekom,2,"344, 445"
20784,Evka 2 Telekom,2,"344, 445"
20785,Evka 2 Postane,2,"344, 445"
20786,Evka 2 Postane,2,"344, 445"
20789,Evka 2 Merkez Cami,2,"344, 445"
20790,Evka 2 Merkez Cami,2,"344, 445"
20795,Dede,2,"344, 445"
20796,Dede,2,"344, 445"
20797,Evka 2 Manzara,2,"344, 445"
20798,Evka 2 Manzara,2,"344, 445"
20799,Evka 2 Son Durak,2,"344, 445"
20818,Akçaağaç,2,"247, 447"
20819,Akçaağaç,2,"247, 447"
20891,Üçyol,2,"229, 529"
20892,Üçyol,2,"229, 529"
20893,Park,2,"229, 529"
20894,Park,2,"229, 529"
20895,Düzyol,2,"229, 529"
20896,Düzyol,2,"229, 529"
20897,Site,2,"229, 529"
20898,Site,2,"229, 529"
20899,Yakakent,2,"229, 529"
20937,Şehit Erdal Kılıç,2,"329, 429"
20938,Şehit Erdal Kılıç,2,"329, 429"
20939,Güzeltepe Üçyol,2,"329, 429"
20940,Güzeltepe Üçyol,2,"329, 429"
20941,Güzeltepe Manzara,2,"329, 429"
20942,Güzeltepe Manzara,2,"329, 429"
20943,Güzeltepe İlkokulu,2,"329, 429"
20944,Güzeltepe İlkokulu,2,"329, 429"
20945,Güzeltepe Karakol,2,"329, 429"
20946,Güzeltepe Karakol,2,"329, 429"
20947,Şirintepe Market,2,"329, 429"
20948,Şirintepe Market,2,"329, 429"
20949,Güzeltepe Kahve,2,"329, 429"
20950,Güzeltepe Kahve,2,"329, 429"
20951,Güzeltepe Eski son durak,2,"329, 429"
20952,Güzeltepe Eski Son Durak,2,"329, 429"
20953,Şehit Ahmet Ay Parkı,2,"329, 429"
20954,Şehit Ahmet Ay Parkı,2,"329, 429"
20956,Güzeltepe,2,"329, 429"
20969,Çağdaş Sitesi,2,"123, 442"
20970,Çağdaş Sitesi,2,"123, 442"
20971,Egekent Üçyol,2,"123, 442"
20972,Egekent Üçyol,2,"123, 442"
21065,Gülen Kora Ortaokulu,2,"346, 446"
21066,Gülen Kora Ortaokulu,2,"346, 446"
21137,Tariş İpek,2,"149, 751"
21138,Tariş İpek,2,"149, 751"
21139,Organize Sanayi Cami,2,"149, 751"
21140,Organize Sanayi Cami,2,"149, 751"
21145,Sasalı Piknik Alanı,2,"751, 777"
21146,Sasalı Piknik Alanı,2,"751, 777"
21147,Ana Jet Üssü,2,"751, 777"
21148,Ana Jet Üssü,2,"751, 777"
21149,Çakabey,2,"751, 777"
21150,Çakabey,2,"751, 777"
21151,Hanımeli,2,"751, 777"
21152,Hanımeli,2,"751, 777"
21153,Çiğli Fen Lisesi,2,"751, 777"
21154,Neşeli,2,"751, 777"
21161,Neşeli,2,"751, 777"
21246,Ahmet Yesevi Cami,2,"817, 920"
21247,Ahmet Yesevi Cami,2,"817, 920"
21248,Kyk Çiğli Öğrenci Yurdu,2,"817, 920"
21249,Kyk Çiğli Öğrenci Yurdu,2,"817, 920"
21256,Düğüm,2,"817, 920"
21257,Düğüm,2,"817, 920"
21258,Çiğli Ege Sanayi Sitesi,2,"817, 920"
21259,Çiğli Ege Sanayi Sitesi,2,"817, 920"
21271,Sasalı Doğal Yaşam Parkı,2,"751, 777"
21273,Sasalı Giriş,2,"751, 777"
21274,Sasalı Meydan,2,"751, 777"
21275,Sasalı Meydan,2,"751, 777"
21276,Çiçek,2,"751, 777"
21277,Çiçek,2,"751, 777"
21278,Manolya,2,"751, 777"
21279,Manolya,2,"751, 777"
21280,Portakal,2,"751, 777"
21281,Portakal,2,"751, 777"
21345,Sarmaşık,2,"295, 820"
21346,Sarmaşık,2,"295, 820"
21359,Site Son Durak,2,"295, 820"
21367,Harmandalı Sağlık Ocağı,2,"295, 820"
21368,Harmandalı Sağlık Ocağı,2,"295, 820"
21373,Harmandalı İlköğretim Okulu,2,"295, 820"
21374,Harmandalı İlköğretim Okulu,2,"295, 820"
21377,Harmandalı Cumhuriyet,2,"608, 827"
21378,Harmandalı Cumhuriyet,2,"608, 827"
21493,Gerenköy Fabrika,2,"750, 756"
21494,Gerenköy Fabrika,2,"750, 756"
21565,Geri Gönderme Merkezi,2,"648, 826"
21569,Keyifli Yaşam Evleri,2,"750, 757"
21570,Keyifli Yaşam Evleri,2,"750, 757"
21594,Bakırçay  Üniversitesi,2,"750, 757"
21632,Ege,2,"698, 748"
21633,Ege,2,"698, 748"
21634,Çocuk Parkı,2,"698, 748"
21635,Çocuk Parkı,2,"698, 748"
21636,Kılıçkent,2,"698, 748"
21637,Kılıçkent,2,"698, 748"
21638,Güvenel,2,"698, 748"
21639,Güvenel,2,"698, 748"
21640,Aksu,2,"698, 748"
21641,Aksu,2,"698, 748"
21642,Şehit Er Serdar Amak Ortaokulu,2,"698, 748"
21643,Şehit Er Serdar Amak Ortaokulu,2,"698, 748"
21655,Gazi Toki Yol Ayrımı,2,"648, 848"
21656,Gazi Toki Yol Ayrımı,2,"648, 848"
21657,Koyundere Mezarlık,2,"648, 848"
21678,Genç,2,"658, 698"
21679,Genç,2,"658, 698"
21680,Asarlık Toki Evleri Trafo,2,"658, 698"
21681,Asarlık Toki Evleri Trafo,2,"658, 698"
21682,Asarlık Toki Evleri Üçyol,2,"658, 698"
21683,Asarlık Toki Evleri Üçyol,2,"658, 698"
21684,Asarlık Toki Evleri Tepe,2,"658, 698"
21685,Asarlık Toki Evleri Tepe,2,"658, 698"
21686,Asarlık Toki Evleri Son Durak,2,"658, 698"
21687,Menemen Devlet Hastanesi Acil,2,"747, 868"
21688,Koyundere Mezarlık,2,"648, 848"
21689,Koyundere Mera,2,"648, 848"
21690,Koyundere Mera,2,"648, 848"
21719,Çiftlik,2,"657, 756"
21720,Çiftlik,2,"657, 756"
21721,Gerenköy Bahçe,2,"750, 756"
21722,Gerenköy Bahçe,2,"750, 756"
21723,Yumurtacı,2,"744, 750"
21724,Yumurtacı,2,"744, 750"
21765,Süleymanlı,2,"754, 755"
21766,Süleymanlı,2,"754, 755"
21767,Hanımeli,2,"754, 755"
21768,Hanımeli,2,"754, 755"
21769,Defne,2,"754, 755"
21770,Defne,2,"754, 755"
21771,Görece Eski Yol,2,"754, 755"
21772,Görece Eski Yol,2,"754, 755"
21773,Görece Çocuk Parkı,2,"754, 755"
21774,Görece Çocuk Parkı,2,"754, 755"
21778,Gerenköy Son Durak,2,"750, 756"
21793,Gerenköy Mezarlık,2,"750, 756"
21794,Gerenköy Mezarlık,2,"750, 756"
21795,Gerenköy Üçyol,2,"750, 756"
21796,Gerenköy Üçyol,2,"750, 756"
21797,Gerenköy İlkokulu,2,"750, 756"
21798,Gerenköy İlkokulu,2,"750, 756"
21799,Gerenköy Bakkal,2,"750, 756"
21800,Gerenköy Bakkal,2,"750, 756"
21801,Gerenköy Atatürk,2,"750, 756"
21802,Gerenköy Atatürk,2,"750, 756"
21803,Gerenköy Çeşme,2,"750, 756"
21804,Gerenköy Çeşme,2,"750, 756"
21805,Gerenköy Çam,2,"750, 756"
21806,Gerenköy Çam,2,"750, 756"
21824,Cemalettin Asku,2,"660, 744"
21838,Gerenköy Dörtyol,2,"750, 756"
21841,Bağarası Giriş,2,"744, 750"
21842,Bağarası Giriş,2,"744, 750"
21843,Bağarası Buz,2,"744, 750"
21844,Bağarası Buz,2,"744, 750"
21845,Bağarası Küçük Sanayi,2,"744, 750"
21846,Bağarası Küçük Sanayi,2,"744, 750"
21847,Malaçay,2,"744, 750"
21848,Malaçay,2,"744, 750"
21849,Bağarası Mavi,2,"744, 750"
21850,Bağarası Mavi,2,"744, 750"
21851,Halim Foçalı Spor Salonu,2,"744, 750"
21852,Halim Foçalı Spor Salonu,2,"744, 750"
21853,Bağarası İlkokulu,2,"744, 750"
21854,Bağarası İlköğretim Okulu,2,"744, 750"
21855,Bağarası Atatürk Parkı,2,"744, 750"
21856,Bağarası Atatürk Parkı,2,"744, 750"
21869,Mehmetçik Parkı,2,"744, 750"
21870,Mehmetçik Parkı,2,"744, 750"
21881,Yeldeğirmenleri,2,"664, 744"
21885,Kuşburnu,2,"664, 744"
21886,Kuşburnu,2,"664, 744"
21887,Barış,2,"664, 744"
21888,Barış,2,"664, 744"
21889,Foça Stad,2,"664, 744"
21890,Foça Stad,2,"664, 744"
21892,Yıldırım,2,"660, 752"
21893,Yıldırım,2,"660, 752"
21921,Ahşap Ev,2,"750, 756"
21922,Ahşap Ev,2,"750, 756"
21933,Kozbeyli Meydan,2,"666, 756"
21934,Kozbeyli Meydan,2,"666, 756"
22011,Oyak Blokları,2,"247, 430"
22012,Oyak Blokları,2,"247, 430"
22031,Hakimevleri Giriş,2,"434, 435"
22032,Hakimevleri Giriş,2,"434, 435"
22039,Körfez Koru Evleri,2,"434, 435"
22040,Körfez Koru Evleri,2,"434, 435"
22041,Körfez Evleri,2,"434, 435"
22042,Körfez Evleri,2,"434, 435"
22044,Körfez Evleri Son Durak,2,"434, 435"
22072,Osman Gazi,2,"665, 745"
22073,Osman Gazi,2,"665, 745"
22074,Doğan Çingil,2,"665, 745"
22075,Doğan Çingil,2,"665, 745"
22083,Ahmet Yesevi,2,"442, 816"
22084,Ahmet Yesevi,2,"442, 816"
22137,Mehmetçik,2,"147, 847"
22138,Mehmetçik,2,"147, 847"
22139,Bayraklı Evleri,2,"147, 847"
22144,Çiğli Aktarma Merkezi,2,"123, 342"
22170,Egekent Aktarma Merkezi,2,"535, 912"
22171,Egekent Aktarma Merkezi,2,"128, 853"
22172,Egekent Aktarma Merkezi,2,"295, 695"
22237,Hatundere İstasyon,2,"744, 752"
22255,Menemen Aktarma Merkezi,2,"748, 749"
22256,Menemen Aktarma Merkezi,2,"648, 658"
22339,Süleymanlı Meydan,2,"754, 755"
22366,Gökbaş,2,"754, 755"
22367,Gökbaş,2,"754, 755"
22368,Öğretmen Evi,2,"754, 755"
22369,Öğretmen Evi,2,"754, 755"
22374,Çukurköy Yolu,2,"754, 755"
22375,Çukurköy Yolu,2,"754, 755"
22376,Haykıran Çıkış,2,"754, 755"
22377,Haykıran Çıkış,2,"754, 755"
22378,Haykıran Meydan,2,"754, 755"
22379,Haykıran Meydan,2,"754, 755"
22380,Haykıran Giriş,2,"754, 755"
22381,Haykıran Giriş,2,"754, 755"
22382,Hasanlar,2,"754, 755"
22383,Hasanlar,2,"754, 755"
22384,Görece Meydan,2,"754, 755"
22385,Görece Meydan,2,"754, 755"
22387,Görece,2,"754, 755"
22388,Görece,2,"754, 755"
22392,Sarıkaya Mevki,2,"754, 755"
22393,Sarıkaya Mevki,2,"754, 755"
22421,Siesta Konutları 2,2,"322, 326"
22422,Siesta Konutları Yolu,2,"322, 326"
22424,Siesta Konutları,2,"322, 326"
22425,Soyak İzsu,2,"125, 326"
22428,İnönü Mahallesi Trafo,2,"125, 326"
22458,Menemen Fidanlık,2,"660, 758"
22459,Menemen Fidanlık,2,"660, 758"
22520,Ulukent Mezarlık,2,"749, 826"
22521,Ulukent Mezarlık,2,"749, 826"
22522,Çocuk Bahçesi,2,"749, 826"
22523,Çocuk Bahçesi,2,"749, 826"
22524,Egekent 2 Sağlık Ocağı,2,"749, 826"
22525,Egekent 2 Sağlık Ocağı,2,"749, 826"
22560,Maltepe Üçyol,2,"750, 756"
22561,Maltepe Üçyol,2,"750, 756"
22620,Ata,2,"750, 756"
22621,Ata,2,"750, 756"
22830,Dikili Sahil,2,"837, 839"
22832,Dikili Çocuk Bahçesi,2,"837, 839"
22834,Dikili Hastane,2,"837, 839"
22836,Bülent Ecevit Meydanı,2,"837, 839"
22838,Dikili Lise,2,"837, 839"
22840,Burmalı Çeşme,2,"837, 839"
22842,Dikili Terminal,2,"837, 839"
23131,Saklıbahçe,2,"836, 936"
23132,Bergama Saklıbahçe,2,"836, 936"
23133,Dündarlı,2,"836, 936"
23134,Dündarlı,2,"836, 936"
23135,Kınık Ocak,2,"836, 936"
23136,Kınık Ocak,2,"836, 936"
23137,Poyracık Beyaz Zambak,2,"836, 936"
23138,Poyracık Beyaz Zambak,2,"836, 936"
23139,Poyracık Zeytinlik,2,"836, 936"
23140,Poyracık Zeytinlik,2,"836, 936"
23141,Poyracık Meydan,2,"836, 936"
23142,Poyracık Meydan,2,"836, 936"
23143,Poyracık Anıt,2,"836, 936"
23144,Poyracık Anıt,2,"836, 936"
23145,Poyracık Park,2,"836, 936"
23146,Poyracık Park,2,"836, 936"
23147,Kınık Stad,2,"836, 936"
23148,Kınık Stad,2,"836, 936"
23149,Kınık Ulu Cami,2,"836, 936"
23150,Kınık Ulu Cami,2,"836, 936"
23151,Kınık Sanayi,2,"836, 936"
23152,Kınık Sanayi,2,"836, 936"
23153,Kınık Kaymakamlık,2,"836, 936"
23154,Kınık Kaymakamlık,2,"836, 936"
23156,İsmet İnönü Parkı,2,"836, 936"
23207,Kesik Tarla,2,"657, 756"
23208,Kesik Tarla,2,"657, 756"
23209,Kesik Kanal,2,"657, 756"
23210,Kesik Kanal,2,"657, 756"
23211,Kesik Mavi,2,"657, 756"
23212,Kesik Mavi,2,"657, 756"
23213,Kesik Çocuk Bahçesi,2,"657, 756"
23214,Kesik Çocuk Bahçesi,2,"657, 756"
23215,Kesik Meydan,2,"657, 756"
23216,Kesik Meydan,2,"657, 756"
23217,Kesik Fabrikalar,2,"657, 756"
23218,Kesik Fabrikalar,2,"657, 756"
23219,Kesik Saha,2,"657, 756"
23220,Kesik Saha,2,"657, 756"
23237,Musabey Meydan,2,"657, 756"
23238,Musabey Meydan,2,"657, 756"
23239,Musabey Çamlar,2,"657, 756"
23240,Musabey Çamlar,2,"657, 756"
23241,Çavuş Köy Cami,2,"657, 756"
23242,Çavuş Köy Cami,2,"657, 756"
23243,Çavuş Köy Üçyol,2,"657, 756"
23244,Çavuş Köy Üçyol,2,"657, 756"
23245,Tarımsal Araştırma ve Eğitim Merkezi,2,"657, 756"
23246,Tarımsal Araştırma ve Eğitim Merkezi,2,"657, 756"
23247,Musabey Yol Ayrımı,2,"657, 756"
23248,Musabey Yol Ayrımı,2,"657, 756"
23255,Egekent 2 Koruluk,2,"826, 848"
23256,Egekent 2 Koruluk,2,"826, 848"
23257,Egekent 2 İstiklal,2,"826, 848"
23258,Egekent 2 İstiklal,2,"826, 848"
23259,Seyrek Konutlar,2,"812, 850"
23260,Seyrek Konutlar,2,"812, 850"
23263,Belen Yayla,2,"754, 755"
23264,Belen Yayla,2,"754, 755"
23265,Gediz,2,"754, 755"
23266,Gediz,2,"754, 755"
23267,Şehit Pilot Albay Gökselin Saylan,2,"648, 848"
23268,Şehit Pilot Albay Gökselin Saylan,2,"648, 848"
23269,Site Son Durak,2,"295, 820"
23270,Süleymanlı Gölet yolu,2,"754, 755"
23271,Süleymanlı Gölet yolu,2,"754, 755"
23276,Kemal Atatürk Parkı,2,"698, 748"
23277,Kemal Atatürk Parkı,2,"698, 748"
23278,Dikili Liman,2,"837, 839"
23284,Çağdaş Sitesi Çıkış,2,"123, 442"
23303,Sancaklı Yolu Son Durak,2,"147, 847"
23304,Bayraklı Evleri,2,"147, 847"
23308,Hasanlar Çıkış,2,"754, 755"
23309,Ulukent Aktarma Merkezi,2,"695, 749"
23310,Ulukent Koop Giriş,2,"695, 827"
23311,Ulukent Koop Giriş,2,"695, 827"
23319,Oruç Reis,2,"664, 745"
23320,Oruç Reis,2,"664, 745"
23321,Görece Seralar,2,"754, 755"
23322,Görece Seralar,2,"754, 755"
23323,Görece Giriş,2,"754, 755"
23324,Görece Giriş,2,"754, 755"
23325,Nezahat Onbaşı,2,"147, 847"
23326,Nezahat Onbaşı,2,"147, 847"
23327,Ulukent Park,2,"608, 695"
23328,Ulukent Park,2,"608, 695"
23349,Gurbet,2,"648, 826"
23350,Gurbet,2,"648, 826"
23351,Göç İdaresi Yolu,2,"648, 826"
23352,Göç İdaresi Yolu,2,"648, 826"
23363,Şehit Sezai Geçkin İlkokulu,2,"836, 936"
23364,Şehit Sezai Geçkin İlkokulu,2,"836, 936"
23365,Kınık Mesleki ve Teknik Anadolu Lisesi,2,"836, 936"
23366,Kınık Mesleki ve Teknik Anadolu Lisesi,2,"836, 936"
23368,Atatürk Caddesi,2,"836, 936"
23408,İsmet İnönü Parkı,2,"836, 936"
23482,Aşağıcuma Okul,2,"831, 832"
23519,Süleymanlı Giriş,2,"754, 755"
23520,Süleymanlı Giriş,2,"754, 755"
23522,Görece Çıkış,2,"754, 755"
23523,Görece Çıkış,2,"754, 755"
23531,Konutlar,2,"648, 826"
23532,Konutlar,2,"648, 826"
23541,Asarlık Polis Merkezi,2,"648, 749"
23594,Koca Çeşme,2,"831, 832"
23595,Koca Çeşme,2,"831, 832"
23596,Zeytinyağ Fabrikası,2,"836, 936"
23597,Zeytinyağ Fabrikası,2,"836, 936"
23607,Tarım Geliştirme Merkezi,2,"751, 777"
23608,Tarım Geliştirme Merkezi,2,"751, 777"
23645,Yakakent Son Durak,2,"229, 529"
23646,Yakakent,2,"229, 529"
23659,Hancı,2,"665, 750"
23661,Aygün,2,"665, 750"
23663,Güneş Panelleri,2,"744, 750"
23664,Güneş Panelleri,2,"744, 750"
23667,Kır Mahalle Giriş,2,"753, 759"
23668,Kır Mahalle Giriş,2,"753, 759"
23669,Uğur Mumcu,2,"648, 868"
23670,Uğur Mumcu,2,"648, 868"
23677,Menemen Cumhuriyet Ortaokulu,2,"648, 868"
23678,Menemen Cumhuriyet Ortaokulu,2,"648, 868"
23679,Kantar,2,"657, 756"
23680,Kantar,2,"657, 756"
23681,Kınık Havuz,2,"836, 936"
23682,Kınık Havuz,2,"836, 936"
23695,Doğakan Güngör Parkı,2,"221, 487"
23696,Doğakan Güngör Parkı,2,"221, 487"
23710,Lise,2,"837, 839"
23767,Kınık Kız Yurdu,2,"836, 936"
23768,Kınık Kız Yurdu,2,"836, 936"
23769,Bakırçay  YDY,2,"207, 812"
23777,Yayakent Meydan,2,"836, 936"
23778,Yayakent Mezarlık,2,"836, 936"
23779,Yayakent Mezarlık,2,"836, 936"
23780,Masal Evi,2,"342, 816"
23783,Şehit Er Hakan Sağınç Caddesi,2,"836, 936"
23784,Şehit Er Hakan Sağınç Caddesi,2,"836, 936"
23785,Maarif Sokak,2,"836, 936"
23786,Maarif Sokak,2,"836, 936"
23787,Toki Konutları,2,"836, 936"
23788,Yayakent,2,"836, 936"
23789,Yayakent,2,"836, 936"
23790,Görece Köprü,2,"754, 755"
23791,Görece Köprü,2,"754, 755"
23792,Zeytinyağı Fabrikası,2,"754, 755"
23793,Zeytinyağı Fabrikası,2,"754, 755"
23798,Dündarlı Giriş,2,"836, 936"
23799,Dündarlı Giriş,2,"836, 936"
23802,Menemen Aktarma Merkezi,2,"602, 800"
23829,Novada,2,"660, 752"
23830,Novada,2,"660, 752"
23831,Buruncuk İ.Ö,2,"660, 758"
23891,Kozbeyli İlkokulu,2,"666, 756"
23892,Kozbeyli İlkokulu,2,"666, 756"
23893,Sağlık Ocağı,2,"666, 756"
23894,Sağlık Ocağı,2,"666, 756"
23895,Kozbeyli Ova,2,"666, 756"
23896,Kozbeyli Ova,2,"666, 756"
23897,Şehit Çeşmesi,2,"666, 756"
23898,Şehit Çeşmesi,2,"666, 756"
23899,Papatya,2,"666, 756"
23900,Papatya,2,"666, 756"
23901,Dündarlı Çıkış,2,"836, 936"
23902,Dündarlı Çıkış,2,"836, 936"
23920,Aliağa Balıkçı Barınağı,2,"849, 935"
23921,Aliağa Balıkçı Barınağı,2,"849, 935"
23922,Uğur Mumcu Parkı,2,"849, 935"
23923,Uğur Mumcu Parkı,2,"849, 935"
23937,Fabrika,2,"657, 756"
23938,Fabrika,2,"657, 756"
23957,Musabey Ova,2,"657, 756"
23958,Musabey Ova,2,"657, 756"
23969,Gerenköy Dörtyol,2,"750, 756"
23974,4. Cadde,2,"749, 826"
23975,4. Cadde,2,"749, 826"
23978,Yayakent Giriş,2,"836, 936"
23979,Yayakent Giriş,2,"836, 936"
23981,Kozak Maden,2,"831, 832"
23982,Fener,2,"147, 847"
23983,Fener,2,"147, 847"
23996,Kınık Orman İşletme,2,"836, 936"
23997,Kınık Orman İşletme,2,"836, 936"
24000,Tepeköy Kavşak,2,"651, 653"
24003,Bayatlı,2,"652, 653"
24005,Akif Ersezgin Lisesi,2,"652, 653"
24007,Mert Öztüre İlkokulu,2,"652, 653"
24009,Bayatlı Çıkış,2,"652, 653"
24011,Ilıca,2,"652, 653"
24012,İmam Hatip Lisesi,2,"651, 652"
24014,Altınkent,2,"651, 652"
24021,Bayrak,2,"651, 653"
24023,Tariş,2,"651, 653"
24047,Sanayi,2,"652, 653"
24048,Sanayi,2,"651, 653"
24050,Fen İşleri,2,"651, 653"
24054,Fevzipaşa Stadı,2,"652, 653"
24055,Fevzipaşa Stadı,2,"651, 653"
24056,Su Deposu,2,"651, 653"
24057,Su Deposu,2,"652, 653"
24081,Öğretmen Evi,2,"652, 656"
24090,Tepeköy Giriş,2,"652, 653"
24126,Bakırçay Lisesi,2,"651, 652"
24145,Cemsultan,2,"653, 656"
24159,Fabrikalar,2,"660, 758"
24160,Fabrikalar,2,"660, 758"
24162,Köşk Düzü Cami,2,"836, 936"
24163,Köşk Düzü Cami,2,"836, 936"
24164,Küme Evler,2,"754, 755"
24165,Küme Evler,2,"754, 755"
24172,Park,2,"653, 656"
24175,Kesik Ova,2,"657, 756"
24176,Kesik Ova,2,"657, 756"
24198,Maden,2,"645, 646"
24199,Ovacık,2,"645, 646"
24200,Ovacık,2,"645, 646"
24211,Dündarlı Çiftlik,2,"836, 936"
24212,Dündarlı Çiftlik,2,"836, 936"
24216,Fabrikalar,2,"660, 758"
24217,Fabrikalar,2,"660, 758"
24218,Üst Geçit,2,"754, 755"
24219,Üst Geçit,2,"754, 755"
24222,Çınar,2,"750, 757"
24223,Çınar,2,"750, 757"
24226,Menekşe Parkı Son Durak,2,"221, 487"
24227,Telli Bahçe,2,"221, 487"
24228,Telli Bahçe,2,"221, 487"
24229,Piriştina Parkı,2,"221, 487"
24230,Piriştina Parkı,2,"221, 487"
24234,Tepe,2,"826, 848"
24235,Tepe,2,"826, 848"
24247,Plastik Fabrikası,2,"660, 758"
24248,Plastik Fabrikası,2,"660, 758"
24249,Harmandalı Park,2,"608, 827"
24250,Harmandalı Park,2,"608, 827"
24265,Görece Kümeevler,2,"754, 755"
24266,Görece Kümeevler,2,"754, 755"
24269,Belen Kümeevler,2,"754, 755"
24270,Belen Kümeevler,2,"754, 755"
24300,Hamzalısüleymaniye,2,"643, 644"
24301,Hamzalısüleymaniye,2,"643, 644"
24302,Tavuk Çiftliği,2,"643, 644"
24303,Tavuk Çiftliği,2,"643, 644"
24304,Apan Çeşme,2,"643, 644"
24305,Apan Çeşme,2,"643, 644"
24306,Palmiye,2,"643, 644"
24307,Palmiye,2,"643, 644"
24389,Toki Konutları,2,"836, 936"
24390,Kınık Çok Programlı Anadolu Lisesi,2,"836, 936"
24391,Kınık Çok Programlı Anadolu Lisesi,2,"836, 936"
24392,Bağarası Atölye,2,"744, 750"
24393,Bağarası Atölye,2,"744, 750"
24419,Kesik Fabrika,2,"657, 756"
24420,Kesik Fabrika,2,"657, 756"
24421,Alışveriş Merkezi,2,"660, 758"
24422,Alışveriş Merkezi,2,"660, 758"
24545,Fabrikalar 2,2,"660, 758"
24547,Siteler,2,"665, 750"
24599,Yayakent Sanayi,2,"836, 936"
24600,Yayakent Sanayi,2,"836, 936"
24612,Kahve Civarı,2,"660, 752"
24619,Gerenköy Son Durak,2,"750, 756"
24620,Gerenköy Meydan,2,"750, 756"
24621,Gerenköy Meydan,2,"750, 756"
24622,Bağarası Çarşı,2,"744, 750"
24623,Bağarası Çarşı,2,"744, 750"
24624,Kanal,2,"754, 755"
24625,Kanal,2,"754, 755"
30004,Bornova Metro,2,"204, 570"
30014,Bornova Metro,2,"533, 558"
30017,Bornova Metro,2,"212, 313"
30054,Mezarlık,2,"117, 317"
30056,Beşinci Sanayi,2,"117, 317"
30058,Jandarma,2,"117, 317"
30060,Defne,2,"117, 317"
30061,Beşinci Sanayi,2,"117, 317"
30063,Mezarlık,2,"117, 317"
30065,Jandarma,2,"117, 317"
30067,Defne,2,"117, 317"
30082,Beşinci Sanayi Giriş,2,"117, 317"
30083,Beşinci Sanayi Giriş,2,"117, 317"
30330,112 Acil Çağrı Merkezi Müdürlüğü,2,"268, 358"
30334,Osman Kibar Kavşağı,2,"314, 949"
30339,Park,2,"314, 949"
30354,Park,2,"314, 949"
30402,MTK Giriş,2,"153, 154"
30403,MTK Giriş,2,"153, 154"
30404,Katip,2,"153, 154"
30405,Katip,2,"153, 154"
30406,MTK Trafo,2,"153, 154"
30407,MTK Trafo,2,"153, 154"
30408,Tekstilciler Cami,2,"153, 154"
30409,Tekstilciler Cami,2,"153, 154"
30410,Tekstilciler Çarşısı,2,"153, 154"
30411,Tekstilciler Çarşısı,2,"153, 154"
30413,MTK Çiçek,2,"153, 154"
30414,MTK Çiçek,2,"153, 154"
30435,İğdeli,2,"153, 505"
30436,İğdeli,2,"153, 505"
30437,Çamkule Eski Son Durak,2,"153, 505"
30489,Okçu,2,"259, 59"
30491,Market,2,"259, 59"
30499,Yeşilova Höyüğü,2,"259, 59"
30501,Karacaoğlan,2,"259, 59"
30504,Caner,2,"564, 64"
30510,Ayakkabıcılar Sitesi Son Durak,2,"564, 64"
30522,Tır Garajı,2,"267, 277"
30525,Tır Garajı,2,"267, 277"
30536,Egemenlik,2,"564, 64"
30619,Doğanlar Hurdacılar Sitesi Cami,2,"268, 358"
30620,Doğanlar Hurdacılar Sitesi Cami,2,"268, 358"
30630,Doğanlar Pazaryeri,2,"367, 368"
30631,Doğanlar Pazaryeri,2,"367, 368"
30654,BMC 2,2,"560, 60"
30696,Piyade Teğmen Mehmet Terzioğlu,2,"766, 988"
30697,Piyade Teğmen Mehmet Terzioğlu,2,"766, 988"
30701,Ulaştırma,2,"317, 358"
30702,Ulaştırma,2,"317, 358"
30703,Topçu Taburu,2,"317, 358"
30704,Topçu Taburu,2,"317, 358"
30705,Bornova Doğanlar Stadyum,2,"317, 358"
30706,Bornova Doğanlar Stadyum,2,"317, 358"
30707,Sivil Savunma,2,"317, 358"
30708,Sivil Savunma,2,"317, 358"
30709,Yeşilçam Muhtarlık,2,"117, 317"
30710,Yeşilçam Muhtarlık,2,"117, 317"
30711,Yeşilçam Market,2,"117, 317"
30712,Yeşilçam Market,2,"117, 317"
30713,Yeşilçam Eczane,2,"117, 317"
30716,Yeşilçam Eczane,2,"117, 317"
30717,Kavaklıdere Köyü Cami,2,"117, 317"
30718,Kavaklıdere Köyü Cami,2,"117, 317"
30719,Saliha Hüseyin Özyavuz Ortaokulu,2,"117, 317"
30720,Saliha Hüseyin Özyavuz Ortaokulu,2,"117, 317"
30721,Oya,2,"117, 317"
30722,Oya,2,"117, 317"
30725,Dostlar,2,"117, 317"
30726,Dostlar,2,"117, 317"
30727,Kavaklıdere,2,"117, 317"
30728,Kavaklıdere,2,"117, 317"
30729,Yeşilçam Orman,2,"117, 317"
30730,Yeşilçam Orman,2,"117, 317"
30731,Kavaklıdere Mezarlık,2,"117, 317"
30732,Kavaklıdere Mezarlık,2,"117, 317"
30733,İncir,2,"117, 317"
30734,İncir,2,"117, 317"
30739,Mopak Mesleki ve Teknik Anadolu Lisesi,2,"766, 988"
30740,Mopak Mesleki ve Teknik Anadolu Lisesi,2,"766, 988"
30741,Pakmaya,2,"766, 988"
30742,Pakmaya,2,"766, 988"
30743,Pepsi,2,"766, 988"
30744,Pepsi,2,"766, 988"
30745,Anıt,2,"766, 988"
30746,Anıt,2,"766, 988"
30747,Kızıl Üzüm,2,"766, 988"
30748,Kızıl Üzüm,2,"766, 988"
30749,Master,2,"766, 988"
30750,Master,2,"766, 988"
30751,Demirci,2,"766, 988"
30752,Demirci,2,"766, 988"
30754,Çınarköy Yolu,2,"766, 988"
30772,Elit Koleji,2,"766, 988"
30773,Elit Koleji,2,"766, 988"
30774,Tekel,2,"766, 988"
30775,Tekel,2,"766, 988"
30791,Demirli Çay,2,"767, 967"
30792,Demirli Çay,2,"767, 967"
30793,Örnekköy Girişi,2,"767, 967"
30794,Nalbant,2,"767, 967"
30795,Örnekköy,2,"767, 967"
30796,Örnekköy Girişi,2,"767, 967"
30797,Örnekköy Spor Tesisi,2,"767, 967"
30798,Örnekköy,2,"767, 967"
30799,Örnekköy Spor Tesisi,2,"767, 967"
30800,Armutlu Mezarlık,2,"767, 967"
30801,Armutlu Mezarlık,2,"767, 967"
30802,Armutlu Merkez,2,"767, 967"
30803,Armutlu Merkez,2,"767, 967"
30804,Armutlu Ortaokulu,2,"767, 967"
30805,Armutlu Ortaokulu,2,"767, 967"
30855,Sarı Gül,2,"767, 967"
30860,Armutlu Sağlık Ocağı,2,"767, 967"
30862,Armutlu Park,2,"767, 967"
30863,Armutlu Sağlık Ocağı,2,"767, 967"
30872,Sarı Gül,2,"767, 967"
30901,Ulucak Cumhuriyet,2,"766, 966"
30902,Ulucak Cumhuriyet,2,"766, 966"
30903,Erze,2,"766, 988"
30904,Erze,2,"766, 988"
30907,Şehit Er Bekir VARAL,2,"766, 988"
30908,Şehit Er Bekir VARAL,2,"766, 988"
30910,Örnekköy Şehit İncekara İlkokulu,2,"767, 967"
30913,Ulucak Giriş,2,"766, 966"
30914,Ulucak Giriş,2,"766, 966"
30915,Ulucak Spor Tesisleri,2,"766, 966"
30916,Ulucak Spor Tesisleri,2,"766, 966"
30917,Güneş,2,"766, 966"
30918,Güneş,2,"766, 966"
30919,Ulucak İlköğretim Okulu,2,"766, 966"
30920,Ulucak İlköğretim Okulu,2,"766, 966"
30927,İzmir Demokrasi Üniversitesi,2,"766, 966"
30948,Kemalpaşa Koleji,2,"766, 988"
30949,Kemalpaşa Koleji,2,"766, 988"
31152,Umut Parkı,2,"498, 568"
31154,Sayra&Çınar Parkı,2,"498, 568"
31187,Aydınkent,2,"249, 570"
31188,Aydınkent,2,"249, 570"
31189,Dalgın,2,"249, 570"
31190,Dalgın,2,"249, 570"
31279,Rektörlük,2,"313, 338"
31304,Vecihi Hürkuş,2,"365, 566"
31305,Vecihi Hürkuş,2,"365, 566"
31306,Gayrettepe Cami,2,"365, 566"
31307,Gayrettepe Cami,2,"365, 566"
31310,Emniyet Lojmanları,2,"584, 585"
31311,Emniyet Lojmanları,2,"584, 585"
31312,Ufuk,2,"584, 585"
31313,Ufuk,2,"584, 585"
31314,Yüzüncü Yıl Karakolu,2,"584, 585"
31315,Yüzüncü Yıl Karakolu,2,"584, 585"
31316,Mavi Köşe,2,"584, 585"
31317,Mavi Köşe,2,"584, 585"
31415,Emek Sitesi,2,"584, 585"
31416,Emek Sitesi,2,"584, 585"
31418,Belediye Evleri,2,"584, 585"
31419,Belediye Evleri,2,"584, 585"
31478,Evka-3 Parkı,2,"114, 314"
31479,Evka-3 Parkı,2,"114, 314"
31487,Cem Bakioğlu Lisesi,2,"114, 314"
31488,Cem Bakioğlu Lisesi,2,"114, 314"
31489,Kardelen,2,"114, 314"
31490,Kardelen,2,"114, 314"
31491,Yunus Emre Anadolu Lisesi,2,"114, 314"
31492,Yunus Emre Anadolu Lisesi,2,"114, 314"
31493,Doruk,2,"114, 314"
31494,Doruk,2,"114, 314"
31495,Birlik,2,"114, 314"
31498,Umut,2,"114, 314"
31500,Sevgi,2,"114, 314"
31502,Evka 3,2,"114, 314"
31519,Begonya,2,"367, 368"
31520,Begonya,2,"367, 368"
31522,Manolya,2,"367, 368"
31529,Manolya,2,"367, 368"
31534,Önder,2,"168, 559"
31535,Önder,2,"168, 559"
31536,Kızılay Kan Merkezi,2,"168, 559"
31537,Kızılay Kan Merkezi,2,"168, 559"
31542,İrem,2,"367, 368"
31543,İrem,2,"367, 368"
31544,Ümit Mahallesi,2,"367, 368"
31552,Otogar Yeni,2,"302, 555"
31561,Aşağı Yenmiş Köyü Girişi,2,"769, 949"
31578,Aşağı Yenmiş Köyü Girişi,2,"769, 949"
31586,Akalan Sütçüler Okul,2,"769, 772"
31588,Yukarı Sütçüler Trafo,2,"769, 772"
31589,Akalan Sütçüler Okul,2,"769, 772"
31591,Yukarı Sütçüler Trafo,2,"769, 772"
31592,Akalan Park,2,"769, 949"
31595,Akalan Park,2,"769, 949"
31598,Çambel Şebnem Kardıcalı İlköğretim Okulu,2,"769, 949"
31600,Çambel Son Durak,2,"769, 949"
31601,Çambel Şebnem Kardıcalı İlköğretim Okulu,2,"769, 949"
31606,İğdecik Giriş,2,"769, 949"
31607,İğdecik Giriş,2,"769, 949"
31635,Su Perisi,2,"668, 768"
31658,Su Perisi,2,"668, 768"
31660,Nazar Köy,2,"668, 768"
31696,Park Koza Evleri,2,"668, 768"
31697,Park Koza Evleri,2,"668, 768"
31730,Şehit,2,"766, 966"
31731,Şehit,2,"766, 966"
31770,Evka 3 Aktarma Merkezi,2,"214, 559"
31774,Evka 3 Aktarma Merkezi,2,"111, 67"
31775,Evka 3 Aktarma Merkezi,2,"317, 449"
31776,Evka 3 Aktarma Merkezi,2,"358, 368"
31777,Evka 3 Aktarma Merkezi,2,"268, 468"
31779,Evka 3 Aktarma Merkezi,2,"966, 988"
31831,Çocuk Parkı,2,"259, 59"
31833,Üçgen Park,2,"259, 59"
31835,Zeybek,2,"259, 59"
31837,Stad,2,"259, 59"
31838,Stad,2,"259, 59"
31839,Alışveriş Merkezi,2,"259, 59"
31840,Alışveriş Merkezi,2,"259, 59"
31841,Bahçeşehir Koleji,2,"259, 59"
31842,Bahçeşehir Koleji,2,"259, 59"
31843,Yassıtepe Höyüğü,2,"259, 59"
31844,Yassıtepe Höyüğü,2,"259, 59"
31860,Aşık Veysel Rekreasyon Alanı,2,"338, 498"
31867,Bornova Viyadüğü,2,"259, 59"
31930,Kardelen Sitesi,2,"584, 585"
31931,Kardelen Sitesi,2,"584, 585"
31932,Doğa,2,"584, 585"
31933,Doğa,2,"584, 585"
32105,Hüsnü Bornovalı Ortaokulu,2,"268, 358"
32106,Hüsnü Bornovalı Ortaokulu,2,"268, 358"
32107,Çelik,2,"268, 358"
32108,Çelik,2,"268, 358"
32153,Bölge İstasyonu,2,"290, 800"
32191,Ümit Mahallesi Giriş,2,"560, 60"
32203,Kavaklıdere Çıkış,2,"117, 317"
32204,Kavaklıdere Çıkış,2,"117, 317"
32205,Arıtma Tesisi,2,"117, 317"
32222,Badem,2,"367, 368"
32223,Badem,2,"367, 368"
32232,Okul,2,"767, 967"
32233,Okul,2,"767, 967"
32234,Rafet Paşa,2,"259, 59"
32237,Hastane,2,"515, 539"
32242,Hastane,2,"515, 539"
32246,Narova,2,"259, 59"
32248,Okul,2,"259, 59"
32258,Fatih Cami,2,"367, 368"
32259,Fatih Cami,2,"367, 368"
32279,Dr. Behçet Uz Rekreasyon Alanı,2,"153, 154"
32280,Dr. Behçet Uz Rekreasyon Alanı,2,"153, 154"
32281,Armutlu Park,2,"767, 967"
32296,Işıkkent Kamyon Garajı,2,"267, 364"
32297,Işıkkent Kamyon Garajı,2,"267, 364"
32303,Park,2,"668, 768"
32304,Park,2,"668, 768"
32325,Sare,2,"769, 772"
32326,Sare,2,"769, 772"
32335,Çambel Orman,2,"769, 949"
32336,Çambel Orman,2,"769, 949"
32337,Okul,2,"769, 949"
32338,Okul,2,"769, 949"
32339,Toki Çam,2,"769, 949"
32340,Toki Çam,2,"769, 949"
32341,Toki Yıldız,2,"769, 949"
32342,Toki Yıldız,2,"769, 949"
32343,Çambel Toki,2,"769, 949"
32358,5. Etap Üst Yol,2,"559, 598"
32359,5. Etap Üst Yol,2,"559, 598"
32360,7. Etap,2,"559, 598"
32361,7. Etap,2,"559, 598"
32362,7. Etap Tepe,2,"559, 598"
32363,7. Etap Tepe,2,"559, 598"
32364,6. Etap Tepe,2,"559, 598"
32365,6. Etap Tepe,2,"559, 598"
32366,6. Etap,2,"559, 598"
32367,6. Etap,2,"559, 598"
32368,8. Etap,2,"559, 598"
32369,8. Etap Alt Yol,2,"559, 598"
32370,Bahçeler,2,"769, 949"
32371,Bahçeler,2,"769, 949"
32380,Vadi,2,"557, 558"
32393,Çambel Toki,2,"769, 949"
32394,Çambel Toki 2,2,"769, 949"
32395,Çambel Toki 2,2,"769, 949"
32396,Çambel Batı,2,"769, 949"
32397,Çambel Batı,2,"769, 949"
32398,Akalan Çiftlik,2,"769, 949"
32399,Akalan Çiftlik,2,"769, 949"
32400,Özdeşkent,2,"668, 768"
32401,Özdeşkent,2,"668, 768"
32424,Akevler,2,"769, 772"
32425,Akevler,2,"769, 772"
32440,Viyadük Köprüaltı,2,"259, 59"
32441,Akalan Yan Yol,2,"769, 949"
32442,Akalan Yan Yol,2,"769, 949"
32445,Zeytin Dalı,2,"767, 967"
32446,Zeytin Dalı,2,"767, 967"
40024,Buca Sosyal Güvenlik Kurumu,2,"206, 536"
40107,Gürçeşme Huzurevi,2,"418, 466"
40108,Polis Okulu,2,"418, 466"
40109,Polis Okulu,2,"418, 466"
40177,Fırın,2,"233, 484"
40178,Fırın,2,"233, 484"
40241,Barış,2,"105, 74"
40242,Barış,2,"105, 74"
40243,Ali Kuşçu İlkokulu,2,"105, 74"
40244,Ali Kuşçu İlkokulu,2,"105, 74"
40256,Kozağaç,2,"353, 818"
40257,Vicdan,2,"353, 818"
40258,Vicdan,2,"353, 818"
40259,Selviler,2,"353, 818"
40260,Selviler,2,"353, 818"
40263,Fırat,2,"353, 818"
40264,Fırat,2,"353, 818"
40267,Altınevler,2,"353, 818"
40268,Altınevler,2,"353, 818"
40309,Eshot Ağır Bakım Tesisleri,2,"353, 818"
40310,Eshot Ağır Bakım Tesisleri,2,"353, 818"
40326,Çiçek,2,"485, 74"
40327,Çiçek,2,"485, 74"
40330,Akasma,2,"484, 74"
40331,Akasma,2,"484, 74"
40357,Özel Sağlık,2,"484, 74"
40358,Özel Sağlık,2,"484, 74"
40359,Recep Ersayın İlkokulu,2,"484, 74"
40360,Recep Ersayın İlkokulu,2,"484, 74"
40361,Göksu Pazaryeri,2,"484, 74"
40362,Göksu Pazaryeri,2,"484, 74"
40366,Gökkuşağı,2,"484, 74"
40387,Erguvan,2,"484, 74"
40388,Erguvan,2,"484, 74"
40403,Çamlı Pınar Muhtarlık,2,"105, 805"
40404,Çamlı Pınar Muhtarlık,2,"105, 805"
40407,Çamlıpınar Yeni Son Durak,2,"105, 805"
40431,Adnan Kahveci Parkı,2,"284, 838"
40432,Adnan Kahveci Parkı,2,"284, 838"
40433,Çağrı,2,"284, 838"
40434,Çağrı,2,"284, 838"
40435,Onat,2,"284, 838"
40436,Onat,2,"284, 838"
40449,Betonyol,2,"284, 838"
40524,Buca Tütün İhracatçıları Birliği İlkokulu,2,"374, 874"
40526,Yedi Göller,2,"374, 874"
40527,Yedi Göller,2,"374, 874"
40565,İZUM,2,"475, 876"
40598,Güneş,2,"374, 874"
40599,Güneş,2,"374, 874"
40600,İzkent Depo,2,"374, 874"
40601,İzkent Depo,2,"374, 874"
40611,Yedi Göller İş Merkezi,2,"374, 874"
40612,Yedi Göller İş Merkezi,2,"374, 874"
40625,Şehit Üst Teğmen Konuralp Özcan İlköğretim Okulu,2,"104, 875"
40640,Mimar Kemalettin İlkokulu,2,"374, 874"
40641,Mimar Kemalettin İlkokulu,2,"374, 874"
40744,Buca Üçkuyular Meydan,2,"515, 536"
40757,Ali Rıza Efendi İlkokulu,2,"465, 476"
40758,Ali Rıza Efendi İlkokulu,2,"465, 476"
40759,Buca Doğum Evi,2,"465, 476"
40760,Buca Doğum Evi,2,"465, 476"
40761,Yeşilkent,2,"465, 476"
40762,Yeşilkent,2,"465, 476"
40763,Fatih,2,"465, 476"
40764,Ahmet Yesevi Öğrenci Yurdu,2,"465, 476"
40765,Ahmet Yesevi Öğrenci Yurdu,2,"465, 476"
40766,Hacı Bektaş Veli Parkı,2,"465, 476"
40778,Köşe,2,"471, 676"
40779,Köşe,2,"471, 676"
40780,Eylül,2,"471, 676"
40781,Eylül,2,"471, 676"
40782,Yıldız,2,"471, 676"
40783,Yıldız,2,"471, 676"
40794,Kıbrıs Sineması,2,"105, 805"
40795,Kıbrıs Sineması,2,"105, 805"
40796,Hanımeli,2,"105, 805"
40797,Hanımeli,2,"105, 805"
40798,Lale,2,"105, 805"
40799,Lale,2,"105, 805"
40800,Çamlıkule Park,2,"105, 805"
40801,Çamlıkule Park,2,"105, 805"
40814,Nergis,2,"105, 805"
40815,Nergis,2,"105, 805"
40816,Yaşam,2,"105, 805"
40817,Yaşam,2,"105, 805"
40826,Alan,2,"471, 476"
40828,Alan,2,"471, 476"
40830,Hayat,2,"471, 476"
40831,Hayat,2,"471, 476"
40832,Manolya,2,"471, 476"
40833,Manolya,2,"471, 476"
40834,Hayat 2,2,"471, 476"
40835,Kuruçeşme Merkez Cami,2,"471, 476"
40935,Olduruk,2,"176, 277"
41073,Demirci Köy,2,"176, 709"
41092,Ptt,2,"34, 441"
41094,Yıkık Kemer,2,"34, 441"
41096,Ufuk Cami,2,"34, 441"
41097,Ufuk Cami,2,"34, 441"
41102,Esentepe Gazi Engin Çiftçioğlu İlkokulu,2,"34, 441"
41103,Esentepe Gazi Engin Çiftçioğlu İlkokulu,2,"34, 441"
41104,Telsizler,2,"34, 441"
41105,Telsizler,2,"34, 441"
41106,Toros Pazaryeri,2,"34, 441"
41107,Toros Pazaryeri,2,"34, 441"
41114,Ali Fuat Cebesoy İlkokulu,2,"34, 838"
41116,Kaptan,2,"34, 838"
41135,Kasap,2,"39, 838"
41138,Mavi Köşe,2,"39, 838"
41139,Mavi Köşe,2,"39, 838"
41140,Mustafa Kemal İlkokulu,2,"42, 475"
41141,Mustafa Kemal İlkokulu,2,"42, 475"
41142,Tepe,2,"42, 475"
41143,Tepe,2,"42, 475"
41150,Sevgi Ferit Akın İlköğretim Okulu,2,"476, 676"
41151,Sevgi Ferit Akın İlköğretim Okulu,2,"476, 676"
41152,Ömer Bilmen Cami,2,"476, 676"
41153,Ömer Bilmen Cami,2,"476, 676"
41156,Eski Bahçe,2,"171, 417"
41157,Eski Bahçe,2,"171, 417"
41161,Kasımpatı,2,"171, 417"
41162,Gardenya,2,"171, 417"
41163,Gardenya,2,"171, 417"
41164,Kasımpatı,2,"171, 417"
41175,Şirinyer Aktarma,2,"671, 74"
41178,Şirinyer Aktarma,2,"818, 878"
41201,Işılay Saygın Lisesi,2,"866, 869"
41225,Yamaç,2,"869, 875"
41226,Yamaç,2,"869, 875"
41301,Belediye Ek Hizmet Binası,2,"171, 417"
41302,Belediye Ek Hizmet Binası,2,"171, 417"
41305,Buca Oyak Sitesi,2,"866, 874"
41307,Buca Oyak Sitesi,2,"866, 869"
41343,Ardıç,2,"104, 866"
41344,Ardıç,2,"104, 866"
41345,Ada,2,"104, 866"
41346,Ada,2,"104, 866"
41354,İzmir Tınaztepe Üniversitesi Üst Giriş,2,"475, 876"
41361,İZUM,2,"475, 876"
41372,Göksu Parkı,2,"484, 74"
41401,Buca Tütün İhracatçıları Birliği İlkokulu,2,"374, 874"
41420,Yenidünya,2,"353, 818"
41421,Yenidünya,2,"353, 818"
41422,Zeytintepe,2,"353, 818"
41423,Zeytintepe,2,"353, 818"
41424,Hoca,2,"465, 476"
41425,Hoca,2,"465, 476"
41426,Pazaryeri,2,"374, 874"
41427,Pazaryeri,2,"374, 874"
41428,Kozağaç,2,"353, 818"
41441,Çamlıkule Pazaryeri,2,"171, 417"
41442,Çamlıkule Pazaryeri,2,"171, 417"
50184,Engelliler Eğitim Merkezi,2,"486, 811"
50185,Engelliler Eğitim Merkezi,2,"486, 811"
50187,Dokuz Eylül Deniz Bilimleri,2,"483, 486"
50188,Karakol,2,"486, 811"
50190,Başak,2,"486, 811"
50193,İnciraltı Bakü Bulvarı,2,"486, 811"
50202,Ata Durağı,2,"311, 480"
50204,Sera,2,"311, 480"
50220,Çayırlı,2,"305, 971"
50221,Çayırlı,2,"305, 971"
50222,Maltepe,2,"305, 971"
50223,Maltepe,2,"305, 971"
50224,Çocuk Parkı,2,"305, 971"
50225,Çocuk Parkı,2,"305, 971"
50226,İkinci İnönü Meydan,2,"305, 971"
50227,İkinci İnönü Meydan,2,"305, 971"
50429,Ulamış Merkez,2,"732, 987"
50430,Ulamış Merkez,2,"732, 987"
50486,Yelki Kavşak,2,"321, 762"
50491,Bademler Giriş,2,"732, 983"
50492,Bademler Giriş,2,"732, 983"
50561,İskele,2,"738, 984"
50562,İl Sağlık Müdürlüğü Ek Hizmet Binaları,2,"738, 984"
50563,İl Sağlık Müdürlüğü Ek Hizmet Binaları,2,"738, 984"
50564,Katip,2,"738, 984"
50565,Katip,2,"738, 984"
50566,Egeli,2,"738, 984"
50567,Egeli,2,"738, 984"
50568,Bardakçı,2,"738, 984"
50569,Bardakçı,2,"738, 984"
50570,Ağaçlıyol,2,"738, 984"
50571,Ağaçlıyol,2,"738, 984"
50708,Orkide,2,"24, 28"
50722,Kavacık,2,"24, 28"
50734,Akgün Sitesi,2,"321, 9"
50735,Akgün Sitesi,2,"321, 9"
50751,Zeytinyağı Müzesi,2,"760, 906"
50752,Zeytinyağı Müzesi,2,"760, 906"
50939,Sanayi Kavşağı,2,"732, 733"
50940,Sanayi Kavşağı,2,"732, 733"
50941,Sümbül,2,"732, 733"
50942,Sümbül,2,"732, 733"
50943,Kuşçular yol ayrımı,2,"732, 733"
50944,Kuşçular yol ayrımı,2,"732, 733"
51008,Armola,2,"640, 642"
51009,Armola,2,"640, 642"
51010,Karakılçık,2,"640, 642"
51011,Karakılçık,2,"640, 642"
51012,Mandalina,2,"640, 642"
51013,Mandalina,2,"640, 642"
51014,Ötleğen,2,"640, 642"
51015,Ötleğen,2,"640, 642"
51016,Yağmurcun,2,"640, 642"
51017,Yağmurcun,2,"640, 642"
51220,Urla Stadı,2,"738, 762"
51221,Urla Stadı,2,"738, 762"
51394,Söğüt,2,"776, 778"
51464,Göçmen Konutları Giriş,2,"961, 981"
51465,Göçmen Konutları Giriş,2,"961, 981"
51466,Soydaşlar,2,"961, 981"
51467,Soydaşlar,2,"961, 981"
51468,Site,2,"961, 981"
51469,Site,2,"961, 981"
51470,Bahçe,2,"961, 981"
51471,Bahçe,2,"961, 981"
51561,Mordoğan Orkide,2,"761, 976"
51562,Mordoğan Meydan,2,"761, 976"
51563,Mordoğan Beyaz,2,"761, 976"
51564,Mordoğan Beyaz,2,"761, 976"
51566,Mordoğan Orkide,2,"761, 976"
51567,Mordoğan Frezya,2,"761, 976"
51568,Mordoğan Frezya,2,"761, 976"
51569,Eski Mordoğan,2,"761, 976"
51570,Eski Mordoğan,2,"761, 976"
51571,Mordoğan Ardıç,2,"761, 976"
51572,Mordoğan Ardıç,2,"761, 976"
51573,Balıkçı Kulesi,2,"761, 976"
51574,Balıkçı Kulesi,2,"761, 976"
51575,Mordoğan Kayalık,2,"761, 976"
51576,Mordoğan Kayalık,2,"761, 976"
51577,Eğlenhoca,2,"761, 976"
51578,Eğlenhoca,2,"761, 976"
51587,Çevirlik Koyu,2,"761, 976"
51588,Çevirlik Koyu,2,"761, 976"
51589,Karaburun Esendere,2,"761, 976"
51590,Karaburun Esendere,2,"761, 976"
51591,Ambarseki,2,"761, 976"
51592,Ambarseki,2,"761, 976"
51593,Ambarseki  Filiz,2,"761, 976"
51594,Ambarseki  Filiz,2,"761, 976"
51595,Saip Köy,2,"761, 976"
51596,Saip Köy,2,"761, 976"
51597,Karaburun Stad,2,"761, 976"
51598,Karaburun Stad,2,"761, 976"
51599,Karaburun Mimoza,2,"761, 976"
51600,Karaburun Mimoza,2,"761, 976"
51601,Karaburun Güneş,2,"761, 976"
51602,Karaburun Güneş,2,"761, 976"
51604,Karaburun Son Durak,2,"761, 976"
51631,Karaburun Nergis,2,"761, 976"
51632,Karaburun Nergis,2,"761, 976"
51633,Karaburun Devlet Hastanesi,2,"761, 976"
51634,Karaburun Devlet Hastanesi,2,"761, 976"
51635,Karaburun Azmak,2,"761, 976"
51636,Karaburun Azmak,2,"761, 976"
51637,Karaburun Liman,2,"761, 976"
51638,Karaburun Liman,2,"761, 976"
51641,Karaburun Mordoğan Fatma Emin Karaağaç Çok Programlı Anadolu Lisesi,2,"761, 976"
51642,Karaburun Mordoğan Fatma Emin Karaağaç Çok Programlı Anadolu Lisesi,2,"761, 976"
51751,Zeytinler Köyü,2,"760, 906"
51752,Zeytinler Köyü,2,"760, 906"
51753,Uzunkuyu,2,"760, 906"
51754,Uzunkuyu,2,"760, 906"
51755,Zeytineli,2,"760, 906"
51756,Zeytineli,2,"760, 906"
51757,Nohutalan,2,"760, 906"
51758,Nohutalan,2,"760, 906"
51759,Nohutalan Zeytin,2,"760, 906"
51760,Nohutalan Zeytin,2,"760, 906"
51762,Germiyan,2,"760, 906"
51767,Alaçatı Atatürk,2,"760, 906"
51768,Alaçatı Atatürk,2,"760, 906"
51769,Süren,2,"760, 906"
51770,Süren,2,"760, 906"
51771,Alaçatı Stadı,2,"760, 906"
51772,Alaçatı Stadı,2,"760, 906"
51773,Alaçatı Çamlı,2,"760, 906"
51774,Alaçatı Çamlı,2,"760, 906"
51775,Alaçatı Güneş,2,"760, 906"
51776,Alaçatı Güneş,2,"760, 906"
51777,Alaçatı Dostluk,2,"760, 906"
51778,Alaçatı Dostluk,2,"760, 906"
51779,Rıza Ertan,2,"760, 906"
51780,Rıza Ertan,2,"760, 906"
51781,Ilıca Köprü,2,"760, 906"
51782,Ilıca Köprü,2,"760, 906"
51783,Çeşme Üstgeçit,2,"760, 906"
51784,Ilıca Terminal,2,"760, 906"
51785,Çeşme Emniyet Müdürlüğü,2,"760, 906"
51786,Ilıca Hastane,2,"760, 906"
51787,Ilıca Hastane,2,"760, 906"
51788,Çeşme Yunus,2,"760, 906"
51789,Çeşme Yunus,2,"760, 906"
51790,Çeşme Mavi,2,"760, 906"
51791,Çeşme Mavi,2,"760, 906"
51792,Çeşme Devlet Hastanesi,2,"760, 906"
51793,Çeşme Devlet Hastanesi,2,"760, 906"
51794,Çeşme Sanayi Sitesi,2,"760, 906"
51795,Çeşme Yakamoz,2,"760, 906"
51796,Çeşme Üstgeçit,2,"760, 906"
51797,Çeşme Kültür Merkezi,2,"760, 906"
51798,Çeşme Kültür Merkezi,2,"760, 906"
51799,Çeşme Uğur Mumcu Parkı,2,"760, 906"
51800,Çeşme Uğur Mumcu Parkı,2,"760, 906"
51801,Çeşme Adliye,2,"760, 906"
51802,Çeşme Adliye,2,"760, 906"
51803,Çeşme Lale,2,"760, 906"
51804,Çeşme Lale,2,"760, 906"
51805,Çeşme Anfi Tiyatro,2,"760, 906"
51806,Çeşme Anfi Tiyatro,2,"760, 906"
51807,Mustafa Yücel Özbilgin Parkı,2,"760, 906"
51808,Mustafa Yücel Özbilgin Parkı,2,"760, 906"
51809,Çeşme Terminal,2,"760, 906"
51810,Çeşme Terminal,2,"760, 906"
51811,Çeşme Terminal İçi,2,"760, 906"
51812,Çeşme Emniyet Müdürlüğü,2,"760, 906"
51813,Alaçatı Sanayi,2,"760, 906"
51814,Alaçatı Sanayi,2,"760, 906"
51815,Alaçatı Çiçek,2,"760, 906"
51816,Alaçatı Çiçek,2,"760, 906"
51817,Alaçatı Mavi,2,"760, 906"
51818,Alaçatı Mavi,2,"760, 906"
51832,Karaburun Hisarcık,2,"761, 976"
51833,Karaburun Hisarcık,2,"761, 976"
51834,Karaburun Zambak,2,"761, 976"
51835,Karaburun Zambak,2,"761, 976"
51851,İncirliboğaz,2,"732, 983"
51855,Çevirlik,2,"761, 976"
51856,Çevirlik,2,"761, 976"
51857,Ardıç,2,"761, 976"
51858,Ardıç,2,"761, 976"
51899,Nohutalan Taş Ocağı,2,"760, 906"
51900,Nohutalan Taş Ocağı,2,"760, 906"
51933,Fahrettin Altay Aktarma Merkezi,2,"975, 985"
51939,Fahrettin Altay Aktarma Merkezi,2,"981, 982"
51943,Ulama,2,"732, 987"
51947,Makine,2,"883, 982"
51948,Makine,2,"883, 982"
51951,Fahrettin Altay Aktarma Merkezi,2,"909, 983"
51961,Müjde,2,"760, 906"
51962,Müjde,2,"760, 906"
51977,Beylik Bağı,2,"761, 976"
51978,Beylik Bağı,2,"761, 976"
52009,Ulamış Ortaokulu,2,"675, 975"
52010,Ulamış Ortaokulu,2,"675, 975"
52011,Ağalar Deresi,2,"675, 975"
52012,Ağalar Deresi,2,"675, 975"
52039,Değirmen,2,"762, 9"
52040,Değirmen,2,"762, 9"
52041,Göksu,2,"762, 9"
52042,Göksu,2,"762, 9"
52043,Yamaç,2,"762, 9"
52044,Yamaç,2,"762, 9"
52045,Taşev,2,"762, 9"
52046,Taşev,2,"762, 9"
52047,Güzel Konak,2,"762, 9"
52048,Güzel Konak,2,"762, 9"
52049,İncirliboğaz,2,"732, 983"
52050,Bademler Dere,2,"732, 983"
52051,Bademler Dere,2,"732, 983"
52065,Siteler,2,"761, 976"
52066,Siteler,2,"761, 976"
52135,Çeşme Boyalık,2,"760, 906"
52136,Çeşme Boyalık,2,"760, 906"
52143,Karaburun Market,2,"761, 976"
52144,Karaburun Market,2,"761, 976"
52151,Ilıca Benzinlik,2,"760, 906"
52152,Ilıca Benzinlik,2,"760, 906"
52157,Tarla,2,"961, 981"
52158,Tarla,2,"961, 981"
52159,Karaburun Müftülük,2,"761, 976"
52160,Karaburun Müftülük,2,"761, 976"
52184,Balıklıova Yolu,2,"761, 978"
52185,Balıklıova Yolu,2,"761, 978"
52211,Çayırpınar,2,"761, 976"
52212,Çayırpınar,2,"761, 976"
52346,Mordoğan Market,2,"761, 976"
52347,Mordoğan Market,2,"761, 976"
52588,İçmekıyısı,2,"761, 976"
52589,İçmekıyısı,2,"761, 976"
52646,Sığacık Tarla,2,"640, 642"
52647,Sığacık Tarla,2,"640, 642"
