stop_id,stop_name,route_count
11464,1 Nolu Sağlık Ocağı,11
11465,1 Nolu Sağlık Ocağı,11
24331,100.Yıl İlkokulu,1
24332,100.Yıl İlkokulu,1
23841,112 Acil Yardım,1
23842,112 Acil Yardım,1
30330,112 Acil Çağrı Merkezi Müdürlüğü,2
23388,13.Nis,1
23389,13.Nis,1
20079,15 Temmuz Şehitler Anadolu Lisesi,9
20080,15 Temmuz Şehitler Anadolu Lisesi,8
12633,2 Nolu Çağdaş Kahraman Sağlık Ocağı,3
12634,2 Nolu Çağdaş Kahraman Sağlık Ocağı,3
32309,2. Etap,3
32310,2. Etap,3
11242,23.Nis,1
11243,23.Nis,1
10390,26 Ağustos Kapısı,2
10391,26 Ağustos Kapısı,1
40219,30 Ağustos İlköğretim Okulu,3
40220,30 Ağustos İlköğretim Okulu,3
21489,35 Evleri,1
21490,35 Evleri,1
23974,4. Cadde,2
23975,4. Cadde,2
32354,4. Etap,4
32355,4. Etap,4
32143,4. Sanayi Ege,1
32144,4. Sanayi Ege,1
32140,4. Sanayi Güven,1
32147,4. Sanayi Güven,1
32141,4. Sanayi Trafo,1
32146,4. Sanayi Trafo,1
32356,5. Etap,4
32357,5. Etap,4
32373,5. Etap Alt Yol,4
32358,5. Etap Üst Yol,2
32359,5. Etap Üst Yol,2
32366,6. Etap,2
32367,6. Etap,2
32364,6. Etap Tepe,2
32365,6. Etap Tepe,2
16787,7 Eylül,1
16788,7 Eylül,1
11691,7 Nolu Sağlık Ocağı,4
11692,7 Nolu Sağlık Ocağı,4
11830,7 Nolu Sağlık Ocağı,2
11831,7 Nolu Sağlık Ocağı,2
32360,7. Etap,2
32361,7. Etap,2
32362,7. Etap Tepe,2
32363,7. Etap Tepe,2
23987,8. Etap,4
32368,8. Etap,2
32369,8. Etap Alt Yol,2
21059,9 Eylül,3
21062,9 Eylül,3
21519,9 Eylül Muhtarlık,4
21520,9 Eylül Muhtarlık,4
23803,95 Evler,1
23933,95 Evler,1
16801,Acarlar,1
16802,Acarlar,1
20820,Acer,3
20821,Acer,3
32348,Acil,10
16791,Acil Servis,1
16792,Acil Servis,1
23301,Ada,4
23302,Ada,4
32323,Ada,1
32324,Ada,1
41345,Ada,2
41346,Ada,2
52076,Ada,1
52077,Ada,1
50542,Ada Hastanesi,1
50545,Ada Hastanesi Giriş,1
30299,Adalet Mahallesi,6
30300,Adalet Mahallesi,6
40574,Adatepe,4
40579,Adatepe,1
41205,Adatepe Park,3
41208,Adatepe Park,3
40581,Adatepe Son Durak,3
41387,Adatepe Son Durak,3
41207,Adatepe Villaları,3
41210,Adatepe Villaları,3
40582,Adatepe Üçgen Park,4
40583,Adatepe Üçgen Park,1
24267,Adem Saatçi Ortaokulu,1
24268,Adem Saatçi Ortaokulu,1
12007,Adem Yavuz,2
12008,Adem Yavuz,2
12011,Adem Yavuz Parkı,2
12012,Adem Yavuz Parkı,2
30991,Adil Akçamlı,6
30992,Adil Akçamlı,5
31474,Adil Demir Sitesi,6
31475,Adil Demir Sitesi,6
13114,Adil İçel İlkokulu,1
13115,Adil İçel İlkokulu,1
40714,Adile Naşit Parkı,1
40715,Adile Naşit Parkı,1
30279,Adliye,17
30280,Adliye,16
30595,Adliye Lojmanları,4
30596,Adliye Lojmanları,4
20993,Adliyeciler Sitesi,3
20994,Adliyeciler Sitesi,3
41434,Adnan Kahveci,1
41435,Adnan Kahveci,1
40431,Adnan Kahveci Parkı,2
40432,Adnan Kahveci Parkı,2
16516,Adnan Menderes,1
20253,Adnan Menderes Anadolu Lisesi,1
20258,Adnan Menderes Anadolu Lisesi,1
12965,Adnan Menderes İlkokulu,3
12966,Adnan Menderes İlkokulu,3
10175,Adnan Saygun Sanat Merkezi,1
10178,Adnan Saygun Sanat Merkezi,14
10199,Adnan Saygun Sanat Merkezi,15
16517,Adnan menderes,1
32307,Afet Haberleşme,3
32308,Afet Haberleşme,3
40562,Afetevleri,1
40563,Afetevleri,1
30818,Ahmallı,1
30819,Ahmallı,1
11112,Ahmet Beyli Çiftlik,1
11113,Ahmet Beyli Çiftlik,1
52627,Ahmet Hakkı Balcıoğlu Mesleki Anadolu Lises,3
52626,Ahmet Hakkı Balcıoğlu Mesleki Anadolu Lisesi,3
15515,Ahmet Hamdi Tanpınar,1
15516,Ahmet Hamdi Tanpınar,1
10705,Ahmet Necdet Sezer,1
10706,Ahmet Necdet Sezer,1
12315,Ahmet Ragıp Üzümcü İlkokulu,4
12316,Ahmet Ragıp Üzümcü İlkokulu,4
22547,Ahmet Taner Kışlalı,3
22548,Ahmet Taner Kışlalı,3
23395,Ahmet Taner Kışlalı Parkı,4
22083,Ahmet Yesevi,2
22084,Ahmet Yesevi,2
21246,Ahmet Yesevi Cami,2
21247,Ahmet Yesevi Cami,2
40764,Ahmet Yesevi Öğrenci Yurdu,2
40765,Ahmet Yesevi Öğrenci Yurdu,2
24336,Ahmetbeyler,1
24337,Ahmetbeyler,1
24498,Ahmetbeyler Benzinlik,1
24499,Ahmetbeyler Cami,1
24500,Ahmetbeyler Cami,1
11000,Ahmetbeyli Cami,1
11001,Ahmetbeyli Cami,1
11158,Ahmetbeyli Jandarma,1
11159,Ahmetbeyli Jandarma,1
11165,Ahmetbeyli Kahveler,1
11328,Ahmetbeyli Kahveler,1
10998,Ahmetbeyli Market,1
10999,Ahmetbeyli Market,1
16407,Ahmetbeyli Yolayrımı,1
16408,Ahmetbeyli Yolayrımı,1
11002,Ahmetbeyli Çeşme,1
11003,Ahmetbeyli Çeşme,1
11673,Ahmetbeyli Çiftlik Evleri,1
11674,Ahmetbeyli Çiftlik Evleri,1
13846,Ahmetli,1
13847,Ahmetli,1
15458,Ahmetli Zeytinlik,1
15459,Ahmetli Zeytinlik,1
13894,Ahmetli Çamlık,1
13895,Ahmetli Çamlık,1
13861,Ahmetli Çıkış,1
13864,Ahmetli Çıkış,1
22509,Ahıska,3
22510,Ahıska,3
23666,Ahıskakent ilkokulu,3
23665,Ahıskakent İlkokulu,3
21921,Ahşap Ev,2
21922,Ahşap Ev,2
16708,Aile Sağlığı Merkezi,1
16709,Aile Sağlığı Merkezi,1
31559,Akalan Köy İçi,1
31560,Akalan Köy İçi,1
31592,Akalan Park,2
31595,Akalan Park,2
31586,Akalan Sütçüler Okul,2
31589,Akalan Sütçüler Okul,2
32441,Akalan Yan Yol,2
32442,Akalan Yan Yol,2
31590,Akalan Yol Ayrımı,1
31593,Akalan Yol Ayrımı,1
32398,Akalan Çiftlik,2
32399,Akalan Çiftlik,2
13554,Akarca,4
13557,Akarca,4
52400,Akarca Adakent Sitesi,1
52401,Akarca Adakent Sitesi,1
52430,Akarca Balköy,1
52431,Akarca Balköy,1
52404,Akarca Balıkçı Barınağı,1
52405,Akarca Balıkçı Barınağı,1
52445,Akarca Dörtyol,1
52446,Akarca Dörtyol,1
52398,Akarca Elitkent Sitesi,1
52399,Akarca Elitkent Sitesi,1
52418,Akarca Elmastaş Sitesi,1
52419,Akarca Elmastaş Sitesi,1
52432,Akarca Esenevler,1
52433,Akarca Esenevler,1
52410,Akarca Giriş,1
52411,Akarca Giriş,1
52422,Akarca Halk Plajı,1
52423,Akarca Halk Plajı,1
52406,Akarca Kervansaray,1
52407,Akarca Kervansaray,1
52416,Akarca Manzara,1
52417,Akarca Manzara,1
52408,Akarca Otel,1
52409,Akarca Otel,1
52414,Akarca Sahil,1
52415,Akarca Sahil,1
52420,Akarca Seyir,1
52421,Akarca Seyir,1
52412,Akarca Siteler,1
52413,Akarca Siteler,1
52436,Akarca Son Durak,1
52392,Akarca Tuzla,1
52393,Akarca Tuzla,1
52441,Akarca İltur Sitesi,1
52442,Akarca İltur Sitesi,1
52402,Akarca İşcan Sitesi,1
52403,Akarca İşcan Sitesi,1
40330,Akasma,2
40331,Akasma,2
13070,Akasya,1
13071,Akasya,1
16343,Akasya,1
20755,Akasya,2
20756,Akasya,2
24036,Akasya,3
24037,Akasya,3
30046,Akasya,3
41066,Akasya,1
41067,Akasya,1
51294,Akasya,1
51295,Akasya,1
40560,Akasyalar,1
40561,Akasyalar,1
51583,Akburun,1
51584,Akburun,1
31387,Akdemir Parkı,3
31388,Akdemir Parkı,3
32424,Akevler,2
32425,Akevler,2
31540,Akgül,1
31541,Akgül,1
50734,Akgün Sitesi,2
50735,Akgün Sitesi,2
24004,Akif Ersezgin Lisesi,3
24005,Akif Ersezgin Lisesi,2
20985,Akiş Öğütçü İlköğretim Okulu,3
20986,Akiş Öğütçü İlköğretim Okulu,3
11693,Akkoca Tavuk Çiftliği,4
11694,Akkoca Tavuk Çiftliği,4
15238,Akkoyunlu,1
15239,Akkoyunlu,1
15982,Akkoyunlu Mezarlık,1
15983,Akkoyunlu Mezarlık,1
23261,Akkoç,4
23262,Akkoç,4
51075,Akkum Yolu,1
51076,Akkum Yolu,1
13882,Akkız,1
13883,Akkız,1
40824,Akmeşe,4
40825,Akmeşe,4
10822,Aksan,6
10823,Aksan,6
21640,Aksu,2
21641,Aksu,2
30613,Aktar,3
30614,Aktar,3
12648,Aktaş Cami,1
12649,Aktaş Cami,1
21658,Aktaşlar,3
21659,Aktaşlar,3
10656,Aktepe,14
10657,Aktepe,14
12718,Aktepe Cami,4
12721,Aktepe Cami,4
13338,Aktepe Giriş,3
13339,Aktepe Giriş,3
14603,Aktepe Meşe,2
14604,Aktepe Meşe,2
12722,Aktepe Polis Lojmanları,3
12725,Aktepe Polis Lojmanları,3
12922,Akyüz,2
12923,Akyüz,2
50629,Akça,3
50634,Akça,3
11104,Akçaalan,5
11123,Akçaalan,5
20818,Akçaağaç,2
20819,Akçaağaç,2
13919,Akçaköy,2
13917,Akçaköy  İncir Fabrikası,2
13918,Akçaköy  İncir Fabrikası,2
13499,Akçaköy Yol Ayrımı,3
13500,Akçaköy Yol Ayrımı,3
16647,Akçaköy Yolu,2
16648,Akçaköy Yolu,2
10679,Akçay,9
16153,Akçaşehir,1
16154,Akçaşehir,1
30866,Akçeşme,1
30869,Akçeşme,1
24142,Akıncılar Bayır,1
40142,Akıncılar Cami,6
40143,Akıncılar Cami,6
40145,Akıncılar Merkez,6
40146,Akıncılar Merkez,6
40586,Akşemsettin İlkokulu,3
40587,Akşemsettin İlkokulu,3
40826,Alan,2
40828,Alan,2
21821,Alan Çiftliği,1
21822,Alan Çiftliği,1
24177,Alaniçi Giriş,1
24178,Alaniçi Giriş,1
23579,Alaniçi Meydan,1
23580,Alaniçi Meydan,1
23577,Alaniçi Yol Ayrımı,1
23578,Alaniçi Yol Ayrımı,1
23581,Alaniçi Çıkış,1
23582,Alaniçi Çıkış,1
16720,Alanköy,1
16721,Alanköy,1
16836,Alankıyı Bahçe,1
16837,Alankıyı Bahçe,1
16554,Alankıyı Dörtyol,1
16555,Alankıyı Dörtyol,1
16494,Alankıyı Giriş,1
16495,Alankıyı Giriş,1
16496,Alankıyı Meydan,1
14092,Alankıyı Yol Ayrımı,1
14093,Alankıyı Yol Ayrımı,1
16556,Alankıyı Yolu,1
16557,Alankıyı Yolu,1
16122,Alaylı Yolu,1
16123,Alaylı Yolu,1
51767,Alaçatı Atatürk,2
51768,Alaçatı Atatürk,2
51777,Alaçatı Dostluk,2
51778,Alaçatı Dostluk,2
51775,Alaçatı Güneş,2
51776,Alaçatı Güneş,2
51817,Alaçatı Mavi,2
51818,Alaçatı Mavi,2
51813,Alaçatı Sanayi,2
51814,Alaçatı Sanayi,2
51771,Alaçatı Stadı,2
51772,Alaçatı Stadı,2
51773,Alaçatı Çamlı,2
51774,Alaçatı Çamlı,2
51815,Alaçatı Çiçek,2
51816,Alaçatı Çiçek,2
14977,Alaşarlı,4
14978,Alaşarlı,4
16294,Alaşarlı Giriş,1
16299,Alaşarlı Meydan,1
20360,Albatros,3
20361,Albatros,3
15621,Albay Mustafa Mümin Aksoy,1
12934,Albay İbrahim Karaoğlanoğlu,2
12935,Albay İbrahim Karaoğlanoğlu,2
22049,Albayrak Mavişehir Evleri,3
22058,Albayrak Mavişehir Evleri,3
12705,Ali Akatlar,1
12712,Ali Akatlar,1
41114,Ali Fuat Cebesoy İlkokulu,2
41115,Ali Fuat Cebesoy İlkokulu,1
12538,Ali Fuat Erdem,1
15624,Ali Fuat Erden,1
15615,Ali Fuat Erden Mahallesi,1
16086,Ali Fuat Erden Mahallesi,1
12468,Ali Fuat Erden Mahallesi Muhtarlığı,5
12469,Ali Fuat Erden Mahallesi Muhtarlığı,6
16085,Ali Fuat Erden Son Durak,1
40243,Ali Kuşçu İlkokulu,2
40244,Ali Kuşçu İlkokulu,2
40757,Ali Rıza Efendi İlkokulu,2
40758,Ali Rıza Efendi İlkokulu,2
31423,Ali Rıza Güven Cami,4
31424,Ali Rıza Güven Cami,4
24082,Ali Rıza İlkokulu,1
31241,Ali İhsan Bey,3
31242,Ali İhsan Bey,3
23393,Aliağa 80. Yıl Lisesi,4
23920,Aliağa Balıkçı Barınağı,2
23921,Aliağa Balıkçı Barınağı,2
23845,Aliağa Cumhuriyet İ.Ö.,1
23378,Aliağa Devlet Hastanesi,1
23379,Aliağa Devlet Hastanesi,1
23903,Aliağa Kamyon Garajı,1
23904,Aliağa Kamyon Garajı,1
22743,Aliağa Liman,3
22746,Aliağa Liman,3
23911,Aliağa Mesleki ve Teknik Anadolu Lisesi,1
23912,Aliağa Mesleki ve Teknik Anadolu Lisesi,1
24461,Aliağa OSB Son Durak,1
22843,Aliağa Organize Sanayi Yol Ayrımı,4
22844,Aliağa Organize Sanayi Yol Ayrımı,4
23846,Aliağa Ortaokulu,1
23905,Aliağa Park,1
23906,Aliağa Park,1
22747,Aliağa Sahil,5
22750,Aliağa Sahil,5
21442,Aliağa Sanayi,3
21445,Aliağa Sanayi,3
21444,Aliağa Sanayi Çıkış,3
22741,Aliağa Santral,3
22738,Aliağa Terminal İçi,3
24251,Aliağa Terminal İçi,3
22744,Aliağa santral,3
22737,Aliağa İlçe Emniyet Müdürlüğü,6
22740,Aliağa İlçe Emniyet Müdürlüğü,6
22753,Aliağa İskele,5
22756,Aliağa İskele,5
21943,Alize,4
21944,Alize,4
40632,Alkent,4
40633,Alkent,4
51953,Alp,4
52056,Alp,4
24649,Alp Oğuz Anadolu Lisesi,3
31046,Alparslan Mahallesi Muhtarlık,5
31047,Alparslan Mahallesi Muhtarlık,5
24296,Alpaslan,1
24297,Alpaslan,1
31062,Alpaslan,4
31063,Alpaslan,4
32433,Alpaslan,1
32434,Alpaslan,1
31055,Alpaslan Mahallesi,1
10108,Alsancak Devlet Hastanesi,3
10109,Alsancak Devlet Hastanesi,3
10413,Alsancak Gar,2
10415,Alsancak Gar,5
10418,Alsancak Gar,5
30605,Alt Geçit,3
30606,Alt Geçit,3
50089,Altmışıncı Yıl Anadolu Lisesi,10
50092,Altmışıncı Yıl Anadolu Lisesi,10
52443,Altyüz Köprüsü,3
52444,Altyüz Köprüsü,3
10958,Altın,5
10959,Altın,5
40299,Altıncı Sanayi,4
40300,Altıncı Sanayi,4
10659,Altıncı Sanayi Kavşağı,9
30472,Altındağ,4
30163,Altındağ Atatürk Kültür Merkezi STK Yerleşke,5
30164,Altındağ Atatürk Kültür Merkezi STK Yerleşke,5
30030,Altındağ Belediyesi,7
30031,Altındağ Belediyesi,7
30477,Altındağ İlkokulu,4
40267,Altınevler,2
40268,Altınevler,2
50798,Altınevler,1
50799,Altınevler,1
24014,Altınkent,2
24015,Altınkent,1
50981,Altınköy Sitesi,1
50982,Altınköy Sitesi,1
50979,Altınköy yolu,1
50980,Altınköy yolu,1
10753,Altınordu Tesisleri,1
10754,Altınordu Tesisleri,1
50875,Altınova Sitesi,1
50876,Altınova Sitesi,1
10248,Altıntaş,14
10251,Altıntaş,16
12173,Altıntaş,1
16201,Altıntepe Cami,1
16202,Altıntepe Cami,1
31052,Altıntepe Cami,1
31053,Altıntepe Cami,1
16221,Altıntepe Nefes,1
16222,Altıntepe Nefes,1
16197,Altıntepe Sera,1
16198,Altıntepe Sera,1
16225,Altıntepe Tarım,1
16226,Altıntepe Tarım,1
16223,Altıntepe Çiftçi,1
16224,Altıntepe Çiftçi,1
16199,Altıntepe İlkokulu,1
16200,Altıntepe İlkokulu,1
11889,Altınyağ,12
11890,Altınyağ,12
23994,Alıç,1
23995,Alıç,1
24421,Alışveriş Merkezi,2
24422,Alışveriş Merkezi,2
31839,Alışveriş Merkezi,2
31840,Alışveriş Merkezi,2
51591,Ambarseki,2
51592,Ambarseki,2
51593,Ambarseki  Filiz,2
51594,Ambarseki  Filiz,2
11266,Amber,12
11267,Amber,12
10274,Amerikan Koleji,2
10275,Amerikan Koleji,3
21147,Ana Jet Üssü,2
21148,Ana Jet Üssü,2
12818,Ana Sağlığı,4
12819,Ana Sağlığı,4
40495,Ana Sağlığı,3
40496,Ana Sağlığı,3
20501,Anadolu Cami,4
20502,Anadolu Cami,4
21699,Anadolu Lisesi,3
21702,Anadolu Lisesi,3
24073,Anafartalar,1
24294,Anafartalar,1
11480,Anaokulu,3
11481,Anaokulu,3
13922,Anemon,1
13923,Anemon,1
32151,Ankara Caddesi,5
32152,Ankara Caddesi,5
31744,Ansızca Cami,1
31745,Ansızca Cami,1
31742,Ansızca Giriş,1
31743,Ansızca Giriş,1
31747,Ansızca Son Durak,1
11094,Antik,1
11103,Antik,1
23748,Anıt,1
23749,Anıt,1
30745,Anıt,2
30746,Anıt,2
50081,Anıt,11
50084,Anıt,11
22545,Anıt Park,3
22546,Anıt Park,3
24304,Apan Çeşme,2
24305,Apan Çeşme,2
12832,Apdi İpekci Mahalle Muhtarlık,1
11088,Ar Konutları,4
11095,Ar Konutları,4
12066,Arap Cami,13
12429,Arap Deresi,5
12430,Arap Deresi,5
16812,Arap Mahallesi,1
16813,Arap Mahallesi,1
23764,Arap Seyit Parkı,1
30808,Arap Çeşmesi,1
30809,Arap Çeşmesi,1
13657,Ardıç,1
13658,Ardıç,1
31354,Ardıç,1
31355,Ardıç,1
41343,Ardıç,2
41344,Ardıç,2
51857,Ardıç,2
51858,Ardıç,2
15135,Arkacılar,3
15136,Arkacılar,3
15137,Arkacılar Bulut,3
15138,Arkacılar Bulut,3
51629,Arko Sitesi,1
51630,Arko Sitesi,1
51008,Armola,2
51009,Armola,2
16203,Armutlu 1 Küme,1
16204,Armutlu 1 Küme,1
32499,Armutlu Hürriyet,1
32199,Armutlu Mera,1
32200,Armutlu Mera,1
30802,Armutlu Merkez,2
30803,Armutlu Merkez,2
30800,Armutlu Mezarlık,2
30801,Armutlu Mezarlık,2
30804,Armutlu Ortaokulu,2
30805,Armutlu Ortaokulu,2
30862,Armutlu Park,2
32281,Armutlu Park,2
30860,Armutlu Sağlık Ocağı,2
30863,Armutlu Sağlık Ocağı,2
32179,Armutlu İnlik,1
32180,Armutlu İnlik,1
30865,Armutlu Şehitlik,1
16741,Armutluk,3
16742,Armutluk,3
21865,Arpa Deresi,1
21866,Arpa Deresi,1
32406,Arslan,4
15542,Arslanlar Trafo,1
15543,Arslanlar Trafo,1
16627,Arslanlar Trafo,1
16628,Arslanlar Trafo,1
16861,Arslanlar Zeytinlik,1
16147,Arslanlar Çıkış,1
16148,Arslanlar Çıkış,1
20291,Arya,1
20292,Arya,1
30059,Arçelik,1
14440,Arı Deresi,1
14441,Arı Deresi,1
11750,Arıkbaşı Akçam,6
11751,Arıkbaşı Akçam,6
11738,Arıkbaşı Kahveler,3
11739,Arıkbaşı Kahveler,3
11746,Arıkbaşı Okul Yolu,3
11749,Arıkbaşı Okul Yolu,3
11743,Arıkbaşı İstasyon,3
11742,Arıkbaşıı İstasyon,3
50293,Arıkent,1
50317,Arıkent,1
15567,Arıtma,2
15568,Arıtma,2
23882,Arıtma Tesisi,1
23883,Arıtma Tesisi,1
32205,Arıtma Tesisi,2
10149,Asansör,1
10172,Asansör,1
12177,Asansör,1
21412,Asarlık Esat Paşa Mahallesi,3
21406,Asarlık Giriş,5
21407,Asarlık Giriş,5
21568,Asarlık Köprü,4
22017,Asarlık Köprü,3
21410,Asarlık Mezarlık,3
21411,Asarlık Mezarlık,4
21666,Asarlık Park,4
21667,Asarlık Park,3
21664,Asarlık Pazar Yeri,4
21665,Asarlık Pazar Yeri,3
23541,Asarlık Polis Merkezi,2
23542,Asarlık Polis Merkezi,1
23686,Asarlık Su,1
21652,Asarlık Toki Evleri,4
21653,Asarlık Toki Evleri,4
21686,Asarlık Toki Evleri Son Durak,2
21684,Asarlık Toki Evleri Tepe,2
21685,Asarlık Toki Evleri Tepe,2
21680,Asarlık Toki Evleri Trafo,2
21681,Asarlık Toki Evleri Trafo,2
21682,Asarlık Toki Evleri Üçyol,2
21683,Asarlık Toki Evleri Üçyol,2
21413,Asarlık İnönü Mahallesi,3
11370,Asfalt,2
11371,Asfalt,2
12666,Asiler,1
12669,Asiler,1
50262,Askeri Birlik,1
50263,Askeri Birlik,1
21348,Askeri Havaalanı,1
10666,Askeri Lojmanlar,10
23683,Aslan,1
23684,Aslan,1
13924,Aslanağazı,1
13925,Aslanağazı,1
13706,Aslanlar,1
13707,Aslanlar,1
15157,Aslanlar  Yol Ayrımı,3
15156,Aslanlar Yol Ayrımı,3
16864,Aslanlar İlkokulu,1
24074,Aslı Garden,1
40548,Asma,1
40549,Asma,1
50165,Asmaaltı,5
23854,Asmadere Koyu,1
23855,Asmadere Koyu,1
23852,Asmaderesi,1
23853,Asmaderesi,1
11442,Asmalı,1
11443,Asmalı,2
12234,Asmalı,6
12235,Asmalı,6
30449,Asmalı,1
30450,Asmalı,1
21385,Astsubay Lojmanları,5
21420,Astsubay Lojmanları,5
50367,Asır,3
50368,Asır,3
51152,At Çiftliği,1
51153,At Çiftliği,1
20093,Ata,12
20094,Ata,12
20733,Ata,2
20734,Ata,2
22620,Ata,2
22621,Ata,2
23654,Ata,1
23655,Ata,1
31289,Ata,15
40215,Ata,3
40216,Ata,3
52035,Ata,3
52036,Ata,3
50202,Ata Durağı,2
50203,Ata Durağı,3
21241,Ata Sanayi Dispanser,0
31425,Ataberk,4
31426,Ataberk,4
20395,Atakent Anadolu Lisesi,14
20396,Atakent Anadolu Lisesi,14
10984,Ataköy Giriş,1
10985,Ataköy Giriş,1
10622,Ataköy Güven,1
10623,Ataköy Güven,1
14130,Ataköy Mezarlık,1
14131,Ataköy Mezarlık,1
10986,Ataköy Mina,1
10987,Ataköy Mina,1
14129,Ataköy Son durak,1
11116,Ataköy Çiftlik,1
11117,Ataköy Çiftlik,1
10988,Ataköy Çıkış,1
10989,Ataköy Çıkış,1
14390,Atalan,1
14391,Atalan,1
11697,Atalan Aile Sağlığı Merkezi,4
11700,Atalan Aile Sağlığı Merkezi,4
11168,Atatürk,1
11169,Atatürk,1
14126,Atatürk,1
14127,Atatürk,1
21057,Atatürk,3
21060,Atatürk,3
20225,Atatürk Bulvarı,1
20226,Atatürk Bulvarı,1
23368,Atatürk Caddesi,2
31582,Atatürk Caddesi,3
31585,Atatürk Caddesi,3
10293,Atatürk Eğtim ve Araştırma Hastanesi Hatay Ek Binası,1
15482,Atatürk Kültür Merkezi,7
50237,Atatürk Mahallesi,1
21031,Atatürk Mahallesi Doğan,5
21029,Atatürk Mahallesi Gezer,5
23533,Atatürk Mahallesi Gezer,5
22090,Atatürk Mahallesi Nergis,4
23422,Atatürk Mahallesi Nergis,4
22077,Atatürk Mahallesi TOKİ İlkokulu,5
22078,Atatürk Mahallesi TOKİ İlkokulu,5
22085,Atatürk Mahallesi Toki Evleri 1,5
22086,Atatürk Mahallesi Toki Evleri 1,5
22087,Atatürk Mahallesi Toki Evleri 2,5
22088,Atatürk Mahallesi Toki Evleri 2,5
21027,Atatürk Mahallesi Zirve,8
21035,Atatürk Mahallesi Zirve,7
16368,Atatürk Ortaokulu,2
16369,Atatürk Ortaokulu,2
23398,Atatürk Parkı,3
40971,Atatürk Spor Lisesi,1
40970,Atatürk Spor Lisesi Giriş,1
40972,Atatürk Spor Lisesi Giriş,1
11878,Atatürk Stadı,9
11805,Atatürk İlkokulu,9
15143,Atatürk İlkokulu,3
15144,Atatürk İlkokulu,3
23392,Atatürk İlkokulu,3
20684,Atatürk İlköğretim Okulu,1
20685,Atatürk İlköğretim Okulu,1
24150,Ataşehir Köprü,9
24151,Ataşehir Köprü,9
24152,Ataşehir Mahallesi Parkı,9
24153,Ataşehir Mahallesi Parkı,9
24482,Atik,1
24483,Atik,1
10567,Atletizm,1
10568,Atletizm,1
40231,Atlı Spor Kulübü,1
40232,Atlı Spor Kulübü,1
32208,Atlı Vadi,1
24141,Atmaca,1
31050,Atmaca,1
31051,Atmaca,1
30337,Atölye,5
30338,Atölye,5
32411,Avcı,3
32412,Avcı,3
40626,Avşar Sitesi,4
40627,Avşar Sitesi,4
31854,Ay,4
31855,Ay,4
30551,Ayakkabıcılar Sitesi,4
30552,Ayakkabıcılar Sitesi,4
32488,Ayakkabıcılar Sitesi Cami,1
32489,Ayakkabıcılar Sitesi Cami,1
30510,Ayakkabıcılar Sitesi Son Durak,2
24346,Ayaskent Aile Sağlık Merkezi,1
24347,Ayaskent Aile Sağlık Merkezi,1
24344,Ayaskent Benzinlik,1
24345,Ayaskent Benzinlik,1
24516,Ayaskent Fırın,1
24514,Ayaskent Meydan,1
24515,Ayaskent Meydan,1
24342,Ayaskent Zeytinyağı Fabrikası,1
24343,Ayaskent Zeytinyağı Fabrikası,1
24340,Ayaskent İlyas Deresi,1
24341,Ayaskent İlyas Deresi,1
24512,Ayaskent İrfan Kırdar İlkokulu,1
24513,Ayaskent İrfan Kırdar İlkokulu,1
40881,Aybers Hikmet Karabacak Anadolu Lisesi,3
10428,Aydibi,3
50167,Aydibi,4
12049,Aydın,2
12050,Aydın,2
12573,Aydın,1
12574,Aydın,1
15925,Aydın,3
15926,Aydın,3
31217,Aydın,4
31218,Aydın,4
40373,Aydın,1
40374,Aydın,1
41326,Aydın,1
41327,Aydın,1
41432,Aydın Erten Parkı,1
41433,Aydın Erten Parkı,1
12733,Aydın Mahallesi,1
12710,Aydın Mahallesi Eski Son Durak,1
12713,Aydın Mahallesi Eski Son Durak,1
12702,Aydın Parkı,1
12703,Aydın Parkı,1
31187,Aydınkent,2
31188,Aydınkent,2
32289,Aydınlar Caddesi,1
32290,Aydınlar Caddesi,1
32305,Aydınlar Köşe,1
32306,Aydınlar Köşe,1
20759,Aydınlıkevler Cami,2
20760,Aydınlıkevler Cami,2
20757,Aydınlıkevler Muhtarlık,2
20758,Aydınlıkevler Muhtarlık,2
20763,Aydınlıkevler Park,2
20764,Aydınlıkevler Park,2
13102,Aydınoğlu Mehmetbey İlkokulu,1
13103,Aydınoğlu Mehmetbey İlkokulu,1
23660,Aygün,1
23661,Aygün,2
50611,Aygün,3
50612,Aygün,3
11172,Aykaş,1
11173,Aykaş,1
13911,Aynısefa,2
13912,Aynısefa,2
16023,Ayrancılar Anadolu Lisesi,1
16024,Ayrancılar Anadolu Lisesi,1
11533,Ayrancılar Barış,1
11534,Ayrancılar Barış,1
10792,Ayrancılar Gölet,4
10793,Ayrancılar Gölet,4
10905,Ayrancılar Hastane,5
10802,Ayrancılar Mezarlık,6
10803,Ayrancılar Mezarlık,6
10808,Ayrancılar Petrol Ofisi,6
10809,Ayrancılar Petrol Ofisi,6
15894,Ayrancılar Sağlık Ocağı,2
14232,Ayrancılar TOKİ,1
14233,Ayrancılar TOKİ,1
15533,Ayrancılar Toki Giriş,1
15534,Ayrancılar Toki Giriş,1
10814,Ayrancılar Un Fabrikası,5
10815,Ayrancılar Un Fabrikası,5
16021,Ayrancılar Yeni TOKİ,1
16022,Ayrancılar Yeni TOKİ,1
11228,Ayrancılar Çıkış,2
11229,Ayrancılar Çıkış,2
11326,Ayrancılar İlkokulu,1
11327,Ayrancılar İlkokulu,1
23569,Ayvacık Girişi,1
23570,Ayvacık Girişi,1
23571,Ayvacık Park,1
23572,Ayvacık Park,1
23575,Ayvacık Çıkış,1
23576,Ayvacık Çıkış,1
16679,Ayvalık Küme Evleri,1
16680,Ayvalık Küme Evleri,1
23510,Ayvatlar Giriş,1
23511,Ayvatlar Giriş,1
24260,Ayvatlar Köy İçi,1
24261,Ayvatlar Köy İçi,1
23508,Ayvatlar Merkez,1
23509,Ayvatlar Merkez,1
20077,Ayyıldız,9
20078,Ayyıldız,8
10780,Ayçiçeği,5
10783,Ayçiçeği,5
13926,Azelya,1
13927,Azelya,1
40646,Azerbaycan,4
40647,Azerbaycan,4
30671,Aziz Erol Güzelcan Mesleki ve Teknik Anadolu Lisesi,4
30672,Aziz Erol Güzelcan Mesleki ve Teknik Anadolu Lisesi,5
24518,Aziziye Atatürk Parkı,1
24519,Aziziye Atatürk Parkı,1
11886,Aziziye Parkı,1
51404,Azmak,1
51405,Azmak,1
51170,Azmak Yol Ayrımı,1
51171,Azmak Yol Ayrımı,1
12999,Açelya,2
13004,Açelya,1
51883,Açelya,1
51884,Açelya,1
52011,Ağalar Deresi,2
52012,Ağalar Deresi,2
16623,Ağaçlı Yol,1
16624,Ağaçlı Yol,1
52256,Ağaçlı Yol,1
52257,Ağaçlı Yol,1
50570,Ağaçlıyol,2
50571,Ağaçlıyol,2
52558,Ağaçlıyol,1
30229,Ağaçlıyol Benzinlik,1
30254,Ağaçlıyol Benzinlik,1
30256,Ağaçlıyol Üstgeçit,1
32243,Ağır Bakım,15
32244,Ağır Bakım,15
52519,Ağız ve Diş Sağlığı Fakültesi,1
52520,Ağız ve Diş Sağlığı Fakültesi,1
51625,Aşağı Boyabağ,1
51626,Aşağı Boyabağ,1
30899,Aşağı Kızılca,1
30900,Aşağı Kızılca,1
30856,Aşağı Kızılca Koruluk,1
30897,Aşağı Kızılca Muhtar,1
30898,Aşağı Kızılca Muhtarlık,1
30858,Aşağı Kızılca Yol Ayrımı,1
30861,Aşağı Kızılca Yol Ayrımı,1
30859,Aşağı Kızılca Çam,1
13064,Aşağı Sancaklı Giriş,1
13065,Aşağı Sancaklı Giriş,1
31681,Aşağı Vişneli,1
31682,Aşağı Vişneli,1
31691,Aşağı Vişneli Son Durak,1
31561,Aşağı Yenmiş Köyü Girişi,2
31578,Aşağı Yenmiş Köyü Girişi,2
21591,Aşağı Çeşme,5
21592,Aşağı Çeşme,5
23614,Aşağıbey,1
23615,Aşağıbey,1
23498,Aşağıbey Camii,1
23499,Aşağıbey Camii,1
23500,Aşağıbey Giriş,1
23501,Aşağıbey Giriş,1
23610,Aşağıbey Köy İçi Yolu,1
23611,Aşağıbey Köy İçi Yolu,1
23612,Aşağıbey Muhtarlık,1
23613,Aşağıbey Muhtarlık,1
23496,Aşağıbey Okul,1
23497,Aşağıbey Okul,1
23494,Aşağıbey Son Durak,1
23495,Aşağıbey Son Durak,1
23480,Aşağıcuma Giriş,1
23481,Aşağıcuma Giriş,1
23621,Aşağıcuma Meydan,1
23624,Aşağıcuma Meydan,1
23482,Aşağıcuma Okul,2
23483,Aşağıcuma Okul,1
24628,Aşağıcuma Taş Ocağı,1
24629,Aşağıcuma Taş Ocağı,1
23765,Aşağıcuma Yolu,1
23766,Aşağıcuma Yolu,1
24440,Aşağıkırıklar Cami,1
24441,Aşağıkırıklar Cami,1
24436,Aşağıkırıklar Fabrika,1
24437,Aşağıkırıklar Fabrika,1
24438,Aşağıkırıklar Giriş,1
24439,Aşağıkırıklar Giriş,1
24434,Aşağıkırıklar Mezarlık Giriş,1
24435,Aşağıkırıklar Mezarlık Giriş,1
24432,Aşağıkırıklar Mezarlık Çıkış,1
24433,Aşağıkırıklar Mezarlık Çıkış,1
24446,Aşağıkırıklar Çiftlik,1
24447,Aşağıkırıklar Çiftlik,1
24444,Aşağıkırıklar Çıkış,1
24445,Aşağıkırıklar Çıkış,1
24442,Aşağıkırıklar İlkokulu,1
24443,Aşağıkırıklar İlkokulu,1
30714,Aşağıkızılca Fabrika,1
30715,Aşağıkızılca Fabrika,1
31860,Aşık Veysel Rekreasyon Alanı,2
31861,Aşık Veysel Rekreasyon Alanı,1
23945,Aşık Veysel Şatıroğlu Parkı,1
23946,Aşık Veysel Şatıroğlu Parkı,1
50109,Aşıklar Çeşmesi,4
30050,BMC,1
30057,BMC,3
30654,BMC 2,2
11178,Badem,1
11181,Badem,1
32222,Badem,2
32223,Badem,2
50955,Badem,1
50956,Badem,1
52563,Badem,1
52564,Badem,1
11144,Badem Ağacı,1
11145,Badem Ağacı,1
52267,Badembükü Yol Ayrımı,1
52268,Badembükü Yol Ayrımı,1
50419,Bademler,5
50420,Bademler,5
50421,Bademler Benzin İstasyonu,5
50422,Bademler Benzin İstasyonu,5
52513,Bademler Bozyer,1
52514,Bademler Bozyer,1
52050,Bademler Dere,2
52051,Bademler Dere,2
50491,Bademler Giriş,2
50492,Bademler Giriş,2
50423,Bademler Gödence,5
50424,Bademler Gödence,5
50417,Bademler Kooperatif,5
50418,Bademler Kooperatif,5
52511,Bademler Küçükevler,1
52512,Bademler Küçükevler,1
50495,Bademler Ortaokulu,1
50496,Bademler Ortaokulu,1
51148,Bademler Park,1
51149,Bademler Park,1
52126,Bademler Tarla,1
52127,Bademler Tarla,1
51150,Bademler Çıkış,1
51151,Bademler Çıkış,1
52628,Bademler Üçyol,1
12600,Bademlik,5
12603,Bademlik,5
14987,Bahar,3
14988,Bahar,3
22067,Bahar,1
22068,Bahar,1
41098,Bahar,1
41099,Bahar,1
15795,Bahar Yeli,1
15796,Bahar Yeli,1
12629,Bahar Yıldırım İlkokulu,3
12630,Bahar Yıldırım İlkokulu,3
23718,Bahri Yün Cami,1
10005,Bahribaba,1
10007,Bahribaba,2
10008,Bahribaba,1
10009,Bahribaba,1
10010,Bahribaba,1
10011,Bahribaba,1
10012,Bahribaba,1
10013,Bahribaba,1
10014,Bahribaba,1
10015,Bahribaba,1
10016,Bahribaba,6
10019,Bahribaba,3
10021,Bahribaba,2
10022,Bahribaba,1
20232,Bahriye Üçok,1
20233,Bahriye Üçok,1
20238,Bahriye Üçok,1
12511,Bahriye Üçok Mahallesi Köprü,2
15836,Bahriye Üçok Mahallesi Köprü,2
12458,Bahçe,4
12459,Bahçe,4
15133,Bahçe,3
15134,Bahçe,3
16035,Bahçe,1
16036,Bahçe,1
20429,Bahçe,3
20430,Bahçe,3
21775,Bahçe,1
21776,Bahçe,1
31976,Bahçe,1
31977,Bahçe,1
41370,Bahçe,1
41371,Bahçe,1
51470,Bahçe,2
51471,Bahçe,2
52537,Bahçe,1
52538,Bahçe,1
51240,Bahçe Arası,1
51241,Bahçe Arası,1
11057,Bahçecik,4
11096,Bahçecik,4
13590,Bahçecik,1
13591,Bahçecik,1
32010,Bahçeiçi,1
32011,Bahçeiçi,1
51337,Bahçeköy,1
51352,Bahçeköy,1
11224,Bahçeler,2
11225,Bahçeler,2
32370,Bahçeler,2
32371,Bahçeler,2
52543,Bahçelerarası,1
52544,Bahçelerarası,1
52545,Bahçelerarası Merkez,1
52546,Bahçelerarası Merkez,1
52547,Bahçelerarası Muhtarlık,1
52548,Bahçelerarası Muhtarlık,1
11306,Bahçeli,1
11309,Bahçeli,1
10812,Bahçelievler,6
10813,Bahçelievler,4
12258,Bahçelievler,1
12259,Bahçelievler,9
24083,Bahçelievler Park,1
31841,Bahçeşehir Koleji,2
31842,Bahçeşehir Koleji,2
20499,Bakkal,4
50113,Bakkal,4
50118,Bakkal,4
51063,Bakkal,1
51064,Bakkal,1
50274,Bakü Parkı,1
50275,Bakü Parkı,1
21398,Bakım Merkezi,6
24066,Bakırçay,1
24129,Bakırçay,1
23769,Bakırçay  YDY,2
21594,Bakırçay  Üniversitesi,2
24069,Bakırçay Lisesi,0
24126,Bakırçay Lisesi,2
21593,Bakırçay Üniversitesi,6
20095,Balatçık Kahveler,13
20096,Balatçık Kahveler,19
50029,Balcı,16
50030,Balcı,18
13745,Balcılar Son Durak,1
11376,Balkan,2
11377,Balkan,2
41335,Balkan,3
11920,Ballıkuyu,2
11903,Ballıkuyu Eski Son Durak,2
11904,Ballıkuyu Eski Son Durak,1
11901,Ballıkuyu Çeşme,2
11902,Ballıkuyu Çeşme,1
31584,Baltaalanı,3
31587,Baltaalanı,3
50149,Balçova Anadolu Lisesi,5
50153,Balçova Belediyesi,5
52579,Balçova Fırın,1
50163,Balçova Mezarlık,1
50176,Balçova Son Durak,4
50010,Balçova İstasyon,20
50011,Balçova İstasyon,21
50147,Balçova İstasyon,5
40992,Balık Hali Son Durak,1
50686,Balıklıova,3
50687,Balıklıova,3
50698,Balıklıova,1
52186,Balıklıova Depo,1
52187,Balıklıova Depo,1
50728,Balıklıova Gökkuşağı,1
50729,Balıklıova Gökkuşağı,1
50694,Balıklıova Merkez,3
50697,Balıklıova Merkez,3
52182,Balıklıova Ortaokulu,1
52183,Balıklıova Ortaokulu,1
52184,Balıklıova Yolu,2
52185,Balıklıova Yolu,2
50706,Balıklıova İ.Ö.O,1
50707,Balıklıova İ.Ö.O,1
50656,Balıkçı,3
50657,Balıkçı,3
52254,Balıkçı,1
52255,Balıkçı,1
50830,Balıkçı Barınağı,1
50831,Balıkçı Barınağı,1
50069,Balıkçı Kahvesi,11
50072,Balıkçı Kahvesi,11
51573,Balıkçı Kulesi,2
51574,Balıkçı Kulesi,2
21208,Banka,1
24031,Banka,4
50369,Bankacılar Sitesi,3
21200,Bankalar,1
21215,Bankalar,1
11109,Baraj,1
11114,Baraj,1
13640,Baraj Yolu,2
13641,Baraj Yolu,2
51875,Baraj Yolu,1
51876,Baraj Yolu,1
10781,Barbaros,2
10782,Barbaros,2
23625,Barbaros,4
24062,Barbaros,1
24063,Barbaros,1
31399,Barbaros Cami,1
31400,Barbaros Cami,1
11937,Barbaros Hayrettin İlkokulu,3
11938,Barbaros Hayrettin İlkokulu,3
52596,Barbaros Son Durak,1
52170,Barbaros Tarla,1
52171,Barbaros Tarla,1
51747,Barbaros Yol ayrımı,3
51748,Barbaros Yol ayrımı,3
50568,Bardakçı,2
50569,Bardakçı,2
11438,Bardakçılar,3
11439,Bardakçılar,3
16673,Barutçu Yol Ayrımı,1
16674,Barutçu Yol Ayrımı,1
12652,Barış,1
12653,Barış,1
20609,Barış,2
20610,Barış,2
21887,Barış,2
21888,Barış,2
31338,Barış,1
31339,Barış,1
40241,Barış,2
40242,Barış,2
41013,Barış,1
41014,Barış,1
50140,Barış,5
41235,Barış Manço,3
41236,Barış Manço,3
24024,Barış Merdivenleri,3
24025,Barış Merdivenleri,4
50506,Barış Selçuk Parkı,6
50507,Barış Selçuk Parkı,6
11484,Barış Sitesi,3
11485,Barış Sitesi,3
50483,Barış Sitesi,1
50484,Barış Sitesi,1
23703,Barışkent,1
12379,Basket Sahası,1
40570,Basket Sahası,1
40571,Basket Sahası,1
50755,Basket Sahası,1
50756,Basket Sahası,1
24254,Basketbol Sahası,4
24255,Basketbol Sahası,4
52354,Basketbol Sahası,1
52355,Basketbol Sahası,1
10356,Basmane Gar,13
10357,Basmane Gar,13
10123,Basmane Ptt,7
10449,Basın,1
12277,Basın Sitesi,6
12278,Basın Sitesi,6
24002,Bayatlı,3
24003,Bayatlı,2
24008,Bayatlı Çıkış,3
24009,Bayatlı Çıkış,2
50073,Baydar,11
50074,Baydar,11
12969,Bayrak,3
12970,Bayrak,3
22054,Bayrak,3
22055,Bayrak,3
24020,Bayrak,3
24021,Bayrak,2
30283,Bayraklı Depo,14
30284,Bayraklı Depo,14
22139,Bayraklı Evleri,2
23304,Bayraklı Evleri,2
31035,Bayraklı Lisesi,1
31036,Bayraklı Lisesi,1
20056,Bayraklı Park,12
31013,Bayraklı Siteler,3
31014,Bayraklı Siteler,3
20055,Bayraklı Çamlık,18
20058,Bayraklı Çamlık,12
30970,Bayraklı Çocuk Parkı,5
30971,Bayraklı Çocuk Parkı,6
20134,Bayraklı Üst Geçit,18
20135,Bayraklı Üst Geçit,12
20053,Bayraklı İstasyon,12
20054,Bayraklı İstasyon,13
10907,Bayraktar,6
10908,Bayraktar,6
21096,Bayraktar Sitesi,5
21097,Bayraktar Sitesi,5
14657,Bayraktepe,3
14658,Bayraktepe,3
12213,Bayram Kahya,6
12214,Bayram Kahya,6
10246,Bayramyeri,14
10247,Bayramyeri,16
11809,Bayındır,10
16706,Bayındır Anadolu Lisesi,1
16707,Bayındır Anadolu Lisesi,1
11807,Bayındır Devlet Hastanesi,10
11800,Bayındır Fatih İlkokulu,7
11801,Bayındır Fatih İlkokulu,7
15931,Bayındır Giriş,2
15932,Bayındır Giriş,2
15641,Bayındır Gül,7
15642,Bayındır Gül,7
11803,Bayındır Jandarma,9
14645,Bayındır Leylak,3
14646,Bayındır Leylak,3
14631,Bayındır Meslek Yüksek Okulu,4
14632,Bayındır Meslek Yüksek Okulu,4
14643,Bayındır Meşe,3
14644,Bayındır Meşe,3
11798,Bayındır Sadık Susamcıoğlu Anadolu Lisesi,7
11799,Bayındır Sadık Susamcıoğlu Anadolu Lisesi,7
13998,Bayındır Sanayi,2
13999,Bayındır Sanayi,2
13995,Bayındır Son Durak,10
15154,Bayındır Tariş,2
15155,Bayındır Tariş,2
14629,Bayındır Yağcı,4
15571,Bayındır Yağcı,4
15639,Bayındır Zeytin,7
15640,Bayındır Zeytin,7
11780,Bayındır Çınar,7
11781,Bayındır Çınar,7
11736,Bayındır Çırpı İlkokulu,3
11737,Bayındır Çırpı İlkokulu,3
16003,Bayır,9
16004,Bayır,9
16277,Bayır,1
16278,Bayır,1
16356,Bayır,1
16357,Bayır,1
20934,Bayır,3
20935,Bayır,3
24138,Bayır,0
24034,Bazilika,3
24035,Bazilika,3
40930,Bağ Arası,3
40931,Bağ Arası,3
51863,Bağ Bozumu,1
51864,Bağ Bozumu,1
21855,Bağarası Atatürk Parkı,2
21856,Bağarası Atatürk Parkı,2
24392,Bağarası Atölye,2
24393,Bağarası Atölye,2
21843,Bağarası Buz,2
21844,Bağarası Buz,2
21841,Bağarası Giriş,2
21842,Bağarası Giriş,2
21845,Bağarası Küçük Sanayi,2
21846,Bağarası Küçük Sanayi,2
21849,Bağarası Mavi,2
21850,Bağarası Mavi,2
24622,Bağarası Çarşı,2
24623,Bağarası Çarşı,2
21853,Bağarası İlkokulu,2
21854,Bağarası İlköğretim Okulu,2
23567,Bağcılar Köprü,1
23568,Bağcılar Köprü,1
23565,Bağcılar Meydan,1
23566,Bağcılar Meydan,1
23563,Bağcılar Tepe,1
23564,Bağcılar Tepe,1
23561,Bağcılar Çeşme,1
23562,Bağcılar Çeşme,1
24237,Bağcılar Çeşme,1
30834,Bağyurdu Cami,1
30835,Bağyurdu Cami,1
30836,Bağyurdu Son Durak,1
30837,Bağyurdu Son Durak,1
30828,Bağyurdu Spor Tesisleri,1
30829,Bağyurdu Spor Tesisleri,1
30832,Bağyurdu Üçyol,1
30833,Bağyurdu Üçyol,1
16342,Başak,1
23673,Başak,1
23674,Başak,1
31858,Başak,3
31859,Başak,3
50190,Başak,2
50207,Başak,4
14216,Başakkent Sitesi,1
14217,Başakkent Sitesi,1
31123,Başaran,3
31124,Başaran,3
41040,Başpınar,1
41041,Başpınar,1
12708,Begonvil,1
12711,Begonvil,1
11072,Begonya,6
11077,Begonya,6
31519,Begonya,2
31520,Begonya,2
50117,Begonya,4
50120,Begonya,4
52078,Begonya,1
52079,Begonya,1
40071,Begos,11
40088,Begos,11
40395,Begovilya,1
40396,Begovilya,1
20703,Behçet Uz Anadolu Lisesi,1
20704,Behçet Uz Anadolu Lisesi,1
30052,Beko,1
21752,Belediye,1
21753,Belediye,1
50355,Belediye,3
50356,Belediye,3
50473,Belediye,4
41301,Belediye Ek Hizmet Binası,2
41302,Belediye Ek Hizmet Binası,2
31418,Belediye Evleri,2
31419,Belediye Evleri,2
10103,Belediye Sarayı,17
22470,Belen Eski Okul,1
22471,Belen Eski Okul,1
24269,Belen Kümeevler,2
24270,Belen Kümeevler,2
22372,Belen Meydan,3
22373,Belen Meydan,3
23263,Belen Yayla,2
23264,Belen Yayla,2
41055,Belenbaşı,1
41057,Belenbaşı Meydan,1
41052,Belenbaşı Ortaokulu,1
41060,Belenbaşı Yol Ayrımı,1
41061,Belenbaşı Yol Ayrımı,1
10940,Belevi,3
16119,Belevi,3
15503,Belevi Depolar,2
15504,Belevi Depolar,2
16075,Belevi Karayolları Şantiye,1
16076,Belevi Karayolları Şantiye,1
10897,Belevi Kavşak,2
10902,Belevi Kavşak,2
16176,Belevi Meydan,3
16177,Belevi Meydan,3
15497,Belevi Çiftlik,1
15498,Belevi Çiftlik,1
15499,Belevi İstasyon,1
15500,Belevi İstasyon,2
16087,Belevi İstasyon,1
30348,Belkahve Çay Bahçesi,3
30351,Belkahve Çay Bahçesi,3
13928,Benefşe,1
13929,Benefşe,1
23821,Benzin İstasyonu,1
23822,Benzin İstasyonu,1
50386,Benzin İstasyonu,6
50387,Benzin İstasyonu,6
11784,Benzinlik,6
11785,Benzinlik,6
15764,Benzinlik,1
15765,Benzinlik,1
15953,Benzinlik,3
15954,Benzinlik,3
16396,Benzinlik,7
16397,Benzinlik,6
16420,Benzinlik,3
16421,Benzinlik,3
21142,Benzinlik,1
30108,Benzinlik,6
30776,Benzinlik,1
30777,Benzinlik,1
30826,Benzinlik,1
30827,Benzinlik,1
32149,Benzinlik,5
50627,Benzinlik,9
12583,Berber,1
12584,Berber,1
23009,Bergama Begonya,6
23012,Bergama Begonya,5
23129,Bergama Hastane,4
23130,Bergama Hastane,4
23355,Bergama Höyük,8
23356,Bergama Höyük,8
23800,Bergama Kantar,5
23801,Bergama Kantar,6
23295,Bergama Meslek Yüksek Okulu,11
23296,Bergama Meslek Yüksek Okulu,10
24594,Bergama OSB Son Durak,1
22989,Bergama Park,8
22992,Bergama Park,8
23132,Bergama Saklıbahçe,2
23011,Bergama Salkım,6
23014,Bergama Salkım,5
23127,Bergama Sanayi,8
23128,Bergama Sanayi,6
23007,Bergama Sardunya,5
23010,Bergama Sardunya,5
23016,Bergama Son Durak,10
22998,Bergama Termal,8
23003,Bergama Tuna,5
23006,Bergama Tuna,5
23289,Bergama Zeytinlik,9
23290,Bergama Zeytinlik,7
40978,Besiciler,1
40979,Besiciler,1
31573,Beta Tarım,1
31574,Beta Tarım,1
15854,Beton Fabrikası,1
15716,Beton Santrali,5
15717,Beton Santrali,5
40412,Betonyol,4
40413,Betonyol,4
40449,Betonyol,2
41436,Betonyol 2,1
50008,Beyaz,24
50289,Beyaz Durak,1
50290,Beyaz Durak,1
13431,Beyaz Ev,1
13432,Beyaz Ev,1
21660,Beyaz Ev,3
21661,Beyaz Ev,3
21735,Beyaz Çeşme,1
21736,Beyaz Çeşme,1
16829,Beyazevler,1
16830,Beyazevler,1
16827,Beyazevler Köprü,1
16828,Beyazevler Köprü,1
10597,Beyazevler Sağlık Ocağı,5
10598,Beyazevler Sağlık Ocağı,5
15941,Beyazıt,1
15942,Beyazıt,1
15471,Beydağ Denizli Yolu,2
15472,Beydağ Denizli Yolu,2
14922,Beydağ Değirmen,3
15001,Beydağ Değirmen,3
14995,Beydağ Giriş,3
14996,Beydağ Giriş,3
16518,Beydağ Hastane,1
16519,Beydağ Hastane,1
15002,Beydağ Hükümet Konağı,1
15470,Beydağ Hükümet Konağı,1
14999,Beydağ Köşe,3
15000,Beydağ Köşe,3
15473,Beydağ Stadı,2
15935,Beydağ Terminal,1
14997,Beydağ Yağmur,3
14998,Beydağ Yağmur,3
15977,Beydağ Yol Ayrımı,4
15978,Beydağ Yol Ayrımı,4
23711,Beyköy Küme Evleri,1
23712,Beyköy Küme Evleri,1
32317,Beyler,1
32318,Beyler,1
13608,Beyler Köyü Yol Ayrımı,1
13609,Beyler Köyü Yol Ayrımı,1
51357,Beyler Son Durak,1
51298,Beyler Yol ayrımı,1
51299,Beyler Yol ayrımı,1
51332,Beyler Üç Yol,1
51333,Beyler Üç Yol,1
51336,Beyler İlkokulu,1
51353,Beyler İlkokulu,1
51977,Beylik Bağı,2
51978,Beylik Bağı,2
24277,Beytullah Cami,1
24278,Beytullah Cami,1
30637,Bezirgan,3
30638,Bezirgan,3
22402,Beş Kardeşler,3
22403,Beş Kardeşler,4
40085,Beş Selviler,12
40092,Beş Selviler,12
15476,Beşevler,1
15477,Beşevler,1
30783,Beşevler,1
30784,Beşevler,1
10838,Beşevler Çeşme,6
10839,Beşevler Çeşme,6
14927,Beşgöz,9
14928,Beşgöz,9
20191,Beşikçioğlu Cami,18
20196,Beşikçioğlu Cami,18
30056,Beşinci Sanayi,2
30061,Beşinci Sanayi,2
30082,Beşinci Sanayi Giriş,2
30083,Beşinci Sanayi Giriş,2
30690,Beşinci Sanayi Sitesi,5
31517,Beşpınar Meydan,1
12137,Beştepeler Lisesi,1
12138,Beştepeler Lisesi,1
10828,Beşyol,6
10829,Beşyol,6
12153,Beşyol,1
12154,Beşyol,1
31356,Beşyol,1
31357,Beşyol,1
50206,Beşyol,3
50215,Beşyol,3
32460,Beşyol Giriş,1
32461,Beşyol Giriş,1
32005,Beşyol son durak,1
13930,Biberiye,1
13931,Biberiye,1
51042,Bilge Ağaç,1
51043,Bilge Ağaç,1
51052,Bilimkent,1
51053,Bilimkent,1
16863,Binbaşı Reşatbey Mahallesi,1
52116,Birgi,1
52117,Birgi,1
52648,Birgi Bahçe,1
52649,Birgi Bahçe,1
52220,Birgi Cami,1
52221,Birgi Cami,1
52122,Birgi Dörtyol,1
52123,Birgi Dörtyol,1
52124,Birgi Kocagöl,1
52125,Birgi Kocagöl,1
52640,Birgi Yolu,1
52641,Birgi Yolu,1
52129,Birgi Çiftlik,1
52130,Birgi Çiftlik,1
12942,Birinci Nizamiye,5
11893,Birinci Sanayi Sitesi,3
11894,Birinci Sanayi Sitesi,3
30127,Birinci Sanayi Sitesi,7
30128,Birinci Sanayi Sitesi,7
12510,Birinci Trafo,2
12513,Birinci Trafo,2
31066,Birkent,4
31067,Birkent,4
31072,Birkent 2,4
32480,Birkent 2,4
20415,Birlik,1
20416,Birlik,1
30225,Birlik,4
30226,Birlik,4
31495,Birlik,2
30210,Birlik Cami,3
31199,Birlik Sitesi,1
31200,Birlik Sitesi,1
40623,Birlikcan,4
40624,Birlikcan,4
13037,Birsan,1
13038,Birsan,1
12979,Bisikletçi,2
12980,Bisikletçi,3
22244,Biçerova İstasyon,3
12083,Bloklar,1
12084,Bloklar,1
40339,Bloklar,1
40340,Bloklar,1
40497,Bloklar,3
40498,Bloklar,3
10709,Boncuk,1
10710,Boncuk,1
21227,Bora,0
51342,Borlu,1
51347,Borlu,1
30557,Bornova Anadolu Lisesi,3
30558,Bornova Anadolu Lisesi,3
30705,Bornova Doğanlar Stadyum,2
30706,Bornova Doğanlar Stadyum,2
31476,Bornova Kooperatif,6
31477,Bornova Kooperatif,6
30323,Bornova Kültür Merkezi,10
30324,Bornova Kültür Merkezi,9
30001,Bornova Metro,1
30002,Bornova Metro,1
30003,Bornova Metro,1
30004,Bornova Metro,2
30005,Bornova Metro,1
30006,Bornova Metro,0
30007,Bornova Metro,0
30008,Bornova Metro,0
30009,Bornova Metro,0
30010,Bornova Metro,1
30011,Bornova Metro,1
30012,Bornova Metro,0
30013,Bornova Metro,1
30014,Bornova Metro,2
30015,Bornova Metro,3
30016,Bornova Metro,0
30017,Bornova Metro,2
31862,Bornova Stadyum,1
31863,Bornova Stadyum,1
30321,Bornova Stadı,10
30322,Bornova Stadı,9
31481,Bornova Tenis Kulübü,6
31482,Bornova Tenis Kulübü,6
31867,Bornova Viyadüğü,2
30325,Bornova İzsu,10
30326,Bornova İzsu,9
10126,Borsa,7
31139,Borsa Okulu Eski Sondurak,3
31140,Borsa Okulu Eski Sondurak,3
20197,Bostanlı Market,18
20198,Bostanlı Market,18
20189,Bostanlı Pazaryeri,18
20194,Bostanlı Pazaryeri,18
20020,Bostanlı İskele,1
20021,Bostanlı İskele,2
20022,Bostanlı İskele,3
20023,Bostanlı İskele,2
20024,Bostanlı İskele,2
20025,Bostanlı İskele,2
20026,Bostanlı İskele,3
20027,Bostanlı İskele,1
20028,Bostanlı İskele,1
20029,Bostanlı İskele,1
20030,Bostanlı İskele,1
20031,Bostanlı İskele,1
20032,Bostanlı İskele,0
20033,Bostanlı İskele,2
20172,Bostanlı İskele,3
23685,Bostanlı İskele,3
16542,Botanik,3
16543,Botanik,3
15752,Boynuyoğun Dörtyol,1
15753,Boynuyoğun Dörtyol,1
15754,Boynuyoğun Pazaryeri,1
15755,Boynuyoğun Pazaryeri,1
15747,Boynuyoğun Yağ Fabrikası,1
15748,Boynuyoğun Yağ Fabrikası,1
22350,Bozalan Düğün Salonu,1
22351,Bozalan Düğün Salonu,1
22348,Bozalan Giriş,1
22349,Bozalan Giriş,1
22346,Bozalan Keçi Çiftliği,1
22347,Bozalan Keçi Çiftliği,1
23972,Bozalan Kümeevler,1
23973,Bozalan Kümeevler,1
22353,Bozalan Meydan,1
13822,Bozköy,1
13823,Bozköy,1
23403,Bozköy,3
23404,Bozköy,3
13814,Bozköy Bahçe,1
13815,Bozköy Bahçe,1
13810,Bozköy Gelincik,1
13811,Bozköy Gelincik,1
15595,Bozköy Köşe,1
15596,Bozköy Köşe,1
13812,Bozköy Nar,1
13813,Bozköy Nar,1
13816,Bozköy Yukarı Mahalle,1
13817,Bozköy Yukarı Mahalle,1
23823,Bozköy-Ş.Kemal Üstgçt,1
23824,Bozköy-Ş.Kemal Üstgçt,1
12382,Bozyaka,1
12399,Bozyaka,1
12207,Bozyaka Cami,7
12208,Bozyaka Cami,7
12255,Bozyaka Devlet Hastanesi,6
12256,Bozyaka Devlet Hastanesi,6
51160,Bozyer,1
51161,Bozyer,1
12460,Briketçi,5
12461,Briketçi,5
50088,Briketçi,10
40271,Buca Anadolu Lisesi,3
40272,Buca Anadolu Lisesi,3
40015,Buca Belediye Sarayı,17
40016,Buca Belediye Sarayı,17
40087,Buca Belediye Şantiye,7
40094,Buca Belediye Şantiye,5
40037,Buca Devlet Hastanesi,11
40038,Buca Devlet Hastanesi,7
40040,Buca Devlet Hastanesi,4
40733,Buca Devlet Hastanesi,7
40734,Buca Devlet Hastanesi,7
40077,Buca Diyaliz Merkezi,4
40759,Buca Doğum Evi,2
40760,Buca Doğum Evi,2
40067,Buca Eski Mezarlık,7
40080,Buca Eski Mezarlık,5
41261,Buca Gazi Ortaokulu,1
41262,Buca Gazi Ortaokulu,1
40025,Buca Heykel,12
40162,Buca Hipodrom,1
40163,Buca Hipodrom,1
40237,Buca Kaymakamlık,1
40238,Buca Kaymakamlık,1
40851,Buca Kooperatif Meydan,4
40852,Buca Kooperatif Meydan,4
11859,Buca Köprüsü,2
11860,Buca Köprüsü,2
40469,Buca Menderes Mahallesi Muhtarlığı,1
40470,Buca Menderes Mahallesi Muhtarlığı,1
40319,Buca Moda Konutları,1
40320,Buca Moda Konutları,1
41374,Buca Oyak  2.Etap,1
41375,Buca Oyak 2.Etap,1
41305,Buca Oyak Sitesi,2
41307,Buca Oyak Sitesi,2
41360,Buca Oyak Sitesi,1
40737,Buca Sağlık Ocağı,17
40738,Buca Sağlık Ocağı,17
40999,Buca Sebze ve Meyve Hali,1
41000,Buca Sebze ve Meyve Hali,1
40022,Buca Sosyal Güvenlik Kurumu,11
40024,Buca Sosyal Güvenlik Kurumu,2
40518,Buca Spor Salonu,1
40519,Buca Spor Salonu,1
11873,Buca Su Kemeri,1
40508,Buca Tenis Kulübü,3
40509,Buca Tenis Kulübü,3
41311,Buca Toki Girişi,6
41312,Buca Toki Girişi,6
40524,Buca Tütün İhracatçıları Birliği İlkokulu,2
41401,Buca Tütün İhracatçıları Birliği İlkokulu,2
40013,Buca Vergi Dairesi,17
40014,Buca Vergi Dairesi,17
40063,Buca Yeni Cami,1
40064,Buca Yeni Cami,1
40982,Buca spor tesisleri,1
40983,Buca spor tesisleri,1
40739,Buca Üçkuyular Meydan,15
40740,Buca Üçkuyular Meydan,1
40742,Buca Üçkuyular Meydan,12
40744,Buca Üçkuyular Meydan,2
40644,Buca İlçe Halk Kütüphanesi,6
40645,Buca İlçe Halk Kütüphanesi,6
41127,Bucalılar,1
41128,Bucalılar,1
14444,Bulanık Su,1
14445,Bulanık Su,1
51258,Bulgun,1
11338,Bulgurca Yolu,1
11339,Bulgurca Yolu,1
22281,Bulut,1
22282,Bulut,1
30165,Bulvar,5
30166,Bulvar,5
30179,Burak Reis,3
52336,Burcu Sitesi,1
52337,Burcu Sitesi,1
22839,Burmalı Çeşme,1
22840,Burmalı Çeşme,2
14639,Buruncuk,4
14640,Buruncuk,4
24634,Buruncuk,1
24635,Buruncuk,1
15152,Buruncuk Kirazlar,4
15153,Buruncuk Kirazlar,4
22005,Buruncuk Son Durak,1
23831,Buruncuk İ.Ö,2
23832,Buruncuk İ.Ö,1
32472,Buz Pisti,1
16413,Buğday,1
16414,Buğday,1
24364,Bölcek,0
24365,Bölcek,0
24360,Bölcek Giriş,1
24361,Bölcek Giriş,1
24528,Bölcek Kanarya,1
24529,Bölcek Kanarya,1
24522,Bölcek Meydan,1
24523,Bölcek Meydan,1
24362,Bölcek Mezarlığı,0
24363,Bölcek Mezarlığı,0
24520,Bölcek Ortaokulu,1
24521,Bölcek Ortaokulu,1
24526,Bölcek Parkı,1
24527,Bölcek Parkı,1
24524,Bölcek Tarım,1
24525,Bölcek Tarım,1
24530,Bölcek Zeyrinlik,1
24531,Bölcek Zeytinlik,1
24366,Bölcek Çıkış,1
24367,Bölcek Çıkış,1
30245,Bölge Metro İstasyonu,1
30270,Bölge Metro İstasyonu,1
24486,Bölge Müdürlüğü,1
24487,Bölge Müdürlüğü,1
10875,Bölge Trafik,6
10880,Bölge Trafik,6
30335,Bölge Trafik,5
30336,Bölge Trafik,5
30137,Bölge İdare Mahkemesi,16
30138,Bölge İdare Mahkemesi,9
32150,Bölge İstasyonu,5
32153,Bölge İstasyonu,2
31245,Bülbül,4
31246,Bülbül,4
14404,Bülbüldere Son Durak,1
11708,Bülbüldere Yol Ayrımı,3
11709,Bülbüldere Yol Ayrımı,3
14400,Bülbüldere Çıkış,1
14401,Bülbüldere Çıkış,1
22835,Bülent Ecevit Meydanı,1
22836,Bülent Ecevit Meydanı,2
51038,Büyük Akkum,1
51039,Büyük Akkum,1
31276,Büyük Park,4
20977,Büyük Çiğli Anadolu Lisesi,6
20978,Büyük Çiğli Anadolu Lisesi,6
21122,Büyük Çiğli Mezarlık,10
21123,Büyük Çiğli Mezarlık,10
14937,Büyükavulcuk,9
14938,Büyükavulcuk,9
16103,Büyükkale Bahçe,1
16104,Büyükkale Bahçe,1
16109,Büyükkale Cami,1
16110,Büyükkale Cami,1
16065,Büyükkale Giriş,1
16066,Büyükkale Giriş,1
16107,Büyükkale Meydan,1
16108,Büyükkale Meydan,1
16105,Büyükkale Sağlık Merkezi,1
16106,Büyükkale Sağlık Merkezi,1
16101,Büyükkale Villa,1
16102,Büyükkale Villa,1
16115,Büyükkale Zeytinlik,1
16116,Büyükkale Zeytinlik,1
16063,Büyükkale Çıkış,1
16064,Büyükkale Çıkış,1
12877,Büyükşehir Kurs Merkezi,7
12878,Büyükşehir Kurs Merkezi,7
15962,Cahit Sıtkı,1
15963,Cahit Sıtkı,1
40916,Cam Fabrikası,1
40917,Cam Fabrikası,1
20599,Camcı,2
20600,Camcı,2
50071,Camcı,11
50126,Camcı,11
10842,Camel,6
10843,Camel,6
23744,Cami,1
23745,Cami,1
24466,Cami,1
24467,Cami,1
31125,Cami,3
31126,Cami,3
32352,Cami,4
32353,Cami,4
52590,Camikebir Bahçe,1
52591,Camikebir Bahçe,1
23431,Camikebir Caddesi,3
23432,Camikebir Caddesi,3
52452,Camikebir Sitesi,1
52453,Camikebir Sitesi,1
52454,Camikebir Çiftlik,1
52455,Camikebir Çiftlik,1
24191,Can,1
30504,Caner,2
11752,Canlı Kahveler,7
11761,Canlı Kahveler,7
14366,Canlı Merkez,1
14367,Canlı Merkez,1
11753,Canlı Park,7
11760,Canlı Park,7
11764,Canlı Çıkış,8
11765,Canlı Çıkış,8
11788,Canlı Çınar,8
11789,Canlı Çınar,8
21530,Cansu Sitesi,5
21531,Cansu Sitesi,5
21553,Celalettin Akar,1
31487,Cem Bakioğlu Lisesi,2
31488,Cem Bakioğlu Lisesi,2
20547,Cemal Gürsel İlköğretim Okulu,3
15892,Cemal Parkı,1
15893,Cemal Parkı,1
31265,Cemal Reşit Rey,1
31266,Cemal Reşit Rey,1
15860,Cemal Süreya Parkı,1
15863,Cemal Süreya Parkı,1
21824,Cemalettin Asku,2
13748,Cembekler,2
13749,Cembekler,2
50101,Cemevi,5
50104,Cemevi,5
20457,Cemil Atlas İlköğretim Okulu,3
20458,Cemil Atlas İlköğretim Okulu,3
20875,Cemil Meriç Parkı,1
20876,Cemil Meriç Parkı,1
24144,Cemsultan,3
24145,Cemsultan,2
20273,Cengiz Parkı,1
20274,Cengiz Parkı,1
23372,Cengiz Topel,1
23373,Cengiz Topel,1
31082,Cengizhan Son Durak,8
31070,Cengizhan Yetmiş Beşinci Yıl Lisesi,4
31071,Cengizhan Yetmiş Beşinci Yıl Lisesi,4
31614,Cennet Bahçesi Mezarlığı,1
31615,Cennet Bahçesi Mezarlığı,1
12555,Cennetoğlu,1
12810,Cennetçeşme,1
12789,Cennetçeşme Beyazıt Cami,4
12790,Cennetçeşme Beyazıt Cami,5
21532,Centaş,4
21534,Centaş 2 Sitesi,4
21535,Centaş 2 Sitesi,4
21533,Centaş Sitesi,4
12151,Cephanelik,1
12152,Cephanelik,1
12605,Cevdet Güçlüer İlkokulu,5
31538,Cevher,1
31539,Cevher,1
12844,Ceviz,1
16398,Ceviz,1
16399,Ceviz,1
50957,Ceviz,1
50958,Ceviz,1
52565,Ceviz,1
52566,Ceviz,1
41042,Cevizlibağ,1
41043,Cevizlibağ,1
24102,Cezaevi,1
24100,Cezaevi Su Deposu,1
24101,Cezaevi Su Deposu,1
11004,Claros,1
11005,Claros,1
31653,Cumalı Mezarlık,1
31664,Cumalı Mezarlık,1
32198,Cumalı Yolu,1
32181,Cumalı Üçyol,1
32182,Cumalı Üçyol,1
13276,Cumaovası Aktarma Merkezi,4
13277,Cumaovası Aktarma Merkezi,2
13278,Cumaovası Aktarma Merkezi,1
13279,Cumaovası Aktarma Merkezi,1
13280,Cumaovası Aktarma Merkezi,1
13281,Cumaovası Aktarma Merkezi,2
14124,Cumhuriyet,1
14125,Cumhuriyet,1
16512,Cumhuriyet,1
16513,Cumhuriyet,1
20707,Cumhuriyet,1
24333,Cumhuriyet,1
30761,Cumhuriyet,8
30762,Cumhuriyet,8
24038,Cumhuriyet Lisesi,3
24039,Cumhuriyet Lisesi,3
11825,Cumhuriyet Mahallesi  Merkez,2
11826,Cumhuriyet Mahallesi Hastane,2
11827,Cumhuriyet Mahallesi Hastane,2
11824,Cumhuriyet Mahallesi Merkez,2
51435,Cumhuriyet Mahallesi Meydan,1
21353,Cumhuriyet Mahallesi Muhtarlığı,3
21354,Cumhuriyet Mahallesi Muhtarlığı,3
22528,Cumhuriyet Mahallesi Son Durak,1
20678,Cumhuriyet Mahallesi Trafo,4
20679,Cumhuriyet Mahallesi Trafo,3
20680,Cumhuriyet Mahallesi Üçyol,3
20681,Cumhuriyet Mahallesi Üçyol,2
13727,Cumhuriyet Meydanı,1
13730,Cumhuriyet Meydanı,1
14687,Cumhuriyet Ortaokulu,3
14688,Cumhuriyet Ortaokulu,3
23717,Cumhuriyet Ortaokulu,1
11834,Cumhuriyet Park,1
11835,Cumhuriyet Park,1
40619,Cumhuriyet Parkı,4
40620,Cumhuriyet Parkı,4
11840,Cumhuriyet Sanayi,2
11843,Cumhuriyet Sanayi,2
16041,Cumhuriyet Sitesi,1
16042,Cumhuriyet Sitesi,1
40822,Cumhuriyet Sitesi,4
40827,Cumhuriyet Sitesi,4
52194,Cumhuriyet Sitesi,1
52195,Cumhuriyet Sitesi,1
11820,Cumhuriyet Sümbül,1
11821,Cumhuriyet Sümbül,1
11818,Cumhuriyet Çam,1
11819,Cumhuriyet Çam,1
15689,Cumhuriyet İlkokulu,1
15690,Cumhuriyet İlkokulu,1
10722,Cüneytbey Cami,8
11368,DEÜ Torbalı Meslek Yüksekokulu,3
11056,DSİ Kamp,4
11061,DSİ Kamp,4
30241,DYO Fabrikası,1
24293,Dadaş,1
52071,Dadaşkent,1
24492,Dalan,1
24493,Dalan,1
31189,Dalgın,2
31190,Dalgın,2
13648,Dalya,1
13649,Dalya,1
40110,Damatlar Mahallesi,1
41035,Damatlar Mahallesi,1
31007,Damla,1
31008,Damla,1
31728,Damlacık Giriş,1
31729,Damlacık Giriş,1
32478,Damlacık Halı Saha,1
32479,Damlacık Halı Saha,1
31734,Damlacık Köyü İlkokulu,1
31735,Damlacık Köyü İlkokulu,1
31736,Damlacık Meydan,1
31737,Damlacık Meydan,1
31726,Damlacık Yolu,1
31727,Damlacık Yolu,1
50103,Damlar,5
50106,Damlar,5
20672,Daryol,3
20673,Daryol,3
20687,Daryol,1
20688,Daryol,1
51850,Davulcu Deresi,1
52052,Davulcu Deresi,1
13680,Dağ Evleri,2
13681,Dağ Evleri,2
13827,Dağkızılca,1
13834,Dağkızılca,1
15441,Dağkızılca  Yol Ayrımı,1
13828,Dağkızılca Lale,1
13831,Dağkızılca Lale,1
13830,Dağkızılca Papatya,1
13835,Dağkızılca Papatya,1
15440,Dağkızılca Yol Ayrımı,1
13826,Dağkızılca Zeytin,1
13829,Dağkızılca Zeytin,1
16168,Dağkızılca Çiftlik,1
16169,Dağkızılca Çiftlik,1
13832,Dağkızılca Çıkış,1
13833,Dağkızılca Çıkış,1
13443,Dağtekke,1
16435,Dağtekke Yolu,1
16436,Dağtekke Yolu,1
12704,Dede,1
12707,Dede,1
14336,Dede,1
14337,Dede,1
20795,Dede,2
20796,Dede,2
11747,Dede Dağı,6
11748,Dede Dağı,6
30974,Dede Fırını,6
30983,Dede Fırını,6
40949,Dede Korkut,1
40950,Dede Korkut,1
11142,Dedealtı,1
11143,Dedealtı,1
20065,Dedebaşı,12
20068,Dedebaşı,12
11210,Defne,3
11211,Defne,3
12305,Defne,4
12306,Defne,4
21769,Defne,2
21770,Defne,2
30060,Defne,2
30067,Defne,2
31952,Defne,1
31953,Defne,1
52358,Defne,1
52359,Defne,1
11132,Deli Ömerli,1
11133,Deli Ömerli,1
22813,Deliktaş,1
22814,Deliktaş,1
23688,Deliktaş Bakkal,1
23689,Deliktaş Bakkal,1
23692,Deliktaş Dörtyol,1
23693,Deliktaş Dörtyol,1
24262,Deliktaş Göl,1
24263,Deliktaş Göl,1
23629,Deliktaş Meydan,1
23687,Deliktaş Meydan,1
23694,Deliktaş Son Durak,1
23690,Deliktaş Şehit Cengiz Topel Ortaokulu,1
23691,Deliktaş Şehit Cengiz Topel Ortaokulu,1
52027,Demaş Kooperatifi,1
52028,Demaş Kooperatifi,1
50291,Demet,1
50292,Demet,1
16037,Demir,1
16038,Demir,1
12850,Demirci,1
12851,Demirci,1
12863,Demirci,3
12864,Demirci,3
13035,Demirci,1
13036,Demirci,1
20428,Demirci,7
30751,Demirci,2
30752,Demirci,2
41073,Demirci Köy,2
41074,Demirci Zambak,1
41075,Demirci Zambak,1
23488,Demircidere Son Durak,1
14677,Demircili,3
14678,Demircili,3
50993,Demircili,1
50994,Demircili,1
14721,Demircili Giriş,3
14722,Demircili Giriş,3
50995,Demircili Meydan,1
14679,Demircili Trafo,3
14680,Demircili Trafo,3
14675,Demircili Yol Ayrımı,3
14676,Demircili Yol Ayrımı,3
14723,Demircili Çiftlik,3
14724,Demircili Çiftlik,3
14725,Demircili Çıkış,3
14726,Demircili Çıkış,3
11044,Demirer,1
11049,Demirer,1
22785,Demirkent,3
22788,Demirkent,3
12720,Demirkıran,4
12723,Demirkıran,4
30678,Demirler,5
30679,Demirler,5
30791,Demirli Çay,2
30792,Demirli Çay,2
22817,Demirtaş,1
22818,Demirtaş,1
22815,Demirtaş Cami,1
22816,Demirtaş Cami,1
16458,Demiryolu,3
16459,Demiryolu,3
23394,Demokrasi Meydanı,3
40735,Demokrasi Meydanı,7
40736,Demokrasi Meydanı,7
10517,Demokrasi Üniversitesi,3
10518,Demokrasi Üniversitesi,3
16077,Demokrasi Üniversitesi,1
20749,Denge Koleji,2
20634,Deniz Baykal Kültür Merkezi,1
20637,Deniz Baykal Kültür Merkezi,1
52578,Deniz Hudut Kapısı,1
23760,Deniz Komutanlığı,1
23761,Deniz Komutanlığı,1
50210,Deniz Müzesi,4
51406,Denizatı,1
51407,Denizatı,1
10281,Denizmen,5
10290,Denizmen,4
11961,Depo,1
11962,Depo,1
30635,Depo,1
30636,Depo,1
31360,Depo,6
40988,Depo,1
40989,Depo,1
15849,Depolar,1
15850,Depolar,1
12674,Dere,2
12677,Dere,2
14416,Dere,1
14417,Dere,1
16305,Dere,1
16306,Dere,1
23966,Dere,1
23967,Dere,1
32097,Dere,1
32098,Dere,1
52057,Dere,1
52058,Dere,1
30806,Dere Ağızı,1
30807,Dere Ağızı,1
13735,Dere Balık,1
13736,Dere Balık,1
51334,Dere Çeşme,1
51355,Dere Çeşme,1
52584,Derebağ,1
52585,Derebağ,1
14659,Derebaşı,3
14660,Derebaşı,3
14661,Derebaşı Zeytin,3
14662,Derebaşı Zeytin,3
31826,Dereiçi,1
31827,Dereiçi,1
13130,Dereköy,3
13331,Dereköy,3
14014,Dereköy,1
14015,Dereköy,1
24330,Dereköy,1
24507,Dereköy Ebdo İlkokulu,1
24508,Dereköy Ebdo İlkokulu,1
24328,Dereköy Giriş,1
24329,Dereköy Giriş,1
31641,Dereköy Girişi,1
31676,Dereköy Girişi,1
24505,Dereköy Jandarma,1
24506,Dereköy Jandarma,1
13334,Dereköy Kavşak,4
13335,Dereköy Kavşak,4
31647,Dereköy Meydan,1
31670,Dereköy Meydan,1
24509,Dereköy Muhtarlık,1
24510,Dereköy Muhtarlık,1
10948,Dereköy Yol Ayrımı,5
10949,Dereköy Yol Ayrımı,5
10952,Dereköy Yolu,2
10953,Dereköy Yolu,2
13329,Dereköy İlkokulu,3
13330,Dereköy İlkokulu,3
20887,Dereyolu,4
24058,Derman Yolu,1
24059,Derman Yolu,1
13120,Dernek,1
13121,Dernek,1
13778,Dernekli,1
22975,Desen,3
22976,Desen,3
12808,Destan Aksoy Parkı,3
12811,Destan Aksoy Parkı,3
10269,Develi,2
11301,Develi,2
16692,Develi Bahçeler,1
16693,Develi Bahçeler,1
10267,Develi Cami,2
10268,Develi Cami,2
16690,Develi Demiryolu,1
16691,Develi Demiryolu,1
10260,Develi Mezarlık,1
10263,Develi Mezarlık,1
16694,Develi Seralar,1
16695,Develi Seralar,1
10968,Develi Yolu,3
10969,Develi Yolu,3
10749,Develi Çıkış,1
10750,Develi Çıkış,1
10264,Develi Üçyol,1
10265,Develi Üçyol,1
40520,Devlet Malzeme Ofisi Çok Programlı Anadolu Lisesi,1
40521,Devlet Malzeme Ofisi Çok Programlı Anadolu Lisesi,1
30239,Devlet Su İşleri,1
30844,Değirmen,1
30845,Değirmen,1
52039,Değirmen,2
52040,Değirmen,2
13700,Değirmenaltı,1
13701,Değirmenaltı,1
16448,Değirmenci,1
16449,Değirmenci,1
21754,Değirmendere,1
16272,Değirmendere Bahçe,1
16273,Değirmendere Bahçe,1
11166,Değirmendere Giriş,1
11167,Değirmendere Giriş,1
15683,Değirmendere Seralar,1
15684,Değirmendere Seralar,1
11177,Değirmendere Son Durak,1
11238,Değirmendere Son Durak,1
10976,Değirmendere Yol Ayrımı,1
10977,Değirmendere Yol Ayrımı,1
11175,Değirmendere İl Öğretim Okulu,1
11174,Değirmendere İlköğretim Okulu,1
16005,Değirmenönü,3
16006,Değirmenönü,3
14228,Dicle,1
14229,Dicle,1
23699,Dikili Belediyesi Sosyal Tesisleri,1
24677,Dikili Devlet Hastanesi,1
24678,Dikili Devlet Hastanesi,1
22833,Dikili Hastane,1
22834,Dikili Hastane,2
23278,Dikili Liman,2
23543,Dikili Liman,1
22837,Dikili Lise,1
22838,Dikili Lise,2
22823,Dikili Nergis,1
22824,Dikili Nergis,1
23707,Dikili Orman,1
23709,Dikili Pazaryeri,1
22829,Dikili Sahil,1
22830,Dikili Sahil,2
22825,Dikili Sarmaşık,1
22826,Dikili Sarmaşık,1
24139,Dikili Sultan,1
24140,Dikili Sultan Cami,1
23763,Dikili Tepe,1
22842,Dikili Terminal,2
22841,Dikili Terminal İçi,0
23705,Dikili Trafo,1
23698,Dikili Yakamoz Spor Alanı,1
22827,Dikili Zeyrek,1
22828,Dikili Zeyrek,1
23420,Dikili Çandarlı Yolu Sokak,1
23421,Dikili Çandarlı Yolu Sokak,1
22831,Dikili Çocuk Bahçesi,1
22832,Dikili Çocuk Bahçesi,2
12488,Dilek,2
12489,Dilek,2
41154,Dilek,4
41155,Dilek,4
50639,Dilek,9
50640,Dilek,9
40418,Dirayet Süren İlkokulu,4
40419,Dirayet Süren İlkokulu,4
16164,Dirmil Gazi,1
16165,Dirmil Gazi,1
13423,Dirmil Giriş,1
13424,Dirmil Giriş,1
13416,Dirmil Tarla,1
13417,Dirmil Tarla,1
15585,Dirmil Yol Ayrımı,1
15586,Dirmil Yol Ayrımı,1
13433,Dirmil Çıkış,1
13434,Dirmil Çıkış,1
13425,Dirmil İlkokulu,1
13426,Dirmil İlkokulu,1
10386,Dispanser,2
30187,Dispanser,3
30204,Dispanser,3
20658,Dizdar Cami,2
20659,Dizdar Cami,2
10776,Dizdarlar,5
10777,Dizdarlar,5
12171,Doksan Beş,1
50272,Doktor Eroğlu Parkı,1
50273,Doktor Eroğlu Parkı,1
12918,Doktorlar Sitesi,2
12919,Doktorlar Sitesi,2
10701,Dokuz Eylül,2
10704,Dokuz Eylül,2
13234,Dokuz Eylül,5
50022,Dokuz Eylül,18
50023,Dokuz Eylül,18
12045,Dokuz Eylül Anadolu Lisesi,1
50186,Dokuz Eylül Deniz Bilimleri,3
50187,Dokuz Eylül Deniz Bilimleri,2
20157,Dokuz Eylül Dispanser,21
40035,Dokuz Eylül Eğitim Fakültesi,10
40036,Dokuz Eylül Eğitim Fakültesi,10
50020,Dokuz Eylül Hastanesi İstasyon,21
50021,Dokuz Eylül Hastanesi İstasyon,19
10106,Dokuz Eylül Rektörlük,7
10107,Dokuz Eylül Rektörlük,3
40522,Dokuz Eylül Öğrenci Yurdu,3
40523,Dokuz Eylül Öğrenci Yurdu,3
52372,Dolaplı Kuyu Mezarlık,1
52373,Dolaplı Kuyu Mezarlık,1
30789,Dolmuş Garajı,3
30790,Dolmuş Garajı,4
12997,Dolmuşçular,3
22407,Donat Kent,4
31493,Doruk,2
31494,Doruk,2
20660,Dostlar,2
20661,Dostlar,2
20772,Dostlar,1
30725,Dostlar,2
30726,Dostlar,2
30378,Dostlar Sitesi,3
30379,Dostlar Sitesi,3
51973,Dostlar Sitesi,1
51996,Dostlar Sitesi,1
12384,Dostluk,1
12385,Dostluk,1
20494,Dostluk,5
20495,Dostluk,5
14663,Doyranlı,3
14664,Doyranlı,3
15148,Doyranlı Fidanlık,3
15149,Doyranlı Fidanlık,3
15150,Doyranlı Lale Bahçesi,3
15151,Doyranlı Lale Bahçesi,3
11170,Doğa,1
11171,Doğa,1
13031,Doğa,1
13032,Doğa,1
23984,Doğa,1
23985,Doğa,1
24472,Doğa,1
24473,Doğa,1
31932,Doğa,2
31933,Doğa,2
51005,Doğa,1
51006,Doğa,1
16462,Doğa Evi,1
16463,Doğa Evi,1
22047,Doğa Koleji,3
22469,Doğa köyü Meydan,1
23695,Doğakan Güngör Parkı,2
23696,Doğakan Güngör Parkı,2
21941,Doğakent,4
21942,Doğakent,4
24273,Doğaköy Giriş,1
21961,Doğal Kent,4
21962,Doğal Kent,4
21263,Doğal Yaşam Sitesi,1
15887,Doğalgaz Akım Tesisi,1
15888,Doğalgaz Akım Tesisi,1
11262,Doğan,1
11263,Doğan,1
12749,Doğan,1
12750,Doğan,1
51952,Doğan,4
22074,Doğan Çingil,2
22075,Doğan Çingil,2
52240,Doğanata Çiftlik,1
52241,Doğanata Çiftlik,1
10879,Doğanay,6
10884,Doğanay,6
11101,Doğanbey,4
11102,Doğanbey,4
11560,Doğanbey Muhtarlık,4
11561,Doğanbey Muhtarlık,4
13542,Doğanbey Payamlı,4
13545,Doğanbey Payamlı,4
13539,Doğanbey Payamlı Son Durak,1
11092,Doğanbey Çıkış,4
11099,Doğanbey Çıkış,4
13836,Doğancılar,2
41397,Doğancılar,1
15454,Doğancılar Mezarlık,1
15455,Doğancılar Mezarlık,1
41398,Doğancılar Yeşillik,1
41399,Doğancılar Yeşillik,1
41391,Doğancılar Yolu,1
41392,Doğancılar Yolu,1
41393,Doğancılar Zeytinlik,1
41394,Doğancılar Zeytinlik,1
30621,Doğanlar Dört Yol,1
30622,Doğanlar Dört Yol,1
30619,Doğanlar Hurdacılar Sitesi Cami,2
30620,Doğanlar Hurdacılar Sitesi Cami,2
30610,Doğanlar PTT,1
30630,Doğanlar Pazaryeri,2
30631,Doğanlar Pazaryeri,2
20469,Doğançay,3
20470,Doğançay,3
23618,Doğançay Aile Sağlığı Merkezi,3
23619,Doğançay Aile Sağlığı Merkezi,3
24647,Doğançay Köprü,4
24648,Doğançay Köprü,4
20467,Doğançay Meydan,4
20468,Doğançay Meydan,4
20463,Doğançay Mezarlık,3
20464,Doğançay Mezarlık,3
22298,Doğançay Mezarlık Üstü,1
22299,Doğançay Mezarlık Üstü,1
20459,Doğançay Viyadüğü,3
20460,Doğançay Viyadüğü,3
24189,Doğançay Yeni Mezarlığı,1
24190,Doğançay Yeni Mezarlığı,1
32279,Dr. Behçet Uz Rekreasyon Alanı,2
32280,Dr. Behçet Uz Rekreasyon Alanı,2
52082,Dr. Güngör Özbek A. L.,1
52083,Dr. Güngör Özbek A. L.,1
24338,Dul Deresi,1
24339,Dul Deresi,1
21662,Duman,3
21663,Duman,3
10232,Dumlupınar,3
11251,Dumlupınar,3
24070,Dumlupınar,1
32428,Dumlupınar,6
12676,Durallar İlkokulu,2
12679,Durallar İlkokulu,2
11618,Durmaz,1
31064,Durmuş Yaşar İlköğretim Okulu,4
31065,Durmuş Yaşar İlköğretim Okulu,4
30838,Durmuşlar,1
30839,Durmuşlar,1
12575,Dutlu Kahve,1
12576,Dutlu Kahve,1
16360,Dutluk,1
16361,Dutluk,1
30531,Duyar,1
30532,Duyar,1
50152,Duygu,5
16136,Duğrallar ilkokulu,1
16137,Duğrallar ilkokulu,1
50651,Dyo Kampı,3
50660,Dyo Kampı,3
31525,Dökümcüler 1,1
31526,Dökümcüler 1,1
31527,Dökümcüler 2,1
31528,Dökümcüler 2,1
31471,Dördüncü Sanayi,5
30340,Dördüncü Sanayi Kavşağı,5
30341,Dördüncü Sanayi Kavşağı,5
52088,Dört Mevsim,1
11947,Dörtyol,2
16316,Dörtyol,1
16317,Dörtyol,1
20729,Dörtyol,2
20730,Dörtyol,2
31239,Dörtyol,3
31240,Dörtyol,3
40530,Dörtyol,3
40531,Dörtyol,3
50616,Dörtyol,4
50617,Dörtyol,4
52362,Dörtyol,1
52363,Dörtyol,1
31101,Dümbüllü,5
31102,Dümbüllü,5
23133,Dündarlı,2
23134,Dündarlı,2
23798,Dündarlı Giriş,2
23799,Dündarlı Giriş,2
24211,Dündarlı Çiftlik,2
24212,Dündarlı Çiftlik,2
23901,Dündarlı Çıkış,2
23902,Dündarlı Çıkış,2
13885,Düverlik Meydan,1
13865,Düverlik Mezarlık,1
13890,Düverlik Mezarlık,1
51964,Düzce Köprü,1
51965,Düzce Köprü,1
51174,Düzce Yolu,1
51175,Düzce Yolu,1
12549,Düzlük,1
12550,Düzlük,1
40680,Düzlük,1
40681,Düzlük,1
40958,Düzlük,1
41355,Düzlük,1
15793,Düzyol,1
15794,Düzyol,1
20895,Düzyol,2
20896,Düzyol,2
12120,Düzyollar,1
12123,Düzyollar,1
21256,Düğüm,2
21257,Düğüm,2
12042,Düğün Salonu,3
12043,Düğün Salonu,3
23616,Düğün Salonu,4
23617,Düğün Salonu,4
24264,Düğün Salonu,5
24379,Düğün Salonu,5
21552,EGEKENT-2-SON DURAK,4
30960,ESKİ ÇAMDİBİ MEZARLIĞI,1
30961,ESKİ ÇAMDİBİ MEZARLIĞI,1
31513,Ebruli,1
31514,Ebruli,1
14213,Ecir Sitesi,1
14214,Ecir Sitesi,1
20779,Eczane,2
20780,Eczane,2
50083,Eczane,10
50086,Eczane,10
12672,Eda,1
12675,Eda,1
11643,Efeler,2
11648,Efeler,2
16418,Efem Çukuru,1
50718,Efem Çukuru,1
13511,Efem Çukuru Hal,1
13512,Efem Çukuru Hal,1
13515,Efem Çukuru Son durak,1
16257,Efemçukuru Yolu,1
16258,Efemçukuru Yolu,1
13513,Efemçukuru İkokulu,1
13514,Efemçukuru İkokulu,1
30042,Efes,4
20334,Efes Sitesi,1
20335,Efes Sitesi,1
10956,Ege,5
10957,Ege,5
15913,Ege,1
15914,Ege,1
21528,Ege,4
21529,Ege,4
21632,Ege,2
21633,Ege,2
31427,Ege Diyaliz,1
31428,Ege Diyaliz,1
30048,Ege Endüstri,3
30055,Ege Endüstri,3
21239,Ege Fermuar,0
13491,Ege Kar,1
13492,Ege Kar,1
11313,Ege Koop. İş Merkezi,2
10660,Ege Serbest Bölge,17
10661,Ege Serbest Bölge,16
23915,Ege Üniversitesi Aliağa Meslek Yüksekokulu,1
23916,Ege Üniversitesi Aliağa Meslek Yüksekokulu,1
30255,Ege Üniversitesi Hastanesi,7
30272,Ege Üniversitesi Hastanesi,3
20067,Ege Üniversitesi Karşıyaka Sağlık Yerleşkesi,12
32475,Ege Üniversitesi Öğrenci Köyü,8
32476,Ege Üniversitesi Öğrenci Köyü,8
10689,Egeay,1
10690,Egeay,1
21399,Egekent 2,7
23255,Egekent 2 Koruluk,2
23256,Egekent 2 Koruluk,2
22537,Egekent 2 Pazaryeri,3
22538,Egekent 2 Pazaryeri,3
22524,Egekent 2 Sağlık Ocağı,2
22525,Egekent 2 Sağlık Ocağı,2
23257,Egekent 2 İstiklal,2
23258,Egekent 2 İstiklal,2
11319,Egekent 4,2
11316,Egekent 4 2 Nolu Sağlık Ocağı,2
11314,Egekent 4 Giriş,2
11367,Egekent 4 Işık,2
10800,Egekent 4 Kavşak,5
10801,Egekent 4 Kavşak,6
11369,Egekent 4 Mavi,2
11317,Egekent 4 Tepe,1
11320,Egekent 4 Tepe,1
22170,Egekent Aktarma Merkezi,2
22171,Egekent Aktarma Merkezi,2
22172,Egekent Aktarma Merkezi,2
22173,Egekent Aktarma Merkezi,3
22174,Egekent Aktarma Merkezi,3
20999,Egekent Cami,3
21000,Egekent Cami,4
20975,Egekent Devlet Hastanesi,1
20976,Egekent Devlet Hastanesi,1
20965,Egekent Dispanser,6
20966,Egekent Dispanser,6
20973,Egekent Köşe,1
20974,Egekent Köşe,1
20997,Egekent Park,3
20998,Egekent Park,3
20987,Egekent Postane,3
20988,Egekent Postane,3
20991,Egekent Trafo,3
20992,Egekent Trafo,3
20971,Egekent Üçyol,2
20972,Egekent Üçyol,2
50566,Egeli,2
50567,Egeli,2
20042,Egem,12
20043,Egem,7
52382,Egem Sahil Evleri,1
52383,Egem Sahil Evleri,1
32403,Egemen,1
30036,Egemenlik,8
30041,Egemenlik,9
30492,Egemenlik,1
30536,Egemenlik,2
21231,Egepen,0
12433,Egzozcu,6
12434,Egzozcu,6
15776,Eken,1
15828,Eken,1
15735,Ekin,1
15736,Ekin,1
15786,Ekin,1
15787,Ekin,1
23650,Ekin,1
23651,Ekin,1
41109,Ekin,1
41110,Ekin,1
21581,Ekin Koleji,5
21582,Ekin Koleji,5
14691,Ekin Pazarı,3
14692,Ekin Pazarı,3
15870,Ekinci,1
15871,Ekinci,1
21867,Ekiz,1
21868,Ekiz,1
51048,Ekmeksiz Plaj Yolu,1
51049,Ekmeksiz Plaj Yolu,1
51979,Ekoköy,6
50172,Ekonomi Üniversitesi,4
11744,Ekoten,3
11745,Ekoten,3
13535,Eksen Deresi,4
13536,Eksen Deresi,4
15855,Ela,1
15856,Ela,1
21217,Elektral,1
21220,Elektral,1
52174,Elektrik,1
52175,Elektrik,1
10862,Elif,3
11545,Elif,3
30607,Elif,3
30608,Elif,3
50093,Elif,7
50096,Elif,7
11768,Elifli,8
11769,Elifli,8
16096,Elifli Meydan,1
15456,Elifli Sera,8
15457,Elifli Sera,8
21997,Elit,1
21998,Elit,1
30772,Elit Koleji,2
30773,Elit Koleji,2
20731,Elit Sitesi,2
20732,Elit Sitesi,2
22003,Elit Sitesi Yol Ayrımı,1
22004,Elit Sitesi Yol Ayrımı,1
10617,Elka,11
10618,Elka,10
20439,Ellinci Yıl İlkokulu,3
20440,Ellinci Yıl İlkokulu,3
16380,Elmalı,1
16381,Elmalı,1
16134,Emek,1
16135,Emek,1
20451,Emek,6
20452,Emek,6
24111,Emek,1
24112,Emek,1
40853,Emek,3
40854,Emek,3
41402,Emek,3
41403,Emek,3
12293,Emek Sitesi,3
12294,Emek Sitesi,3
23716,Emek Sitesi,1
31415,Emek Sitesi,2
31416,Emek Sitesi,2
23701,Emine Münevver Denizoğlu Anaokulu,1
21764,Emiralem,1
21746,Emiralem Dörtyol,1
21747,Emiralem Dörtyol,1
21748,Emiralem Jandarma,1
21749,Emiralem Jandarma,1
21731,Emiralem Kabristan,1
21732,Emiralem Kabristan,1
21758,Emiralem Üçyol,3
21759,Emiralem Üçyol,3
22048,Emiralem İlköğretim Okulu,1
21750,Emiralem İstasyon,1
21751,Emiralem İstasyon,1
10674,Emlak Bankası Evleri,9
10675,Emlak Bankası Evleri,9
10798,Emlakçılar,6
10799,Emlakçılar,6
12646,Emniyet,1
12647,Emniyet,1
50591,Emniyet,12
50592,Emniyet,12
31310,Emniyet Lojmanları,2
31311,Emniyet Lojmanları,2
10655,Emrez,14
24478,Enerji,1
24479,Enerji,1
32000,Enerji Sitesi,1
32001,Enerji Sitesi,1
50184,Engelliler Eğitim Merkezi,2
50185,Engelliler Eğitim Merkezi,2
11602,Engelsiz Yaşam Parkı,16
11603,Engelsiz Yaşam Parkı,16
13875,Enginar,1
13876,Enginar,1
40166,Enhoşlar,1
40167,Enhoşlar,1
40217,Ensar Cami,3
40218,Ensar Cami,3
23939,Enver Aktürk,1
23940,Enver Aktürk,1
31934,Eren,1
31935,Eren,1
41332,Erenler Cami,0
31472,Erez,5
32468,Ergene Deresi,1
24135,Ergenekon,1
14004,Ergenli Giriş,2
14005,Ergenli Giriş,2
14006,Ergenli Meydan,2
14007,Ergenli Meydan,2
14008,Ergenli Çıkış,2
14009,Ergenli Çıkış,2
16637,Ergenli Şantiye,2
16638,Ergenli Şantiye,2
13659,Erguvan,2
13660,Erguvan,2
40387,Erguvan,2
40388,Erguvan,2
31820,Erkal Sitesi,1
31821,Erkal Sitesi,1
12939,Erol Özdil,5
22999,Eroğlu,6
23002,Eroğlu,7
11539,Ertuğrul Cami,4
11540,Ertuğrul Cami,4
15915,Ertuğrul Mahallesi,1
15916,Ertuğrul Mahallesi,1
16310,Ertuğrul Meydan,1
16311,Ertuğrul Meydan,1
14953,Ertuğrulköy,8
14954,Ertuğrulköy,8
30903,Erze,2
30904,Erze,2
31292,Erzene Muhtarlık,5
23756,Esatpaşa,1
23757,Esatpaşa,1
23781,Esatpaşa Köşe,1
23782,Esatpaşa Köşe,1
13163,Esbaş,1
13164,Esbaş,4
13165,Esbaş,1
13166,Esbaş,1
13162,Esbaş Otopark,2
16489,Esbaş Otopark,1
16625,Esen,1
16626,Esen,1
50812,Esen Yelleri,1
50813,Esen Yelleri,1
12345,Esendere,1
12348,Esendere,1
12157,Esenlik,1
12158,Esenlik,1
21557,Esenlik,1
21558,Esenlik,1
31431,Esenlik,1
31432,Esenlik,1
41408,Esenlik,1
41409,Esenlik,1
22819,Esentepe,1
22820,Esentepe,1
50441,Esentepe,6
50442,Esentepe,6
10521,Esentepe Aile Hekimliği,3
10522,Esentepe Aile Hekimliği,3
10531,Esentepe Basket Sahası,3
10532,Esentepe Basket Sahası,3
41102,Esentepe Gazi Engin Çiftçioğlu İlkokulu,2
41103,Esentepe Gazi Engin Çiftçioğlu İlkokulu,2
10523,Esentepe Kültür Merkezi,3
10524,Esentepe Kültür Merkezi,3
16523,Eser,1
16524,Eser,1
30559,Eser,3
30560,Eser,3
12585,Eserkent,1
12586,Eserkent,1
12662,Eserkent Köşe,1
12665,Eserkent Köşe,1
12589,Eserkent Son Durak,1
40309,Eshot Ağır Bakım Tesisleri,2
40310,Eshot Ağır Bakım Tesisleri,2
31005,Eshot Evleri,1
31006,Eshot Evleri,1
20995,Eshotçular Sitesi,3
20996,Eshotçular Sitesi,3
21129,Eshotçular Sitesi,10
21130,Eshotçular Sitesi,10
41156,Eski Bahçe,2
41157,Eski Bahçe,2
24076,Eski Belediye,4
11176,Eski Bulgurca Yolu,1
11179,Eski Bulgurca Yolu,1
21891,Eski Foça,1
23890,Eski Foça Otogar,1
21491,Eski Foça Çiftlik,1
21492,Eski Foça Çiftlik,1
24283,Eski Garaj,1
24284,Eski Garaj,1
52202,Eski Küçükbahçe,1
52203,Eski Küçükbahçe,1
52224,Eski Küçükbahçe,1
52225,Eski Küçükbahçe,1
24019,Eski Mezarlık,1
40070,Eski Mezarlık,12
40081,Eski Mezarlık,3
15224,Eski Minare,1
15225,Eski Minare,1
51569,Eski Mordoğan,2
51570,Eski Mordoğan,2
52576,Eski Mordoğan,1
52577,Eski Mordoğan,1
52571,Eski Mordoğan Meydan,1
52572,Eski Mordoğan Mezarlık,1
52573,Eski Mordoğan Mezarlık,1
52574,Eski Mordoğan İZSU,1
52575,Eski Mordoğan İZSU,1
41062,Eski Park,1
41063,Eski Park,1
50590,Eski Pazar Yeri,12
52273,Eski Salman,1
52274,Eski Salman,1
52277,Eski Salman Bahçe,1
52278,Eski Salman Bahçe,1
52271,Eski Salman Cami,1
52272,Eski Salman Cami,1
52269,Eski Salman Giriş,1
52270,Eski Salman Giriş,1
52275,Eski Salman Çıkış,1
52276,Eski Salman Çıkış,1
20097,Eski Sinema,14
20098,Eski Sinema,14
40252,Eski Sinema,5
40251,Eski Sinema 2,5
20793,Eski Son Durak,3
20794,Eski Son Durak,3
40317,Eski Son Durak,1
40318,Eski Son Durak,1
40877,Eski Son Durak,3
40878,Eski Son Durak,3
10465,Eski Sümerbank,1
21388,Eski Yol,9
21389,Eski Yol,9
16696,Eskiizmir Anaokulu,1
16697,Eskiizmir Anaokulu,1
12226,Eskiizmir İlkokulu,4
12227,Eskiizmir İlkokulu,4
15230,Eskioba,1
15231,Eskioba,1
21883,Esnaf Sanatkarlar Odası,1
21884,Esnaf Sanatkarlar Odası,1
23715,Esnaflar Sitesi,1
30053,Etap,3
32311,Etap 1,3
32312,Etap 1,3
12408,Etiler,2
12411,Etiler,2
10242,Etnografya Müzesi,6
40505,Evka 1 Ceşme,5
40652,Evka 1 Pazaryeri,4
40504,Evka 1 Çeşme,5
40488,Evka 1 İtfaiye,5
40503,Evka 1 İtfaiye,5
20797,Evka 2 Manzara,2
20798,Evka 2 Manzara,2
20789,Evka 2 Merkez Cami,2
20790,Evka 2 Merkez Cami,2
20785,Evka 2 Postane,2
20786,Evka 2 Postane,2
20799,Evka 2 Son Durak,2
20783,Evka 2 Telekom,2
20784,Evka 2 Telekom,2
31502,Evka 3,2
31770,Evka 3 Aktarma Merkezi,2
31771,Evka 3 Aktarma Merkezi,4
31772,Evka 3 Aktarma Merkezi,1
31773,Evka 3 Aktarma Merkezi,4
31774,Evka 3 Aktarma Merkezi,2
31775,Evka 3 Aktarma Merkezi,2
31776,Evka 3 Aktarma Merkezi,2
31777,Evka 3 Aktarma Merkezi,2
31778,Evka 3 Aktarma Merkezi,7
31779,Evka 3 Aktarma Merkezi,2
31361,Evka 4 Depo,6
31364,Evka 4 Muhtarlık,7
31365,Evka 4 Muhtarlık,6
31370,Evka 4 Son Durak,6
31371,Evka 4 Trafo,0
32372,Evka 4 İş Merkezi,6
21063,Evka 5 Cumhuriyet,3
21064,Evka 5 Cumhuriyet,3
21053,Evka 5 Park,3
21054,Evka 5 Park,3
21061,Evka 5 İş Merkezi,3
20836,Evka 6,7
12926,Evka 7,2
12927,Evka 7,2
12928,Evka 7 Son Durak,2
40653,Evka-1 Pazaryeri,4
31478,Evka-3 Parkı,2
31479,Evka-3 Parkı,2
31368,Evka-4 Anaokulu,6
31369,Evka-4 Anaokulu,6
11671,Evliya Çelebi,5
11672,Evliya Çelebi,5
30022,Evrenesoğlu Ortaokulu,8
30023,Evrenesoğlu Ortaokulu,8
12912,Evrensel Sitesi,2
12913,Evrensel Sitesi,2
14300,Eylül,16
14301,Eylül,16
32462,Eylül,5
40780,Eylül,2
40781,Eylül,2
12726,Eyüp El Ensari Cami,1
12729,Eyüp El Ensari Cami,1
21193,Eyüp Sitesi,4
21194,Eyüp Sitesi,4
40512,Eyüp Sultan Cami,3
40513,Eyüp Sultan Cami,3
31926,Ezgi,1
31927,Ezgi,1
16464,Eğerci,1
16465,Eğerci,1
11621,Eğerci Dörtyol,2
11626,Eğerci Dörtyol,2
11619,Eğerci Eski Okul,2
11624,Eğerci Eski Okul,2
11635,Eğerci Kabristan,2
11640,Eğerci Kabristan,2
11633,Eğerci Kahveler,2
11637,Eğerci Kara Selviler,2
11638,Eğerci Kara Selviler,2
11642,Eğerci Kara Selviler,2
11645,Eğerci Üçyol,2
11650,Eğerci Üçyol,2
11625,Eğerci İlkokulu,2
11630,Eğerci İlkokulu,2
24326,Eğiller,1
24327,Eğiller,1
20083,Eğitim Gönüllüleri,20
20084,Eğitim Gönüllüleri,20
51577,Eğlenhoca,2
51578,Eğlenhoca,2
52258,Eğlenhoca,1
52259,Eğlenhoca,1
52252,Eğlenhoca Balık Çiftliği,1
52253,Eğlenhoca Balık Çiftliği,1
52473,Eğlenhoca Fabrika,1
52474,Eğlenhoca Fabrika,1
52582,Eğlenhoca Giriş,1
52583,Eğlenhoca Giriş,1
52472,Eğlenhoca Son Durak,1
52569,Eğlenhoca Son Durak,1
52475,Eğlenhoca Tarla,1
52476,Eğlenhoca Tarla,1
52620,Eğlenhoca Zeytinyağı,1
52621,Eğlenhoca Zeytinyağı,1
52477,Eğlenhoca Çıkış,1
52478,Eğlenhoca Çıkış,1
52234,Eğri Liman,1
52235,Eğri Liman,1
52226,Eğri Liman Çiftlik,1
52227,Eğri Liman Çiftlik,1
31956,Eğridere Meydan,1
31957,Eğridere Meydan,1
32477,Eğridere Meydan,1
31950,Eğridere Meşe,1
31951,Eğridere Meşe,1
32327,Eğridere Çam,1
32328,Eğridere Çam,1
22987,Eğrigöl,3
22988,Eğrigöl,3
11140,Eşen Mahallesi,1
11141,Eşen Mahallesi,1
10363,Eşref Paşa Hastanesi,18
12057,Eşrefpaşa,14
12058,Eşrefpaşa,20
12059,Eşrefpaşa,4
12060,Eşrefpaşa,5
12061,Eşrefpaşa,5
41019,F Tipi Ceza Evi,1
41020,F tipi Ceza Evi,1
21171,Fabrika,1
21172,Fabrika,1
22759,Fabrika,5
22762,Fabrika,5
23937,Fabrika,2
23938,Fabrika,2
30352,Fabrika,3
30641,Fabrika,3
30642,Fabrika,3
32103,Fabrika,1
32104,Fabrika,1
40103,Fabrika,5
40104,Fabrika,5
50333,Fabrika,3
50334,Fabrika,3
51067,Fabrika,1
51068,Fabrika,1
10889,Fabrikalar,1
10894,Fabrikalar,1
21711,Fabrikalar,3
21714,Fabrikalar,3
24159,Fabrikalar,2
24160,Fabrikalar,2
24216,Fabrikalar,2
24217,Fabrikalar,2
41209,Fabrikalar 1,3
41212,Fabrikalar 1,3
24545,Fabrikalar 2,2
41211,Fabrikalar 2,3
41214,Fabrikalar 2,3
41229,Fabrikalar 3,3
41230,Fabrikalar 3,3
10504,Fahrettin Altay,7
51914,Fahrettin Altay Aktarma Merkezi,1
51915,Fahrettin Altay Aktarma Merkezi,0
51916,Fahrettin Altay Aktarma Merkezi,1
51917,Fahrettin Altay Aktarma Merkezi,1
51918,Fahrettin Altay Aktarma Merkezi,1
51920,Fahrettin Altay Aktarma Merkezi,1
51921,Fahrettin Altay Aktarma Merkezi,1
51922,Fahrettin Altay Aktarma Merkezi,0
51923,Fahrettin Altay Aktarma Merkezi,1
51924,Fahrettin Altay Aktarma Merkezi,0
51925,Fahrettin Altay Aktarma Merkezi,1
51928,Fahrettin Altay Aktarma Merkezi,0
51929,Fahrettin Altay Aktarma Merkezi,1
51930,Fahrettin Altay Aktarma Merkezi,0
51931,Fahrettin Altay Aktarma Merkezi,1
51932,Fahrettin Altay Aktarma Merkezi,1
51933,Fahrettin Altay Aktarma Merkezi,2
51934,Fahrettin Altay Aktarma Merkezi,1
51935,Fahrettin Altay Aktarma Merkezi,1
51936,Fahrettin Altay Aktarma Merkezi,0
51937,Fahrettin Altay Aktarma Merkezi,1
51938,Fahrettin Altay Aktarma Merkezi,1
51939,Fahrettin Altay Aktarma Merkezi,2
51940,Fahrettin Altay Aktarma Merkezi,1
51951,Fahrettin Altay Aktarma Merkezi,2
50007,Fahrettin Altay Meydan 2,14
51826,Fahrettin Altay Meydan 3,7
10182,Fahrettin Altay Meydan 5,13
10135,Fahrettin Altay Meydan 6,5
10134,Fahrettin Altay Meydan 7,4
10502,Fahrettin Altay Meydan 8,4
50004,Fahrettin Altay Meydan 9,31
10154,Faik Bey,1
10169,Faik Bey,1
20249,Faik Muhittin Adam İlkokulu,1
20250,Faik Muhittin Adam İlkokulu,1
20761,Fakir Baykurt Parkı,2
20762,Fakir Baykurt Parkı,2
40577,Fakülte,4
40578,Fakülte,4
10056,Fatih,1
10057,Fatih,1
12547,Fatih,1
12548,Fatih,1
21811,Fatih,1
21812,Fatih,1
21971,Fatih,4
21972,Fatih,4
23931,Fatih,1
23932,Fatih,1
23935,Fatih,1
23936,Fatih,1
40763,Fatih,2
12009,Fatih Cami,2
12010,Fatih Cami,2
24067,Fatih Cami,1
31015,Fatih Cami,3
31016,Fatih Cami,3
32258,Fatih Cami,2
32259,Fatih Cami,2
12759,Fatih Seylan Cami,1
12762,Fatih Seylan Cami,1
16546,Fatih Sultan Mehmet,1
16547,Fatih Sultan Mehmet,1
13250,Fatih Sultan Mehmet Teknik ve Endüstri Meslek Lisesi,4
13251,Fatih Sultan Mehmet Teknik ve Endüstri Meslek Lisesi,4
11662,Fatih İlkokulu,2
24295,Fatih İlkokulu,1
21650,Fatma Koşay İlköğretim Okulu,3
21651,Fatma Koşay İlköğretim Okulu,3
40057,Fatma Saygın Anadolu Lisesi,5
40058,Fatma Saygın Anadolu Lisesi,5
15964,Fazıl Hüsnü Dağlarca,1
15965,Fazıl Hüsnü Dağlarca,1
40898,Fen Edebiyat,6
51821,Fen Fakültesi,3
51822,Fen Fakültesi,3
24106,Fen Lisesi,1
16704,Fen İşleri,1
16705,Fen İşleri,1
24049,Fen İşleri,1
24050,Fen İşleri,2
24051,Fen İşleri,1
23982,Fener,2
23983,Fener,2
11949,Ferahlı,2
40117,Ferahlı Parkı,1
40118,Ferahlı Parkı,1
24316,Ferizler-Paşa Köy Girişi,1
24317,Ferizler-Paşa Köy Girişi,1
11364,Fesleğen,2
11365,Fesleğen,2
13938,Fesleğen,2
13939,Fesleğen,2
15535,Fesleğen,11
15536,Fesleğen,11
16470,Festival,2
16471,Festival,2
20243,Fevzi Paşa İlkokulu,1
20244,Fevzi Paşa İlkokulu,1
10543,Fevzi Çakmak,1
10544,Fevzi Çakmak,1
10733,Fevzi Çakmak,1
10734,Fevzi Çakmak,1
11334,Fevzi Çakmak,1
11335,Fevzi Çakmak,1
21370,Fevzi Çakmak,3
21371,Fevzi Çakmak,3
23414,Fevzi Çakmak,1
23416,Fevzi Çakmak,1
24053,Fevzipaşa Cami,1
24410,Fevzipaşa Cami,1
24054,Fevzipaşa Stadı,2
24055,Fevzipaşa Stadı,2
24052,Fevzipaşa İ.Ö.,1
24411,Fevzipaşa İ.Ö.O,1
11476,Fidan,4
11477,Fidan,4
12331,Fidan,4
12334,Fidan,4
51992,Fidan,1
51993,Fidan,1
16170,Fidanlık,2
16171,Fidanlık,2
50091,Fidanlık,7
50094,Fidanlık,7
50852,Fidanlık,10
50853,Fidanlık,10
51238,Fidanlık,1
51239,Fidanlık,1
16480,Fide,1
16481,Fide,1
22624,Fidelya,4
22625,Fidelya,4
14368,Filiz,1
14369,Filiz,1
30645,Fincancılar,3
30646,Fincancılar,3
13614,Firdem,1
13615,Firdem,1
13940,Firuze,2
13941,Firuze,2
32346,Fizik Tedavi ve Rehabilitasyon,10
20368,Flamingo Sitesi,3
20369,Flamingo Sitesi,3
21266,Flamingo Sitesi,1
20366,Flamingo Sitesi 2,3
20367,Flamingo Sitesi 2,3
21617,Florya,3
21618,Florya,3
52439,Florya,8
52440,Florya,8
23860,Fotaş,1
23861,Fotaş,1
22052,Fotoğraf Müzesi,3
22053,Fotoğraf Müzesi,3
21829,Foça Bahçelievler,1
21830,Foça Bahçelievler,1
23735,Foça Belediye Yerleşkesi,1
23736,Foça Belediye Yerleşkesi,1
21859,Foça Cezaevi,1
21860,Foça Cezaevi,1
23733,Foça Devlet Hastanesi,1
23734,Foça Devlet Hastanesi,1
23878,Foça Dinlenme Tesisleri,1
23879,Foça Dinlenme Tesisleri,1
23888,Foça Hükümet Konağı,1
23889,Foça Hükümet Konağı,1
23868,Foça Port,1
23869,Foça Port,1
21889,Foça Stad,2
21890,Foça Stad,2
21874,Foça Yolu,1
23274,Foça İlçe Terminali,1
21947,Foça Şahin Tepesi,4
21948,Foça Şahin Tepesi,4
21871,Foçaköy,1
21872,Foçaköy,1
14655,Frezya,3
14656,Frezya,3
14601,Fuar İzmir,2
14602,Fuar İzmir,3
31012,Fuat Edip Baksı Son Durak,1
13088,Fulden,1
13089,Fulden,1
11594,Fulya,16
11595,Fulya,16
13656,Fulya,2
13671,Fulya,2
15435,Fulya,9
40341,Fulya,1
40342,Fulya,1
13946,Furunlu Dörtyol,1
13947,Furunlu Dörtyol,1
13944,Furunlu Giriş,1
13945,Furunlu Giriş,1
11770,Furunlu Tulumba,8
11771,Furunlu Tulumba,8
11774,Furunlu Yedikavak,8
11775,Furunlu Yedikavak,8
13958,Furunlu Yenicekuyu,1
13959,Furunlu Yenicekuyu,1
11772,Furunlu Yolu,7
11773,Furunlu Yolu,7
13948,Furunlu Çamlık,1
13949,Furunlu Çamlık,1
40263,Fırat,2
40264,Fırat,2
11078,Fırın,4
11085,Fırın,4
12419,Fırın,1
12422,Fırın,1
20701,Fırın,2
20702,Fırın,3
21668,Fırın,3
21669,Fırın,3
24117,Fırın,1
24118,Fırın,1
40177,Fırın,2
40178,Fırın,2
50335,Fırın,3
50336,Fırın,3
24373,Gaffar Okkan,1
24374,Gaffar Okkan,1
24143,Galenos,1
32294,Galericiler,1
40301,Galericiler Sitesi,4
40302,Galericiler Sitesi,4
52003,Garahayıt,1
52004,Garahayıt,1
41162,Gardenya,2
41163,Gardenya,2
11911,Gayretiye Cami,2
11912,Gayretiye Cami,2
31306,Gayrettepe Cami,2
31307,Gayrettepe Cami,2
22739,Gazeteci Hasan Tahsin,3
22742,Gazeteci Hasan Tahsin,3
22230,Gazeteci Çetin Altan Anadolu Ticaret Lisesi,7
12995,Gazeteler,3
12996,Gazeteler,3
31389,Gazi,3
31390,Gazi,3
11953,Gazi Caddesi,2
11954,Gazi Caddesi,2
22513,Gazi Mah  Toki Evleri,3
22514,Gazi Mah  Toki Evleri,3
16878,Gazi Mahallesi,1
16879,Gazi Mahallesi,1
21516,Gazi Mahallesi Son Durak,1
32270,Gazi Meydanı Son Durak,1
21955,Gazi Mustafa Kemal,4
21956,Gazi Mustafa Kemal,4
21655,Gazi Toki Yol Ayrımı,2
21656,Gazi Toki Yol Ayrımı,2
15629,Gazi Umurbey Okul,1
15630,Gazi Umurbey Okul,1
21269,Gazi Çiçek,1
13475,Gazi İlkokulu,1
13476,Gazi İlkokulu,1
10678,Gaziemir Aktarma Merkezi,8
10667,Gaziemir Alt Geçidi,10
13009,Gaziemir Belediye Şantiye,2
13010,Gaziemir Belediye Şantiye,2
12881,Gaziemir Belediyesi,7
12882,Gaziemir Belediyesi,7
14384,Gaziemir Belediyesi,1
14385,Gaziemir Belediyesi,1
12893,Gaziemir Belediyesi Spor Tesisi,5
12896,Gaziemir Belediyesi Spor Tesisi,0
12883,Gaziemir Merkez Cami,7
12884,Gaziemir Merkez Cami,7
12879,Gaziemir PTT,8
12880,Gaziemir PTT,8
10653,Gaziemir Semt Garajı,14
10654,Gaziemir Semt Garajı,7
12886,Gaziemir Trafo,7
12891,Gaziemir Trafo,7
12946,Gaziemir İMKB Mesleki ve Teknik Anadolu Lisesi,7
12947,Gaziemir İMKB Mesleki ve Teknik Anadolu Lisesi,2
10670,Gaziemir İlçe Emniyet,10
10671,Gaziemir İlçe Emniyet,10
16821,Gaziemir İstasyon,1
16822,Gaziemir İstasyon,1
16372,Gaziemir Şantiye,2
16373,Gaziemir Şantiye,2
12889,Gazikent Muhtarlık,5
12892,Gazikent Muhtarlık,0
16718,Gaziler,1
16719,Gaziler,1
13477,Gazipaşa Mah Muhtarlık,1
13478,Gazipaşa Mah Muhtarlık,1
11917,Gazozcu,2
11918,Gazozcu,2
22462,Gediz,0
22463,Gediz,0
23265,Gediz,2
23266,Gediz,2
40379,Gediz Meydan,1
40380,Gediz Meydan,1
16281,Gelincik,1
16282,Gelincik,1
51276,Gelincik,1
51277,Gelincik,1
50800,Gelinkaya,1
50801,Gelinkaya,1
10529,Gelinler,3
10530,Gelinler,3
22404,Gencelli,4
23977,Gencelli,4
14625,Genceroğlu Parkı,2
14626,Genceroğlu Parkı,1
52061,General Kazım Özalp Muhtarlık,1
52062,General Kazım Özalp Muhtarlık,1
21678,Genç,2
21679,Genç,2
24068,Genç Osman,1
11268,Gençlik Parkı,1
11269,Gençlik Parkı,1
32471,Gençlik ve Spor,1
14949,Gereli,9
14950,Gereli,9
16346,Gereli Cami,1
16347,Gereli Cami,1
16350,Gereli Mezarlık,1
16351,Gereli Mezarlık,1
16344,Gereli Sağlık Ocağı,1
16345,Gereli Sağlık Ocağı,1
52238,Gerence,1
52239,Gerence,1
21801,Gerenköy Atatürk,2
21802,Gerenköy Atatürk,2
21721,Gerenköy Bahçe,2
21722,Gerenköy Bahçe,2
21799,Gerenköy Bakkal,2
21800,Gerenköy Bakkal,2
21838,Gerenköy Dörtyol,2
21839,Gerenköy Dörtyol,1
21840,Gerenköy Dörtyol,1
23969,Gerenköy Dörtyol,2
21493,Gerenköy Fabrika,2
21494,Gerenköy Fabrika,2
24620,Gerenköy Meydan,2
24621,Gerenköy Meydan,2
21793,Gerenköy Mezarlık,2
21794,Gerenköy Mezarlık,2
21778,Gerenköy Son Durak,2
24619,Gerenköy Son Durak,2
21805,Gerenköy Çam,2
21806,Gerenköy Çam,2
21803,Gerenköy Çeşme,2
21804,Gerenköy Çeşme,2
21795,Gerenköy Üçyol,2
21796,Gerenköy Üçyol,2
21797,Gerenköy İlkokulu,2
21798,Gerenköy İlkokulu,2
21565,Geri Gönderme Merkezi,2
51761,Germiyan,1
51762,Germiyan,2
52388,Germiyan 8 Evler Sitesi,1
52389,Germiyan 8 Evler Sitesi,1
52376,Germiyan Atatürk Parkı,1
52377,Germiyan Atatürk Parkı,1
52390,Germiyan Burcu Sitesi,1
52391,Germiyan Burcu Sitesi,1
52340,Germiyan Cami,1
52341,Germiyan Cami,1
52386,Germiyan Deniz Sitesi,1
52387,Germiyan Deniz Sitesi,1
52437,Germiyan Evleri,1
52438,Germiyan Evleri,1
52462,Germiyan Fidanlık,1
52463,Germiyan Fidanlık,1
52338,Germiyan Köyiçi,1
52339,Germiyan Köyiçi,1
52380,Germiyan Manzara,1
52381,Germiyan Manzara,1
52378,Germiyan May Sitesi,1
52379,Germiyan May Sitesi,1
52342,Germiyan Meydan,1
52343,Germiyan Meydan,1
52176,Germiyan Restoran,1
52177,Germiyan Restoran,1
52344,Germiyan Restoran,1
52345,Germiyan Restoran,1
52325,Germiyan Yalı,1
52326,Germiyan Yalı,1
52464,Germiyan Ören,1
52465,Germiyan Ören,1
52374,Germiyan İştur Sitesi,1
52375,Germiyan İştur Sitesi,1
14947,Gerçekli,9
14948,Gerçekli,9
16354,Gerçekli,1
16355,Gerçekli,1
20676,Geçit,4
20677,Geçit,3
20205,Geçit 1,18
20206,Geçit 1,18
20203,Geçit 2,18
20204,Geçit 2,18
12135,Girgin,1
12136,Girgin,1
20207,Girne Bulvarı,18
20208,Girne Bulvarı,18
20482,Girne Konutları,14
20483,Girne Konutları,20
20486,Girne Pazaryeri,8
20487,Girne Pazaryeri,8
51985,Gizem,1
51986,Gizem,1
10779,Gişeler,5
10784,Gişeler,5
50601,Golf,4
50602,Golf,4
13634,Gonca,2
13635,Gonca,2
11020,Grand Efe,2
11023,Grand Efe,2
23349,Gurbet,2
23350,Gurbet,2
11214,Gurbet Tepe,3
11215,Gurbet Tepe,3
23512,Göbeller Merkez,1
51297,Gödence Meydan,1
52664,Gödence Yolu,1
52665,Gödence Yolu,1
12139,Gökalp,1
12140,Gökalp,1
22366,Gökbaş,2
22367,Gökbaş,2
40920,Gökdere 1,1
40921,Gökdere 1,1
40922,Gökdere 2,1
40923,Gökdere 2,1
40924,Gökdere 3,1
40925,Gökdere 3,1
31503,Gökdere Arıtma,1
31504,Gökdere Arıtma,1
31507,Gökdere Karaman,1
31508,Gökdere Karaman,1
40918,Gökdere Köy Mezarlığı,1
40919,Gökdere Köy Mezarlığı,1
40911,Gökdere Mezarlığı 1,1
40912,Gökdere Mezarlığı 1,1
40913,Gökdere Mezarlığı 2,1
40914,Gökdere Mezarlığı 2,1
31505,Gökdere Vadi,1
31506,Gökdere Vadi,1
15774,Gökkurt,1
15775,Gökkurt,1
40366,Gökkuşağı,2
52128,Gökkuşağı,1
20753,Göknar,3
20754,Göknar,3
21237,Gökova,0
11993,Göksel Yaman Parkı,1
11032,Göksu,2
11037,Göksu,2
40355,Göksu,3
40356,Göksu,3
50753,Göksu,1
50754,Göksu,1
52041,Göksu,2
52042,Göksu,2
41249,Göksu Muhtarlık,1
41250,Göksu Muhtarlık,1
41372,Göksu Parkı,2
40361,Göksu Pazaryeri,2
40362,Göksu Pazaryeri,2
23553,Göktepe,1
23554,Göktepe,1
23551,Göktepe Köy Girişi,1
23552,Göktepe Köy Girişi,1
23555,Göktepe Manzara,1
23556,Göktepe Manzara,1
23559,Göktepe Meydan,1
23557,Göktepe İlkokulu,1
23558,Göktepe İlkokulu,1
31692,Gökyaka Küme Evleri,1
31693,Gökyaka Küme Evleri,1
31651,Gökyaka Meydan,1
31666,Gökyaka Meydan,1
31649,Gökyaka Mezarlık,1
31668,Gökyaka Mezarlık,1
31698,Gökyaka Papatya,1
31699,Gökyaka Papatya,1
14665,Gökçen,3
14666,Gökçen,3
15783,Gökçen Anadolu Lisesi,1
15785,Gökçen Anadolu Lisesi,1
16126,Gökçen Bahçe,1
16127,Gökçen Bahçe,1
15792,Gökçen Efe İlkokulu,1
15829,Gökçen Efe İlkokulu,1
15781,Gökçen Mezarlık Yolu,1
15782,Gökçen Mezarlık Yolu,1
15802,Gökçen Yol Ayrımı,1
15803,Gökçen Yol Ayrımı,1
51280,Gölcük Giriş,1
51281,Gölcük Giriş,1
51285,Gölcük Meydan,1
51283,Gölcük Zeytinlik,1
51286,Gölcük Zeytinlik,1
11260,Gölcükler  Adnan Ocay Ortaokulu,11
11261,Gölcükler Adnan Ocay Ortaokulu,11
15425,Gölcükler Bahçe,1
15426,Gölcükler Bahçe,1
13472,Gölcükler Cami,1
11264,Gölcükler Sera,12
11265,Gölcükler Sera,12
15927,Gölcükler Yol Ayrımı,3
15928,Gölcükler Yol Ayrımı,3
41001,Gölet,1
41002,Gölet,1
52104,Gölet,1
52105,Gölet,1
50433,Gölet Ata,6
50434,Gölet Ata,6
41119,Gölet Palmiye,1
41120,Gölet Palmiye,1
51316,Göller,1
51317,Göller,1
16183,Göllüce,1
16187,Göllüce,1
14399,Göllüce Cami,1
14166,Gölova,1
14167,Gölova,1
14169,Gölova Son Durak,1
14161,Gölova Yol Ayrımı,1
14162,Gölova Yol Ayrımı,1
12191,Gönül,1
12192,Gönül,1
21478,Gönül,1
21479,Gönül,1
21739,Gönül,1
21740,Gönül,1
50814,Gönül,1
50815,Gönül,1
22387,Görece,2
22388,Görece,2
10739,Görece Alışveriş Merkezi,1
10740,Görece Alışveriş Merkezi,1
10741,Görece Cami,1
10742,Görece Cami,1
21771,Görece Eski Yol,2
21772,Görece Eski Yol,2
10695,Görece Fidanlık,2
10757,Görece Giriş,1
10758,Görece Giriş,1
23323,Görece Giriş,2
23324,Görece Giriş,2
23790,Görece Köprü,2
23791,Görece Köprü,2
24265,Görece Kümeevler,2
24266,Görece Kümeevler,2
22384,Görece Meydan,2
22385,Görece Meydan,2
10735,Görece Muhtarlık,1
10736,Görece Muhtarlık,1
10755,Görece Park,1
10756,Görece Park,1
10743,Görece Sağlık Ocağı,1
10744,Görece Sağlık Ocağı,1
23321,Görece Seralar,2
23322,Görece Seralar,2
10747,Görece Son Durak,1
10748,Görece Son Durak,1
10745,Görece Spor Salonu,1
10746,Görece Spor Salonu,1
10737,Görece Trafo,1
10738,Görece Trafo,1
16143,Görece Zeytinlik,1
16144,Görece Zeytinlik,1
21773,Görece Çocuk Parkı,2
21774,Görece Çocuk Parkı,2
10731,Görece Çıkış,1
10732,Görece Çıkış,1
23522,Görece Çıkış,2
23523,Görece Çıkış,2
30588,Görme Engelliler Okulu,5
30592,Görme Engelliler Okulu,5
32391,Göz,1
32392,Göz,1
11996,Gözemel,1
11997,Gözemel,1
16552,Gözlem,1
16553,Gözlem,1
10156,Göztepe,1
10167,Göztepe,1
50672,Göztepe,3
50673,Göztepe,3
10150,Göztepe Depo,1
10173,Göztepe Depo,1
10283,Göztepe Stadı,5
10292,Göztepe Stadı,4
50538,Göztepe Yelken Kulübü,1
50541,Göztepe Yelken Kulübü,1
23351,Göç İdaresi Yolu,2
23352,Göç İdaresi Yolu,2
24372,Göçbeyli,1
24536,Göçbeyli Ağaçlık,1
24537,Göçbeyli Ağaçlık,1
24532,Göçbeyli Benzinlik,1
24533,Göçbeyli Benzinlik,1
24538,Göçbeyli Meydan,1
24539,Göçbeyli Meydan,1
24368,Göçbeyli Yolu,1
24369,Göçbeyli Yolu,1
24534,Göçbeyli Çiftlik,1
24535,Göçbeyli Çiftlik,1
24370,Göçbeyli Çocuk Bahçesi,0
24371,Göçbeyli Çocuk Bahçesi,0
24540,Göçbeyli Çocuk Bahçesi,1
24541,Göçbeyli Çocuk Bahçesi,1
30686,Göçmen,5
30687,Göçmen,5
11058,Göçmen Konutları,4
11063,Göçmen Konutları,4
51464,Göçmen Konutları Giriş,2
51465,Göçmen Konutları Giriş,2
51472,Göçmen Konutları Çıkış,1
51473,Göçmen Konutları Çıkış,1
13072,Gül,0
13073,Gül,1
40414,Gül,4
40415,Gül,4
22398,Gül Körfezi,4
22399,Gül Körfezi,4
50658,Gülbahçe,3
50659,Gülbahçe,3
50704,Gülbahçe Pazaryeri,3
50705,Gülbahçe Pazaryeri,3
13873,Güldeste,1
13874,Güldeste,1
21065,Gülen Kora Ortaokulu,2
21066,Gülen Kora Ortaokulu,2
11631,Güler,2
11636,Güler,2
23805,Güler,1
13644,Gülhatmi,1
13645,Gülhatmi,1
14230,Gülistan,1
14231,Gülistan,1
51091,Güllü Sitesi,1
51092,Güllü Sitesi,1
13962,Gülsümcük Mevki,1
13963,Gülsümcük Mevki,1
12000,Gültepe,1
11957,Gültepe Karakol,2
11958,Gültepe Karakol,2
11964,Gültepe Kültür MErkezi,1
11963,Gültepe Kültür Merkezi,1
41148,Gültepe Mezarlık,4
41149,Gültepe Mezarlık,4
41362,Gültepe Mezarlık 2,1
41365,Gültepe Mezarlık 2,1
41368,Gültepe Spor Kompleksi,1
41369,Gültepe Spor Kompleksi,1
12289,Gülyaka,4
12290,Gülyaka,4
16231,Gümüldür Atatürk,1
16232,Gümüldür Atatürk,1
16179,Gümüldür Bahçeler,1
16180,Gümüldür Bahçeler,2
11156,Gümüldür Kavşak,4
11157,Gümüldür Kavşak,4
11054,Gümüldür Lisesi,4
11059,Gümüldür Lisesi,4
11152,Gümüldür Meydan 2,4
11153,Gümüldür Meydan 2,4
11150,Gümüldür Muhtar,4
11151,Gümüldür Muhtar,4
11154,Gümüldür Pazaryeri,4
11155,Gümüldür Pazaryeri,4
15584,Gümüldür Stat,1
14442,Gümüldür Taşocağı,1
14443,Gümüldür Taşocağı,1
11136,Gümüldür Öğretmen Emine Yazlalı Ortaokulu,1
11137,Gümüldür Öğretmen Emine Yazlalı Ortaokulu,1
50166,Gümüş,4
50169,Gümüş,4
13606,Gümüşkent,1
13607,Gümüşkent,1
13568,Gümüşkent Yol Ayrımı,1
13573,Gümüşkent Yol Ayrımı,1
50664,Gümüşkoy,3
50665,Gümüşkoy,3
20441,Gümüşpala Dört Yol,3
20442,Gümüşpala Dört Yol,3
20447,Gümüşpala Kahveler,3
20448,Gümüşpala Kahveler,3
20443,Gümüşpala Karakol,3
20444,Gümüşpala Karakol,3
20523,Gümüşpala Lisesi,5
20524,Gümüşpala Lisesi,5
20453,Gümüşpala Merkez,6
20454,Gümüşpala Merkez,6
20455,Gümüşpala Su Deposu,8
20456,Gümüşpala Su Deposu,8
20515,Gümüşpala Ticaret Lisesi,5
20516,Gümüşpala Ticaret Lisesi,5
20431,Gümüşpala Çamlık,3
20432,Gümüşpala Çamlık,3
10693,Gümüşsuyu Orman Kampı,4
10694,Gümüşsuyu Orman Kampı,4
15788,Gün,1
15789,Gün,1
15851,Gün kurusu,1
15852,Gün kurusu,1
12696,Günaltay,1
16138,Günaltay,1
16139,Günaltay,1
12650,Günaltay Meydan,1
12651,Günaltay Meydan,1
12694,Günaltay Park,1
12695,Günaltay Park,1
15839,Gündoğdu,1
15840,Gündoğdu,1
23643,Günerli Cami,3
23644,Günerli Cami,3
21579,Günerli Dörtyol,5
21580,Günerli Dörtyol,5
23641,Günerli Çeşme,3
23642,Günerli Çeşme,3
21577,Günerli Üçyol,5
21578,Günerli Üçyol,5
15673,Güneybatı,1
15674,Güneybatı,1
30917,Güneş,2
30918,Güneş,2
40598,Güneş,2
40599,Güneş,2
51957,Güneş,1
51958,Güneş,1
23663,Güneş Panelleri,2
23664,Güneş Panelleri,2
11022,Güneş Sitesi,2
11027,Güneş Sitesi,2
12920,Güneş Sitesi,2
12921,Güneş Sitesi,2
24334,Güneş Tarlası,1
24335,Güneş Tarlası,1
52246,Güneş Tarlası,1
52247,Güneş Tarlası,1
23471,Güneşli,1
13546,Güneşlikent,4
13549,Güneşlikent,4
52428,Güneşlikent Sitesi,1
52429,Güneşlikent Sitesi,1
24256,Günhan Cami,1
24257,Günhan Cami,1
30151,Gürbüz,4
30152,Gürbüz,4
20566,Gürgen,2
20567,Gürgen,1
20834,Gürgen,4
20835,Gürgen,4
30528,Gürpınar,1
30539,Gürpınar,1
11310,Gürsel,1
11311,Gürsel,1
12230,Gürsel,4
12231,Gürsel,4
10576,Gürçeşme,5
10577,Gürçeşme,5
10578,Gürçeşme Cami,5
10579,Gürçeşme Cami,5
40107,Gürçeşme Huzurevi,2
10586,Gürçeşme Karakol,2
11802,Güven,7
21831,Güven,1
21832,Güven,1
13389,Güven Cami,1
13390,Güven Cami,1
21638,Güvenel,2
21639,Güvenel,2
11604,Güvercin,1
23864,Güvercin Adası,1
23865,Güvercin Adası,1
11163,Güverte,2
11164,Güverte,2
52047,Güzel Konak,2
52048,Güzel Konak,2
51881,Güzel Ova,1
51882,Güzel Ova,1
50027,Güzel Sanatlar Fakültesi,18
50028,Güzel Sanatlar Fakültesi,7
10934,Güzel Çam,1
10935,Güzel Çam,1
12472,Güzel İzmir Cami,6
12473,Güzel İzmir Cami,5
50371,Güzelbahçe,6
52084,Güzelbahçe Halk E.M.,1
52085,Güzelbahçe Halk E.M.,1
50329,Güzelbahçe Kaymakamlık,3
50330,Güzelbahçe Kaymakamlık,3
52054,Güzelbahçe Kolej,4
52055,Güzelbahçe Kolej,3
50362,Güzelbahçe Meydan,5
50327,Güzelbahçe Pazar Yeri,3
52178,Güzelbahçe Sanayi,1
52179,Güzelbahçe Sanayi,1
50363,Güzelbahçe Sağlık Ocağı,5
51954,Güzelbahçe Vali Kazım Paşa Ortaokulu,4
50740,Güzelbahçe İMKB Mesleki ve Teknik Anadolu Lisesi,3
50741,Güzelbahçe İMKB Mesleki ve Teknik Anadolu Lisesi,3
50969,Güzelbelde,1
50970,Güzelbelde,1
30952,Güzelcan Kardeşler İlköğretim Okulu,1
30953,Güzelcan Kardeşler İlköğretim Okulu,1
23534,Güzelhisar Caddesi,1
23535,Güzelhisar Caddesi,1
52242,Güzelkent Yolu,1
52243,Güzelkent Yolu,1
30676,Güzeller,5
30677,Güzeller,5
20956,Güzeltepe,2
22029,Güzeltepe,1
22030,Güzeltepe,1
52033,Güzeltepe,3
52034,Güzeltepe,3
22027,Güzeltepe Bloklar,1
22028,Güzeltepe Bloklar,1
20906,Güzeltepe Dört Yol,4
20907,Güzeltepe Dört Yol,4
20910,Güzeltepe Esentepe Cami,4
20911,Güzeltepe Esentepe Cami,4
20952,Güzeltepe Eski Son Durak,2
20951,Güzeltepe Eski son durak,2
20923,Güzeltepe Futbol Sahası,3
20924,Güzeltepe Futbol Sahası,3
20949,Güzeltepe Kahve,2
20950,Güzeltepe Kahve,2
20945,Güzeltepe Karakol,2
20946,Güzeltepe Karakol,2
20941,Güzeltepe Manzara,2
20942,Güzeltepe Manzara,2
20908,Güzeltepe Muhtarlık,4
20909,Güzeltepe Muhtarlık,4
22025,Güzeltepe Parkı,1
22026,Güzeltepe Parkı,1
20939,Güzeltepe Üçyol,2
20940,Güzeltepe Üçyol,2
20943,Güzeltepe İlkokulu,2
20944,Güzeltepe İlkokulu,2
10152,Güzelyalı,1
10171,Güzelyalı,1
16000,Güzçiçek,1
15847,Gıda Fabrikası,1
15848,Gıda Fabrikası,1
15635,Gıda Sanayi,2
15636,Gıda Sanayi,2
32206,Habipler Cami,1
11929,Hacı Bayram Cami,3
11930,Hacı Bayram Cami,4
14334,Hacı Bayram Cami,1
14335,Hacı Bayram Cami,1
40766,Hacı Bektaş Veli Parkı,2
15691,Hacı Nurşen Hüsnü Ay Cami,1
15692,Hacı Nurşen Hüsnü Ay Cami,1
11060,Hacı Sadık Cami,4
11065,Hacı Sadık Cami,4
15814,Hacı Saim Mutlu Cami,1
15815,Hacı Saim Mutlu Cami,1
11436,Hacı Tahsin Irmak İlkokulu,3
11437,Hacı Tahsin Irmak İlkokulu,3
32099,Hacı Yaşar Kandur İlköğretim Okulu,1
32100,Hacı Yaşar Kandur İlköğretim Okulu,1
22775,Hacı Ömerli Muhtarlık,4
22778,Hacı Ömerli Muhtarlık,4
23478,Hacıhamzalar Meydan,1
22771,Hacıömerli Jandarma,4
22774,Hacıömerli Jandarma,4
12023,Hafize Beşikçioğlu Sağlık Ocağı,1
12024,Hafize Beşikçioğlu Sağlık Ocağı,1
10270,Hakimevleri,2
10271,Hakimevleri,3
22031,Hakimevleri Giriş,2
22032,Hakimevleri Giriş,2
16629,Hakkı Efendi,1
16630,Hakkı Efendi,1
50360,Hakkı Oğuz Tabaoğlu İlkokulu,4
50361,Hakkı Oğuz Tabaoğlu İlkokulu,4
21408,Haldun Koşay Lisesi,5
21409,Haldun Koşay Lisesi,5
15966,Haldun Taner,1
15967,Haldun Taner,1
15507,Halide Edib Adıvar,1
15508,Halide Edib Adıvar,1
30281,Halide Edip Adıvar,18
30282,Halide Edip Adıvar,17
16166,Halide Onbaşı,1
16167,Halide Onbaşı,1
51983,Halikarnas Balıkçısı,1
51984,Halikarnas Balıkçısı,1
12182,Halil Rıfat Paşa,1
12876,Halil Tan Parkı,7
12895,Halil Tan Parkı,7
32192,Halilbeyli Giriş,1
32193,Halilbeyli Giriş,1
30850,Halilbeyli Son Durak,1
30848,Halilbeyli İlkokulu,1
30849,Halilbeyli İlkokulu,1
23880,Halim Foçalı And. Lisesi,1
23881,Halim Foçalı And. Lisesi,1
21851,Halim Foçalı Spor Salonu,2
21852,Halim Foçalı Spor Salonu,2
20674,Halime Çavuş,1
20675,Halime Çavuş,1
10112,Halit Ziya,7
20581,Halit Özpirinç Lisesi,3
20582,Halit Özpirinç Lisesi,3
11482,Halk,3
11483,Halk,3
24134,Halk,1
50060,Halk Plajı,11
16073,Halkapınar,1
16074,Halkapınar,1
10491,Halkapınar 2,3
10492,Halkapınar 2,3
10493,Halkapınar 2,1
10494,Halkapınar 2,3
10496,Halkapınar 2,2
15605,Halkapınar 2,1
15606,Halkapınar 2,1
10454,Halkapınar Metro,2
10455,Halkapınar Metro,1
10456,Halkapınar Metro,1
10457,Halkapınar Metro,2
10458,Halkapınar Metro,0
10459,Halkapınar Metro,2
10460,Halkapınar Metro,3
10462,Halkapınar Metro,2
10463,Halkapınar Metro,1
10464,Halkapınar Metro,1
10469,Halkapınar Metro,1
10470,Halkapınar Metro,1
10471,Halkapınar Metro,1
10473,Halkapınar Metro,1
16243,Halkapınar Metro,1
16244,Halkapınar Metro,1
31545,Halkapınar Spor Salonu,9
12874,Halkapınar Tramvay,22
10370,Halkapınar İZSU,15
10371,Halkapınar İZSU,15
11474,Haluk Alpsu Bulvarı,4
11475,Haluk Alpsu Bulvarı,4
24300,Hamzalısüleymaniye,2
24301,Hamzalısüleymaniye,2
51869,Han Deresi,1
51870,Han Deresi,1
23658,Hancı,1
23659,Hancı,2
23874,Hanedan,1
23875,Hanedan,1
14170,Hanımeli,1
14171,Hanımeli,1
21151,Hanımeli,2
21152,Hanımeli,2
21767,Hanımeli,2
21768,Hanımeli,2
40796,Hanımeli,2
40797,Hanımeli,2
41317,Haralar,1
41318,Haralar,1
16241,Hardal Damları,1
16242,Hardal Damları,1
13544,Haritacılar Sitesi,4
13547,Haritacılar Sitesi,4
21372,Harmandalı,3
24215,Harmandalı,1
21377,Harmandalı Cumhuriyet,2
21378,Harmandalı Cumhuriyet,2
21375,Harmandalı Eski Belediye,4
21376,Harmandalı Eski Belediye,4
21476,Harmandalı Kuzey Kent,1
21477,Harmandalı Kuzey Kent,1
21351,Harmandalı Mezarlık,3
21352,Harmandalı Mezarlık,3
24249,Harmandalı Park,2
24250,Harmandalı Park,2
21367,Harmandalı Sağlık Ocağı,2
21368,Harmandalı Sağlık Ocağı,2
21474,Harmandalı Siteler,1
21475,Harmandalı Siteler,1
21373,Harmandalı İlköğretim Okulu,2
21374,Harmandalı İlköğretim Okulu,2
15544,Harmanlılar,1
15545,Harmanlılar,1
41017,Harmanyeri,1
41018,Harmanyeri,1
40221,Harp İş Sitesi,3
40222,Harp İş Sitesi,3
12638,Hasan Ali Yücel Parkı,4
12639,Hasan Ali Yücel Parkı,4
40079,Hasan Ağa Bahçesi,7
41200,Hasan Ağa Bahçesi,5
23437,Hasan Dede Turbesi,3
23439,Hasan Dede Turbesi,3
31263,Hasan Ferit Alnar,1
31264,Hasan Ferit Alnar,1
10625,Hasan Hüseyinler,12
10626,Hasan Hüseyinler,10
12931,Hasan Kara Parkı,2
12932,Hasan Kara Parkı,2
12337,Hasan Tahsin,7
12340,Hasan Tahsin,7
30586,Hasan Tahsin Özel Eğitim Okulu,5
30591,Hasan Tahsin Özel Eğitim Okulu,5
14920,Hasan Çavuş,3
14921,Hasan Çavuş,3
14965,Hasan Çavuş,7
14966,Hasan Çavuş,7
50244,Hasan İçyer Ortaokulu,1
50247,Hasan İçyer Ortaokulu,1
30611,Hasanağa Camii,4
30612,Hasanağa Camii,4
22382,Hasanlar,2
22383,Hasanlar,2
23308,Hasanlar Çıkış,2
16378,Hasançavuşlar Yolu,1
16379,Hasançavuşlar Yolu,1
11710,Hasköy Arıtma,2
11711,Hasköy Arıtma,2
11718,Hasköy Giriş,2
11719,Hasköy Giriş,2
11720,Hasköy Kahveler,2
11721,Hasköy Kahveler,2
11722,Hasköy Meydan,2
11723,Hasköy Meydan,2
11810,Hasköy Çiftlik,2
11811,Hasköy Çiftlik,2
11724,Hasköy Çıkış,2
11725,Hasköy Çıkış,2
24044,Hastane,3
24045,Hastane,4
24046,Hastane,1
31567,Hastane,1
31568,Hastane,1
32237,Hastane,2
32242,Hastane,2
40710,Hat Boyu,1
40711,Hat Boyu,1
40703,Hat Boyu 2,1
40704,Hat Boyu 2,1
10285,Hatay Çeşme,4
30518,Hatice Güzelcan Anadolu Lisesi,4
30521,Hatice Güzelcan Anadolu Lisesi,4
13942,Hatmi,2
13943,Hatmi,2
22278,Hatundere 2,1
22279,Hatundere 2,1
22126,Hatundere 3,1
22127,Hatundere 3,1
22280,Hatundere Meydan,1
22237,Hatundere İstasyon,2
24077,Hatuniye,4
10177,Hava Hastanesi,16
32194,Hava Pilot Teğmen Ali Acar,1
32195,Hava Pilot Teğmen Ali Acar,1
32196,Hava Pilot Teğmen Erdoğan Çallı,3
32197,Hava Pilot Teğmen Erdoğan Çallı,3
12960,Hava Teknik Okulu,3
13007,Hava Teknik Okulu,3
21504,Hava Üssü Lojmanları Son Durak,1
12089,Hava Şehitliği,1
12100,Hava Şehitliği,1
11038,Havacılar Kampı,2
11043,Havacılar Kampı,2
23988,Havacılık Lisesi,5
23989,Havacılık Lisesi,5
12963,Havacılık Meslek Yüksek Okulu,3
12964,Havacılık Meslek Yüksek Okulu,3
10687,Havalimanı,2
10762,Havalimanı,5
15919,Havalimanı,3
13016,Havalimanı Dış Hatlar Geliş,4
13018,Havalimanı İç Hatlar Geliş,4
16653,Havutçulu Giriş,1
16654,Havutçulu Giriş,1
16655,Havutçulu Meydan,1
41005,Havuz Başı,1
41006,Havuz Başı,1
16235,Havuzbaşı Mezarlık,1
16236,Havuzbaşı Mezarlık,1
16560,Havuzbaşı Seralar,4
16561,Havuzbaşı Seralar,4
13710,Havuzbaşı Son Durak,1
13698,Havuzbaşı Zeytinlik,4
15541,Havuzbaşı Zeytinlik,3
13709,Havuzbaşı Çıkış,1
13712,Havuzbaşı Çıkış,1
16237,Havuzbaşı İç Yolu,1
16238,Havuzbaşı İç Yolu,1
10804,Havuzlu,6
10825,Havuzlu,6
30028,Havuzlu Kahve,7
30029,Havuzlu Kahve,6
30181,Havuzlu Kahve,3
30202,Havuzlu Kahve,3
20626,Havva Özişbakan Lisesi,2
20629,Havva Özişbakan Lisesi,2
40830,Hayat,2
40831,Hayat,2
40834,Hayat 2,2
30110,Hayat Ağacı,6
20336,Haydar Aliyev Parkı,14
20337,Haydar Aliyev Parkı,15
22380,Haykıran Giriş,2
22381,Haykıran Giriş,2
22378,Haykıran Meydan,2
22379,Haykıran Meydan,2
22376,Haykıran Çıkış,2
22377,Haykıran Çıkış,2
32463,Hayrat Çeşmesi,1
32464,Hayrat Çeşmesi,1
51999,Hayriye Öz Parkı,1
52000,Hayriye Öz Parkı,1
31530,Hayvan Barınağı,1
31531,Hayvan Barınağı,1
16113,Hayvan Çiftliği,1
16114,Hayvan Çiftliği,1
24488,Hedef,1
24489,Hedef,1
50415,Hekim Köy,5
50416,Hekim Köy,5
41313,Helimoğlu,1
41314,Helimoğlu,1
11256,Helvacı,1
11257,Helvacı,1
21911,Helvacı Belediye,1
21912,Helvacı Belediye,1
22276,Helvacı Cem Evi,1
22277,Helvacı Cem Evi,1
23827,Helvacı Giriş,1
23828,Helvacı Giriş,1
21917,Helvacı Hayratı,1
21918,Helvacı Hayratı,1
22129,Helvacı Jandarma,1
22130,Helvacı Jandarma,1
13439,Helvacı Köyü,1
13440,Helvacı Köyü,1
21907,Helvacı Meydan,1
21908,Helvacı Meydan,1
21909,Helvacı Muhtarlık,1
21910,Helvacı Muhtarlık,1
21827,Helvacı Ovası,1
21828,Helvacı Ovası,1
21903,Helvacı Tekel,1
21904,Helvacı Tekel,1
21915,Helvacı Tekstil,1
21916,Helvacı Tekstil,1
21913,Helvacı Çeşme,1
21914,Helvacı Çeşme,1
21919,Helvacı Çıkış,1
21920,Helvacı Çıkış,1
21905,Helvacı İlkokulu,1
21906,Helvacı İlkokulu,1
12539,Hercai,2
12540,Hercai,2
13646,Hercai,1
13647,Hercai,1
30979,Heykel,6
30980,Heykel,6
52204,Heykel,1
13950,Hezaren,1
13951,Hezaren,1
15749,Hilal,1
15750,Hilal,1
15900,Hilal,1
15901,Hilal,1
21863,Hilal,1
21864,Hilal,1
50804,Hilal,1
50805,Hilal,1
52153,Hisar,9
52154,Hisar,9
51274,Hisar Evleri,1
51275,Hisar Evleri,1
23506,Hisarköy Giriş,1
23507,Hisarköy Giriş,1
23503,Hisarköy Merkez,1
23504,Hisarköy Okul,1
23505,Hisarköy Okul,1
14018,Hisarlık,1
14020,Hisarlık Kestane,1
14021,Hisarlık Kestane,1
14016,Hisarlık giriş,1
14017,Hisarlık giriş,1
10117,Hisarönü,6
21575,Hobi Park,5
21576,Hobi Park,5
41424,Hoca,2
41425,Hoca,2
50018,Hoca,20
50019,Hoca,20
10329,Hocazade Cami,2
10336,Hocazade Cami,2
31970,Homeros Piknik Alanı,1
31971,Homeros Piknik Alanı,1
21977,Horozgediği,4
21978,Horozgediği,4
12221,Hulusi Kentmen 2,1
12754,Hulusi Kentmen 2,1
12222,Hulusi Kentmen Parkı,4
12223,Hulusi Kentmen Parkı,4
24173,Huriye Mehmet Akçasakız,1
24174,Huriye Mehmet Akçasakız,1
30881,Huzur,1
30882,Huzur,1
31799,Huzur,1
31800,Huzur,1
32175,Huzur,1
32176,Huzur,1
41231,Huzur,4
41232,Huzur,4
11079,Huzur Sitesi,4
11108,Huzur Sitesi,4
50315,Huzurevi Zeytinlik Kapısı,1
14218,Huzurkent Sitesi,1
14219,Huzurkent Sitesi,1
40464,Hüdaverdi Cami,5
40475,Hüdaverdi Cami,5
24029,Hükümet Konağı,3
31274,Hükümet Konağı,9
31291,Hükümet Konağı,11
31295,Hükümet Konağı,6
13996,Hükümet Önü,4
13997,Hükümet önü,3
14266,Hürriyet,2
14267,Hürriyet,2
31320,Hürriyet,1
31321,Hürriyet,1
52517,Hürriyet,1
52518,Hürriyet,1
40712,Hüseyin Avni Ateşoğlu İlköğretim Okulu,1
40713,Hüseyin Avni Ateşoğlu İlköğretim Okulu,1
21599,Hüseyin Baradan Parkı,3
21602,Hüseyin Baradan Parkı,3
20689,Hüseyin Tokatlı Parkı,1
20696,Hüseyin Tokatlı Parkı,1
32105,Hüsnü Bornovalı Ortaokulu,2
32106,Hüsnü Bornovalı Ortaokulu,2
30633,Hüsnü Bornovalı İ.Ö.O,1
30634,Hüsnü Bornovalı İlköğretim Okulu,1
13556,Hıdırlık,4
13559,Hıdırlık,4
10280,Hıfzıssıhha,4
10289,Hıfzıssıhha,5
52369,Ildır,1
52449,Ildır Sahil,1
52450,Ildır Sahil,1
52370,Ildır Tatil Sitesi,1
52371,Ildır Tatil Sitesi,1
52447,Ildır İskele,1
52448,Ildır İskele,1
13920,Ilgın,3
13921,Ilgın,3
22787,Ilıca,3
22790,Ilıca,3
24010,Ilıca,3
24011,Ilıca,2
24107,Ilıca,1
52151,Ilıca Benzinlik,2
52152,Ilıca Benzinlik,2
51786,Ilıca Hastane,2
51787,Ilıca Hastane,2
51781,Ilıca Köprü,2
51782,Ilıca Köprü,2
14010,Ilıca Meydan,2
14011,Ilıca Meydan,2
51784,Ilıca Terminal,2
51073,Ilıksu Yol ayrımı,1
51074,Ilıksu Yol ayrımı,1
21837,Ilıpınar Benzinlik,1
21968,Ilıpınar Benzinlik,1
21835,Ilıpınar Meydan,1
21836,Ilıpınar Meydan,1
23992,Ilıpınar Zeytinlik,1
23993,Ilıpınar Zeytinlik,1
16312,Irmak,1
16313,Irmak,1
15627,Irmak Mahallesi Park,1
15628,Irmak Mahallesi Park,1
32429,Issız,1
32430,Issız,1
30735,Istaş,1
30736,Istaş,1
13952,Itır,1
13953,Itır,1
31902,Işık,1
31903,Işık,1
52063,Işık,1
52064,Işık,1
30516,Işıkkent,4
30519,Işıkkent,4
30040,Işıkkent Benzinlik,9
30043,Işıkkent Benzinlik,9
32296,Işıkkent Kamyon Garajı,2
32297,Işıkkent Kamyon Garajı,2
30047,Işıkkent Mezarlık,5
30512,Işıkkent Mezarlık,4
30515,Işıkkent Mezarlık,4
15226,Işıklar,1
15227,Işıklar,1
32298,Işıklar,1
15220,Işıklar Kantar,1
15221,Işıklar Kantar,1
15756,Işıklı Köyü Giriş,1
15757,Işıklı Köyü Giriş,1
15758,Işıklı Mezarlık,1
15759,Işıklı Mezarlık,1
40493,Işıklı Parkı,3
40494,Işıklı Parkı,3
40584,Işılay Saygın Güzel Sanatlar Lisesi,4
41201,Işılay Saygın Lisesi,2
41204,Işılay Saygın Lisesi,5
21343,Jandarma,14
21344,Jandarma,14
30058,Jandarma,2
30065,Jandarma,2
40915,Jandarma,1
40926,Jandarma,1
40939,Jandarma,1
40940,Jandarma,1
41224,Jandarma,1
50508,Jandarma,6
50509,Jandarma,6
50581,Jandarma,6
50848,Jandarma 2,10
50849,Jandarma 2,10
41223,Jandarma Komutanlığı,1
23770,Jandarma Lojmanı,1
23771,Jandarma Lojmanı,1
21393,Jandarma Ormanı,7
30068,Jant Fabrikası,1
30069,Jant Fabrikası,1
22321,Kabristan,0
50154,Kabristan,5
15976,Kadifekale Son Durak,1
50160,Kadir Paşa,1
50161,Kadir Paşa,1
24154,Kadriye,8
24155,Kadriye,8
12129,Kadriye Mahallesi,1
12124,Kadriye Mahallesi Çeşme,1
12127,Kadriye Mahallesi Çeşme,1
24354,Kadıköy,1
24355,Kadıköy,1
24352,Kadıköy Girişi,1
24353,Kadıköy Girişi,1
24358,Kadıköy Mezarlığı,1
24359,Kadıköy Mezarlığı,1
24350,Kadıköy Yolu,1
24351,Kadıköy Yolu,1
24356,Kadıköy Çıkış,1
24357,Kadıköy Çıkış,1
51889,Kadıovacık,1
51887,Kadıovacık Giriş,1
51888,Kadıovacık Giriş,1
20496,Kadızade Zühtü Işıl,5
20497,Kadızade Zühtü Işıl,5
10387,Kahramanlar Dispanser,1
15797,Kahratlı,1
15798,Kahratlı,1
14402,Kahve,1
14403,Kahve,1
40879,Kahve,3
40880,Kahve,3
24612,Kahve Civarı,2
20601,Kahvehane,2
20602,Kahvehane,2
11955,Kahveler,2
11956,Kahveler,2
11991,Kahveler,3
11992,Kahveler,3
12551,Kahveler,1
12552,Kahveler,1
30159,Kahveler,4
30160,Kahveler,4
31127,Kahveler,3
31128,Kahveler,3
50105,Kahveler,6
50108,Kahveler,6
21181,Kaklıç,1
21177,Kaklıç Cami,1
21178,Kaklıç Cami,1
21157,Kaklıç Kavşağı,3
21158,Kaklıç Kavşağı,3
21173,Kaklıç Köprü,1
21174,Kaklıç Köprü,1
21175,Kaklıç Mezarlık,1
21176,Kaklıç Mezarlık,1
23285,Kaklıç muhtarlık,1
23286,Kaklıç muhtarlık,1
23287,Kaklıç Üçyol,1
23288,Kaklıç Üçyol,1
21179,Kaklıç İlkokulu,1
21180,Kaklıç İlkokulu,1
12079,Kako,1
12080,Kako,1
10926,Kalabak,1
10927,Kalabak,1
22769,Kalabak,4
22772,Kalabak,4
50526,Kalabak,1
50529,Kalabak,1
50530,Kalabak Cami,1
50533,Kalabak Cami,1
16858,Kale,1
16859,Kale,1
24636,Kale,1
24637,Kale,1
820009,Kale,0
15974,Kaleiçi,1
15975,Kaleiçi,1
11030,Kalemlik,2
11035,Kalemlik,2
14328,Kalp Damar Hastanesi,1
14329,Kalp Damar Hastanesi,1
11362,Kamelya,2
11363,Kamelya,2
20830,Kamelya,3
20831,Kamelya,3
50674,Kamelya,3
50675,Kamelya,3
30149,Kamil Tunca Bulvarı,4
30150,Kamil Tunca Bulvarı,4
11392,Kamp,6
11393,Kamp,6
50666,Kamp,3
50667,Kamp,3
52653,Kampüs,1
52654,Kampüs,1
40885,Kampüs Giriş,0
23590,Kamyoncular Kooperatifi,1
23591,Kamyoncular Kooperatifi,1
23353,Kanal,1
23354,Kanal,1
24624,Kanal,2
24625,Kanal,2
20297,Kanalboyu,2
20298,Kanalboyu,2
51204,Kanalboyu,3
51205,Kanalboyu,3
30454,Kandere,1
30451,Kandere Parkı,1
30452,Kandere Parkı,1
23679,Kantar,2
23680,Kantar,2
50024,Kantar,18
50025,Kantar,18
20925,Kanuni İlkokulu,3
20926,Kanuni İlkokulu,3
23843,Kapalı Katlı Pazaryeri,1
23844,Kapalı Katlı Pazaryeri,1
16874,Kapalıbağ,1
16875,Kapalıbağ,1
30905,Kapan Dere,1
30906,Kapan Dere,1
23490,Kaplan Son Durak,1
23492,Kaplanköy Giriş,1
23493,Kaplanköy Giriş,1
41116,Kaptan,2
41117,Kaptan,1
41378,Kaptan2,1
23527,Kapıkaya,3
23528,Kapıkaya,3
30540,Kara Nakliyeciler,3
30541,Kara Nakliyeciler,3
51871,Kara Pınar,1
51872,Kara Pınar,1
12800,Karabaglar Nene Hatun Mesleki Ve Teknik Anadolu Lisesi,2
10641,Karabağlar,7
10642,Karabağlar,7
12604,Karabağlar Atatürk Mesleki ve Teknik Anadolu Lisesi,5
12607,Karabağlar Atatürk Mesleki ve Teknik Anadolu Lisesi,5
12598,Karabağlar Briketçi,5
12601,Karabağlar Briketçi,5
10634,Karabağlar Cumhuriyet Anadolu Lisesi,8
10635,Karabağlar Cumhuriyet Anadolu Lisesi,8
12269,Karabağlar Cumhuriyet Mesleki ve Teknik Anadolu Lisesi,9
12270,Karabağlar Cumhuriyet Mesleki ve Teknik Anadolu Lisesi,8
12520,Karabağlar Emir Sultan Ortaokulu,2
12523,Karabağlar Emir Sultan Ortaokulu,2
12339,Karabağlar Halk Eğitim Merkezi,7
12342,Karabağlar Halk Eğitim Merkezi,7
12291,Karabağlar Kazım Karabekir Orta Okulu,3
12292,Karabağlar Kazım Karabekir Ortaokulu,3
12700,Karabağlar Polis Merkezi,1
12701,Karabağlar Polis Merkezi,1
12848,Karabağlar Sağlık Ocağı,1
12849,Karabağlar Sağlık Ocağı,1
12656,Karabağlar Trafo Merkezi,1
12657,Karabağlar Trafo Merkezi,1
31677,Karabel Orman Durağı,1
31678,Karabel Orman Durağı,1
31639,Karabel Piknik Yeri,1
31662,Karabel Piknik Yeri,1
51635,Karaburun Azmak,2
51636,Karaburun Azmak,2
51633,Karaburun Devlet Hastanesi,2
51634,Karaburun Devlet Hastanesi,2
51589,Karaburun Esendere,2
51590,Karaburun Esendere,2
51601,Karaburun Güneş,2
51602,Karaburun Güneş,2
51832,Karaburun Hisarcık,2
51833,Karaburun Hisarcık,2
51637,Karaburun Liman,2
51638,Karaburun Liman,2
52143,Karaburun Market,2
52144,Karaburun Market,2
51599,Karaburun Mimoza,2
51600,Karaburun Mimoza,2
51641,Karaburun Mordoğan Fatma Emin Karaağaç Çok Programlı Anadolu Lisesi,2
51642,Karaburun Mordoğan Fatma Emin Karaağaç Çok Programlı Anadolu Lisesi,2
52159,Karaburun Müftülük,2
52160,Karaburun Müftülük,2
51631,Karaburun Nergis,2
51632,Karaburun Nergis,2
51604,Karaburun Son Durak,2
51597,Karaburun Stad,2
51598,Karaburun Stad,2
52188,Karaburun TEİAŞ,1
52191,Karaburun TEİAŞ,1
51834,Karaburun Zambak,2
51835,Karaburun Zambak,2
50075,Karaca,11
50124,Karaca,11
41069,Karacaağaç Meydan,1
41070,Karacaağaç Meydan,1
41084,Karacaağaç Mezarlık,1
41085,Karacaağaç Mezarlık,1
41100,Karacaağaç Mezarlık 2,1
41101,Karacaağaç Mezarlık 2,1
30501,Karacaoğlan,2
30502,Karacaoğlan,1
40951,Karacaoğlan,1
40952,Karacaoğlan,1
51959,Karacasarı,1
51960,Karacasarı,1
24075,Karadut,4
11046,Karafırın,1
11051,Karafırın,1
51020,Karagöl,1
51021,Karagöl,1
24220,Karagöl Ayrımı,1
24221,Karagöl Ayrımı,1
11776,Karahalilli,8
11777,Karahalilli,8
16795,Karahalilli Bahçe,5
16796,Karahalilli Bahçe,5
16716,Karahayıt Yol Ayrım,1
16717,Karahayıt Yol Ayrımı,1
50439,Karakayalar,6
50440,Karakayalar,6
12961,Karakol,3
12962,Karakol,3
40590,Karakol,3
40591,Karakol,3
50188,Karakol,2
30693,Karakovan,1
30695,Karakovan,1
13669,Karakoç Dere,2
13670,Karakoç Dere,2
13636,Karakoç Kaplıcaları,2
13637,Karakoç Kaplıcaları,2
11294,Karakoç Çayı,4
11332,Karakoç Çayı,4
12209,Karakuyu,10
12210,Karakuyu,10
15646,Karakuyu Bahçe,1
15647,Karakuyu Bahçe,1
16550,Karakuyu Bahçeler,1
16551,Karakuyu Bahçeler,1
11562,Karakuyu Birlik Sitesi,4
11563,Karakuyu Birlik Sitesi,4
11440,Karakuyu Cami,2
11441,Karakuyu Cami,2
15643,Karakuyu Cami,1
11430,Karakuyu Gülfidan,4
11431,Karakuyu Gülfidan,4
11434,Karakuyu Meydan,3
11435,Karakuyu Meydan,3
16544,Karakuyu Meydan,1
16545,Karakuyu Meydan,1
11426,Karakuyu Mezarlık,4
11427,Karakuyu Mezarlık,4
15648,Karakuyu Mezarlık,1
15649,Karakuyu Mezarlık,1
15644,Karakuyu Okul,1
15645,Karakuyu Okul,1
11432,Karakuyu Pazar Yeri,4
11433,Karakuyu Pazar Yeri,4
11444,Karakuyu Son Durak,2
11445,Karakuyu Son Durak,2
11428,Karakuyu Spor Tesisleri,4
11429,Karakuyu Spor Tesisleri,4
16162,Karakuyu Tarım,1
16163,Karakuyu Tarım,1
10058,Karakuyu Yolu,1
10059,Karakuyu Yolu,1
15658,Karakuyu Yolu Köprü,1
15659,Karakuyu Yolu Köprü,1
15656,Karakuyu Yolu Lojman,1
15657,Karakuyu Yolu Lojman,1
15654,Karakuyu Yolu Sanayi,1
15655,Karakuyu Yolu Sanayi,1
15650,Karakuyu Yolu Silo,1
15651,Karakuyu Yolu Silo,1
15652,Karakuyu Yolu Tarım,1
15653,Karakuyu Yolu Tarım,1
15546,Karakuyu Zeytinlik,1
15547,Karakuyu Zeytinlik,1
16631,Karakuyu Zeytinlik,1
16632,Karakuyu Zeytinlik,1
15493,Karakuyu Çiftlik,1
15494,Karakuyu Çiftlik,1
13421,Karakuyu Çıkış,1
13422,Karakuyu Çıkış,1
13867,Karakuyu Çıkış,1
13868,Karakuyu Çıkış,1
51763,Karaköy,1
51764,Karaköy,1
51010,Karakılçık,2
51011,Karakılçık,2
15554,Karakızlar Arılık,1
15555,Karakızlar Arılık,1
15466,Karakızlar Dört Yol,1
15467,Karakızlar Dört Yol,1
13884,Karakızlar Giriş,1
13887,Karakızlar Giriş,1
13886,Karakızlar Meydan,1
13889,Karakızlar Meydan,1
15587,Karakızlar Yol Ayrımı,1
15588,Karakızlar Yol Ayrımı,1
15550,Karakızlar Zeytinlik,1
15552,Karakızlar Zeytinlik,1
15556,Karakızlar Çiftlik,1
15557,Karakızlar Çiftlik,1
15551,Karakızlar Çiftlik Evleri,1
15553,Karakızlar Çiftlik Evleri,1
13888,Karakızlar Çıkış,1
13891,Karakızlar Çıkış,1
12494,Karanfil,1
12495,Karanfil,1
12617,Karanfil,4
12618,Karanfil,4
13604,Karanfil,1
13605,Karanfil,1
16505,Karanfil,1
16506,Karanfil,1
22021,Karanfil Parkı,1
22022,Karanfil Parkı,1
10157,Karantina,1
10164,Karantina,1
23587,Karaorman Giriş,1
23588,Karaorman Giriş,1
23589,Karaorman Meydan,1
15591,Karaot Giriş,1
15592,Karaot Giriş,1
16233,Karaot Köşe,1
16234,Karaot Köşe,1
15589,Karaot Orman,1
15590,Karaot Orman,1
13893,Karaot Son Durak,1
50390,Karaoğlu,8
50391,Karaoğlu,8
16852,Karapınar,1
16853,Karapınar,1
16714,Karapınar Yol Ayrımı,1
16715,Karapınar Yol Ayrımı,1
50689,Karareis,3
50696,Karareis,3
52260,Karareis Barajı,1
52261,Karareis Barajı,1
52192,Karareis Market,1
52193,Karareis Market,1
52196,Karareis Tatil Sitesi,1
52197,Karareis Tatil Sitesi,1
12211,Karaselvi,10
12212,Karaselvi,10
13391,Karasu,1
13392,Karasu,1
41048,Karataş,1
41049,Karataş,1
10147,Karataş Anadolu Lisesi,4
10148,Karataş Anadolu Lisesi,7
15242,Karateke,1
15243,Karateke,1
16432,Karateke,1
16434,Karateke,1
15244,Karateke Orkide,1
15245,Karateke Orkide,1
23462,Karaveliler,1
23463,Karaveliler,1
23456,Karaveliler Giriş,1
23457,Karaveliler Giriş,1
23458,Karaveliler Köy İçi,1
23459,Karaveliler Köy İçi,1
23549,Karaveliler Meydan,1
23550,Karaveliler Meydan,1
23460,Karaveliler İlköğretim Okulu,1
23461,Karaveliler İlköğretim Okulu,1
11021,Karayel,1
11052,Karayel,1
22745,Karayolları,5
22748,Karayolları,5
30237,Karayolları,1
30262,Karayolları,1
23001,Karayolları Bakımevi,6
23004,Karayolları Bakımevi,7
23837,Karayolları Denetim İst.,1
23838,Karayolları Denetim İst.,1
12993,Karaçam,3
12994,Karaçam,3
15874,Karaçam,1
15875,Karaçam,1
30947,Karaçam,1
30384,Karaçam Giriş,1
30939,Karaçam Giriş,1
30950,Karaçam Havuz,1
30951,Karaçam Havuz,1
32385,Karaçam Park,1
32386,Karaçam Park,1
32383,Karaçam Santral,1
32384,Karaçam Santral,1
32381,Karaçam Çiftlik,1
32382,Karaçam Çiftlik,1
23850,Karaçukur Koyu,1
23851,Karaçukur Koyu,1
23573,Kardan,1
23574,Kardan,1
31489,Kardelen,2
31490,Kardelen,2
41247,Kardelen,1
41248,Kardelen,1
41337,Kardelen,1
41338,Kardelen,1
50313,Kardelen,1
31930,Kardelen Sitesi,2
31931,Kardelen Sitesi,2
12514,Kardeşler,2
12517,Kardeşler,2
31822,Kare Ev,1
31823,Kare Ev,1
11298,Kargacık Koyu,1
11299,Kargacık Koyu,1
21390,Kargılar,9
21391,Kargılar,9
52586,Karpusça Yolu,1
52587,Karpusça Yolu,1
16213,Karpuzlu İstasyon,1
16214,Karpuzlu İstasyon,1
30153,Kartal,4
30154,Kartal,4
13956,Kartopu,1
13957,Kartopu,1
20340,Karya,16
20341,Karya,16
50808,Karye Sitesi,1
50809,Karye Sitesi,1
20517,Karşıyaka Endüstri Meslek Lisesi,5
20518,Karşıyaka Endüstri Meslek Lisesi,5
20073,Karşıyaka Jandarma,9
20074,Karşıyaka Jandarma,8
20159,Karşıyaka Yelken Kulübü,21
20239,Karşıyaka Öğretmen Evi,1
20240,Karşıyaka Öğretmen Evi,1
20001,Karşıyaka İskele,3
20002,Karşıyaka İskele,2
20003,Karşıyaka İskele,2
20004,Karşıyaka İskele,4
20151,Karşıyaka İskele,23
23600,Karşıyaka İskele,8
23601,Karşıyaka İskele,5
11470,Kasap,11
11471,Kasap,11
12116,Kasap,3
12117,Kasap,3
12596,Kasap,5
12599,Kasap,5
31099,Kasap,5
31100,Kasap,5
40953,Kasap,1
40955,Kasap,1
41135,Kasap,2
41136,Kasap,1
41389,Kasap 1,1
14653,Kasımpatı,3
14654,Kasımpatı,3
41161,Kasımpatı,2
41164,Kasımpatı,2
30404,Katip,2
30405,Katip,2
50564,Katip,2
50565,Katip,2
21328,Katip Çelebi Üniversitesi,5
24238,Katip Çelebi Üniversitesi,4
23275,Katip Çelebi Üniversitesi Öğrenci Yurdu,1
13630,Kavacık,2
13631,Kavacık,2
50722,Kavacık,2
52612,Kavacık Bahçe,1
52613,Kavacık Bahçe,1
52634,Kavacık Bağ,1
52635,Kavacık Bağ,1
52638,Kavacık Giriş,1
52639,Kavacık Giriş,1
52616,Kavacık Küme,1
52617,Kavacık Küme,1
52606,Kavacık Manzara,1
52607,Kavacık Manzara,1
52604,Kavacık Mezarlık,1
52605,Kavacık Mezarlık,1
52636,Kavacık Restoran,1
52637,Kavacık Restoran,1
52608,Kavacık Tarla,1
52609,Kavacık Tarla,1
16417,Kavacık Yol Ayrımı,1
50699,Kavacık Yol Ayrımı,1
50712,Kavacık Yolu,5
50713,Kavacık Yolu,5
52610,Kavacık Çardak,1
52611,Kavacık Çardak,1
16415,Kavacık Çıkış,1
50703,Kavacık Çıkış,1
52614,Kavacık Üzüm,1
52615,Kavacık Üzüm,1
10119,Kavaflar,12
16811,Kavaflar 2,4
13632,Kavak,2
13633,Kavak,2
32301,Kavak,1
32302,Kavak,1
50810,Kavak,1
50811,Kavak,1
51343,Kavak Çayı,1
51346,Kavak Çayı,1
52222,Kavakdere Mezarlık,1
52223,Kavakdere Mezarlık,1
51879,Kavakdere Okul,1
51880,Kavakdere Okul,1
51339,Kavakdere Üçyol,1
51350,Kavakdere Üçyol,1
12490,Kavaklı,2
12491,Kavaklı,2
24168,Kavaklı,4
24169,Kavaklı Üçyol,4
30727,Kavaklıdere,2
30728,Kavaklıdere,2
30717,Kavaklıdere Köyü Cami,2
30718,Kavaklıdere Köyü Cami,2
30731,Kavaklıdere Mezarlık,2
30732,Kavaklıdere Mezarlık,2
32203,Kavaklıdere Çıkış,2
32204,Kavaklıdere Çıkış,2
41064,Kavun,1
41065,Kavun,1
32173,Kayabaşı Cami,1
32174,Kayabaşı Cami,1
31968,Kayadibi,1
31969,Kayadibi,1
31981,Kayadibi Doğa Park,1
31982,Kayadibi Doğa Park,1
32376,Kayadibi Giriş,1
32377,Kayadibi Giriş,1
31983,Kayadibi Köy Cami Yeni Son Durak,1
32481,Kayadibi Orman,1
32482,Kayadibi Orman,1
31984,Kayadibi Çevre,1
20071,Kayalar Mezarlığı,9
20072,Kayalar Mezarlığı,8
20531,Kayalık,5
20532,Kayalık,5
52019,Kayapınarı,1
52020,Kayapınarı,1
41331,Kayasuyu Cami,0
50311,Kaymakamlık İstasyon,1
50312,Kaymakamlık İstasyon,1
10632,Kaymakkuyu,11
10633,Kaymakkuyu,8
12597,Kaymakkuyu 1,3
12622,Kaymakkuyu 2,4
12623,Kaymakkuyu 2,1
14918,Kaymakçı Giriş,7
14919,Kaymakçı Giriş,7
14969,Kaymakçı Köprü,7
14970,Kaymakçı Köprü,7
16321,Kaymakçı Mezarlık,1
16322,Kaymakçı Mezarlık,1
14967,Kaymakçı Sanayi,7
14968,Kaymakçı Sanayi,7
14963,Kaymakçı Zafer,7
14964,Kaymakçı Zafer,7
14961,Kaymakçı Üçyol,7
14962,Kaymakçı Üçyol,7
12142,Kaynak,1
40116,Kaynak Parkı,1
40965,Kaynaklar Son Durak,1
40961,Kaynaklar İlköğretim Okulu,1
40962,Kaynaklar İlköğretim Okulu,1
50678,Kaynaktur,3
50679,Kaynaktur,3
51581,Kaynarpınar,1
51582,Kaynarpınar,1
51545,Kaynarpınar Huzur,1
51546,Kaynarpınar Huzur,1
16660,Kazangöl,1
16661,Kazangöl,1
22791,Kazıkbağları Merkez,3
22794,Kazıkbağları Merkez,3
11551,Kazım Dirik,20
11552,Kazım Dirik,20
16376,Kazım Dirik,7
16377,Kazım Dirik,7
30830,Kazım Dirik İlköğretim Okulu,1
30831,Kazım Dirik İlköğretim Okulu,1
23671,Kazım Karabekir Cami,1
23672,Kazım Karabekir Cami,1
12317,Kazım Karabekir Mahalle Muhtarlığı,1
12318,Kazım Karabekir Mahalle Muhtarlığı,1
50947,Kehribar,1
50948,Kehribar,1
11106,Kekliktepe,1
11115,Kekliktepe,1
50614,Kekliktepe,3
50615,Kekliktepe,3
16737,Keller Kırığı Küme Evleri,1
16738,Keller Kırığı Küme Evleri,1
23276,Kemal Atatürk Parkı,2
23277,Kemal Atatürk Parkı,2
20912,Kemal Hadımlı Ortaokulu,4
20913,Kemal Hadımlı Ortaokulu,4
12179,Kemal Reis,1
15521,Kemal Tahir,1
15522,Kemal Tahir,1
15968,Kemal Tahir,1
15969,Kemal Tahir,1
30770,Kemalpaşa,8
30771,Kemalpaşa,8
31575,Kemalpaşa Ara Yol,1
31576,Kemalpaşa Ara Yol,1
31616,Kemalpaşa Arıtma Tesisi,1
31617,Kemalpaşa Arıtma Tesisi,1
30851,Kemalpaşa Belediyesi,8
30854,Kemalpaşa Belediyesi,8
30755,Kemalpaşa Havuz,6
30756,Kemalpaşa Havuz,6
31626,Kemalpaşa Karakol,1
31627,Kemalpaşa Karakol,1
30948,Kemalpaşa Koleji,2
30949,Kemalpaşa Koleji,2
31624,Kemalpaşa Pazaryeri,1
31625,Kemalpaşa Pazaryeri,1
31622,Kemalpaşa Sevgi,1
31623,Kemalpaşa Sevgi,1
31612,Kemalpaşa Şantiye,1
31613,Kemalpaşa Şantiye,1
10358,Kemer,13
10359,Kemer 1,3
10361,Kemer 2,10
13340,Kemer Aktarma Merkezi,1
13341,Kemer Aktarma Merkezi,1
13343,Kemer Aktarma Merkezi,1
13344,Kemer Aktarma Merkezi,1
13345,Kemer Aktarma Merkezi,2
13346,Kemer Aktarma Merkezi,1
13347,Kemer Aktarma Merkezi,2
13348,Kemer Aktarma Merkezi,2
13349,Kemer Aktarma Merkezi,2
13351,Kemer Aktarma Merkezi,9
13352,Kemer Aktarma Merkezi,9
13548,Kemerkaya Evleri,4
13551,Kemerkaya Evleri,4
16142,Kent,4
16178,Kent,3
21550,Kent 2,5
21551,Kent 2,5
30670,Kent Bahçeleri,5
30673,Kent Bahçeleri,5
21116,Kent Hastanesi,4
21117,Kent Hastanesi,4
50399,Kent Koleji,4
50400,Kent Koleji,5
10321,Kent Müzesi,8
10322,Kent Müzesi,8
20461,Kentaş,3
20462,Kentaş,3
10716,Kereste Fabrikası,1
10725,Kereste Fabrikası,1
32184,Keresteciler,5
15921,Keresteciler Sitesi,3
15922,Keresteciler Sitesi,3
24419,Kesik Fabrika,2
24420,Kesik Fabrika,2
23217,Kesik Fabrikalar,2
23218,Kesik Fabrikalar,2
23209,Kesik Kanal,2
23210,Kesik Kanal,2
23211,Kesik Mavi,2
23212,Kesik Mavi,2
23215,Kesik Meydan,2
23216,Kesik Meydan,2
24175,Kesik Ova,2
24176,Kesik Ova,2
23219,Kesik Saha,2
23220,Kesik Saha,2
23207,Kesik Tarla,2
23208,Kesik Tarla,2
23213,Kesik Çocuk Bahçesi,2
23214,Kesik Çocuk Bahçesi,2
23928,Kestanepazarı,1
23929,Kestanepazarı,1
10226,Kestelli,8
10231,Kestelli,24
12205,Kestelli,7
12206,Kestelli,7
20824,Ketenci,3
20825,Ketenci,3
21569,Keyifli Yaşam Evleri,2
21570,Keyifli Yaşam Evleri,2
12199,Kilimci Tepe,10
12200,Kilimci Tepe,10
13039,Kip,1
13040,Kip,1
16487,Kiraz,1
16488,Kiraz,1
31954,Kiraz,1
31955,Kiraz,1
32006,Kiraz,1
32007,Kiraz,1
31618,Kiraz Ağacı,1
31619,Kiraz Ağacı,1
15936,Kiraz Devlet Hastanesi,1
15139,Kiraz Giriş,3
15140,Kiraz Giriş,3
15943,Kiraz Hükümet Konağı,1
15944,Kiraz Hükümet Konağı,1
15147,Kiraz Son Durak,2
15145,Kiraz Yeni Mahalle Cami,3
15146,Kiraz Yeni Mahalle Cami,3
32409,Kiraz Yolu,1
32410,Kiraz Yolu,1
15141,Kiraz İlçe Tarım  Müdürlüğü,3
15142,Kiraz İlçe Tarım  Müdürlüğü,3
50077,Kirazlı,11
50080,Kirazlı,11
15770,Kireli,1
15771,Kireli,1
15772,Kireli Giriş,1
15773,Kireli Giriş,1
41093,Koca Orman,1
41108,Koca Orman,1
23594,Koca Çeşme,2
23595,Koca Çeşme,2
51024,Koca Çınar,1
51025,Koca Çınar,1
51456,Kocabuk,3
51457,Kocabuk,3
51749,Kocagöl,3
51750,Kocagöl,3
11899,Kocakapı,2
11900,Kocakapı,1
23605,Kocamehmetler Yol Ayrımı,1
23606,Kocamehmetler Yol Ayrımı,1
11424,Kocatepe Zeytinlik,4
11425,Kocatepe Zeytinlik,4
51489,Kocaçay,12
51490,Kocaçay,12
24383,Kocaömerli Giriş,1
24384,Kocaömerli Giriş,1
24381,Kocaömerli Yol Ayrımı,1
24382,Kocaömerli Yol Ayrımı,1
24638,Kocaömerli Çınarağacı,1
24639,Kocaömerli Çınarağacı,1
24380,Kocaömerli İlkokulu,1
32454,Kodelya,1
32455,Kodelya,1
30024,Kokluca Mezarlığı,7
30025,Kokluca Mezarlığı,7
10668,Kolej,10
10669,Kolej,10
10727,Kolej,1
10728,Kolej,1
41351,Kolej,4
41352,Kolej,4
14114,Kolophon,1
14115,Kolophon,1
22751,Kombine,5
22754,Kombine,5
15886,Komutan,1
15889,Komutan,1
10030,Konak,2
10036,Konak,4
10037,Konak,2
10038,Konak,2
10039,Konak,1
10040,Konak,3
10041,Konak,1
14374,Konak,1
14375,Konak,1
15531,Konak,2
15532,Konak,2
16484,Konak,1
12068,Konak Anadolu Lisesi,15
12069,Konak Anadolu Lisesi,14
12119,Konak Ömer Lütfü Akad Ortaokulu,3
12126,Konak Ömer Lütfü Akad Ortaokulu,3
15768,Konserve Fabrikası,1
15769,Konserve Fabrikası,1
12826,Konut,1
12827,Konut,2
23531,Konutlar,2
23532,Konutlar,2
50382,Konutlar,8
50383,Konutlar,8
51989,Konutlar,1
51990,Konutlar,1
30879,Kooperatif,1
30880,Kooperatif,1
12456,Kooperatif Evleri Eski Son Durak,4
12457,Kooperatif Evleri Eski Son Durak,4
23336,Kooperatif Sitesi,1
23337,Kooperatif Sitesi,1
32417,Kordelya,1
32418,Kordelya,1
50276,Korsan Villa,1
50277,Korsan Villa,1
11016,Koru Sitesi,1
11017,Koru Sitesi,1
15548,Korucuk Yol Ayrımı,1
15549,Korucuk Yol Ayrımı,1
10228,Koruluk,8
10233,Koruluk,6
10235,Koruluk,18
10917,Koruluk,5
10918,Koruluk,5
15681,Koruluk,1
15682,Koruluk,1
14308,Koruluk 2,3
14309,Koruluk 2,3
50196,Korutürk,5
50199,Korutürk,7
23866,Kosova,1
23867,Kosova,1
12098,Kosova Mahallesi,1
15973,Kosova Mahallesi,1
24187,Kovankayası,1
24188,Kovankayası,1
30038,Koyuncu,9
21402,Koyundere,6
21403,Koyundere,6
21626,Koyundere Eski Son Durak,3
21627,Koyundere Eski Son Durak,3
24281,Koyundere Fatih Cami,3
24282,Koyundere Fatih Cami,3
21628,Koyundere Kahveler,4
21629,Koyundere Kahveler,4
21689,Koyundere Mera,2
21690,Koyundere Mera,2
21657,Koyundere Mezarlık,2
21688,Koyundere Mezarlık,2
22529,Koyundere Muhtarlık,1
22530,Koyundere Muhtarlık,1
21404,Koyundere İlkokulu,5
21405,Koyundere İlkokulu,4
21648,Koyundereli Hacı Mehmet Camii,3
21649,Koyundereli Hacı Mehmet Camii,3
21264,Koza Sitesi,1
23440,Kozak Bergama Yolu,3
23441,Kozak Bergama Yolu,3
23433,Kozak Caddesi,3
23434,Kozak Caddesi,3
23980,Kozak Maden,1
23981,Kozak Maden,2
23529,Kozak Yaylası,3
23530,Kozak Yaylası,3
23446,Kozak Yaşam Vadisi,3
23447,Kozak Yaşam Vadisi,3
32426,Kozalak,1
32427,Kozalak,1
40255,Kozağaç,1
40256,Kozağaç,2
41428,Kozağaç,2
41429,Kozağaç 2,1
23279,Kozbeyli At Çifliği,1
23280,Kozbeyli At Çifliği,1
21931,Kozbeyli Giriş,1
21932,Kozbeyli Giriş,1
22294,Kozbeyli Karanfil,1
22295,Kozbeyli Karanfil,1
21933,Kozbeyli Meydan,2
21934,Kozbeyli Meydan,2
23895,Kozbeyli Ova,2
23896,Kozbeyli Ova,2
22292,Kozbeyli Çamlık,1
22293,Kozbeyli Çamlık,1
23891,Kozbeyli İlkokulu,2
23892,Kozbeyli İlkokulu,2
15501,Kozpınar,2
15502,Kozpınar,2
40199,Koşu Yolu,4
40200,Koşu Yolu,4
40195,Koşuyolu,3
40196,Koşuyolu,3
40430,Kreş,1
20500,Kubilay,4
24127,Kubilay,1
24231,Kubilay,4
21487,Kule,1
21488,Kule,1
32404,Kumova,1
32405,Kumova,1
21585,Kumtepe,4
21586,Kumtepe,4
22983,Kurfallı,3
22984,Kurfallı,3
14392,Kurtuluş,1
14393,Kurtuluş,1
14699,Kurtuluş,8
14700,Kurtuluş,8
23386,Kurtuluş Camii,1
23387,Kurtuluş Camii,1
20597,Kurtuluş İpek İşeri İlköğretim Okulu,2
20598,Kurtuluş İpek İşeri İlköğretim Okulu,2
13620,Kuru Dere,2
13621,Kuru Dere,2
14957,Kurucaova,7
14958,Kurucaova,7
14959,Kurucaova Tarla,7
14960,Kurucaova Tarla,7
14915,Kurucuova Benzinlik,7
14916,Kurucuova Benzinlik,7
16326,Kurucuova Mezarlık,1
16327,Kurucuova Mezarlık,1
16336,Kurucuova Muhtarlık,1
16337,Kurucuova Muhtarlık,1
16536,Kurucuova Ova,8
16537,Kurucuova Ova,7
16323,Kurucuova Son Durak,1
16330,Kurucuova Trafo,1
16331,Kurucuova Trafo,1
16152,Kurucuova Çiftlik,7
16151,Kurucuova Çifttlik,7
16340,Kurucuova Üçyol,1
16341,Kurucuova Üçyol,1
16324,Kurucuova İlköğretim Okulu,1
16325,Kurucuova İlköğretim Okulu,1
14116,Kurudere,1
14117,Kurudere,1
13907,Kurutaş,2
13908,Kurutaş,2
40866,Kuruçeşme,3
40835,Kuruçeşme Merkez Cami,2
40865,Kuruçeşme Merkez Cami,1
16120,Kurşak Yolu,1
16121,Kurşak Yolu,1
15804,Kutsan,1
15805,Kutsan,1
21155,Kutup Yıldızı,3
21156,Kutup Yıldızı,3
12215,Kuyu,8
12216,Kuyu,8
13602,Kuyucak,1
13603,Kuyucak,1
31740,Kuyucak Meydan,1
31741,Kuyucak Meydan,1
15980,Kuyucak Yolu,1
15981,Kuyucak Yolu,1
31738,Kuyucak İlkokulu,1
31739,Kuyucak İlkokulu,1
20481,Kuyumcu Abdullah Altınçubuk İlkokulu,7
30508,Kuzey,1
30509,Kuzey,3
23794,Kuzey Şehir,1
23795,Kuzey Şehir,1
23796,Kuzey Şehir Üst Yol,1
23797,Kuzey Şehir Üst Yol,1
40287,Kuzucuoğlu,3
40288,Kuzucuoğlu,3
51867,Kuzyaka,1
51868,Kuzyaka,1
20358,Kuğu,3
20359,Kuğu,3
13560,Kuşadası Caddesi,12
13563,Kuşadası Caddesi,12
11008,Kuşadası Yol Ayrımı,1
11009,Kuşadası Yol Ayrımı,1
21885,Kuşburnu,2
21886,Kuşburnu,2
10832,Kuşcuburun Barbaros Ortaokulu,6
10833,Kuşcuburun Barbaros Ortaokulu.,6
11519,Kuşcuburun İp Fabrikası,1
11520,Kuşcuburun İp Fabrikası,1
41111,Kuşluk,1
41112,Kuşluk,1
15905,Kuşçu,1
15906,Kuşçu,1
11516,Kuşçuburun Aktarma,1
11521,Kuşçuburun Depolar,1
11522,Kuşçuburun Depolar,1
10830,Kuşçuburun Karayolları,6
10831,Kuşçuburun Karayolları,6
50973,Kuşçular Orman Yangın Ekibi,1
50974,Kuşçular Orman Yangın Ekibi,1
50971,Kuşçular Ova İlkokulu,1
50972,Kuşçular Ova İlkokulu,1
52110,Kuşçular Santral,1
52111,Kuşçular Santral,1
50953,Kuşçular Sera,1
50954,Kuşçular Sera,1
50943,Kuşçular yol ayrımı,2
50944,Kuşçular yol ayrımı,2
21248,Kyk Çiğli Öğrenci Yurdu,2
21249,Kyk Çiğli Öğrenci Yurdu,2
15129,Köfündere,3
15130,Köfündere,4
16285,Köfündere Giriş,1
16275,Köfündere Küme Evler,1
16276,Köfündere Küme Evler,1
16274,Köfündere Meydan,1
16387,Köfündere Mezarlık,1
16388,Köfündere Mezarlık,1
15460,Köfündere Çiftlik,3
15461,Köfündere Çiftlik,3
20873,Kömürcü,1
20874,Kömürcü,1
10161,Köprü,1
10162,Köprü,1
13903,Köprü,2
13904,Köprü,2
14406,Köprü,1
14407,Köprü,1
20640,Köprü,5
20643,Köprü,5
24640,Köprü,3
24641,Köprü,3
30544,Köprü,3
30998,Köprü,7
40947,Köprü,1
40948,Köprü,1
50232,Köprü,1
50233,Köprü,1
50037,Köprübaşı,16
50038,Köprübaşı,16
20049,Körfez,10
20050,Körfez,12
52549,Körfez,1
52550,Körfez,1
22041,Körfez Evleri,2
22042,Körfez Evleri,2
22037,Körfez Evleri Giriş,3
22038,Körfez Evleri Giriş,3
22044,Körfez Evleri Son Durak,2
22039,Körfez Koru Evleri,2
22040,Körfez Koru Evleri,2
20856,Körfez Köy,6
20857,Körfez Köy,6
22035,Körfez Mahallesi,3
22036,Körfez Mahallesi,3
51585,Köseder Yol Ayrımı,1
51586,Köseder Yol Ayrımı,1
52483,Kösedere,1
52570,Kösedere,1
52559,Kösedere Ağaçlıyol,1
52560,Kösedere Ağaçlıyol,1
52527,Kösedere Manzara,1
52528,Kösedere Manzara,1
52481,Kösedere Mezarlık,1
52482,Kösedere Mezarlık,1
52521,Kösedere Muhtarlık,1
52522,Kösedere Muhtarlık,1
52525,Kösedere Restoran,1
52526,Kösedere Restoran,1
52531,Kösedere Tarla,1
52532,Kösedere Tarla,1
52535,Kösedere Yol Ayrımı,1
52536,Kösedere Yol Ayrımı,1
52529,Kösedere Zeytinlik,1
52530,Kösedere Zeytinlik,1
52479,Kösedere Çıkış,1
52480,Kösedere Çıkış,1
52523,Kösedere Çıkış,1
52524,Kösedere Çıkış,1
10990,Köseoğlu,1
10991,Köseoğlu,1
24091,Köy Yolu,1
24092,Köy Yolu,1
20902,Köyiçi Mahallesi Muhtarlık,4
12496,Köşe,1
12497,Köşe,1
12545,Köşe,1
12546,Köşe,1
12716,Köşe,3
12719,Köşe,3
12761,Köşe,1
13041,Köşe,1
13042,Köşe,1
15907,Köşe,1
15908,Köşe,1
31095,Köşe,5
31096,Köşe,5
31328,Köşe,1
31329,Köşe,1
32313,Köşe,3
32314,Köşe,3
40322,Köşe,1
40323,Köşe,1
40778,Köşe,2
40779,Köşe,2
41028,Köşe,1
41029,Köşe,1
50469,Köşe,4
50470,Köşe,4
16482,Köşem Parkı,1
50258,Köşk,1
50259,Köşk,1
24162,Köşk Düzü Cami,2
24163,Köşk Düzü Cami,2
23738,Kübra,1
23739,Kübra,1
12406,Kültür,2
12409,Kültür,2
24028,Kültür Merkezi,3
24079,Kültür Merkezi,4
52555,Kültür Merkezi,1
52556,Kültür Merkezi,1
11024,Kültür Çarşısı,2
11029,Kültür Çarşısı,2
10353,Kültürpark,2
15005,Kültürpark Kavşak,9
15006,Kültürpark Kavşak,9
16446,Küme Evler,6
16447,Küme Evler,6
16702,Küme Evler,1
16703,Küme Evler,1
24164,Küme Evler,2
24165,Küme Evler,2
32235,Küme Evler,1
32236,Küme Evler,1
13743,Küme Evleri,1
13744,Küme Evleri,1
15729,Küner Kavşak,1
15730,Küner Kavşak,1
15725,Küner Küme Evler,1
15726,Küner Küme Evler,1
10964,Küner Yol Ayrımı,5
10965,Küner Yol Ayrımı,5
15723,Küner Yolu,1
15724,Küner Yolu,1
15766,Kürdüllü Giriş,1
15767,Kürdüllü Giriş,1
14152,Kürnek Mevki,1
14153,Kürnek Mevki,1
51553,Kütlücek,1
51554,Kütlücek,1
52108,Kütük Minare Cami,1
52109,Kütük Minare Cami,1
40891,Kütüphane,14
40892,Kütüphane,14
51509,Kütüphane,3
51512,Kütüphane,3
51036,Küçük Akkum,1
51037,Küçük Akkum,1
23870,Küçük Ayani Koyu,1
23871,Küçük Ayani Koyu,1
13737,Küçük Ev,1
13738,Küçük Ev,1
11288,Küçük Köprü,1
11289,Küçük Köprü,1
10899,Küçük Menderes Nehri,2
10904,Küçük Menderes Nehri,2
10559,Küçük Park,1
12464,Küçük Trafo,5
12465,Küçük Trafo,5
21741,Küçük Çay,1
21742,Küçük Çay,1
20091,Küçük Çiğli,12
20092,Küçük Çiğli,12
52205,Küçükbahçe,1
52206,Küçükbahçe,1
52287,Küçükbahçe Giriş,1
52288,Küçükbahçe Giriş,1
52207,Küçükbahçe Plajı,1
52228,Küçükbahçe Yol Ayrımı,1
52229,Küçükbahçe Yol Ayrımı,1
52236,Küçükbahçe Çiftlik,1
52237,Küçükbahçe Çiftlik,1
16067,Küçükkale,1
16068,Küçükkale,1
22993,Küçükkaya,8
22996,Küçükkaya,8
50701,Küçükkaya Köyü,1
50702,Küçükkaya Köyü,1
52180,Küçükkaya Manzara,1
52181,Küçükkaya Manzara,1
52600,Küçükkaya Pansiyon,1
52601,Küçükkaya Pansiyon,1
52598,Küçükkaya Yol Ayrımı,1
52599,Küçükkaya Yol Ayrımı,1
40794,Kıbrıs Sineması,2
40795,Kıbrıs Sineması,2
11975,Kıbrıs Şehitleri İlkokulu,1
11976,Kıbrıs Şehitleri İlkokulu,1
15660,Kılıç,1
15661,Kılıç,1
21636,Kılıçkent,2
21637,Kılıçkent,2
11247,Kınalıtaş,1
11248,Kınalıtaş,1
23681,Kınık Havuz,2
23682,Kınık Havuz,2
24387,Kınık K1 Tipi Cezaevi,1
24388,Kınık K1 Tipi Cezaevi,1
23153,Kınık Kaymakamlık,2
23154,Kınık Kaymakamlık,2
23767,Kınık Kız Yurdu,2
23768,Kınık Kız Yurdu,2
23365,Kınık Mesleki ve Teknik Anadolu Lisesi,2
23366,Kınık Mesleki ve Teknik Anadolu Lisesi,2
23135,Kınık Ocak,2
23136,Kınık Ocak,2
23996,Kınık Orman İşletme,2
23997,Kınık Orman İşletme,2
23151,Kınık Sanayi,2
23152,Kınık Sanayi,2
23147,Kınık Stad,2
23148,Kınık Stad,2
24385,Kınık Tavuk Çitliği,1
24386,Kınık Tavuk Çitliği,1
23149,Kınık Ulu Cami,2
23150,Kınık Ulu Cami,2
24494,Kınık Zeytinlik,1
24495,Kınık Zeytinlik,1
24390,Kınık Çok Programlı Anadolu Lisesi,2
24391,Kınık Çok Programlı Anadolu Lisesi,2
50528,Kıpkıp,1
50531,Kıpkıp,1
15738,Kır Düğün Salonu,1
15740,Kır Düğün Salonu,1
31571,Kır Düğün Salonu,1
31572,Kır Düğün Salonu,1
23667,Kır Mahalle Giriş,2
23668,Kır Mahalle Giriş,2
22336,Kır Mahalle Girişi,1
22337,Kır Mahalle Girişi,1
20869,Kıraathane,1
20870,Kıraathane,1
23515,Kıranlı Merkez,1
24146,Kıranlı Çıkış,1
24147,Kıranlı Çıkış,1
11703,Kırbaş Giriş,1
11704,Kırbaş Giriş,1
15490,Kırbaş Meydan,1
11707,Kırbaş Son Durak,1
15489,Kırbaş Üçyol,1
30875,Kırcanlar,1
30876,Kırcanlar,1
41032,Kırklar Meydan,1
41033,Kırklar Okul,1
11232,Kırkpınar,3
11233,Kırkpınar,3
24241,Kırlangıç,3
24242,Kırlangıç,3
13043,Kısık Köy,1
10775,Kısık Sanayi Estim,5
15431,Kısıkköy Altyol,4
15432,Kısıkköy Altyol,1
15950,Kısıkköy Giriş Alt Yol,3
15949,Kısıkköy Sanayi Estim,3
52262,Kıyı Yolu,1
52263,Kıyı Yolu,1
10145,Kız Lisesi,4
10146,Kız Lisesi,7
10240,Kız Yurdu,31
10241,Kız Yurdu,15
30747,Kızıl Üzüm,2
30748,Kızıl Üzüm,2
31536,Kızılay Kan Merkezi,2
31537,Kızılay Kan Merkezi,2
32469,Kızılay Mahallesi,1
20822,Kızılağaç,3
20823,Kızılağaç,3
16528,Kızılcaağaç Giriş,1
16529,Kızılcaağaç Giriş,1
16526,Kızılcaağaç Kümeevler,1
16527,Kızılcaağaç Kümeevler,1
16525,Kızılcaağaç Meydan,1
16485,Kızılcaağaç Çıkış,1
16486,Kızılcaağaç Çıkış,1
14979,Kızılcahavlu,3
14980,Kızılcahavlu,4
14923,Kızılcahavlu Çıkış,3
14924,Kızılcahavlu Çıkış,3
11756,Kızılcaova,5
11757,Kızılcaova,6
13723,Kızılcaova Giriş,1
13726,Kızılcaova Giriş,1
13746,Kızılcaova Kurtuluş,1
13747,Kızılcaova Kurtuluş,1
13721,Kızılcaova Merkez,2
13724,Kızılcaova Merkez,1
13768,Kızılcaova Yol Ayrımı,1
13769,Kızılcaova Yol Ayrımı,1
13770,Kızılcaova Yolu,1
13771,Kızılcaova Yolu,1
16793,Kızılcaova Çiftlik,1
16794,Kızılcaova Çiftlik,1
13719,Kızılcaova Çıkış,1
13722,Kızılcaova Çıkış,1
13772,Kızılcaova İstiklal,1
13773,Kızılcaova İstiklal,1
10637,Kızılcık,7
10638,Kızılcık,8
30473,Kızılcık,4
41166,Kızılkanat,3
41167,Kızılkanat,3
16726,Kızılkeçili Meydan,1
16497,Kızıloba Giriş,1
16498,Kızıloba Giriş,1
15438,Kızıloba Ilıca Giriş,2
15439,Kızıloba Ilıca Giriş,2
16499,Kızıloba Meydan,1
14012,Kızıloba yol ayrımı,2
14013,Kızıloba yol ayrımı,2
32139,Kızılüzüm,1
32137,Kızılüzüm Giriş,1
32138,Kızılüzüm Giriş,1
16031,Kışla Mahallesi,9
16032,Kışla Mahallesi,9
10707,Kışlalı,2
10708,Kışlalı,2
16439,Kışlalı Kümesi,9
24161,Kışlalı Kümesi,8
51396,Ladin,1
51397,Ladin,1
32089,Laka Cami,1
32090,Laka Cami,1
32084,Laka Eski Son Durak,1
32085,Laka Eski Son Durak,1
32082,Laka Köprü,1
32083,Laka Köprü,1
32091,Laka Yeni Son Durak,1
12906,Lale,2
12907,Lale,2
21939,Lale,1
21940,Lale,1
40798,Lale,2
40799,Lale,2
16045,Lale Park,1
16046,Lale Park,1
31300,Lale Tepe Cami,5
31301,Lale Tepe Cami,5
12865,Lalepaşa Cami,3
12866,Lalepaşa Cami,3
13262,Lavanta,4
13263,Lavanta,4
15505,Lavanta,1
15506,Lavanta,1
41076,Lavanta,1
41077,Lavanta,1
11952,Levent,3
11941,Levent Depo,3
11942,Levent Depo,3
30419,Levent Kara Sağlık Ocağı,3
30420,Levent Kara Sağlık Ocağı,3
11939,Levent Çeşme,3
11940,Levent Çeşme,3
12147,Leventtepe Selamet Cami,1
12148,Leventtepe Selamet Cami,1
10662,Leylak,16
10663,Leylak,16
12914,Leylak,2
12915,Leylak,2
13260,Leylak,4
13261,Leylak,4
13610,Leylak,1
13611,Leylak,1
20422,Leylak,2
20423,Leylak,2
21211,Lider,0
41329,Lider,0
13960,Lilyum,2
13961,Lilyum,2
10424,Liman,5
10425,Liman,6
50085,Liman,10
50090,Liman,10
50063,Liman Reis,11
50066,Liman Reis,11
16400,Limon,1
16401,Limon,1
32431,Limon Servi,1
32432,Limon Servi,1
12529,Limontepe,2
15662,Limontepe,1
12512,Limontepe Cami,2
12515,Limontepe Cami,2
15453,Limontepe Merkez Cami,1
12518,Limontepe Pazar Yeri,2
12521,Limontepe Pazaryeri,2
12437,Limontepe Seniye-Hasan Saray İlkokulu,8
12438,Limontepe Seniye-Hasan Saray İlkokulu,8
23710,Lise,2
24484,Lise,1
24485,Lise,1
24679,Lise,1
15671,Lodos,1
15672,Lodos,1
51974,Lodos,1
51997,Lodos,1
41021,Lojmanlar,1
41022,Lojmanlar,1
41347,Lojmanlar,1
41348,Lojmanlar,1
50051,Lojmanlar,12
50052,Lojmanlar,12
50260,Lojmanlar,1
50261,Lojmanlar,1
10327,Lozan,2
10332,Lozan,2
20223,Lunapark,1
20224,Lunapark,1
51018,LÖSEV Doğa Çiftliği,1
51019,LÖSEV Doğa Çiftliği,1
16722,Lütuflar Meydan,1
16723,Lütuflar Meydan,1
16181,M.Akif ERSOY İÖO,1
16182,M.Akif ERSOY İÖO,1
16140,M.Kemal Kürekçi Parkı,1
16141,M.Kemal Kürekçi Parkı,1
23317,MKE Aliağa Hurda Müdürlüğü,4
23318,MKE Aliağa Hurda Müdürlüğü,4
30018,MTK Birinci Giriş,8
30019,MTK Birinci Giriş,8
30402,MTK Giriş,2
30403,MTK Giriş,2
30406,MTK Trafo,2
30407,MTK Trafo,2
30412,MTK Çarşısı,4
30413,MTK Çiçek,2
30414,MTK Çiçek,2
30021,MTK İkinci Giriş,8
23785,Maarif Sokak,2
23786,Maarif Sokak,2
50532,Mab Sitesi,1
50535,Mab Sitesi,1
24197,Maden,1
24198,Maden,2
52230,Maden,1
52231,Maden,1
52248,Maden,1
52251,Maden,1
31271,Mahfel,5
31272,Mahfel,5
11124,Mahkeme Tepesi,1
11125,Mahkeme Tepesi,1
15234,Mahmutlar,1
15235,Mahmutlar,1
32421,Makina,1
32422,Makina,1
51947,Makine,2
51948,Makine,2
20047,Makine Mühendisleri Odası,12
20048,Makine Mühendisleri Odası,12
41044,Malazgirt,1
41045,Malazgirt,1
31298,Malazgirt İlköğretim Okulu,5
31299,Malazgirt İlköğretim Okulu,5
21847,Malaçay,2
21848,Malaçay,2
30350,Maliye,3
30353,Maliye,3
12343,Maliyeciler,1
12346,Maliyeciler,1
12427,Maliyeciler,5
12428,Maliyeciler,5
15859,Maliyeciler Park,1
16010,Maliyeciler Park,1
16009,Maliyeciler Son Durak,1
15252,Maltepe,2
15253,Maltepe,2
20867,Maltepe,1
20868,Maltepe,1
24167,Maltepe,7
50067,Maltepe,11
50070,Maltepe,11
50222,Maltepe,2
50223,Maltepe,2
22562,Maltepe Arıtma Tesisi,3
22563,Maltepe Arıtma Tesisi,3
22573,Maltepe Cami,1
22574,Maltepe Cami,1
22571,Maltepe Cumhuriyet,1
22572,Maltepe Cumhuriyet,1
22569,Maltepe Gediz,1
22570,Maltepe Gediz,1
20865,Maltepe Giriş,1
20866,Maltepe Giriş,1
21611,Maltepe Giriş,3
21614,Maltepe Giriş,3
21789,Maltepe Kubilay,4
21790,Maltepe Kubilay,4
21807,Maltepe Köşe,4
21808,Maltepe Köşe,4
21622,Maltepe Mezarlık,1
21623,Maltepe Mezarlık,1
21613,Maltepe Ortaokulu,3
21624,Maltepe Ortaokulu,3
21717,Maltepe Saha,1
21718,Maltepe Saha,1
22575,Maltepe Sevgi,1
22576,Maltepe Sevgi,1
50873,Maltepe Sitesi,1
50874,Maltepe Sitesi,1
21791,Maltepe Son Durak,4
21792,Maltepe Son Durak,4
23918,Maltepe Su,1
23919,Maltepe Su,1
22564,Maltepe Çiftlik,3
22565,Maltepe Çiftlik,3
22560,Maltepe Üçyol,2
22561,Maltepe Üçyol,2
22566,Maltepe Üçyol,3
22567,Maltepe Üçyol,3
51622,Manal,1
51623,Manal,1
30285,Manas,14
30286,Manas,14
12867,Manav,3
12868,Manav,3
30765,Manav,8
30767,Manav,8
11148,Mandalin,4
11149,Mandalin,4
51012,Mandalina,2
51013,Mandalina,2
16671,Mandalina Bahçesi,1
16672,Mandalina Bahçesi,1
13068,Mandıra,1
13069,Mandıra,1
20636,Mandıra,1
21278,Manolya,2
21279,Manolya,2
31522,Manolya,2
31529,Manolya,2
40416,Manolya,4
40417,Manolya,4
40832,Manolya,2
40833,Manolya,2
50652,Manolya,3
50653,Manolya,3
51246,Manolya,1
51247,Manolya,1
51335,Manolya,1
51354,Manolya,1
12380,Manolya Parkı,1
12383,Manolya Parkı,1
21540,Manzara,4
21541,Manzara,4
31334,Manzara,1
31335,Manzara,1
41146,Manzara,4
41147,Manzara,4
52017,Manzara,1
52018,Manzara,1
52074,Manzara,1
52075,Manzara,1
52618,Manzara,1
52619,Manzara,1
31814,Mapaz,1
31815,Mapaz,1
11234,Marangoz,1
11237,Marangoz,1
20718,Marangoz,3
20719,Marangoz,2
40179,Marangoz,1
11537,Market,4
11538,Market,4
12779,Market,2
12780,Market,1
12806,Market,1
12809,Market,1
16338,Market,1
16339,Market,1
20603,Market,2
20604,Market,2
21523,Market,3
21524,Market,3
23804,Market,1
24016,Market,1
24546,Market,1
30491,Market,2
30684,Market,5
30685,Market,5
32087,Market,1
32088,Market,1
50397,Market,4
50398,Market,4
50682,Market,3
50683,Market,3
20362,Martı,3
20363,Martı,3
20735,Martı Parkı,2
20736,Martı Parkı,2
52333,Martı Sitesi,1
52334,Martı Sitesi,1
23780,Masal Evi,2
14206,Masal Konutları,1
16872,Masal Konutları,1
41330,Mask,0
30749,Master,2
30750,Master,2
30962,Matbaa,5
30963,Matbaa,12
32388,Mavi Boncuk,1
32389,Mavi Boncuk,1
13985,Mavi Deniz,1
13986,Mavi Deniz,1
51398,Mavi Deniz,1
51399,Mavi Deniz,1
22789,Mavi Kent,3
22792,Mavi Kent,3
22773,Mavi Köşe,4
22776,Mavi Köşe,4
30993,Mavi Köşe,5
30994,Mavi Köşe,5
31316,Mavi Köşe,2
31317,Mavi Köşe,2
41138,Mavi Köşe,2
41139,Mavi Köşe,2
50824,Mavi Plaj,1
50825,Mavi Plaj,1
13576,Maviçiçek,2
13577,Maviçiçek,2
20338,Mavişehir,15
20339,Mavişehir,18
22190,Mavişehir Aktarma Merkezi,3
22192,Mavişehir Aktarma Merkezi,0
20356,Mavişehir Dört Yol,4
20357,Mavişehir Dört Yol,4
11012,Maydanoz,1
11013,Maydanoz,1
11014,Maydanoz Çıkış,1
11015,Maydanoz Çıkış,1
15123,Medeniyet,4
15124,Medeniyet,4
16403,Medeniyet,4
16404,Medeniyet,4
31366,Mehmet Akif Cami,6
31367,Mehmet Akif Cami,6
23539,Mehmet Akif Ersoy,1
24193,Mehmet Akif Ersoy,1
24194,Mehmet Akif Ersoy,1
24549,Mehmet Akif Ersoy,1
13676,Mehmetcik,2
13677,Mehmetcik,2
16071,Mehmetler,1
16072,Mehmetler,1
16745,Mehmetler Mezarlığı,1
16746,Mehmetler Mezarlığı,1
10503,Mehmetçik,8
10506,Mehmetçik,4
20929,Mehmetçik,3
20930,Mehmetçik,3
22137,Mehmetçik,2
22138,Mehmetçik,2
40514,Mehmetçik,3
40515,Mehmetçik,3
21869,Mehmetçik Parkı,2
21870,Mehmetçik Parkı,2
40694,Mehtap Mahallesi Kahveler,1
40695,Mehtap Mahallesi Kahveler,1
10153,Mektupçu,1
10168,Mektupçu,1
12181,Mektupçu,1
23719,Melek,1
24413,Melikşah,1
30533,Meltem,3
30534,Meltem,3
21945,Meltem Sitesi,4
21946,Meltem Sitesi,4
12470,Memiş Kahya,6
12471,Memiş Kahya,6
10950,Menderes Adliye Sarayı,5
10951,Menderes Adliye Sarayı,5
13274,Menderes Altgeçit,2
13275,Menderes Altgeçit,2
10713,Menderes Anadolu Lisesi,8
10714,Menderes Anadolu Lisesi,8
10719,Menderes Belediyesi,8
10720,Menderes Belediyesi,8
16219,Menderes Damlar,1
16220,Menderes Damlar,1
16195,Menderes Devlet Hastanesi,1
16196,Menderes Devlet Hastanesi,1
16803,Menderes Devlet Hastanesi 2,1
16804,Menderes Devlet Hastanesi 2,1
15572,Menderes Düğün Salonu,2
15573,Menderes Düğün Salonu,5
16209,Menderes Jandarma,1
16210,Menderes Jandarma,1
16228,Menderes Meslek Lisesi,1
16227,Menderes Meslek lisesi,1
10932,Menderes Nikah Sarayı,7
10933,Menderes Nikah Sarayı,7
16229,Menderes Oto Sanayi,1
16230,Menderes Oto Sanayi,1
10711,Menderes Park,7
10712,Menderes Park,7
11258,Menderes Pazar Yeri,11
11259,Menderes Pazar Yeri,11
15562,Menderes SGK,5
15563,Menderes SGK,6
10726,Menderes Sanayi,5
10715,Menderes Sağlık Ocağı,8
11250,Menderes Sağlık Ocağı,8
15564,Menderes Son Durak,5
16194,Menderes Son Durak,2
11254,Menderes Stadyum,10
11255,Menderes Stadyum,10
10721,Menderes Ziraat Odası,7
10703,Menderes sanayi,6
10942,Menderes Çevre Yolu,5
10947,Menderes Çevre Yolu,5
14993,Menderes Üçyol,3
14994,Menderes Üçyol,3
11252,Menderes İnönü,10
11253,Menderes İnönü,10
11236,Menekşe,1
11239,Menekşe,1
13124,Menekşe,1
13125,Menekşe,1
13598,Menekşe,1
13599,Menekşe,1
40802,Menekşe,4
40803,Menekşe,4
24226,Menekşe Parkı Son Durak,2
22255,Menemen Aktarma Merkezi,2
22256,Menemen Aktarma Merkezi,2
22257,Menemen Aktarma Merkezi,5
22258,Menemen Aktarma Merkezi,4
23802,Menemen Aktarma Merkezi,2
22125,Menemen Cezaevi,1
22128,Menemen Cezaevi,1
23677,Menemen Cumhuriyet Ortaokulu,2
23678,Menemen Cumhuriyet Ortaokulu,2
21674,Menemen Devlet Hastanesi,4
21675,Menemen Devlet Hastanesi,4
24412,Menemen Devlet Hastanesi,1
21687,Menemen Devlet Hastanesi Acil,2
21713,Menemen Devlet Hastanesi Kavşak,8
23604,Menemen Devlet Hastanesi Kavşak,8
24288,Menemen Eski Sanayi,4
24289,Menemen Eski Sanayi,4
22458,Menemen Fidanlık,2
22459,Menemen Fidanlık,2
23976,Menemen Garaj,11
24192,Menemen Garaj,11
22370,Menemen Garaj Karşısı,15
22371,Menemen Garaj Karşısı,15
23758,Menemen Gençlik Eğitim,1
23759,Menemen Gençlik Eğitim,1
21416,Menemen Jandarma,11
21417,Menemen Jandarma,11
22454,Menemen Karakol,4
22455,Menemen Karakol,4
21608,Menemen Serbest Bölge,1
21621,Menemen Serbest Bölge,1
23750,Menemen Stadı,1
23751,Menemen Stadı,1
22364,Menemen Toplum Sağlığı Merkezi,15
22365,Menemen Toplum Sağlığı Merkezi,15
21418,Menemen Üst Geçit,11
21419,Menemen Üst Geçit,11
21703,Menemen İZSU,3
21706,Menemen İZSU,3
23724,Menemen İmam-Hatip Ortaokulu,4
23725,Menemen İmam-Hatip Ortaokulu,4
23536,Menemen İzban,8
22390,Menemen Şehir Parkı,15
22391,Menemen Şehir Parkı,15
21953,Mercan,4
21954,Mercan,4
52198,Mercankoyu Sitesi Giriş,1
52199,Mercankoyu Sitesi Giriş,1
21603,Merdivenli Park,3
21606,Merdivenli Park,3
40684,Merdivenli Yol,1
40685,Merdivenli Yol,1
30020,Meriç Mahallesi Çeşme,8
11041,Merkez Bankası Tesisleri,2
11098,Merkez Bankası Tesisleri,2
11382,Merkez Cami,2
11383,Merkez Cami,2
15663,Merkez Cami,3
15664,Merkez Cami,3
30425,Merkez Cami,4
30426,Merkez Cami,4
50159,Merkez Cami,5
31661,Merkez Cumalı,1
30475,Merkez Mahallesi Muhtarlık,4
13495,Merkez Sokak,3
13496,Merkez Sokak,3
21756,Merkez İlköğretim Okulu,3
21757,Merkez İlköğretim Okulu,3
16029,Mermer Fabrikası,3
16030,Mermer Fabrikası,3
16124,Mermer Fabrikası,1
16125,Mermer Fabrikası,1
12341,Mermerci,7
12344,Mermerci,7
21709,Mermerci,3
21712,Mermerci,3
30343,Mermerci,3
40180,Mermerci,1
51941,Mermerci,7
51942,Mermerci,7
13964,Mersincik Mevki,1
13965,Mersincik Mevki,1
30133,Mersinli,16
30134,Mersinli,11
30200,Mersinli Cami,3
10788,Mersinli Kahve Cami,5
10789,Mersinli Kahve Cami,5
12036,Mersinpınar,1
12033,Mersinpınar Köşe,1
12034,Mersinpınar Köşe,1
24006,Mert Öztüre İlkokulu,3
24007,Mert Öztüre İlkokulu,2
32212,Merve Cami,1
32213,Merve Cami,1
11053,Meryem  Ana,4
11048,Meryem Ana,4
50670,Meryem Sitesi,3
50671,Meryem Sitesi,3
30483,Mescid-i Aksa Cami,1
30484,Mescid-i Aksa Cami,1
16490,Mesire Alanı,1
16491,Mesire Alanı,1
15622,Meslek Fabrikası,2
24026,Meslek Lisesi,3
23401,Meslek Yüksek Okulu,3
23402,Meslek Yüksek Okulu,3
30639,Metal,3
30640,Metal,3
30045,Metaş,6
31097,Metaş İlköğretim Okulu,5
31098,Metaş İlköğretim Okulu,5
11454,Meteroloji,1
11455,Meteroloji,1
20201,Metin Aşıkoğlu Ortaokulu,18
20202,Metin Aşıkoğlu Ortaokulu,18
12425,Metin Oktay Mahallesi Muhtarlığı,2
12426,Metin Oktay Mahallesi Muhtarlığı,2
21216,Metro,1
21221,Metro,1
21542,Metrokent,4
21543,Metrokent,4
32095,Mevlan Parkı,1
32096,Mevlan Parkı,1
41090,Mevlana,1
41091,Mevlana,1
23374,Mevlana Anaokulu,1
23375,Mevlana Anaokulu,1
12820,Mevlana Cami,3
12821,Mevlana Cami,3
40510,Mevlana Heykeli,3
40511,Mevlana Heykeli,3
30603,Mevlana Mahallesi Cami,4
30604,Mevlana Mahallesi Cami,4
31515,Mevlana Parkı,1
31516,Mevlana Parkı,1
10605,Mevlüt Aysun Özer İlkokulu,4
10606,Mevlüt Aysun Özer İlkokulu,4
13429,Meydan,1
13430,Meydan,1
15799,Meydan,1
20737,Meydan,2
20738,Meydan,2
23396,Meydan,3
32209,Meydan,1
21329,Meydan Yolu,5
21330,Meydan Yolu,5
11324,Mezarlık,1
11325,Mezarlık,1
11705,Mezarlık,1
11706,Mezarlık,1
11786,Mezarlık,6
11787,Mezarlık,6
13084,Mezarlık,1
13085,Mezarlık,1
14418,Mezarlık,1
14419,Mezarlık,1
15712,Mezarlık,1
15713,Mezarlık,1
15882,Mezarlık,1
15885,Mezarlık,1
30054,Mezarlık,2
30063,Mezarlık,2
30377,Mezarlık,3
30445,Mezarlık,1
30446,Mezarlık,1
30623,Mezarlık,1
30624,Mezarlık,1
31643,Mezarlık,1
31674,Mezarlık,1
31972,Mezarlık,1
31973,Mezarlık,1
41015,Mezarlık,1
41016,Mezarlık,1
24017,Mezarlık 1,1
24018,Mezarlık 2,1
10224,Mezarlıkbaşı,8
10225,Mezarlıkbaşı,4
10227,Mezarlıkbaşı,6
10229,Mezarlıkbaşı,3
23005,Mezarlıkbaşı Cami,5
23008,Mezarlıkbaşı Cami,5
20650,Mezbaha,1
20651,Mezbaha,1
10561,Meşale,6
10562,Meşale,6
15700,Meşe,1
15701,Meşe,1
51288,Meşe,1
51289,Meşe,1
41050,Meşelik,1
41051,Meşelik,1
51837,Meşelik,1
51838,Meşelik,1
41363,Millet,1
41364,Millet,1
11984,Millet Mahallesi,1
10467,Milli Eğitim Lojmanları,1
20791,Milli Piyango Anadolu Lisesi,3
20792,Milli Piyango Anadolu Lisesi,3
20593,Milli İrade Orta Okulu,3
20594,Milli İrade Orta Okulu,3
15911,Mimar Kemaleddin,1
15912,Mimar Kemaleddin,1
16586,Mimar Kemalettin,7
13003,Mimar Kemalettin Anadolu Lisesi,3
13002,Mimar Kemalettin Tekstil Meslek Lisesi,3
40640,Mimar Kemalettin İlkokulu,2
40641,Mimar Kemalettin İlkokulu,2
10388,Mimar Sinan,2
10389,Mimar Sinan,1
15909,Mimar Sinan,1
15910,Mimar Sinan,1
21927,Mimar Sinan,4
30034,Mimar Sinan Mesleki ve Teknik Anadolu Lisesi,6
30037,Mimar Sinan Mesleki ve Teknik Anadolu Lisesi,6
40129,Mimarlık Fakültesi,6
40130,Mimarlık Fakültesi,6
52059,Mimkent,1
52060,Mimkent,1
13652,Mimoza,1
13653,Mimoza,1
11405,Mimteks,5
11406,Mimteks,5
30123,Miralay Fethi Bey,7
30124,Miralay Fethi Bey,7
10155,Mithatpaşa Mesleki ve Teknik Anadolu Lisesi,1
10166,Mithatpaşa Mesleki ve Teknik Anadolu Lisesi,1
21672,Miyase İnceer İlkokulu-Ortaokulu,4
21673,Miyase İnceer İlkokulu-Ortaokulu,4
20885,Mobilyacı,4
15923,Mobilyacılar,3
15924,Mobilyacılar,3
40706,Mobilyacılar,1
40707,Mobilyacılar,1
14500,Moda,10
14501,Moda,10
50959,Mola,1
50960,Mola,1
50012,Molla Kuyusu,20
50013,Molla Kuyusu,20
10323,Montrö,3
10324,Montrö,3
10330,Montrö,6
16402,Montrö,1
30739,Mopak Mesleki ve Teknik Anadolu Lisesi,2
30740,Mopak Mesleki ve Teknik Anadolu Lisesi,2
51571,Mordoğan Ardıç,2
51572,Mordoğan Ardıç,2
51563,Mordoğan Beyaz,2
51564,Mordoğan Beyaz,2
51567,Mordoğan Frezya,2
51568,Mordoğan Frezya,2
51614,Mordoğan Günbatımı,1
51615,Mordoğan Günbatımı,1
51547,Mordoğan Kayacık,1
51548,Mordoğan Kayacık,1
51575,Mordoğan Kayalık,2
51576,Mordoğan Kayalık,2
51616,Mordoğan Körfez,1
51617,Mordoğan Körfez,1
52346,Mordoğan Market,2
52347,Mordoğan Market,2
51562,Mordoğan Meydan,2
51627,Mordoğan Nergis,1
51628,Mordoğan Nergis,1
51561,Mordoğan Orkide,2
51566,Mordoğan Orkide,2
51639,Mordoğan Saklı Köy,1
51640,Mordoğan Saklı Köy,1
51555,Mordoğan Stad,1
51556,Mordoğan Stad,1
51618,Mordoğan Sümbül,1
51619,Mordoğan Sümbül,1
51620,Mordoğan Yarımada,1
51621,Mordoğan Yarımada,1
51559,Mordoğan Zeytin,1
51560,Mordoğan Zeytin,1
51549,Mordoğan Çakıl,1
51550,Mordoğan Çakıl,1
51557,Mordoğan İğdealtı,1
51558,Mordoğan İğdealtı,1
20148,Muammer Aksoy Parkı,7
20149,Muammer Aksoy Parkı,7
20449,Muhtar,6
20450,Muhtar,6
12983,Muhtarlık,3
12984,Muhtarlık,3
50540,Muhtarlık,1
50543,Muhtarlık,1
11915,Muradiye Cami,2
11916,Muradiye Cami,2
12791,Muran,4
12792,Muran,4
12021,Murat Mahallesi Muhtarlık,1
12022,Murat Mahallesi Muhtarlık,1
10295,Murat Reis Cami,1
40658,Mursal Meydanı,6
40659,Mursal Meydanı,6
23237,Musabey Meydan,2
23238,Musabey Meydan,2
23957,Musabey Ova,2
23958,Musabey Ova,2
23247,Musabey Yol Ayrımı,2
23248,Musabey Yol Ayrımı,2
23239,Musabey Çamlar,2
23240,Musabey Çamlar,2
40467,Mustafa Eren Parkı,1
23926,Mustafa Güngör Çolakoğlu Anadolu Lisesi,1
23927,Mustafa Güngör Çolakoğlu Anadolu Lisesi,1
30317,Mustafa Kemal Anadolu Lisesi,9
30318,Mustafa Kemal Anadolu Lisesi,9
31191,Mustafa Kemal Lisesi,3
31192,Mustafa Kemal Lisesi,3
23305,Mustafa Kemal Mahallesi Eski Son Durak,4
20853,Mustafa Kemal Mahallesi Muhtarlığı,6
20858,Mustafa Kemal Mahallesi Muhtarlığı,6
41140,Mustafa Kemal İlkokulu,2
41141,Mustafa Kemal İlkokulu,2
50850,Mustafa Reşit Aydın Parkı,10
50851,Mustafa Reşit Aydın Parkı,10
51807,Mustafa Yücel Özbilgin Parkı,2
51808,Mustafa Yücel Özbilgin Parkı,2
20607,Mutlu,2
20608,Mutlu,2
21644,Mutlu,3
21645,Mutlu,3
20570,Mutlu Parkı,3
20571,Mutlu Parkı,3
40980,Muzaffer Ersezgin,1
40981,Muzaffer Ersezgin,1
14697,Muzaffer Gönen Parkı,8
14698,Muzaffer Gönen Parkı,8
40127,Mühendislik Fakültesi,18
40128,Mühendislik Fakültesi,18
13090,Müjde,1
13091,Müjde,1
51961,Müjde,2
51962,Müjde,2
13387,Münevver Teyze Parkı,1
13388,Münevver Teyze Parkı,1
21049,Münevver Öğretmen Ortaokulu,4
21050,Münevver Öğretmen Ortaokulu,4
10349,Mürsel Paşa,1
10350,Mürsel Paşa,2
20682,Mürşide Altınçubuk İlköğretim Okulu,3
20683,Mürşide Altınçubuk İlköğretim Okulu,2
22001,Müyesser Turfan Güçsüzler Evi,1
22002,Müyesser Turfan Güçsüzler Evi,1
12332,Mızraklı,4
12367,Mızraklı,4
15868,Naci Tuncel Caddesi,1
15869,Naci Tuncel Caddesi,1
12219,Naci Şensoy Anadolu Lisesi,5
12220,Naci Şensoy Anadolu Lisesi,5
20700,Nafiz Gürman,5
20529,Nafiz Gürman Eski Son Durak,5
20530,Nafiz Gürman Eski Son Durak,5
20519,Nafiz Gürman Muhtarlık,5
20520,Nafiz Gürman Muhtarlık,5
13974,Naime Meydan,1
13975,Naime Meydan,1
13981,Naime Yolu,1
13982,Naime Yolu,1
15491,Naime Çiftlik,1
15492,Naime Çiftlik,1
30794,Nalbant,2
30853,Nalbant,1
20059,Naldöken,15
20062,Naldöken,17
30932,Naldöken,1
30933,Naldöken,1
30931,Naldöken Kültür Merkezi,1
30934,Naldöken Kültür Merkezi,1
30937,Naldöken Meydan,1
30938,Naldöken Meydan,1
30936,Naldöken Mezarlık,1
31277,Naldöken Mezarlık,1
31278,Naldöken Yeni Son Durak,1
20421,Naldöken Yol Ayrımı,3
20417,Naldöken İtfaiye,3
20418,Naldöken İtfaiye,3
20251,Nalkesen,2
20256,Nalkesen,2
10826,Namet,6
10827,Namet,6
21235,Namlı,0
16172,Nar,2
16173,Nar,2
50692,Nar,3
50695,Nar,3
50967,Nar,1
50968,Nar,1
14989,Nar Ağacı,3
14990,Nar Ağacı,3
16663,Nar Ağacı,1
16664,Nar Ağacı,1
13667,Nar Çiçeği,2
13668,Nar Çiçeği,2
16111,Nar Çiçeği,1
16112,Nar Çiçeği,1
50877,Narbel Son Durak,1
50238,Narbel Çeşme,1
50239,Narbel Çeşme,1
16039,Narenciye,1
16040,Narenciye,1
24566,Narlıca,1
24567,Narlıca,1
24562,Narlıca Giriş,1
24563,Narlıca Giriş,1
24564,Narlıca Köy İçi,1
24565,Narlıca Köy İçi,1
24570,Narlıca Çıkış,1
24571,Narlıca Çıkış,1
24568,Narlıca İlkokulu,1
24569,Narlıca İlkokulu,1
50326,Narlıdere,1
50043,Narlıdere Belediye,13
50044,Narlıdere Belediye,13
50033,Narlıdere Cami,16
50034,Narlıdere Cami,16
51839,Narlıdere Huzur,1
50045,Narlıdere Kaymakamlık,12
50046,Narlıdere Kaymakamlık,12
50294,Narlıdere Piknik Yeri,1
50295,Narlıdere Piknik Yeri,1
50031,Narlıdere İtfaiye,16
50032,Narlıdere İtfaiye,16
50242,Narlıdere İzmir Evleri,1
50243,Narlıdere İzmir Evleri,1
12201,Narlık,10
12202,Narlık,10
15495,Narlık,1
15496,Narlık,1
32154,Narlıkuyu,5
32155,Narlıkuyu,5
32245,Narova,1
32246,Narova,2
15450,Nasrettin Hoca Parkı,1
15451,Nasrettin Hoca Parkı,1
40001,Nato,12
40002,Nato,11
40137,Nato 1,6
40138,Nato 1,6
32390,Nazar Boncuğu,1
31637,Nazar Köy,1
31660,Nazar Köy,2
16825,Nazım Hikmet Parkı,1
16826,Nazım Hikmet Parkı,1
41297,Nazım Hikmet Parkı,3
41298,Nazım Hikmet Parkı,3
50377,Necdet Tokatlıoğlu,4
50378,Necdet Tokatlıoğlu,8
31358,Nedim Dağtaş,6
31359,Nedim Dağtaş,6
16394,Nehir,1
16395,Nehir,1
24464,Nemrut,1
24465,Nemrut,1
14022,Nene Hatun,1
14023,Nene Hatun,1
12013,Nenehatun Çok Programlı Anadolu Lisesi,1
12014,Nenehatun Çok Programlı Anadolu Lisesi,1
13612,Nergis,1
13613,Nergis,1
20551,Nergis,3
20552,Nergis,3
21691,Nergis,3
21692,Nergis,3
40814,Nergis,2
40815,Nergis,2
13258,Nergiz,4
13259,Nergiz,4
20261,Nergiz Sağlık Ocağı,1
20262,Nergiz Sağlık Ocağı,1
16371,Nevvar Salih İŞgören Devlet Hastanesi,2
12423,Nevvar Salih İşgören Anadolu Lisesi,2
12424,Nevvar Salih İşgören Anadolu Lisesi,2
16370,Nevvar Salih İşgören Devlet Hastanesi,2
21254,Neyhan,1
21255,Neyhan,1
13800,Nezahat Onbaşı,1
13801,Nezahat Onbaşı,1
23325,Nezahat Onbaşı,2
23326,Nezahat Onbaşı,2
12757,Neşe,1
12760,Neşe,1
21154,Neşeli,2
21161,Neşeli,2
41203,Neşet Ertaş Parkı,3
41206,Neşet Ertaş Parkı,3
31906,Ni KA,1
31907,Ni KA,1
20137,Nikah Salonu,11
40337,Nilüfer,1
40338,Nilüfer,1
14174,Nohut Gölü,1
14175,Nohut Gölü,1
51757,Nohutalan,2
51758,Nohutalan,2
52504,Nohutalan Merkez,1
52505,Nohutalan Merkez,1
51899,Nohutalan Taş Ocağı,2
51900,Nohutalan Taş Ocağı,2
51759,Nohutalan Zeytin,2
51760,Nohutalan Zeytin,2
10286,Nokta,2
10287,Nokta,3
23829,Novada,2
23830,Novada,2
20525,Nuri Atik Mesleki ve Teknik Anadolu Lisesi,5
20526,Nuri Atik Mesleki ve Teknik Anadolu Lisesi,5
20662,Nuri Vesugay Parkı,2
20663,Nuri Vesugay Parkı,2
14935,Ocaklı,9
14936,Ocaklı,9
15945,Okul,1
15946,Okul,1
20572,Okul,3
20573,Okul,3
20904,Okul,4
23740,Okul,1
23741,Okul,1
23812,Okul,1
23813,Okul,1
24125,Okul,1
30593,Okul,5
30594,Okul,5
31003,Okul,1
31004,Okul,1
31569,Okul,1
31570,Okul,1
32232,Okul,2
32233,Okul,2
32247,Okul,1
32248,Okul,2
32337,Okul,2
32338,Okul,2
32378,Okul,3
32379,Okul,3
50365,Okul Durağı,5
50366,Okul Durağı,5
30589,Okullar,5
30590,Okullar,5
30489,Okçu,2
30490,Okçu,1
23484,Okçular Meydan,1
23485,Okçular Meydan,1
23486,Okçular Son Durak,1
24224,Okçular Yolu,1
24225,Okçular Yolu,1
40934,Olduruk,3
40935,Olduruk,2
40986,Olduruk 2,1
40987,Olduruk 2,1
10569,Olimpiyat Köy Havuzu,1
10570,Olimpiyat Köy Havuzu,1
10571,Olimpiyat Köyü,1
10563,Olimpiyat Köyü Giriş,1
10564,Olimpiyat Köyü Giriş,1
10565,Olimpiyat Köyü Çarşı,1
10566,Olimpiyat Köyü Çarşı,1
11034,On Dört Evler,2
11039,On Dört Evler,2
40435,Onat,2
40436,Onat,2
23814,Onay,1
23815,Onay,1
13479,Ondokuz Mayıs,1
13480,Ondokuz Mayıs,1
13418,Ongül,1
13419,Ongül,1
32349,Onkoloji,10
23742,Onmaz,1
23743,Onmaz,1
20263,Onur,2
20264,Onur,2
24170,Onur,4
20611,Onur Mahallesi,2
11401,Opel,5
11402,Opel,6
10628,Orcaner,12
10629,Orcaner,12
10505,Ordu Pazarı,5
10512,Ordu Pazarı,5
11216,Organize,2
11217,Organize,2
16807,Organize Sanayi,2
16808,Organize Sanayi,2
21106,Organize Sanayi,0
23737,Organize Sanayi,1
21139,Organize Sanayi Cami,2
21140,Organize Sanayi Cami,2
15525,Orhan Kemal,1
15526,Orhan Kemal,1
15960,Orhan Veli Kanık,1
15961,Orhan Veli Kanık,1
51402,Orhan Veli Parkı,1
51403,Orhan Veli Parkı,1
15127,Orhangazi,4
15128,Orhangazi,4
15984,Orhangazi Yolu,4
15985,Orhangazi Yolu,4
13520,Orhanlı,2
13521,Orhanlı,2
13672,Orhanlı Gündoğdu,1
13673,Orhanlı Gündoğdu,1
13909,Orhanlı Meydan,2
13910,Orhanlı Meydan,2
13618,Orhanlı Muhtarlık,2
13619,Orhanlı Muhtarlık,2
51340,Orhanlı Yol Ayrımı,1
51349,Orhanlı Yol Ayrımı,1
10527,Orkide,3
10528,Orkide,3
13592,Orkide,1
13593,Orkide,1
16416,Orkide,2
20535,Orkide,5
20536,Orkide,5
22274,Orkide,1
22275,Orkide,1
50708,Orkide,2
50935,Orkide,0
50936,Orkide,0
51244,Orkide,1
51245,Orkide,1
14420,Orman,1
14421,Orman,1
23746,Orman,1
23747,Orman,1
32238,Orman,1
32239,Orman,1
41007,Orman,1
41008,Orman,1
50493,Orman,1
50494,Orman,1
16789,Orman Fidanlığı,1
16790,Orman Fidanlığı,1
11062,Orman Kampı,4
11067,Orman Kampı,4
32214,Orman Okulu,1
32215,Orman Okulu,1
32207,Orman İçi,1
16724,Orman İşletme,1
16725,Orman İşletme,1
16492,Orman İşletme Şefliği,1
16493,Orman İşletme Şefliği,1
13518,Orman İşletmesi,1
13519,Orman İşletmesi,1
50580,Orman İşletmesi,12
15574,Ormancı,1
15575,Ormancı,1
15951,Ormancı Alt Yol,3
15429,Ormancı Altyol,4
15430,Ormancı Altyol,1
20967,Ormancı Sitesi,5
20968,Ormancı Sitesi,5
22065,Ormancı Sitesi 2,1
22066,Ormancı Sitesi 2,1
13435,Ormanköy,1
13436,Ormanköy,1
15633,Ormanköy Giriş,1
15634,Ormanköy Giriş,1
13444,Ormanköy Meydan,1
13445,Ormanköy Meydan,1
15837,Ormanköy Çıkış,1
15838,Ormanköy Çıkış,1
12755,Orta,1
12758,Orta,1
14370,Orta,1
14371,Orta,1
24096,Orta Mahalle,1
51418,Orta Mahalle Plaj,1
51419,Orta Mahalle Plaj,1
52468,Ortadoğulular Sitesi,1
52469,Ortadoğulular Sitesi,1
11409,Ortaköy,5
11410,Ortaköy,5
11396,Ortaköy Kavşak,4
11397,Ortaköy Kavşak,4
15733,Ortaköy Merkez Cami,1
15734,Ortaköy Merkez Cami,1
22626,Ortanca,4
22627,Ortanca,4
16424,Ortaç,5
16425,Ortaç,5
23319,Oruç Reis,2
23320,Oruç Reis,2
52023,Oruç Reis,1
52024,Oruç Reis,1
40364,Osman Bey Anadolu Lisesi,1
40365,Osman Bey Anadolu Lisesi,3
20153,Osman Bey Parkı,21
20154,Osman Bey Parkı,21
11685,Osman Dirik Parkı,5
11686,Osman Dirik Parkı,5
22072,Osman Gazi,2
22073,Osman Gazi,2
31213,Osman Gazi,4
31214,Osman Gazi,4
12287,Osman Kibar,4
12288,Osman Kibar,4
30333,Osman Kibar Kavşağı,5
30334,Osman Kibar Kavşağı,2
23291,Osman Nuri Ersezin Orta Okulu,11
23292,Osman Nuri Ersezin Ortaokulu,11
31259,Osman Zeki Üngör,1
31260,Osman Zeki Üngör,1
10611,Osman Öksüz Parkı,14
10612,Osman Öksüz Parkı,9
31195,Osmangazi Köprü,1
31196,Osmangazi Köprü,1
13739,Osmanlar Köyü Giriş,1
13740,Osmanlar Köyü Giriş,1
13788,Osmanlar Son Durak,1
16132,Osmanlar Yolu,1
16133,Osmanlar Yolu,1
30759,Osmanlı Parkı,7
30760,Osmanlı Parkı,7
10865,Otel,20
10868,Otel,20
24085,Otel,7
24086,Otel,6
50384,Otoban Kavşağı,11
30511,Otogar,6
31556,Otogar Benzinlik,12
30062,Otogar Kavşağı,5
31552,Otogar Yeni,2
31553,Otogar Yeni,3
31554,Otogar Yeni,1
32402,Otogar Yeni,4
40297,Otokent C Kapısı,1
40298,Otokent C Kapısı,1
11220,Otoyol,3
11221,Otoyol,3
21555,Otuz Ağustos,1
21556,Otuz Ağustos,1
16530,Otuzbirler Kümeevler,1
16531,Otuzbirler Kümeevler,1
16534,Otuzbirler Mezarlık,1
16535,Otuzbirler Mezarlık,1
16532,Otuzbirler Üçyol,1
16533,Otuzbirler Üçyol,1
10966,Ova,3
10967,Ova,3
16279,Ova,1
16280,Ova,1
16314,Ova,1
16315,Ova,1
24195,Ova,1
24196,Ova,1
50965,Ova,1
50966,Ova,1
32483,Ova Evleri,1
32484,Ova Evleri,1
21571,Ova Küme Evleri,5
11118,Ovacık,4
11119,Ovacık,4
24199,Ovacık,2
24200,Ovacık,2
32344,Ovacık,1
32345,Ovacık,1
51142,Ovacık,1
51143,Ovacık,1
52218,Ovacık Giriş,1
52219,Ovacık Giriş,1
24554,Ovacık Madeni,1
24555,Ovacık Madeni,1
52466,Ovacık Samyeli,1
52467,Ovacık Samyeli,1
52216,Ovacık Çıkış,1
52217,Ovacık Çıkış,1
30721,Oya,2
30722,Oya,2
22011,Oyak Blokları,2
22012,Oyak Blokları,2
10545,Oyak Sitesi Son Durak,1
30288,Ozan Abay,1
11084,Ozanköy,4
11091,Ozanköy,4
10791,Oğlananası,4
10824,Oğlananası,4
16033,Oğlananası Bahçe,1
16034,Oğlananası Bahçe,1
11390,Oğlananası Giriş,1
11509,Oğlananası Giriş,1
11282,Oğlananası Karaselvi,1
11283,Oğlananası Karaselvi,1
11450,Oğlananası Köprü,1
11451,Oğlananası Köprü,1
11280,Oğlananası Mezarlık,1
11281,Oğlananası Mezarlık,1
11448,Oğlananası Sevgi,1
11449,Oğlananası Sevgi,1
11284,Oğlananası Yeni Cami,1
11285,Oğlananası Yeni Cami,1
11270,Oğlananası Yol Ayrımı,12
11271,Oğlananası Yol Ayrımı,12
11446,Oğlananası Zafer,1
11447,Oğlananası Zafer,1
11452,Oğlananası Zeytinlik,1
11453,Oğlananası Zeytinlik,1
11290,Oğlananası Üçyol,1
11291,Oğlananası Üçyol,1
11286,Oğlananası İlkokulu,1
11287,Oğlananası İlkokulu,1
13029,PTT,2
13030,PTT,2
30189,PTT,3
11488,PTT 2,2
11491,PTT 2,2
31048,PTT Santral,5
31049,PTT Santral,5
30741,Pakmaya,2
30742,Pakmaya,2
31633,Pakmaya Ülkü Hızal Anadolu Lisesi,3
31656,Pakmaya Ülkü Hızal Anadolu Lisesi,3
31958,Palamut,1
31959,Palamut,1
10278,Palamutarası Giriş,1
10291,Palamutarası Giriş,1
14159,Palamutarası Meydan,1
14160,Palamutarası Meydan,1
14157,Palamutarası Yolu,1
14158,Palamutarası Yolu,1
11420,Palmiye,4
11421,Palmiye,4
12842,Palmiye,1
21069,Palmiye,1
21070,Palmiye,1
24306,Palmiye,2
24307,Palmiye,2
30873,Palmiye,1
30874,Palmiye,1
40253,Palmiye,1
40254,Palmiye,1
51140,Palmiye,1
51141,Palmiye,1
12738,Palmiyeler,2
12739,Palmiyeler,2
20354,Pamukkale Sitesi,4
20355,Pamukkale Sitesi,4
20382,Pamukkale Sitesi 2,1
20383,Pamukkale Sitesi 2,1
10883,Pamukyazı Merkez,6
10888,Pamukyazı Merkez,6
15539,Pamukyazı Ova,1
15540,Pamukyazı Ova,1
10881,Pamukyazı Tamsa Seramik Fabrikası A.Ş. İlkokulu,6
10886,Pamukyazı Tamsa Seramik Fabrikası A.Ş. İlkokulu,6
52602,Panaroma Evleri,1
52603,Panaroma Evleri,1
11518,Pancar Aktarma,5
11206,Pancar Cami,1
11207,Pancar Cami,3
11212,Pancar Giriş,3
11213,Pancar Giriş,3
11202,Pancar Köprü,1
11203,Pancar Köprü,1
11208,Pancar Meydan,2
11209,Pancar Meydan,3
11198,Pancar Mezarlık,1
11199,Pancar Mezarlık,1
11204,Pancar Muzaffer Hanım İlkokulu,2
11205,Pancar Muzaffer Hanım İlkokulu,2
16190,Pancar OSB Trafo,1
16191,Pancar OSB Trafo,1
11517,Pancar Pazaryeri,2
15608,Pancar Prefabrik,3
15609,Pancar Prefabrik,3
15958,Pancar Tekstil,1
15959,Pancar Tekstil,1
11226,Pancar Viraj,2
11227,Pancar Viraj,2
15610,Pancar Zeytin,3
15611,Pancar Zeytin,3
11200,Pancar Çıkış,1
11201,Pancar Çıkış,1
11074,Pansiyon,4
11081,Pansiyon,4
11659,Papatya,4
11660,Papatya,4
13622,Papatya,2
13623,Papatya,2
21339,Papatya,5
21340,Papatya,5
21695,Papatya,3
21696,Papatya,3
23899,Papatya,2
23900,Papatya,2
30627,Papatya,3
30628,Papatya,3
31978,Papatya,1
31979,Papatya,1
32333,Papatya,3
32334,Papatya,3
40069,Papatya,7
40086,Papatya,11
15790,Park,1
15791,Park,1
20893,Park,2
20894,Park,2
21995,Park,1
21996,Park,1
23397,Park,4
23754,Park,1
23755,Park,1
23847,Park,1
24064,Park,1
24065,Park,1
24171,Park,3
24172,Park,2
24375,Park,1
24376,Park,1
24474,Park,1
24475,Park,1
30161,Park,4
30162,Park,4
30339,Park,2
30354,Park,2
30694,Park,4
31091,Park,6
31092,Park,6
31267,Park,1
31268,Park,1
32260,Park,1
32303,Park,2
32304,Park,2
32435,Park,1
40468,Park,1
52352,Park,1
52353,Park,1
31696,Park Koza Evleri,2
31697,Park Koza Evleri,2
23592,Park Kozak,3
23593,Park Kozak,3
32413,Park Orman,1
32414,Park Orman,1
24457,Parklar,1
24458,Parklar,1
52265,Parlak Giriş,1
52266,Parlak Giriş,1
52264,Parlak Muhtarlık,1
16382,Patlak Mevki,1
16383,Patlak Mevki,1
50700,Payamlı,1
51898,Payamlı,1
52663,Payamlı,1
52632,Payamlı Bağ,1
51896,Payamlı Giriş,1
51897,Payamlı Giriş,1
52015,Payamlı Giriş,1
52016,Payamlı Giriş,1
52630,Payamlı Kısıklar,1
52631,Payamlı Kısıklar,1
52213,Payamlı Manzara,1
52214,Payamlı Manzara,1
16099,Payamlı Mezarlık,2
16100,Payamlı Mezarlık,2
11080,Payamlı Muhtarlık,4
11087,Payamlı Muhtarlık,4
52661,Payamlı Orman,1
52662,Payamlı Orman,1
52659,Payamlı Restoran,1
52660,Payamlı Restoran,1
52021,Payamlı Vadi,1
52022,Payamlı Vadi,1
13638,Payamlı Yol ayrımı,2
13639,Payamlı Yol ayrımı,2
51890,Payamlı Yolu,1
51891,Payamlı Yolu,1
52657,Payamlı Zeytinlik,1
52658,Payamlı Zeytinlik,1
52655,Payamlı Çam,1
52656,Payamlı Çam,1
15845,Payidar,1
30185,Pazar Yeri,3
40963,Pazar Yeri,1
40964,Pazar Yeri,1
50328,Pazar Yeri,3
50479,Pazar Yeri,1
20498,Pazaryeri,4
23382,Pazaryeri,1
23383,Pazaryeri,1
31563,Pazaryeri,1
31564,Pazaryeri,1
41426,Pazaryeri,2
41427,Pazaryeri,2
41437,Pazaryeri,1
41438,Pazaryeri,1
10639,Paşa Köprüsü,7
10640,Paşa Köprüsü,7
16440,Peker,1
16441,Peker,1
12724,Peker Mahallesi Eski Son Durak,3
12727,Peker Mahallesi Eski Son Durak,3
30743,Pepsi,2
30744,Pepsi,2
50818,Perihan Mahmut Celalettin Demirgüreş İlkokulu,1
50819,Perihan Mahmut Celalettin Demirgüreş İlkokulu,1
16641,Permakültür,1
16642,Permakültür,1
50049,Pertev Bey,12
50050,Pertev Bey,12
24650,Petkim Arıtma,1
24651,Petkim Arıtma,1
21949,Petra Koyu,4
21950,Petra Koyu,4
24615,Petrol,1
24616,Petrol,1
51892,Petunya,1
51893,Petunya,1
15511,Peyami Safa,1
15512,Peyami Safa,1
15777,Peşrefli,1
15778,Peşrefli,1
15988,Peşrefli Çiftlik,1
15989,Peşrefli Çiftlik,1
50065,Pina,11
50068,Pina,11
15582,Pirenlik Depo,1
15583,Pirenlik Depo,1
15578,Pirenlik Orman,1
15579,Pirenlik Orman,1
16856,Pirenlik Park,1
16857,Pirenlik Park,1
15580,Pirenlik Tepe,1
15581,Pirenlik Tepe,1
15576,Pirenlik Çayır,1
15577,Pirenlik Çayır,1
15727,Pirentepe,1
15728,Pirentepe,1
51981,Piri Reis,1
51982,Piri Reis,1
31401,Piriştina,1
31402,Piriştina,1
24229,Piriştina Parkı,2
24230,Piriştina Parkı,2
30696,Piyade Teğmen Mehmet Terzioğlu,2
30697,Piyade Teğmen Mehmet Terzioğlu,2
30955,Piyale,3
30956,Piyale,10
11345,Plastik Fabrikası,2
11346,Plastik Fabrikası,2
13584,Plastik Fabrikası,3
13585,Plastik Fabrikası,3
24247,Plastik Fabrikası,2
24248,Plastik Fabrikası,2
23858,Polen Tatil Köyü,1
23859,Polen Tatil Köyü,1
21229,Polibak,0
24042,Poliklinik,3
24043,Poliklinik,3
32350,Poliklinik 1,10
32351,Poliklinik 2,10
40108,Polis Okulu,2
40109,Polis Okulu,2
21280,Portakal,2
21281,Portakal,2
41380,Portakal,1
41386,Portakal,1
20574,Postacılar Muhtarlık,3
20575,Postacılar Muhtarlık,3
20576,Postacılar Trafo,3
20577,Postacılar Trafo,3
23143,Poyracık Anıt,2
23144,Poyracık Anıt,2
23137,Poyracık Beyaz Zambak,2
23138,Poyracık Beyaz Zambak,2
23141,Poyracık Meydan,2
23142,Poyracık Meydan,2
23145,Poyracık Park,2
23146,Poyracık Park,2
23139,Poyracık Zeytinlik,2
23140,Poyracık Zeytinlik,2
13905,Poyraz,2
13906,Poyraz,2
22079,Prim Konutları,1
22080,Prim Konutları,1
14689,Prof.Dr.Muzaffer Kula Anadolu Lisesi,3
14690,Prof.Dr.Muzaffer Kula Anadolu Lisesi,3
50314,Profesör Doktor Aziz Sancar Ortaokulu,1
31231,Profesör Doktor Taner Kışlalı Parkı,1
31232,Profesör Doktor Taner Kışlalı Parkı,1
31483,Profesörler Sitesi,6
31484,Profesörler Sitesi,6
41092,Ptt,2
40702,Ptt Karabağlar Dağıtım Toplama Merkezi,1
40705,Ptt Karabağlar Dağıtım Toplama Merkezi,1
20241,Ptt Santral,1
20242,Ptt Santral,1
11418,Punteks,4
11419,Punteks,4
50690,Pura,3
50693,Pura,3
11478,Pınar,3
11479,Pınar,3
31928,Pınar,1
31929,Pınar,1
50676,Pınar,3
50677,Pınar,3
50688,Pınar Evleri,3
50691,Pınar Evleri,3
13437,Pınar Mevkii,1
13438,Pınar Mevkii,1
31812,Pınar Sokak,1
31813,Pınar Sokak,1
30044,Pınar Süt,4
30051,Pınar Süt,4
30966,Pınarbaşı Ayçiçeği,1
30649,Pınarbaşı Depolar,3
30650,Pınarbaşı Depolar,3
30958,Pınarbaşı Gökkuşağı,1
30959,Pınarbaşı Gökkuşağı,1
30964,Pınarbaşı Güldefne,1
30549,Pınarbaşı Kara Ali Camii,1
30550,Pınarbaşı Kara Ali Camii,4
30643,Pınarbaşı Kavşak,3
30644,Pınarbaşı Kavşak,3
30680,Pınarbaşı Kültür Merkezi,5
30681,Pınarbaşı Kültür Merkezi,5
30526,Pınarbaşı Mezarlığı,1
30529,Pınarbaşı Mezarlığı,1
30691,Pınarbaşı Sanayi Giriş,5
30692,Pınarbaşı Sanayi Giriş,5
30954,Pınarbaşı Yarış Pisti,1
30957,Pınarbaşı Yarış Pisti,1
22761,Pınarcık  Yol Ayrımı,4
22764,Pınarcık  Yol Ayrımı,4
24580,Pınarköy,1
24581,Pınarköy,1
24576,Pınarköy Cami,1
24577,Pınarköy Cami,1
24574,Pınarköy Giriş,1
24575,Pınarköy Giriş,1
24578,Pınarköy Köy İçi,1
24579,Pınarköy Köy İçi,1
24572,Pınarköy Küme Evleri,1
24573,Pınarköy Küme Evleri,1
24582,Pınarköy Çıkış,1
24583,Pınarköy Çıkış,1
14647,Pınarlı,3
14648,Pınarlı,3
14649,Pınarlı Cami,3
14650,Pınarlı Cami,3
21213,Pırıl,0
50246,Radar,1
50249,Radar,1
30219,Rafet Paşa,3
30220,Rafet Paşa,5
32234,Rafet Paşa,2
23713,Raks Evleri,1
40359,Recep Ersayın İlkokulu,2
40360,Recep Ersayın İlkokulu,2
23941,Recep Kerman Lisesi,1
23942,Recep Kerman Lisesi,1
40410,Redresör,4
40411,Redresör,5
13098,Refet Bele Mahalle Muhtarlığı,1
13099,Refet Bele Mahalle Muhtarlığı,1
24239,Reha Midilli Ortaokulu,1
24240,Reha Midilli Ortaokulu,1
23884,Reha Necla Midilli İ.Ö,1
23885,Reha Necla Midilli İ.Ö,1
52313,Reisdere Market,1
52314,Reisdere Market,1
52309,Reisdere Siteler,1
52310,Reisdere Siteler,1
52315,Reisdere Taşevler,1
52316,Reisdere Taşevler,1
52317,Reisdere Özkanlar Sitesi,1
52318,Reisdere Özkanlar Sitesi,1
31279,Rektörlük,2
31280,Rektörlük,17
50635,Rektörlük,3
51505,Rektörlük,3
20230,Remzi Bey,1
20231,Remzi Bey,1
12781,Remzi Oğuz Arık İlkokulu,2
12782,Remzi Oğuz Arık İlkokulu,2
30893,Restoran,1
30894,Restoran,1
51894,Reyhan,1
51895,Reyhan,1
10840,Reysaş,6
10841,Reysaş,6
51885,Rezene,1
51886,Rezene,1
12228,Reşat Nuri,4
12229,Reşat Nuri,4
15513,Reşat Nuri Güntekin,1
15514,Reşat Nuri Güntekin,1
41412,Rüzgarlıtepe,1
41413,Rüzgarlıtepe,1
41124,Rıdvan Nafiz Edgüer Ortaokulu,1
41125,Rıdvan Nafiz Edgüer Ortaokulu,1
15523,Rıfat Ilgaz,1
15524,Rıfat Ilgaz,1
30778,Rıfat Ilgaz Son Durak,4
51779,Rıza Ertan,2
51780,Rıza Ertan,2
12524,Saadet Onart İlkokulu,2
12527,Saadet Onart İlkokulu,2
15519,Sabahattin Ali,1
15520,Sabahattin Ali,1
12541,Sacide Ayaz İlk ve Ortaokulu,4
12542,Sacide Ayaz İlk ve Ortaokulu,5
10519,Sadettin Tezcan Özel Eğitim Meslek Okulu,3
10520,Sadettin Tezcan Özel Eğitim Meslek Okulu,3
20295,Sadi Hoşses Parkı,2
20296,Sadi Hoşses Parkı,2
23410,Sadullah Sever,1
23411,Sadullah Sever,1
23412,Sadullah Sever Kümesi,1
23413,Sadullah Sever Kümesi,1
10160,Sadık Bey,1
10163,Sadık Bey,1
16155,Saha,2
16156,Saha,2
16318,Saha,1
16319,Saha,1
16468,Saha,1
16469,Saha,1
22763,Saha,4
22766,Saha,4
23399,Saha,4
23400,Saha,4
50662,Saha,3
50663,Saha,3
16389,Sahil,1
16390,Sahil,1
24417,Sahil,1
52005,Sahil,1
52006,Sahil,1
11006,Sahil Evleri,1
11007,Sahil Evleri,1
50270,Sahil Evleri,1
50271,Sahil Evleri,1
50280,Sahil Evleri,1
22755,Sahil Sağlık Denetleme,5
22758,Sahil Sağlık Denetleme,5
11086,Sahilkent,4
11121,Sahilkent,4
51595,Saip Köy,2
51596,Saip Köy,2
13820,Saipler,1
13821,Saipler,1
16007,Saipler Kavşak,1
16008,Saipler Kavşak,1
13818,Saipler Meydan,1
13819,Saipler Meydan,1
16090,Saipler Tarla,1
16091,Saipler Tarla,1
16092,Saipler Yol Ayrımı,1
16093,Saipler Yol Ayrımı,1
16094,Saipler Yolu,1
16095,Saipler Yolu,1
16088,Saipler Zeytinlik,1
16089,Saipler Zeytinlik,1
15593,Saipler Çiftlik,1
15594,Saipler Çiftlik,1
15685,Saipler Çıkış,1
15686,Saipler Çıkış,1
15517,Sait Faik Abasıyanık,1
15518,Sait Faik Abasıyanık,1
12714,Saka,3
12717,Saka,3
15761,Saka,1
15763,Saka,1
41315,Sakin,1
41316,Sakin,1
11832,Saklıbahçe,1
11833,Saklıbahçe,1
23131,Saklıbahçe,2
11090,Sakızağacı,4
11097,Sakızağacı,4
22220,Salhane Aktarma Merkezi,4
20045,Salhane İş Merkezi,12
20046,Salhane İş Merkezi,12
50170,Salih Dede Anadolu Lisesi,4
50173,Salih Dede Anadolu Lisesi,4
12501,Salih Omurtak,1
13123,Salih Omurtak 2 Son Durak,1
13116,Salih Omurtak Üst Yol,1
13117,Salih Omurtak Üst Yol,1
30719,Saliha Hüseyin Özyavuz Ortaokulu,2
30720,Saliha Hüseyin Özyavuz Ortaokulu,2
20595,Salkım Söğüt,2
20596,Salkım Söğüt,2
52281,Salman Cami,1
52282,Salman Cami,1
52279,Salman Giriş,1
52280,Salman Giriş,1
52285,Salman Köprü,1
52286,Salman Köprü,1
52283,Salman Market,1
52284,Salman Market,1
23293,Saltukbey,11
23294,Saltukbey,11
11790,Salça Fabrikası,2
11791,Salça Fabrikası,2
23720,Samyeli,1
23721,Samyeli,1
51341,Samyeli,1
51348,Samyeli,1
21981,Sanayi,4
23407,Sanayi,1
24047,Sanayi,2
24048,Sanayi,2
30524,Sanayi,1
30527,Sanayi,1
30824,Sanayi,1
30825,Sanayi,1
52360,Sanayi,1
52361,Sanayi,1
12989,Sanayi Caddesi,3
12990,Sanayi Caddesi,3
50939,Sanayi Kavşağı,2
50940,Sanayi Kavşağı,2
30260,Sanayi Metro İstasyonu,1
11222,Sanayi Sitesi,3
11223,Sanayi Sitesi,3
30212,Sanayi Sitesi,3
32485,Sancaklı,1
32486,Sancaklı,1
22311,Sancaklı Giriş,1
22312,Sancaklı Giriş,1
13056,Sancaklı Küme Evleri,1
13057,Sancaklı Küme Evleri,1
13062,Sancaklı Meydan,1
13063,Sancaklı Meydan,1
22313,Sancaklı Meydan,1
13066,Sancaklı Muhtarlık,1
13067,Sancaklı Muhtarlık,1
13078,Sancaklı Saha,1
13083,Sancaklı Saha,1
13060,Sancaklı Tepe,1
13061,Sancaklı Tepe,1
10974,Sancaklı Yol Ayrımı,2
10975,Sancaklı Yol Ayrımı,2
23303,Sancaklı Yolu Son Durak,2
24550,Sancaklı Çeşme,1
24551,Sancaklı Çeşme,1
24252,Santorini Sitesi,3
24253,Santorini Sitesi,3
11134,Santral,1
11135,Santral,1
21546,Santral,4
21547,Santral,4
50945,Santral,1
50946,Santral,1
51829,Saray,1
51830,Saray,1
31433,Saraykent 1,1
31434,Saraykent 1,1
13654,Saraypatı,1
13655,Saraypatı,1
13702,Saraç,1
13703,Saraç,1
20705,Saraç,1
20706,Saraç,1
12973,Sardunya,2
12974,Sardunya,2
13624,Sardunya,2
13625,Sardunya,2
40391,Sardunya,1
40392,Sardunya,1
41382,Sardunya,1
41383,Sardunya,1
32325,Sare,2
32326,Sare,2
13626,Sarmaşık,2
13627,Sarmaşık,2
21345,Sarmaşık,2
21346,Sarmaşık,2
31960,Sarmaşık,1
31961,Sarmaşık,1
51991,Sarmaşık,1
52029,Sarmaşık,4
52030,Sarmaşık,4
52553,Sarmaşık,1
52554,Sarmaşık,1
13000,Sarnıç,3
13300,Sarnıç Aktarma Merkezi,1
13301,Sarnıç Aktarma Merkezi,2
13302,Sarnıç Aktarma Merkezi,1
13303,Sarnıç Aktarma Merkezi,1
13304,Sarnıç Aktarma Merkezi,1
13306,Sarnıç Aktarma Merkezi,0
16840,Sarnıç Aktarma Merkezi,1
10672,Sarnıç Alt Geçidi,4
10673,Sarnıç Alt Geçidi,6
12971,Sarnıç Belediye Garajı,3
12972,Sarnıç Belediye Garajı,3
13005,Sarnıç Dere,6
13006,Sarnıç Dere,6
12985,Sarnıç Eski Son durak,3
12986,Sarnıç Eski Son durak,3
14270,Sarnıç Gölet,2
14271,Sarnıç Gölet,2
12957,Sarnıç Köprüsü,3
16868,Sarnıç Kızılçam,1
16869,Sarnıç Kızılçam,1
12967,Sarnıç Meydan,3
12968,Sarnıç Meydan,3
16866,Sarnıç Mezarlık,1
16867,Sarnıç Mezarlık,1
12991,Sarnıç Piknik Alanı,3
12992,Sarnıç Piknik Alanı,3
12975,Sarnıç Sağlık Ocağı,3
12976,Sarnıç Sağlık Ocağı,3
12977,Sarnıç Trafo,3
12978,Sarnıç Trafo,3
14274,Sarnıç Yeşil,2
14275,Sarnıç Yeşil,2
14272,Sarnıç Yol Ayrımı,2
14273,Sarnıç Yol Ayrımı,2
12987,Sarnıç Çamlık,3
12988,Sarnıç Çamlık,3
32453,Sarnıçköy,1
32456,Sarnıçköy Giriş,1
32457,Sarnıçköy Giriş,1
32451,Sarnıçköy Ladin,1
32452,Sarnıçköy Ladin,1
32458,Sarnıçköy Çamlık,1
32459,Sarnıçköy Çamlık,1
21985,Sarı Evler,1
21986,Sarı Evler,1
30855,Sarı Gül,2
30872,Sarı Gül,2
22344,Sarı Nasuhlar Yolu,1
22345,Sarı Nasuhlar Yolu,1
15808,Sarı Zeybek,1
15809,Sarı Zeybek,1
51218,Sarı Zeybek,1
51219,Sarı Zeybek,1
22985,Sarıdere,3
22986,Sarıdere,3
12169,Sarıkamış İlkokulu,1
14985,Sarıkaya,3
14986,Sarıkaya,3
22392,Sarıkaya Mevki,2
22393,Sarıkaya Mevki,2
30601,Sarılar,4
30602,Sarılar,4
32321,Sarılar,1
32322,Sarılar,1
32319,Sarılar İlkokulu,1
32320,Sarılar İlkokulu,1
12840,Sarısalkım,1
13663,Sarısalkım,2
13664,Sarısalkım,2
15003,Sarıtaş,7
15004,Sarıtaş,8
16500,Sarıyurt Giriş,1
16501,Sarıyurt Giriş,1
16502,Sarıyurt Meydan,1
11111,Sarıçay,5
11122,Sarıçay,5
11989,Sarışın,3
11990,Sarışın,3
21271,Sasalı Doğal Yaşam Parkı,2
21272,Sasalı Giriş,1
21273,Sasalı Giriş,2
21274,Sasalı Meydan,2
21275,Sasalı Meydan,2
21145,Sasalı Piknik Alanı,2
21146,Sasalı Piknik Alanı,2
31153,Sayra&Çınar Parkı,1
31154,Sayra&Çınar Parkı,2
52396,Sazlı Göl,1
52397,Sazlı Göl,1
23856,Sazlıca Koyu,1
23857,Sazlıca Koyu,1
24586,Sağancı,1
24587,Sağancı,1
24584,Sağancı Giriş,1
24585,Sağancı Giriş,1
24588,Sağancı Meydan,1
24589,Sağancı Meydan,1
24592,Sağancı Çıkış,1
24593,Sağancı Çıkış,1
24590,Sağancı İlkokulu,1
24591,Sağancı İlkokulu,1
10891,Sağlık,1
10896,Sağlık,1
12155,Sağlık,1
12156,Sağlık,1
40471,Sağlık,1
40472,Sağlık,1
13863,Sağlık Giriş,1
13866,Sağlık Giriş,1
31850,Sağlık Müdürlüğü,3
31851,Sağlık Müdürlüğü,3
12577,Sağlık Ocağı,1
12578,Sağlık Ocağı,1
12856,Sağlık Ocağı,1
23893,Sağlık Ocağı,2
23894,Sağlık Ocağı,2
24115,Sağlık Ocağı,1
24116,Sağlık Ocağı,1
31078,Sağlık Ocağı,4
31079,Sağlık Ocağı,4
40588,Sağlık Ocağı,3
40589,Sağlık Ocağı,3
40959,Sağlık Ocağı,1
40960,Sağlık Ocağı,1
41299,Sağlık Ocağı,1
41300,Sağlık Ocağı,1
50364,Sağlık Ocağı,5
50475,Sağlık Ocağı,4
50684,Sağlık Ocağı,3
50685,Sağlık Ocağı,3
13849,Sağlık Son Durak,1
16477,Sağlık Son Durak,1
21760,Sebahat Akşıray Otistik Eğitim Merkezi,1
21761,Sebahat Akşıray Otistik Eğitim Merkezi,1
40937,Sebze Hali,1
40938,Sebze Hali,1
23917,Sedir,5
30243,Sedir,1
30268,Sedir,1
30852,Sedir,1
30857,Sedir,1
31966,Sedir,1
31967,Sedir,1
50624,Sefa,9
50625,Sefa,9
24245,Sefa Köse Reis,4
24246,Sefa Köse Reis,4
51491,Seferihisar Bahçe,12
51492,Seferihisar Bahçe,12
10915,Seferihisar Belediyesi Şantiye,4
10916,Seferihisar Belediyesi Şantiye,4
50451,Seferihisar Devlet Hastanesi,12
50452,Seferihisar Devlet Hastanesi,12
51040,Seferihisar Değirmen,1
51041,Seferihisar Değirmen,1
50379,Seferihisar Kavşak,8
50380,Seferihisar Kavşak,8
50518,Seferihisar Konutlar,12
50519,Seferihisar Konutlar,12
50449,Seferihisar Mezarlık,12
51496,Seferihisar Mezarlık,12
50447,Seferihisar PTT,12
51497,Seferihisar Pazaryeri,12
51485,Seferihisar Saha,12
51486,Seferihisar Saha,12
51487,Seferihisar Semt Garajı,12
51488,Seferihisar Semt Garajı,12
50517,Seferihisar Son Durak,12
52394,Seferihisar Su Arıtma Tesisi,1
52395,Seferihisar Su Arıtma Tesisi,1
52509,Seferihisar TOKİ Sitesi,1
52510,Seferihisar TOKİ Sitesi,1
52451,Seferihisar TOKİ Son Durak,1
52456,Seferihisar Çiftlik,1
52457,Seferihisar Çiftlik,1
50435,Seferihisar İMKB Mesleki ve Teknik Anadolu Lisesi,6
50436,Seferihisar İMKB Mesleki ve Teknik Anadolu Lisesi,6
51493,Seferihisar İtfaiye,12
51494,Seferihisar İtfaiye,12
16255,Segen Göleti,1
16256,Segen Göleti,1
24285,Sekiz Evler,1
30757,Sekiz Eylül İlkokulu,7
30758,Sekiz Eylül İlkokulu,7
10806,Sekseninci Yıl Cumhuriyet Parkı,6
10807,Sekseninci Yıl Cumhuriyet Parkı,6
21676,Sekseninci Yıl İlköğretim Okulu,1
21677,Sekseninci Yıl İlköğretim Okulu,1
21861,Selvi,1
21862,Selvi,1
40181,Selvi,1
40182,Selvi,1
51054,Selvi,1
51055,Selvi,1
51290,Selvi,1
51291,Selvi,1
10816,Selviler,5
10817,Selviler,5
40259,Selviler,2
40260,Selviler,2
40457,Selviler,3
40458,Selviler,3
15240,Selvili,1
15241,Selvili,1
12654,Selvili Cami,1
12655,Selvili Cami,1
10938,Selçuk Belediyesi,4
10939,Selçuk Belediyesi,4
10887,Selçuk Kavşağı,1
10892,Selçuk Kavşağı,1
23442,Selçuk Mahallesi,3
23443,Selçuk Mahallesi,3
20146,Selçuk Yaşar Alaybey Ortaokulu,7
20147,Selçuk Yaşar Alaybey Ortaokulu,7
30561,Selçuk Yaşar Boyacılık EML,3
30562,Selçuk Yaşar Boyacılık EML,3
10941,Selçuk Yeni Son Durağı,4
10646,Selçuk Şehit Erol Olçok Anadolu Lisesi,4
10647,Selçuk Şehit Erol Olçok Anadolu Lisesi,4
24119,Semiye,5
24120,Semiye,6
16217,Sempati,3
16218,Sempati,3
23806,Sempati,1
13106,Semral Gülcemal Parkı,1
13107,Semral Gülcemal Parkı,1
12567,Seniha Mayda Ortaokulu,2
12568,Seniha Mayda Ortaokulu,2
21233,Senkromeç,0
10873,Sepici,6
10878,Sepici,6
11182,Sera,2
11183,Sera,2
11782,Sera,6
11783,Sera,6
16352,Sera,1
16353,Sera,1
21755,Sera,1
50204,Sera,2
50205,Sera,3
52541,Sera,1
52542,Sera,1
10970,Sera Sokak,1
10971,Sera Sokak,1
14164,Seralar,1
14165,Seralar,1
51065,Seralar,1
51066,Seralar,1
51987,Seralar,1
51988,Seralar,1
21201,Serbay,1
21214,Serbay,1
12564,Serdar,2
16865,Serdar,2
13183,Serdengeçti,5
13184,Serdengeçti,5
50806,Seren,1
50807,Seren,1
20069,Serin Kuyu,12
20070,Serinkuyu,12
14172,Serköy Çiftlik Evleri,1
14173,Serköy Çiftlik Evleri Giriş,1
15625,Serköy Çiftlik Evleri Giriş,1
52592,Serçe,1
52593,Serçe,1
31469,Ses,5
31470,Ses,5
13086,Sevda,1
13087,Sevda,1
13571,Seven,1
13572,Seven,1
11977,Sevgi,1
11978,Sevgi,1
12498,Sevgi,1
12499,Sevgi,1
13970,Sevgi,1
13971,Sevgi,1
16348,Sevgi,1
16349,Sevgi,1
16466,Sevgi,2
16467,Sevgi,2
30223,Sevgi,4
30224,Sevgi,3
31039,Sevgi,1
31040,Sevgi,1
31121,Sevgi,3
31122,Sevgi,3
31336,Sevgi,1
31337,Sevgi,1
31385,Sevgi,3
31386,Sevgi,3
31500,Sevgi,2
41150,Sevgi Ferit Akın İlköğretim Okulu,2
41151,Sevgi Ferit Akın İlköğretim Okulu,2
16520,Sevgi Mahalle Muhtarlığı,4
16521,Sevgi Mahalle Muhtarlığı,4
20815,Sevgi Ormanı,4
20816,Sevgi Ormanı,4
11486,Sevgi Yolu,3
11489,Sevgi Yolu,3
50151,Sevgi Yolu,5
10943,Seydiköy,7
10944,Seydiköy,7
52091,Seyir,1
52092,Seyir,1
20558,Seyir Tepe,2
20559,Seyir Tepe,2
14024,Seyit Onbaşı,1
14025,Seyit Onbaşı,1
20560,Seyit Onbaşı,2
20561,Seyit Onbaşı,2
31319,Seyit Şanlı Anadolu Lisesi,5
32423,Seyit Şanlı Anadolu Lisesi,5
50234,Seyran,1
50235,Seyran,1
21583,Seyrek Belediyesi,4
21584,Seyrek Belediyesi,4
23259,Seyrek Konutlar,2
23260,Seyrek Konutlar,2
21589,Seyrek Meydan,4
21590,Seyrek Meydan,4
21587,Seyrek İlköğretim Okulu,4
21588,Seyrek İlköğretim Okulu,4
52424,Seçkin Evler Sitesi,1
52425,Seçkin Evler Sitesi,1
10676,Seçkinler Sitesi,9
10677,Seçkinler Sitesi,9
23714,Seçkinler Sitesi,1
24110,Sgk,1
22424,Siesta Konutları,2
22421,Siesta Konutları 2,2
22422,Siesta Konutları Yolu,2
22423,Siesta Konutları Yolu,1
21362,Simge Sitesi,4
21365,Simge Sitesi,4
21559,Simge Sitesi,1
21560,Simge Sitesi,1
12602,Sinan Cami,5
32329,Sinancılar,1
32330,Sinancılar,1
10651,Sinem,8
10652,Sinem,8
21204,Sistaş,1
21205,Sistaş,1
12149,Site,1
12150,Site,1
20897,Site,2
20898,Site,2
51468,Site,2
51469,Site,2
52112,Site,1
52113,Site,1
21355,Site 1,3
21356,Site 1,3
21357,Site 2,3
21358,Site 2,3
21359,Site Son Durak,2
23269,Site Son Durak,2
15679,Siteler,1
15680,Siteler,1
15861,Siteler,1
15862,Siteler,1
23380,Siteler,1
23381,Siteler,1
23839,Siteler,1
23840,Siteler,1
24547,Siteler,2
24548,Siteler,1
30682,Siteler,5
30683,Siteler,5
40201,Siteler,4
40202,Siteler,4
50039,Siteler,16
50040,Siteler,16
50097,Siteler,5
50100,Siteler,5
52065,Siteler,2
52066,Siteler,2
50523,Siteler Muhtarlık,5
50524,Siteler Muhtarlık,7
51535,Siteler Sahil,0
51536,Siteler Son Durak,0
30707,Sivil Savunma,2
30708,Sivil Savunma,2
30296,Slovakya Konsolosluğu,1
30289,Smyrna,14
30290,Smyrna,14
11796,Sokullu,7
11797,Sokullu,7
21414,Son Direk,3
21415,Son Direk,3
12943,Sosyal Konutlar,5
15612,Sosyal Konutlar,1
10104,Sosyal Sigortalar Kurumu,7
40895,Sosyal Tesisler,6
40896,Sosyal Tesisler,6
41227,Sosyal Yaşam Merkezi,3
41228,Sosyal Yaşam Merkezi,3
41233,Sosyal Yaşam Merkezi 2,4
41234,Sosyal Yaşam Merkezi 2,4
32466,Sosyete Parkı,1
32467,Sosyete Parkı,1
22050,Soyak,3
22051,Soyak,3
22141,Soyak,3
22142,Soyak,4
22425,Soyak İzsu,2
22426,Soyak İzsu,3
51466,Soydaşlar,2
51467,Soydaşlar,2
31332,Soylu,1
31333,Soylu,1
32415,Soğuk Depolar,1
32416,Soğuk Depolar,1
40990,Soğuk Hava,1
40991,Soğuk Hava,1
15844,Soğuk Hava Deposu,1
20426,Soğukkuyu,7
20492,Soğukkuyu Atölye,5
20493,Soğukkuyu Atölye,5
20063,Soğukkuyu Trafik,15
20066,Soğukkuyu Trafik,15
32332,Soğukpınar,3
10785,Soğutma Fabrikası,5
15947,Soğutma Fabrikası,5
20330,Spor Kompleksi,1
20331,Spor Kompleksi,1
31420,Spor Kompleksi,1
31421,Spor Kompleksi,1
23306,Spor Kondisyon Parkı,3
23307,Spor Kondisyon Parkı,4
20352,Spor Merkezi,4
20353,Spor Merkezi,4
16205,Spor Sahası,1
16206,Spor Sahası,1
21600,Spor Sahası,3
21601,Spor Sahası,3
23722,Spor Salonu,1
23723,Spor Salonu,1
40889,Spor Salonu,14
40890,Spor Salonu,14
51968,Spor Salonu,5
52095,Spor Salonu,4
12263,Spotçular,10
12266,Spotçular,2
11064,Stad,4
11069,Stad,4
15800,Stad,1
15801,Stad,1
31837,Stad,2
31838,Stad,2
50357,Stad,5
50372,Stad,5
30135,Stadyum İstasyon,16
30136,Stadyum İstasyon,9
20773,Su Deposu,1
20774,Su Deposu,1
24056,Su Deposu,2
24057,Su Deposu,2
31635,Su Perisi,2
31658,Su Perisi,2
50053,Subay Gazinosu,12
50054,Subay Gazinosu,12
21381,Subay Lojmanları,5
21382,Subay Lojmanları,5
21502,Subay Lojmanları 1,1
21503,Subay Lojmanları 1,1
21500,Subay Lojmanları 2,1
21501,Subay Lojmanları 2,1
21498,Subay Lojmanları 3,1
21499,Subay Lojmanları 3,1
21496,Subay Lojmanları 4,1
21497,Subay Lojmanları 4,1
11689,Subaşı Belediyesi,4
11690,Subaşı Belediyesi,4
15558,Subaşı Ova,1
15559,Subaşı Ova,1
11687,Subaşı Pazaryeri,5
11688,Subaşı Pazaryeri,5
24642,Sucahlı Meydan,1
12706,Sucu,1
12709,Sucu,1
11352,Sultan Abdülhamit İlkokulu,1
16862,Sultan Abdülhamit İlkokulu,1
40592,Sultan Alparslan Anadolu Lisesi,3
40593,Sultan Alparslan Anadolu Lisesi,3
30864,Sulu Dere Yol Ayrımı,1
30867,Sulu Dere Yol Ayrımı,1
32135,Sulu Kız,1
32136,Sulu Kız,1
31281,Suphi Koyuncu,3
31282,Suphi Koyuncu,10
31285,Suphi Koyuncu,13
31287,Suphi Koyuncu,1
31864,Suphi Parkı,1
31865,Suphi Parkı,1
12092,Surlar,1
12093,Surlar,1
20695,Surlar,1
20698,Surlar,1
10273,Susuz Dede,3
10272,Susuzdede,2
11838,Sönmez,1
11839,Sönmez,1
10636,Söğüt,8
21094,Söğüt,5
21095,Söğüt,5
50618,Söğüt,5
50619,Söğüt,5
51394,Söğüt,2
51395,Söğüt,1
52348,Söğüt,1
52349,Söğüt,1
14084,Söğütören Giriş,1
14082,Söğütören Mavi,1
14083,Söğütören Mavi,1
14081,Söğütören Meydan,1
14094,Söğütören Yol Ayrımı,1
14095,Söğütören Yol Ayrımı,1
14077,Söğütören Çıkış,1
20384,Süleyman Demirel Lisesi,4
20385,Süleyman Demirel Lisesi,4
31009,Süleyman Eczacıbaşı İlköğretim Okulu,1
31010,Süleyman Eczacıbaşı İlköğretim Okulu,1
40506,Süleyman Şah Mesleki ve Teknik Anadolu Lisesi,5
40507,Süleyman Şah Mesleki ve Teknik Anadolu Lisesi,5
31330,Süleymaniye,1
31331,Süleymaniye,1
21765,Süleymanlı,2
21766,Süleymanlı,2
23519,Süleymanlı Giriş,2
23520,Süleymanlı Giriş,2
24448,Süleymanlı Giriş,1
24449,Süleymanlı Giriş,1
23270,Süleymanlı Gölet yolu,2
23271,Süleymanlı Gölet yolu,2
24595,Süleymanlı Kalarga Tepesi,1
24596,Süleymanlı Kalarga Tepesi,1
22338,Süleymanlı Meydan,1
22339,Süleymanlı Meydan,2
24450,Süleymanlı Muhtarlık,1
24451,Süleymanlı Muhtarlık,1
22332,Süleymanlı Tavuk Çiftliği,1
22333,Süleymanlı Tavuk Çiftliği,1
24454,Süleymanlı Yolu,1
24455,Süleymanlı Yolu,1
24452,Süleymanlı Çıkış,1
24453,Süleymanlı Çıkış,1
22334,Süleymanlı Üst Yol,1
22335,Süleymanlı Üst Yol,1
22340,Süleymanlı İlköğretim Okulu,1
22341,Süleymanlı İlköğretim Okulu,1
11025,Sümbül,2
12777,Sümbül,1
12778,Sümbül,2
12908,Sümbül,2
12909,Sümbül,2
13256,Sümbül,5
13257,Sümbül,5
13600,Sümbül,1
13601,Sümbül,1
41366,Sümbül,1
41367,Sümbül,1
50941,Sümbül,2
50942,Sümbül,2
10717,Sümerbank,8
10718,Sümerbank,8
51769,Süren,2
51770,Süren,2
50645,Süreyya Sultan Evleri,3
50646,Süreyya Sultan Evleri,3
23662,Sürgün Abidesi,3
41026,Sürücü Kursu,1
41027,Sürücü Kursu,1
41165,Süsen,3
41168,Süsen,3
11527,Süt Fabrikası,3
11528,Süt Fabrikası,3
16027,Süt Toplama Merkezi,1
16028,Süt Toplama Merkezi,1
31610,Sütçüler Kavşağı,1
31611,Sütçüler Kavşağı,1
31580,Sütçüler Köyü Girişi,3
31583,Sütçüler Köyü Girişi,3
31620,Sütçüler Yol Ayrımı,1
31621,Sütçüler Yol Ayrımı,1
50061,Sıdıka Akdemir Rehberlik ve Araştırma Merkezi,11
50064,Sıdıka Akdemir Rehberlik ve Araştırma Merkezi,11
30183,Sıdıka Rodop Lisesi,3
40836,Sıraevler,4
51030,Sığacık Aile Sağlığı,1
51031,Sığacık Aile Sağlığı,1
52458,Sığacık Konakları,1
52459,Sığacık Konakları,1
51034,Sığacık Manzara,1
51035,Sığacık Manzara,1
51026,Sığacık Pazarı,1
51027,Sığacık Pazarı,1
52515,Sığacık Sazlıgöl,1
52516,Sığacık Sazlıgöl,1
52133,Sığacık Siteler,1
52134,Sığacık Siteler,1
51056,Sığacık Son Durak,1
52646,Sığacık Tarla,2
52647,Sığacık Tarla,2
13564,Sığacık Yol Ayrımı,8
13567,Sığacık Yol Ayrımı,6
51823,Sığacık Yol Ayrımı 2,5
52580,Sığacık Zeytinlik,1
52581,Sığacık Zeytinlik,1
31900,TEİAŞ,1
31901,TEİAŞ,1
16739,TOKİ Evleri,6
16740,TOKİ Evleri,6
16019,TOKİ Yolu,1
16020,TOKİ Yolu,1
10644,TRT,4
10645,TRT,4
23429,Tabak Köprüsü,3
23430,Tabak Köprüsü,3
22757,Tabakçı plajı,5
22760,Tabakçı plajı,5
12740,Tahir Merzeci Ortaokulu,2
12741,Tahir Merzeci Ortaokulu,2
12410,Tahsin Yazıcı,2
12413,Tahsin Yazıcı,2
16507,Tahtalı,1
16508,Tahtalı,1
10110,Talatpaşa,3
10111,Talatpaşa,3
22023,Tarihi Su Kemeri,1
22024,Tarihi Su Kemeri,1
16059,Tarihi Çavuş Çeşmesi,1
16060,Tarihi Çavuş Çeşmesi,1
10421,Tariş,6
10423,Tariş,0
24022,Tariş,3
24023,Tariş,2
16677,Tariş Arkası,1
16678,Tariş Arkası,1
16681,Tariş Küme Evleri,1
16682,Tariş Küme Evleri,1
21135,Tariş depoları,1
21136,Tariş depoları,1
21137,Tariş İpek,2
21138,Tariş İpek,2
15706,Tarla,1
15707,Tarla,1
15998,Tarla,1
15999,Tarla,1
16450,Tarla,1
16451,Tarla,1
16686,Tarla,1
16687,Tarla,1
32101,Tarla,1
32102,Tarla,1
32315,Tarla,1
32316,Tarla,1
41011,Tarla,1
41012,Tarla,1
51994,Tarla,1
52002,Tarla,1
52093,Tarla,1
52094,Tarla,1
52157,Tarla,2
52158,Tarla,2
52208,Tarla,1
52209,Tarla,1
15527,Tarık Buğra,1
15528,Tarık Buğra,1
20155,Tarık Dursun Kakınç,21
51168,Tarım  Koop,1
51169,Tarım  Koop,1
23607,Tarım Geliştirme Merkezi,2
23608,Tarım Geliştirme Merkezi,2
10681,Tarım Kooperatifi,2
10682,Tarım Kooperatifi,2
10751,Tarım Ürünleri Deposu,2
10752,Tarım Ürünleri Deposu,2
30264,Tarım İl Müdürlüğü,1
21400,Tarımsal Araştırma,6
21401,Tarımsal Araştırma,6
23245,Tarımsal Araştırma ve Eğitim Merkezi,2
23246,Tarımsal Araştırma ve Eğitim Merkezi,2
10909,Tasiş Ambar,3
13694,Taskesik İlkokulu,1
13695,Taskesik İlkokulu,1
11683,Tat Konserve,5
11684,Tat Konserve,5
50150,Tatbikat Cami,5
51827,Tatil Köyü,1
51828,Tatil Köyü,1
24302,Tavuk Çiftliği,2
24303,Tavuk Çiftliği,2
16422,Taziye Evi,1
16423,Taziye Evi,1
30129,Taç Sanayi,7
30130,Taç Sanayi,7
21536,Taş Duvar,4
21537,Taş Duvar,4
22013,Taş Duvar,5
22014,Taş Duvar,5
30995,Taş Ocağı,5
30996,Taş Ocağı,5
11180,Taş Villa,1
11235,Taş Villa,1
16658,Taşduvar,1
16659,Taşduvar,1
52045,Taşev,2
52046,Taşev,2
23656,Taşkent,1
23657,Taşkent,1
31856,Taşkent,4
31857,Taşkent,4
13696,Taşkesik,4
13697,Taşkesik,4
16128,Taşkesik Benzinlik,3
16129,Taşkesik Benzinlik,4
13690,Taşkesik Camii,1
13691,Taşkesik Camii,1
13708,Taşkesik Son Durak,1
16130,Taşkesik Yolu,4
16131,Taşkesik Yolu,4
13692,Taşkesik Zeytinlik,1
13693,Taşkesik Zeytinlik,1
15687,Taştepe Caddesi,1
15688,Taştepe Caddesi,1
30231,Tedaş,1
30258,Tedaş,1
30474,Tek Yön,4
10333,Tekel,2
10338,Tekel,2
30774,Tekel,2
30775,Tekel,2
21321,Tekel Lojmanlar,4
21322,Tekel Lojmanlar,4
11190,Tekeli Belediyesi,1
11191,Tekeli Belediyesi,1
15462,Tekeli Beton Santrali,1
15463,Tekeli Beton Santrali,1
10221,Tekeli Efe,2
10222,Tekeli Efe,2
10236,Tekeli Esinti,2
10243,Tekeli Esinti,2
11192,Tekeli Park,1
11193,Tekeli Park,1
11194,Tekeli Sağlık Ocağı,1
11195,Tekeli Sağlık Ocağı,1
10244,Tekeli Tarım,2
10245,Tekeli Tarım,2
10223,Tekeli Yörük,2
10230,Tekeli Yörük,2
10219,Tekeli Çiftlik,2
10220,Tekeli Çiftlik,2
10234,Tekeli İstasyon,3
11394,Tekeli İstasyon Yolu,3
11395,Tekeli İstasyon Yolu,3
11535,Tekke Mezarlığı,1
11536,Tekke Mezarlığı,1
51144,Tekkebaşı,1
51145,Tekkebaşı,1
23435,Tekkeboğazı Sokak,3
23436,Tekkeboğazı Sokak,3
22979,Tekkedere,3
22980,Tekkedere,3
51236,Tekne Atölyesi,1
51237,Tekne Atölyesi,1
32347,Teknik Servis,10
820001,Teknofest Alanı,0
40901,Teknopark,6
40902,Teknopark,6
31342,Teksif,1
31343,Teksif,1
12793,Tekstil,2
12794,Tekstil,2
30408,Tekstilciler Cami,2
30409,Tekstilciler Cami,2
30410,Tekstilciler Çarşısı,2
30411,Tekstilciler Çarşısı,2
21169,Tel Örgü,1
21170,Tel Örgü,1
50174,Teleferik,4
50175,Teleferik,6
22342,Telekler Köyü,1
22343,Telekler Köyü,1
22354,Telekler Çeşme,1
22355,Telekler Çeşme,1
24227,Telli Bahçe,2
24228,Telli Bahçe,2
41088,Telsizler,3
41089,Telsizler,3
41104,Telsizler,2
41105,Telsizler,2
10844,Temel,6
10845,Temel,6
21114,Tenis Kulübü,5
21115,Tenis Kulübü,5
51046,Teos Antik Kenti,1
51047,Teos Antik Kenti,1
51032,Teos Marina,1
51033,Teos Marina,1
51028,Teos Parkı,1
51029,Teos Parkı,1
51044,Teos Piknik Alanı,1
51045,Teos Piknik Alanı,1
51050,Teos Villaları,1
51051,Teos Villaları,1
21207,Tepaş,1
21210,Tepaş,1
12763,Tepe,1
12766,Tepe,1
12828,Tepe,2
12829,Tepe,2
12854,Tepe,1
12855,Tepe,1
21021,Tepe,4
21022,Tepe,4
24234,Tepe,2
24235,Tepe,2
31131,Tepe,6
31132,Tepe,3
41142,Tepe,2
41143,Tepe,2
52114,Tepe,1
52115,Tepe,1
52289,Tepe,1
52597,Tepe,1
51742,Tepe Kahve,3
51743,Tepe Kahve,3
13558,Tepecik Caddesi,4
13561,Tepecik Caddesi,5
10366,Tepecik Doğum Hastanesi,17
10367,Tepecik Doğum Hastanesi,17
52502,Tepecik Giriş,1
52503,Tepecik Ortaokulu,1
16833,Tepecik Otopark,1
11506,Tepeköy Aktarma,19
11510,Tepeköy Aktarma,19
24090,Tepeköy Giriş,2
24000,Tepeköy Kavşak,2
24001,Tepeköy Kavşak,1
24093,Tepeköy Meydan,1
24095,Tepeköy Ortaokulu,1
11531,Tepeköy İstasyon Yolu,19
11532,Tepeköy İstasyon Yolu,17
24094,Tepeköy İçyol,1
16017,Tepeli,1
16870,Tepeli,1
50744,Teras Evler,3
50745,Teras Evler,3
21597,Teraslı Park,3
21598,Teraslı Park,3
30342,Terbay,5
30344,Terbay,5
30647,Termak,3
30648,Termak,3
22995,Termal,8
50197,Termal,6
50198,Termal,5
22749,Termik Santral Tesisleri,5
22752,Termik Santral Tesisleri,5
22990,Terminal,1
23811,Terminal,1
24098,Terminal,3
24099,Terminal,3
20144,Tersane,7
20145,Tersane,7
20433,Terzi,3
20434,Terzi,3
23476,Terzihaliler Camii,1
23477,Terzihaliler Camii,1
23474,Terzihaliler Son Durak,1
23475,Terzihaliler Son Durak,1
24258,Terzihaliller Mermer,1
24259,Terzihaliller Mermer,1
10810,Tevfik Fikret,6
20871,Teğmen Ali Rıza Akıncı Anadolu Lisesi,1
20872,Teğmen Ali Rıza Akıncı Anadolu Lisesi,1
31129,Ticaret Borsası İlköğretim Okulu,4
31130,Ticaret Borsası İlköğretim Okulu,4
16174,Tire ATATÜRK Std.,2
16175,Tire ATATÜRK Std.,2
15258,Tire Anadolu İmam Hatip Lisesi,3
15259,Tire Anadolu İmam Hatip Lisesi,3
15990,Tire Fabrika,1
15991,Tire Fabrika,1
16057,Tire Fabrika,1
16058,Tire Fabrika,1
15779,Tire Gökçen Mezbaha,1
15780,Tire Gökçen Mezbaha,1
15255,Tire Hastane,2
15254,Tire Hastanesi,2
16043,Tire Hemzemin Geçit,1
16044,Tire Hemzemin Geçit,1
14623,Tire Kavşağı,4
14624,Tire Kavşağı,4
15741,Tire Küçük Sanayi Sitesi,1
15742,Tire Küçük Sanayi Sitesi,1
15743,Tire Küçük Sanayi Sitesi-2,1
15744,Tire Küçük Sanayi Sitesi-2,1
16049,Tire Linyit,1
16050,Tire Linyit,1
15264,Tire Meydan,3
15265,Tire Meydan,3
15737,Tire Mezarlık,1
15739,Tire Mezarlık,1
15246,Tire Organize 1,1
15247,Tire Organize 1,1
15248,Tire Organize 2,1
15249,Tire Organize 2,1
15260,Tire Park,3
15261,Tire Park,3
15268,Tire Sanatkarlar,3
15269,Tire Sanatkarlar,3
15266,Tire Stadı,3
15267,Tire Stadı,3
15272,Tire Terminal,3
15273,Tire Terminal,3
15275,Tire Terminal İçi,2
15810,Tire Toki Şehit Mehmet Çağlar Bölük İlkokulu,1
15811,Tire Toki Şehit Mehmet Çağlar Bölük İlkokulu,1
15256,Tire Toplu Konutlar,3
15257,Tire Toplu Konutlar,3
11679,Tire Yol Ayrımı,5
11680,Tire Yol Ayrımı,5
16117,Tire Yolu,2
16118,Tire Yolu,3
15270,Tire Zümrüt,3
15271,Tire Zümrüt,3
15222,Tire Çiftlik,1
15223,Tire Çiftlik,1
15262,Tire İstasyon,3
15263,Tire İstasyon,3
50985,Titus,1
50986,Titus,1
15232,Tokatbaşı,1
15233,Tokatbaşı,1
14710,Tokatbaşı Arıtma,1
14711,Tokatbaşı Arıtma,1
14706,Tokatbaşı Giriş,1
14707,Tokatbaşı Giriş,1
14714,Tokatbaşı Köşe,1
14715,Tokatbaşı Köşe,1
14705,Tokatbaşı Meydan,1
16884,Tokatbaşı Meydan,1
14708,Tokatbaşı Mezarlık,1
14709,Tokatbaşı Mezarlık,1
14720,Tokatbaşı Yol Ayrımı,1
14712,Tokatbaşı Çiftlik,1
14713,Tokatbaşı Çiftlik,1
50477,Tokatlı,1
50478,Tokatlı,1
50471,Tokatlıoğlu,4
50472,Tokatlıoğlu,4
24105,Toki,1
41219,Toki AVM,3
41222,Toki AVM,3
24287,Toki Alt Yol,1
13264,Toki Evleri Son Durak,4
15812,Toki Konutlar,1
15813,Toki Konutlar,1
23787,Toki Konutları,2
24389,Toki Konutları,2
22516,Toki Okul,3
22539,Toki Okul,3
41217,Toki Okul,3
41220,Toki Okul,3
15816,Toki Son Durak,1
24286,Toki Yamaç Evler,1
15806,Toki Yol Ayrımı,1
15807,Toki Yol Ayrımı,1
32341,Toki Yıldız,2
32342,Toki Yıldız,2
32339,Toki Çam,2
32340,Toki Çam,2
30785,Tokmakalan,1
30786,Tokmakalan,1
21561,Top Sahası,1
21562,Top Sahası,4
16053,Topalak,1
16054,Topalak,1
12474,Toprak,6
12475,Toprak,5
16245,Toprak,1
16246,Toprak,1
31302,Toprak Yol,5
31303,Toprak Yol,5
30373,Topçu Birliği,3
16405,Topçu Kuyu,1
16406,Topçu Kuyu,1
30703,Topçu Taburu,2
30704,Topçu Taburu,2
32473,Topçu Tugayı,1
32474,Topçu Tugayı,1
16362,Topçukuyu,1
16363,Topçukuyu,1
52001,Torasan,1
50637,Torasan Mahallesi,8
50638,Torasan Mahallesi,9
15834,Torba Kent,8
15835,Torba Kent,8
11511,Torbalı Aktarma,2
11513,Torbalı Aktarma,2
11515,Torbalı Aktarma,1
11546,Torbalı Aktarma,1
11548,Torbalı Aktarma,1
11549,Torbalı Aktarma,1
11550,Torbalı Aktarma,1
15669,Torbalı Altgeçit,1
15670,Torbalı Altgeçit,1
11596,Torbalı Anadolu Lisesi,16
11597,Torbalı Anadolu Lisesi,16
11504,Torbalı Anadolu İmam Hatip Lisesi,18
11507,Torbalı Anadolu İmam Hatip Lisesi,18
16188,Torbalı Anadolu İmam-Hatip Lisesi,1
16189,Torbalı Anadolu İmam-Hatip Lisesi,1
11492,Torbalı Askerlik Şubesi,2
11495,Torbalı Askerlik Şubesi,2
11564,Torbalı Belediyesi,19
11557,Torbalı Belediyesi 2,20
15866,Torbalı Caddesi,1
15867,Torbalı Caddesi,1
11466,Torbalı Cami,11
11467,Torbalı Cami,11
11523,Torbalı Depolar,1
11524,Torbalı Depolar,1
10648,Torbalı Devlet Hastanesi,6
10649,Torbalı Devlet Hastanesi,6
15955,Torbalı Devlet Hastanesi Kavşağı,3
15956,Torbalı Devlet Hastanesi Kavşağı,3
11600,Torbalı Diyaliz Merkezi,16
11601,Torbalı Diyaliz Merkezi,16
13851,Torbalı Diş Hastanesi,4
13852,Torbalı Diş Hastanesi,4
15665,Torbalı Diş Hastanesi,3
15666,Torbalı Diş Hastanesi,3
15720,Torbalı Fatih Cami,1
15721,Torbalı Fatih Cami,1
10864,Torbalı Galeri,3
11547,Torbalı Galeri,3
10860,Torbalı Garajı,3
10866,Torbalı Garajı,3
13871,Torbalı Havuz Park,2
13872,Torbalı Havuz Park,2
16247,Torbalı Huzurevi,1
16248,Torbalı Huzurevi,1
15714,Torbalı Kabristan,1
15715,Torbalı Kabristan,1
14320,Torbalı Konutlar,3
14321,Torbalı Konutlar,3
16452,Torbalı Mezarlık,2
16453,Torbalı Mezarlık,2
13838,Torbalı Muratbey Mahallesi,2
13839,Torbalı Muratbey Mahallesi,2
15607,Torbalı OSB,1
16384,Torbalı OSB,1
16385,Torbalı OSB 2,1
16386,Torbalı OSB 2,1
16431,Torbalı OSB Yolu,1
16433,Torbalı OSB Yolu,1
11460,Torbalı Piri Reis Mesleki ve Teknik Anadolu Lisesi,9
11461,Torbalı Piri Reis Mesleki ve Teknik Anadolu Lisesi,9
11398,Torbalı Sanayi,6
11399,Torbalı Sanayi,5
15718,Torbalı Sanayi Sitesi,1
15719,Torbalı Sanayi Sitesi,1
11400,Torbalı Sanayi Çıkışı,6
11411,Torbalı Sanayi Çıkışı,5
11458,Torbalı Siteler,9
11459,Torbalı Siteler,9
15704,Torbalı Spor Salonu,1
15705,Torbalı Spor Salonu,1
14324,Torbalı Stad,3
14325,Torbalı Stad,3
10852,Torbalı Ticaret Odası,8
10853,Torbalı Ticaret Odası,8
14312,Torbalı Ticaret Odası 80.Yıl İlkokulu,2
14313,Torbalı Ticaret Odası 80.Yıl İlkokulu,2
16013,Torbalı Tren Yolu,1
16014,Torbalı Tren Yolu,1
11578,Torbalı Tıp Merkezi,16
11579,Torbalı Tıp Merkezi,16
16011,Torbalı İZSU,1
16012,Torbalı İZSU,1
16193,Torbalı Şantiye,1
16871,Torbalı Şantiye,1
41144,Toros Meydan,4
41145,Toros Meydan,4
41106,Toros Pazaryeri,2
41107,Toros Pazaryeri,2
51976,Torosan,1
52007,Torosan Orman,1
52008,Torosan Orman,1
41410,Torunlar,1
41411,Torunlar,1
11028,Tosun Çeşmesi,2
11033,Tosun Çeşmesi,2
32224,Trafik Tescil,1
12624,Trafo,3
12625,Trafo,4
12852,Trafo,1
12853,Trafo,1
16082,Trafo,1
16083,Trafo,1
16366,Trafo,1
16367,Trafo,1
21743,Trafo,3
21744,Trafo,3
24060,Trafo,1
24061,Trafo,1
24476,Trafo,1
24477,Trafo,1
30891,Trafo,1
30892,Trafo,1
30945,Trafo,1
30946,Trafo,1
50248,Trafo,1
50251,Trafo,1
52364,Trafo,1
52365,Trafo,1
21225,Trafo 2,0
24542,Trafolar,1
24543,Trafolar,1
16675,Transfer Merkezi,1
16676,Transfer Merkezi,1
20283,Tren Yolu 1,1
20284,Tren Yolu 1,1
20281,Tren Yolu 2,1
20282,Tren Yolu 2,1
15710,Tren Yolu Geçidi,1
15711,Tren Yolu Geçidi,1
30781,Tropikal Sitesi,1
30782,Tropikal Sitesi,1
30049,Tuborg,4
10893,Tulum,1
10898,Tulum,1
13978,Tulum Giriş,1
13979,Tulum Giriş,1
13976,Tulum Okul,1
13977,Tulum Okul,1
13980,Tulum Son Durak,1
16290,Tulum Son Durak,1
16289,Tulum Çıkış,1
12846,Tulumba,2
12847,Tulumba,2
30073,Tulumba Mevki,1
30074,Tulumba Mevki,1
24113,Tuna,1
24114,Tuna,1
50285,Tuna,1
50288,Tuna,1
20057,Turan,24
20060,Turan,24
20989,Turan Çakın İlkokulu,3
20990,Turan Çakın İlkokulu,3
30513,Turanlar,4
14000,Turanlı,2
14001,Turanlı,2
50177,Turem,5
52460,Turgut Dörtyol,1
52461,Turgut Dörtyol,1
51166,Turgut Meydan,1
51167,Turgut Meydan,1
51164,Turgut Mezarlık,1
51165,Turgut Mezarlık,1
12175,Turgut Reis,1
31391,Turgut Reis,3
31392,Turgut Reis,3
11998,Turgut Reis İlköğretim Okulu,1
11999,Turgut Reis İlköğretim Okulu,1
52301,Turgut Restoran,1
52302,Turgut Restoran,1
52303,Turgut Tarla,1
52304,Turgut Tarla,1
52299,Turgut Çiftlik,1
52300,Turgut Çiftlik,1
16047,Turgut Özal Bulvarı,1
16048,Turgut Özal Bulvarı,1
15236,Turgutlu,1
15237,Turgutlu,1
41395,Turizm Fakültesi,1
11040,Turizm Okulu,2
11045,Turizm Okulu,2
16478,Turkuaz,1
16479,Turkuaz,1
15872,Turkuaz Sitesi,1
15873,Turkuaz Sitesi,1
12751,Turna,1
12752,Turna,1
52100,Turna,1
52101,Turna,1
30233,Tuz Fabrikası,1
21296,Tuz İşletmesi Lokali,1
21297,Tuz İşletmesi Lokali,1
52249,Tuzla Koyu Burun,1
52250,Tuzla Koyu Burun,1
22140,Tuzçullu,1
24243,Tuzçullu Giriş,1
31801,Töev,1
31802,Töev,1
51208,Tümerk,1
51209,Tümerk,1
20553,Tünel,3
20554,Tünel,3
15604,Tünel İşletme Şefliği,5
12404,Tüpçü,2
12407,Tüpçü,2
11358,Türk Telekom Mesleki ve Teknik Anadolu Lisesi,1
11359,Türk Telekom Mesleki ve Teknik Anadolu Lisesi,1
31467,Türkan Özilhan Devlet Hastanesi,6
31468,Türkan Özilhan Devlet Hastanesi,6
12238,Türkeliler,4
12239,Türkeliler,4
21877,Türkelli Belediye,1
21900,Türkelli Belediye,1
21898,Türkelli Düğün Salonu,1
21899,Türkelli Düğün Salonu,1
21894,Türkelli Giriş,1
21895,Türkelli Giriş,1
21825,Türkelli Karakol,1
21826,Türkelli Karakol,1
22122,Türkelli Katı Atık,1
22123,Türkelli Katı Atık,1
21901,Türkelli Çıkış,1
21902,Türkelli Çıkış,1
21875,Türkelli Üçyol,1
21876,Türkelli Üçyol,1
11348,Türkmen Köy Girişi,1
11350,Türkmen Köy Muhtarlık,1
10794,Türkmenköy Jandarma,6
10795,Türkmenköy Jandarma,6
12189,Türkoğlu,1
12190,Türkoğlu,1
14951,Türkönü,9
14952,Türkönü,9
16442,Türkönü Küme Evler,4
16443,Türkönü Küme Evler,4
11403,Tütün Fabrikası,5
11404,Tütün Fabrikası,6
22168,Tüvtürk,10
40121,Tınaztepe,0
40123,Tınaztepe,0
40124,Tınaztepe,0
40126,Tınaztepe,0
40893,Tınaztepe,1
41390,Tınaztepe,0
41404,Tınaztepe,0
40894,Tınaztepe Yerleşke Son Durak,14
41336,Tınaztepe Yerleşke Son Durak,16
41416,Tınaztepe Yerleşke Son Durak,5
41376,Tınaztepe Üniversitesi Yan Giriş,1
41377,Tınaztepe Üniversitesi Yan Giriş,1
11050,Tıp Merkezi,4
11055,Tıp Merkezi,4
23825,Tır Deposu,1
23826,Tır Deposu,1
30522,Tır Garajı,2
30525,Tır Garajı,2
24462,Tır Parkı,1
24463,Tır Parkı,1
21983,Tır parkı,4
21984,Tır parkı,4
50714,Tırazlı,1
50715,Tırazlı,1
52149,Tırazlı Kümeevler,1
52150,Tırazlı Kümeevler,1
16419,Tırazlı Mezarlık,1
50710,Tırazlı Mezarlık,1
13509,Tırazlı Yol Ayrımı,1
13510,Tırazlı Yol Ayrımı,1
50716,Tırazlı Çıkış,1
50717,Tırazlı Çıkış,1
24322,Tırmanlar Yol Ayrımı,1
24323,Tırmanlar Yol Ayrımı,1
31312,Ufuk,2
31313,Ufuk,2
41096,Ufuk Cami,2
41097,Ufuk Cami,2
40420,Ufuk Karakolu,4
40421,Ufuk Karakolu,4
50427,Ufuk Köy,5
50428,Ufuk Köy,5
51943,Ulama,2
51944,Ulama,6
51200,Ulamış Cami,3
51201,Ulamış Cami,3
50453,Ulamış Giriş,6
50454,Ulamış Giriş,6
51202,Ulamış Kahveler,3
51203,Ulamış Kahveler,3
52305,Ulamış Kümesi,5
52306,Ulamış Kümesi,5
50429,Ulamış Merkez,2
50430,Ulamış Merkez,2
51198,Ulamış Mezarlık,3
51199,Ulamış Mezarlık,3
52009,Ulamış Ortaokulu,2
52010,Ulamış Ortaokulu,2
50431,Ulamış Yaren,5
50432,Ulamış Yaren,5
51206,Ulamış Çeşme,3
51207,Ulamış Çeşme,3
51196,Ulamış İlkokulu,3
51197,Ulamış İlkokulu,3
10664,Ulaştırma,16
10665,Ulaştırma,16
30701,Ulaştırma,2
30702,Ulaştırma,2
24040,Ulu Cami Muhtarlık,3
24041,Ulu Cami Muhtarlık,3
50977,Ulu Çam,1
50978,Ulu Çam,1
21538,Ulu-Koop,3
21539,Ulu-Koop,4
32265,Ulucak Ardıç,1
32266,Ulucak Ardıç,1
32261,Ulucak Ayşe-Hasan Türkmen Ortaokulu,1
32262,Ulucak Ayşe-Hasan Türkmen Ortaokulu,1
21513,Ulucak Cami,1
30901,Ulucak Cumhuriyet,2
30902,Ulucak Cumhuriyet,2
30913,Ulucak Giriş,2
30914,Ulucak Giriş,2
32263,Ulucak Jandarma,1
32264,Ulucak Jandarma,1
30928,Ulucak Meydan,1
30930,Ulucak Meydan,1
30921,Ulucak Mezarlık,1
30922,Ulucak Mezarlık,1
32437,Ulucak Park,1
30923,Ulucak Pazar Yeri,1
30924,Ulucak Pazar Yeri,1
30915,Ulucak Spor Tesisleri,2
30916,Ulucak Spor Tesisleri,2
30925,Ulucak Trafo,1
30926,Ulucak Trafo,1
30919,Ulucak İlköğretim Okulu,2
30920,Ulucak İlköğretim Okulu,2
50035,Uludağ,16
50036,Uludağ,16
21495,Ulukent Aktarma,5
21545,Ulukent Aktarma,8
23309,Ulukent Aktarma Merkezi,2
21392,Ulukent Gar,9
21459,Ulukent Gar,8
23310,Ulukent Koop Giriş,2
23311,Ulukent Koop Giriş,2
21515,Ulukent Meydan,1
22520,Ulukent Mezarlık,2
22521,Ulukent Mezarlık,2
21509,Ulukent Ortaokulu,3
21510,Ulukent Ortaokulu,3
23327,Ulukent Park,2
23328,Ulukent Park,2
23312,Ulukent Siteler,1
23313,Ulukent Siteler,1
21394,Ulukent Trafo,7
21395,Ulukent Trafo,7
21517,Ulukent Çıkış,1
22533,Ulukent Üçyol,4
22534,Ulukent Üçyol,4
21470,Ulukent İlköğretim Okulu,1
21471,Ulukent İlköğretim Okulu,1
21511,Ulukent İlköğretim Okulu,1
21969,Ulus,4
21970,Ulus,4
50437,Uluslararası Seferihisar İMKB Anadolu İmam Hatip Lisesi,6
50438,Uluslararası Seferihisar İMKB Anadolu İmam Hatip Lisesi,6
11387,Uluğbey İlkokulu,2
11388,Uluğbey İlkokulu,2
10426,Umur Bey,3
10451,Umurbey Depolar,1
11905,Umut,2
11906,Umut,1
12668,Umut,1
12671,Umut,1
21566,Umut,4
21567,Umut,4
30157,Umut,4
30158,Umut,4
31037,Umut,1
31038,Umut,1
31498,Umut,2
40371,Umut,1
40372,Umut,1
12462,Umut Mahallesi Köprü,5
12463,Umut Mahallesi Köprü,5
31152,Umut Parkı,2
31151,Umut parkı,1
15745,Urgancı,1
15746,Urgancı,1
50605,Urla,15
52131,Urla Adliye,10
52132,Urla Adliye,10
50578,Urla Anadolu Lisesi,6
50641,Urla Bölge Trafik,9
50642,Urla Bölge Trafik,9
50802,Urla Devlet Demiryolları Kampı,1
50803,Urla Devlet Demiryolları Kampı,1
51059,Urla Devlet Hastanesi,6
51060,Urla Devlet Hastanesi,6
52106,Urla Egiad Ortaokulu,1
52107,Urla Egiad Ortaokulu,1
50792,Urla Emniyet,1
50793,Urla Emniyet,1
50583,Urla Merkez,12
50579,Urla Mesleki ve Teknik Anadolu Lisesi,6
50854,Urla Sanat,6
50855,Urla Sanat,6
50859,Urla Sanayi 1,9
50860,Urla Sanayi 1,9
50861,Urla Sanayi 2,6
50862,Urla Sanayi 2,6
50863,Urla Sanayi 3,6
50864,Urla Sanayi 3,6
51220,Urla Stadı,2
51221,Urla Stadı,2
51859,Urla Villalar,7
51860,Urla Villalar,7
23848,Uslu,1
23849,Uslu,1
15677,Uygar,1
15678,Uygar,1
15832,Uygur,1
15833,Uygur,1
32171,Uysal,1
32172,Uysal,1
51849,Uysal,1
52053,Uysal,1
13487,Uzlar,1
13488,Uzlar,1
23249,Uzman Çavuş Asım Türkel,1
23250,Uzman Çavuş Asım Türkel,1
23251,Uzman Çavuş Ferruh Dikmen,1
23252,Uzman Çavuş Ferruh Dikmen,1
22821,Uzunburun,1
22822,Uzunburun,1
12240,Uzundere,4
15898,Uzundere Kavşağı,3
15899,Uzundere Kavşağı,3
15448,Uzundere Mezarlığı,1
15449,Uzundere Mezarlığı,1
50937,Uzundere Toki Cami,0
50938,Uzundere Toki Cami,0
16080,Uzundere Yol Ayrımı,1
16081,Uzundere Yol Ayrımı,1
51753,Uzunkuyu,2
51754,Uzunkuyu,2
52624,Uzunkuyu Meydan,1
52625,Uzunkuyu Meydan,1
52098,Uzunkuyu Ortaokulu,1
52099,Uzunkuyu Ortaokulu,1
52155,Uzunkuyu Yolayrımı,1
52156,Uzunkuyu Yolayrımı,1
52096,Uzunkuyu İnönü,1
52097,Uzunkuyu İnönü,1
31904,Uğur,1
31905,Uğur,1
52037,Uğur Koleji,3
52038,Uğur Koleji,3
12581,Uğur Mumcu,1
12582,Uğur Mumcu,1
21335,Uğur Mumcu,5
21336,Uğur Mumcu,5
23669,Uğur Mumcu,2
23670,Uğur Mumcu,2
23807,Uğur Mumcu,1
50337,Uğur Mumcu,3
50338,Uğur Mumcu,3
52089,Uğur Mumcu,1
52090,Uğur Mumcu,1
23675,Uğur Mumcu Muhtarlık,1
23676,Uğur Mumcu Muhtarlık,1
10276,Uğur Mumcu Parkı,2
23922,Uğur Mumcu Parkı,2
23923,Uğur Mumcu Parkı,2
21333,Uğur Mumcu Sağlık Ocağı,4
21334,Uğur Mumcu Sağlık Ocağı,5
32380,Vadi,2
50250,Vadi,1
50253,Vadi,1
52031,Vadi,4
52032,Vadi,4
52072,Vadi,1
52073,Vadi,1
16849,Vadi Park,0
51344,Vakıf Kuyu,1
51345,Vakıf Kuyu,1
10158,Vali Konağı,1
10165,Vali Konağı,1
21646,Vali Kutlu Aktaş,3
21647,Vali Kutlu Aktaş,3
20527,Vali Namık Kemal İlköğretim Okulu,5
20528,Vali Namık Kemal İlköğretim Okulu,5
12378,Vali Nevzat Ayaz Lisesi,1
12381,Vali Nevzat Ayaz Lisesi,1
40207,Vali Rahmi Bey,4
40208,Vali Rahmi Bey,4
10554,Vasıf Çınar,4
13104,Vatan,1
13105,Vatan,1
41113,Vatan,1
41118,Vatan,1
31304,Vecihi Hürkuş,2
31305,Vecihi Hürkuş,2
20260,Velidedeoğlu,2
21223,Vena,0
10818,Ventola,5
10819,Ventola,5
11422,Verde,4
11423,Verde,4
16078,Veteriner İşleri Müdürlüğü,1
16079,Veteriner İşleri Müdürlüğü,1
11895,Veterinerlik,3
11896,Veterinerlik,3
40343,Veysel Karani Cami,1
40344,Veysel Karani Cami,1
12543,Vicdan,1
12544,Vicdan,1
40257,Vicdan,2
40258,Vicdan,2
30883,Villa,1
30884,Villa,1
30940,Villa,1
30941,Villa,1
31435,Villa 1,1
31436,Villa 1,1
31437,Villa 2,1
31438,Villa 2,1
31439,Villa 3,1
31440,Villa 3,1
32407,Villa Ağaçlık,1
32408,Villa Ağaçlık,1
21615,Villakent Anadolu Lisesi,3
21616,Villakent Anadolu Lisesi,3
21595,Villakent Giriş,3
21596,Villakent Giriş,3
21607,Villakent Merkez,3
21610,Villakent Merkez,3
41388,Villalar,1
32440,Viyadük Köprüaltı,2
24470,Vizyon,1
24471,Vizyon,1
32277,Vişneli Bahçe,1
32278,Vişneli Bahçe,1
31679,Vişneli Girişi,1
31680,Vişneli Girişi,1
32271,Vişneli Köyü Yol Ayrımı,1
32272,Vişneli Köyü Yol Ayrımı,1
31687,Vişneli Küme Evleri,1
31688,Vişneli Küme Evleri,1
32447,Vişneli Yolu,1
32448,Vişneli Yolu,1
32273,Vişneli Zeytinlik,1
32274,Vişneli Zeytinlik,1
31685,Vişneli Çıkış,1
31686,Vişneli Çıkış,1
31694,Vişneli Üçyol,1
31695,Vişneli Üçyol,1
32275,Vişneli İlkokulu,1
32276,Vişneli İlkokulu,1
51507,Yabancı Diller,3
51510,Yabancı Diller,3
32293,Yabancılar Şube Müdürlüğü,1
32295,Yabancılar Şube Müdürlüğü,1
12431,Yadigar Cami,3
12432,Yadigar Cami,3
12439,Yadigar Sitesi,5
12440,Yadigar Sitesi,5
41215,Yahya Kemal Beyatlı,3
41218,Yahya Kemal Beyatlı,3
52069,Yaka,1
52070,Yaka,1
50331,Yaka Giriş,3
50332,Yaka Giriş,3
50347,Yaka Muhtarlık,1
50348,Yaka Muhtarlık,1
50345,Yaka Üçyol,1
50346,Yaka Üçyol,1
14635,Yakacık,4
14636,Yakacık,4
14637,Yakacık Papatya,4
14638,Yakacık Papatya,4
15468,Yakacık Çiftlik,4
15469,Yakacık Çiftlik,4
20899,Yakakent,2
23646,Yakakent,2
23998,Yakakent Ahlat,1
23999,Yakakent Ahlat,1
23645,Yakakent Son Durak,2
31816,Yakaköy Girişi,1
31817,Yakaköy Girişi,1
31824,Yakaköy Mezarlık,1
31825,Yakaköy Mezarlık,1
31828,Yakaköy Son Durak,1
15857,Yakamoz,1
15858,Yakamoz,1
50119,Yakamoz,5
50122,Yakamoz,5
51408,Yakamoz,1
51409,Yakamoz,1
16503,Yakamoz 2,1
16504,Yakamoz 2,1
16411,Yakapınar,1
16412,Yakapınar,1
11758,Yakapınar Giriş,6
11759,Yakapınar Giriş,7
13733,Yakapınar Mezarlık,1
13734,Yakapınar Mezarlık,1
16797,Yakapınar Çayırı,1
16798,Yakapınar Çayırı,1
13731,Yakapınar Çıkış,1
13732,Yakapınar Çıkış,1
51278,Yakınca,1
51279,Yakınca,1
22991,Yalnız Ev,8
22994,Yalnız Ev,8
24087,Yalnızev Arayol,1
24291,Yalnızev Arayol,1
24089,Yalnızev Meydan,1
24290,Yalnızev Meydan,1
11010,Yalçındağ,1
11011,Yalçındağ,1
10151,Yalı,1
10170,Yalı,1
50796,Yalı,1
50797,Yalı,1
52321,Yalı Manzara,1
52322,Yalı Manzara,1
52327,Yalı Market,1
52328,Yalı Market,1
52323,Yalı Siteler,1
52324,Yalı Siteler,1
52331,Yalı Tatil Sitesi,1
52332,Yalı Tatil Sitesi,1
52319,Yalı Villalar,1
52320,Yalı Villalar,1
52329,Yalı Çiçekevler,1
52330,Yalı Çiçekevler,1
24298,Yalın Ayak Dede Türbesi,1
24299,Yalın Ayak Dede Türbesi,1
20549,Yamanlar Karakol,3
20550,Yamanlar Karakol,3
24183,Yamanlar Köyü Cami,1
24184,Yamanlar Köyü Cami,1
22327,Yamanlar Köyü Son Durak,1
24185,Yamanlar Küme Evleri,1
24186,Yamanlar Küme Evleri,1
22324,Yamanlar Mesire Yeri,1
22325,Yamanlar Mesire Yeri,1
22540,Yamanlar Muradiye Cami,3
22541,Yamanlar Muradiye Cami,3
20543,Yamanlar PTT,3
20544,Yamanlar PTT,3
20548,Yamanlar Semt Kütüphanesi,3
20771,Yamanlar Sitesi,1
22550,Yamanlar Yeni Son Durak,3
20545,Yamanlar Çeşme,3
20546,Yamanlar Çeşme,3
20781,Yamaç,2
20782,Yamaç,2
21563,Yamaç,4
21564,Yamaç,4
31974,Yamaç,1
31975,Yamaç,1
41225,Yamaç,2
41226,Yamaç,2
52043,Yamaç,2
52044,Yamaç,2
20720,Yamaç Parkı,3
20721,Yamaç Parkı,2
21472,Yamaçevler,1
21473,Yamaçevler,1
50742,Yamaçevler,1
50743,Yamaçevler,1
13901,Yangın Havuzu,1
13902,Yangın Havuzu,1
22464,Yanık köy Mezarlık,1
22465,Yanık köy Mezarlık,1
22467,Yanıkköy,1
16051,Yapı Market,1
16052,Yapı Market,1
16817,Yapı Market,1
16818,Yapı Market,1
50820,Yaren,1
50821,Yaren,1
11525,Yaren Dede,3
11526,Yaren Dede,4
12910,Yasemin,2
12911,Yasemin,2
13254,Yasemin,4
13255,Yasemin,4
31080,Yasemin,4
31081,Yasemin,4
31898,Yasemin,1
31899,Yasemin,1
40812,Yasemin,4
40813,Yasemin,4
13181,Yasemin Uysal,4
13182,Yasemin Uysal,4
31843,Yassıtepe Höyüğü,2
31844,Yassıtepe Höyüğü,2
24128,Yavuz Selim,1
13248,Yavuz Selim İlkokulu,4
13249,Yavuz Selim İlkokulu,4
40613,Yavuz Sultan Selim Cami,3
40614,Yavuz Sultan Selim Cami,3
23788,Yayakent,2
23789,Yayakent,2
23978,Yayakent Giriş,2
23979,Yayakent Giriş,2
23777,Yayakent Meydan,2
23778,Yayakent Mezarlık,2
23779,Yayakent Mezarlık,2
24599,Yayakent Sanayi,2
24600,Yayakent Sanayi,2
21737,Yayla,1
21738,Yayla,1
12122,Yayla Kahvesi,1
12125,Yayla Kahvesi,1
23516,Yayla Mevkii,1
23517,Yayla Mevkii,1
21733,Yayla Muhtarlık,1
21734,Yayla Muhtarlık,1
10820,Yazıbaşı,5
10821,Yazıbaşı,5
11384,Yazıbaşı Merkez,2
11385,Yazıbaşı Merkez,2
11378,Yazıbaşı Sağlık Ocağı,2
11379,Yazıbaşı Sağlık Ocağı,2
11389,Yazıbaşı Son Durak,2
11374,Yazıbaşı Tariş,2
11375,Yazıbaşı Tariş,2
11372,Yazıbaşı Tekel,2
11373,Yazıbaşı Tekel,2
21762,Yağ Fabrikası,1
21763,Yağ Fabrikası,1
51001,Yağcılar Giriş,1
51004,Yağcılar Giriş,1
52141,Yağcılar Orman,1
52142,Yağcılar Orman,1
50999,Yağcılar Sera,1
51002,Yağcılar Sera,1
51003,Yağcılar Son durak,1
52642,Yağcılar Tarla,1
52643,Yağcılar Tarla,1
51007,Yağcılar Yeni Son Durak,1
50989,Yağcılar yol ayrımı,1
50990,Yağcılar yol ayrımı,1
12062,Yağhaneler,9
12063,Yağhaneler,6
12064,Yağhaneler 2,15
12065,Yağhaneler 2,14
12198,Yağhaneler 3,7
15131,Yağlar,3
15132,Yağlar,3
15121,Yağlar Çıkış,3
15122,Yağlar Çıkış,3
11681,Yağmur,5
11682,Yağmur,5
13661,Yağmur,2
13662,Yağmur,2
22272,Yağmur,1
22273,Yağmur,1
51016,Yağmurcun,2
51017,Yağmurcun,2
22061,Yaşam,3
40816,Yaşam,2
40817,Yaşam,2
50245,Yaşar Kemal Kültür Merkezi,1
50252,Yaşar Kemal Kültür Merkezi,1
13267,Yaşar Kemal Mahalle Muhtarlığı,5
13268,Yaşar Kemal Mahalle Muhtarlığı,5
10430,Yaşar Üniversitesi,3
11663,Yedi Eylül,2
11664,Yedi Eylül,2
11573,Yedi Eylül Mahallesi Mezarlık,2
11574,Yedi Eylül Mahallesi Mezarlık,2
40526,Yedi Göller,2
40527,Yedi Göller,2
40611,Yedi Göller İş Merkezi,2
40612,Yedi Göller İş Merkezi,2
31362,Yeditepe İtfaiye,6
14955,Yel Aldı,8
14956,Yel Aldı,8
16149,Yel Değirmeni,1
16150,Yel Değirmeni,1
23934,Yel Değirmenleri,1
21881,Yeldeğirmenleri,2
21882,Yeldeğirmenleri,1
50395,Yelki,4
50396,Yelki,4
50474,Yelki Belediye,4
50485,Yelki Kavşak,4
50486,Yelki Kavşak,2
50480,Yelki Pazar Yeri,1
50489,Yelki Saha,3
50490,Yelki Saha,3
50476,Yelki Sağlık Ocağı,4
50402,Yelki Villakent,7
52145,Yelki Yeldeğirmeni,1
52146,Yelki Yeldeğirmeni,1
50467,Yelki Üçyol,4
50468,Yelki Üçyol,4
10870,Yemişlik,20
10903,Yemişlik,20
50079,Yemişçi,11
50082,Yemişçi,11
30471,Yener,4
30520,Yener,4
30523,Yener,4
30461,Yener Caddesi,4
30462,Yener Caddesi,4
21857,Yeni Bağarası,1
21858,Yeni Bağarası,1
21816,Yeni Bağarası Giriş,1
21817,Yeni Bağarası Giriş,1
23423,Yeni Bağarası Yol Ayrımı,1
23424,Yeni Bağarası Yol Ayrımı,1
23415,Yeni Bağarası Çıkış,1
23417,Yeni Bağarası Çıkış,1
21819,Yeni Bağarası İlkokulu,1
23524,Yeni Bağarası İlkokulu,1
11304,Yeni Bulgurca Cami,1
11305,Yeni Bulgurca Cami,1
11302,Yeni Bulgurca Giriş,1
11303,Yeni Bulgurca Giriş,1
11307,Yeni Bulgurca Son Durağı,1
11308,Yeni Bulgurca Son Durağı,1
10584,Yeni Cami,2
10585,Yeni Cami,2
24030,Yeni Cami,4
52384,Yeni Dostlar Sitesi,1
52385,Yeni Dostlar Sitesi,1
11620,Yeni Dünya,1
24416,Yeni Foça Anaokulu,1
21957,Yeni Foça Birlik Evleri,4
21958,Yeni Foça Birlik Evleri,4
23409,Yeni Foça Jandarma,1
23647,Yeni Foça Jandarma,1
21967,Yeni Foça Otogar,7
23808,Yeni Foça Stadı,1
22400,Yeni Foça Yol Ayrımı,4
22401,Yeni Foça Yol Ayrımı,4
20484,Yeni Girne,13
20485,Yeni Girne,13
16476,Yeni Kent,6
30101,Yeni Kent,6
30102,Yeni Kent,6
40011,Yeni Mahalle,17
40012,Yeni Mahalle,17
15952,Yeni Mahalle Alt Yol,3
15427,Yeni Mahalle Altyol,4
15428,Yeni Mahalle Altyol,1
23384,Yeni Mahalle Muhtarlık,1
23385,Yeni Mahalle Muhtarlık,1
30075,Yeni Mezarlık,1
40932,Yeni Mezarlık,3
40933,Yeni Mezarlık,3
40966,Yeni Mezarlık İki,3
40967,Yeni Mezarlık İki,3
13628,Yeni Orhanlı Küme Evleri,2
13629,Yeni Orhanlı Küme Evleri,2
13616,Yeni Orhanlı Ortaokulu,2
13617,Yeni Orhanlı Ortaokulu,2
51146,Yeni Orman,1
51147,Yeni Orman,1
12742,Yeni Çamlık,2
22781,Yeni Şakran  Merkez,4
22784,Yeni Şakran  Merkez,3
22777,Yeni Şakran Giriş,3
22780,Yeni Şakran Giriş,3
22783,Yeni Şakran Yol Ayrımı,3
22786,Yeni Şakran Yol Ayrımı,4
13750,Yeniay,2
13751,Yeniay,2
23924,Yenibahar,1
23925,Yenibahar,1
11862,Yenidoğan,2
41420,Yenidünya,2
41421,Yenidünya,2
23418,Yenifoça Caddesi,1
23419,Yenifoça Caddesi,1
41295,Yenigün Muhtar,3
41296,Yenigün Muhtar,3
13550,Yenikent,4
13553,Yenikent,4
22981,Yenikent,3
22982,Yenikent,3
24424,Yenikent Aile Sağlığı,1
24425,Yenikent Aile Sağlığı,1
24428,Yenikent Köprü,1
24429,Yenikent Köprü,1
24423,Yenikent Meydan,1
24426,Yenikent Tariş,1
24427,Yenikent Tariş,1
24430,Yenikent Zeytinlik,1
24431,Yenikent Zeytinlik,1
21929,Yeniköy,1
21930,Yeniköy,1
13569,Yeniköy Atış Poligonu,1
13570,Yeniköy Atış Poligonu,1
14671,Yeniköy Cami,3
14672,Yeniköy Cami,3
13594,Yeniköy Giriş,1
13595,Yeniköy Giriş,1
13857,Yeniköy Giriş,1
13860,Yeniköy Giriş,1
13578,Yeniköy Kahveler,1
13579,Yeniköy Kahveler,1
16850,Yeniköy Küme Evleri,1
16851,Yeniköy Küme Evleri,1
21923,Yeniköy Küme Evleri,1
21924,Yeniköy Küme evleri,1
13586,Yeniköy Lale,1
13587,Yeniköy Lale,1
13580,Yeniköy Menekşe,1
13581,Yeniköy Menekşe,1
13859,Yeniköy Muhtarlık,1
13862,Yeniköy Muhtarlık,1
13596,Yeniköy Ortaokulu,1
13597,Yeniköy Ortaokulu,1
22288,Yeniköy Türktelekom,1
22289,Yeniköy Türktelekom,1
16249,Yeniköy Yolu,1
16250,Yeniköy Yolu,1
23626,Yeniköy Yolu,1
23968,Yeniköy Yolu,1
13582,Yeniköy Zambak,1
13583,Yeniköy Zambak,1
24279,Yeniköy Zeytin,1
24280,Yeniköy Zeytin,1
22290,Yeniköy Çiftlik,1
22291,Yeniköy Çiftlik,1
13844,Yeniköy Çıkış,1
13845,Yeniköy Çıkış,1
14673,Yeniköy Şehit Cengiz Topel İlkokulu,3
14674,Yeniköy Şehit Cengiz Topel İlkokulu,3
15228,Yenioba,1
15229,Yenioba,1
15876,Yenitepe Erguvan,3
15879,Yenitepe Erguvan,3
15880,Yenitepe Giriş,3
15881,Yenitepe Giriş,3
15877,Yenitepe Meydan,3
15878,Yenitepe Meydan,3
40105,Yeniyol,5
40106,Yeniyol,5
15537,Yeniçiftlik Benzinlik,3
15538,Yeniçiftlik Benzinlik,3
11712,Yeniçiftlik Cami,1
11713,Yeniçiftlik Cami,1
15214,Yeniçiftlik Ekin,1
15215,Yeniçiftlik Ekin,1
11714,Yeniçiftlik Merkez,2
11715,Yeniçiftlik Merkez,2
15210,Yeniçiftlik Nar,1
15211,Yeniçiftlik Nar,1
15212,Yeniçiftlik Tavuk Çiftliği,1
15213,Yeniçiftlik Tavuk Çiftliği,1
11716,Yeniçiftlik Çıkış,2
11717,Yeniçiftlik Çıkış,2
11698,Yeniçiftlik İlkokulu,3
11699,Yeniçiftlik İlkokulu,3
11897,Yenişehir Gıda Çarşısı İZSU Yanı,3
11898,Yenişehir Gıda Çarşısı İZSU Yanı,3
10368,Yenişehir PTT,17
10369,Yenişehir PTT,17
11852,Yenişehir Pazar Yeri,2
11853,Yenişehir Pazar Yeri,4
11854,Yenişehir Üst Geçit,5
11855,Yenişehir Üst Geçit,4
12728,Yentur,1
12731,Yentur,1
23525,Yerlitahtacı Yol Ayrımı,3
23526,Yerlitahtacı Yol Ayrımı,3
21987,Yetmiş Beşinci Yıl Lisesi,1
21988,Yetmiş Beşinci Yıl Lisesi,1
31068,Yetmiş Beşinci Yıl Parkı,4
31069,Yetmiş Beşinci Yıl Parkı,4
40887,Yetmiş Beşinci Yıl İlköğretim Okulu,1
40888,Yetmiş Beşinci Yıl İlköğretim Okulu,1
15917,Yeşil Bahçe,2
15918,Yeşil Bahçe,2
30553,Yeşil Köşk,8
30554,Yeşil Köşk,8
12885,Yeşil Mahallesi Muhtarlığı,7
12888,Yeşil Mahallesi Muhtarlığı,7
14983,Yeşil Ova,3
14984,Yeşil Ova,3
31137,Yeşil Ulu Cami,3
31138,Yeşil Ulu Cami,3
51212,Yeşil Urla,1
51213,Yeşil Urla,1
50576,Yeşil Yol,7
50577,Yeşil Yol,7
11856,Yeşildere,5
11857,Yeşildere,5
11907,Yeşildere Cami,2
11908,Yeşildere Cami,2
16834,Yeşildere Mahalle Muhtarlığı,1
12579,Yeşilkaya,1
12580,Yeşilkaya,1
40761,Yeşilkent,2
40762,Yeşilkent,2
50425,Yeşilkent,5
50426,Yeşilkent,5
10786,Yeşilköy,5
10787,Yeşilköy,5
14981,Yeşilköy,3
14982,Yeşilköy,3
31657,Yeşilköy Girişi,1
31655,Yeşilköy Küme Evleri,1
31659,Yeşilköy Meydan,1
24108,Yeşillik,1
24109,Yeşillik,1
30221,Yeşilova,4
30222,Yeşilova,3
14377,Yeşilova Gönül,1
14378,Yeşilova Gönül,1
30499,Yeşilova Höyüğü,2
30500,Yeşilova Höyüğü,1
11766,Yeşilova Köy Yolu,8
11767,Yeşilova Köy Yolu,8
14372,Yeşilova Mezarlık,1
14373,Yeşilova Mezarlık,1
14376,Yeşilova Son Durak,1
16309,Yeşilpınar,1
23964,Yeşilpınar Meydan,1
23965,Yeşilpınar Meydan,1
23970,Yeşilpınar Muhtarlık,1
23971,Yeşilpınar Muhtarlık,1
11909,Yeşiltepe İlkokulu,2
11910,Yeşiltepe İlkokulu,2
12441,Yeşilyurt,5
30846,Yeşilyurt,1
30847,Yeşilyurt,1
12273,Yeşilyurt Devlet Hastanesi,6
12274,Yeşilyurt Devlet Hastanesi,6
12333,Yeşilyurt Devlet Hastanesi,5
12336,Yeşilyurt Devlet Hastanesi,5
12275,Yeşilyurt Huzurevi,6
12276,Yeşilyurt Huzurevi,6
12323,Yeşilyurt Merkez Cami,3
12324,Yeşilyurt Merkez Cami,3
12452,Yeşilyurt Mezarlık,4
12453,Yeşilyurt Mezarlık,4
13385,Yeşilyurt Pazaryeri,1
13386,Yeşilyurt Pazaryeri,1
12454,Yeşilyurt Sağlık Ocağı,4
12455,Yeşilyurt Sağlık Ocağı,4
12405,Yeşilyurt Türbe,2
12271,Yeşilyurt Çeşme,6
12272,Yeşilyurt Çeşme,6
12267,Yeşilyurt İtfaiye,9
12268,Yeşilyurt İtfaiye,8
30713,Yeşilçam Eczane,2
30716,Yeşilçam Eczane,2
30711,Yeşilçam Market,2
30712,Yeşilçam Market,2
30709,Yeşilçam Muhtarlık,2
30710,Yeşilçam Muhtarlık,2
30729,Yeşilçam Orman,2
30730,Yeşilçam Orman,2
24292,Yeşilırmak,1
30822,Yiğitler,1
30823,Yiğitler,1
30911,Yiğitler Bahçeler,1
30912,Yiğitler Bahçeler,1
30870,Yiğitler Demirci,1
30871,Yiğitler Demirci,1
30820,Yiğitler Giriş,1
30821,Yiğitler Giriş,1
12420,Yokuş,1
21729,Yol,3
21730,Yol,3
52168,Yol,1
52169,Yol,1
14396,Yol Ayrımı,1
14397,Yol Ayrımı,1
14422,Yol Ayrımı,1
14423,Yol Ayrımı,1
30787,Yol Ayrımı,8
30788,Yol Ayrımı,8
15957,Yol Üstü Benzinlik Anayol,8
21025,Yoldaş,4
21026,Yoldaş,4
14939,Yolüstü Benzinlik,9
14940,Yolüstü Benzinlik,3
14942,Yolüstü Kahveler,3
16391,Yolüstü Kahveler,0
14944,Yolüstü Meydan,3
16392,Yolüstü Meydan,1
14946,Yolüstü Seralar,3
16393,Yolüstü Seralar,1
13473,Yonca,1
13474,Yonca,1
22630,Yonca,5
22631,Yonca,5
31197,Yonca,1
31198,Yonca,1
51873,Yonca,1
51874,Yonca,1
24320,Yortanlı,1
24321,Yortanlı,1
16239,Yoğurtçular Giriş,1
16240,Yoğurtçular Giriş,1
41078,Yoğurtçular Meydan,1
41079,Yoğurtçular Meydan,1
41080,Yoğurtçular Papatya,1
41081,Yoğurtçular Papatya,1
41083,Yoğurtçular Yol Ayrımı,1
16454,Yoğurtçular Çıkış,1
16455,Yoğurtçular Çıkış,1
30877,Yukarı Kızılca,1
30878,Yukarı Kızılca,1
30889,Yukarı Kızılca Belediye,1
30890,Yukarı Kızılca Belediye,1
30887,Yukarı Kızılca Jandarma,1
30888,Yukarı Kızılca Jandarma,1
32189,Yukarı Kızılca Orman,1
32190,Yukarı Kızılca Orman,1
30885,Yukarı Kızılca Ortaokulu,1
30886,Yukarı Kızılca Ortaokulu,1
32201,Yukarı Kızılca Çamlık,1
32202,Yukarı Kızılca Çamlık,1
23622,Yukarı Mahalle,1
23623,Yukarı Mahalle,1
31980,Yukarı Mahalle Cami,1
13058,Yukarı Sancaklı,1
13059,Yukarı Sancaklı,1
13054,Yukarı Sancaklı Çıkış,1
13055,Yukarı Sancaklı Çıkış,1
31588,Yukarı Sütçüler Trafo,2
31591,Yukarı Sütçüler Trafo,2
31549,Yukarı Sütçüler Çeşme,1
31550,Yukarı Sütçüler Çeşme,1
31683,Yukarı Vişneli Meydan,1
31684,Yukarı Vişneli Meydan,1
16259,Yukarı Çakaltepe,1
16260,Yukarı Çakaltepe,1
23452,Yukarıbey,1
23453,Yukarıbey,1
23450,Yukarıbey Cami,3
23451,Yukarıbey Cami,3
23448,Yukarıbey Giriş,3
23449,Yukarıbey Giriş,3
23547,Yukarıbey İlkokulu,1
23548,Yukarıbey İlkokulu,1
23472,Yukarıcuma Giriş,1
24633,Yukarıcuma Giriş,1
24632,Yukarıcuma Meydan,1
13446,Yukarıcık,1
13447,Yukarıcık,1
24308,Yukarıkırıklar,1
24309,Yukarıkırıklar,1
21723,Yumurtacı,2
21724,Yumurtacı,2
20503,Yunus,4
20504,Yunus,4
12386,Yunus Emre,1
12387,Yunus Emre,1
30543,Yunus Emre,3
41046,Yunus Emre,1
41047,Yunus Emre,1
31491,Yunus Emre Anadolu Lisesi,2
31492,Yunus Emre Anadolu Lisesi,2
30965,Yunus Keskin Parkı,7
20161,Yunuslar,21
23986,Yurt,5
51513,Yurtlar,3
12787,Yurtoğlu Muhtarlık,2
12788,Yurtoğlu Muhtarlık,2
12797,Yurtoğlu Pazaryeri,3
12798,Yurtoğlu Pazaryeri,3
12795,Yurtoğlu Son Durak,2
12796,Yurtoğlu Son Durak,3
12801,Yurtoğlu Üçyol,4
12802,Yurtoğlu Üçyol,4
15529,Yusuf Atılgan,1
15530,Yusuf Atılgan,1
14633,Yusuflu,4
14634,Yusuflu,4
14026,Yusuflu Köyü Giriş,1
14027,Yusuflu Köyü Giriş,1
14002,Yusuflu Köyü Yol Ayrımı,2
14003,Yusuflu Köyü Yol Ayrımı,2
14028,Yusuflu Son Durak,1
16055,Yuvalı,1
16056,Yuvalı,1
22997,Yuvam,8
23000,Yuvam,5
24236,Yuvam 2,3
21325,Yörük,3
21326,Yörük,3
50983,Yörük,1
50984,Yörük,1
21963,Yücel Sitesi,4
21964,Yücel Sitesi,4
10834,Yüksek Kahve,6
10835,Yüksek Kahve,6
50654,Yüksek Teknoloji,3
50655,Yüksek Teknoloji,3
51824,Yüksek Teknoloji Giriş,3
51825,Yüksek Teknoloji Giriş,3
22015,Yüksek Vadi,5
22016,Yüksek Vadi,5
22045,Yüksek Vadi 2,5
22046,Yüksek Vadi 2,5
12765,Yüzbaşı Şerafettin,1
12768,Yüzbaşı Şerafettin,1
12767,Yüzbaşı Şerafettin Muhtarlık,1
16473,Yüzbaşı Şerafettin Muhtarlık,1
16835,Yüzbaşı Şerafettin Muhtarlık 2,1
31314,Yüzüncü Yıl Karakolu,2
31315,Yüzüncü Yıl Karakolu,2
12217,Yıkık Cami,5
12218,Yıkık Cami,5
12508,Yıkık Cami 2,7
12509,Yıkık Cami 2,7
41094,Yıkık Kemer,2
32268,Yıkık Minare Cami,5
40422,Yıkıkkemer Meydan,4
40423,Yıkıkkemer Meydan,4
24084,Yılan Yokuşu,1
11622,Yıldırım,1
12492,Yıldırım,1
12493,Yıldırım,1
16297,Yıldırım,1
16298,Yıldırım,1
21809,Yıldırım,1
21810,Yıldırım,1
21892,Yıldırım,2
21893,Yıldırım,2
30214,Yıldırım,3
15560,Yıldırım Beyazıt,1
15561,Yıldırım Beyazıt,1
15708,Yıldırım Beyazıt Cami,1
15709,Yıldırım Beyazıt Cami,1
30206,Yıldırım Beyazıt Cami,3
23518,Yıldırım Mahalle Muhtarlığı,1
23521,Yıldırım Mahalle Muhtarlığı,1
11082,Yıldız,4
11089,Yıldız,4
11230,Yıldız,2
11231,Yıldız,2
20826,Yıldız,3
20827,Yıldız,3
23872,Yıldız,1
23873,Yıldız,1
30514,Yıldız,4
30517,Yıldız,4
31908,Yıldız,1
31909,Yıldız,1
40782,Yıldız,2
40783,Yıldız,2
41003,Yıldız,1
41004,Yıldız,1
41086,Yıldız,3
41087,Yıldız,3
50822,Yıldız,1
50823,Yıldız,1
51975,Yıldız,1
51998,Yıldız,1
52539,Yıldız,1
52540,Yıldız,1
24072,Yıldız Cami,1
24132,Yıldız Garaj,4
24133,Yıldız Garaj,4
16743,Yıldız Kenter Kültür Merkezi,1
16744,Yıldız Kenter Kültür Merkezi,1
22456,Yıldız Mandıra,4
22457,Yıldız Mandıra,4
21073,Yıldız Tınas İzmiroğlu Anadolu Lisesi,1
21074,Yıldız Tınas İzmiroğlu Anadolu Lisesi,1
31352,Yıldıztepe,1
31353,Yıldıztepe,1
20185,Yıllar,9
11994,Zafer,1
11995,Zafer,1
14446,Zafer,1
14447,Zafer,1
24137,Zafer,0
12924,Zafer Mahallesi Muhtarlık,2
12925,Zafer Mahallesi Muhtarlık,2
15784,Zafer Meydanı,1
12081,Zafer Ortaokulu,1
12082,Zafer Ortaokulu,1
30463,Zafer Parkı,4
30464,Zafer Parkı,4
20044,Zafer Payzın Kavşağı,12
20211,Zafer Takı,17
20214,Zafer Takı,17
21203,Zakkum,0
21212,Zakkum,1
12830,Zambak,2
12831,Zambak,2
13265,Zambak,4
13266,Zambak,4
13574,Zambak,2
13575,Zambak,2
16514,Zambak,1
16515,Zambak,1
21341,Zambak,4
21342,Zambak,4
23752,Zambak,1
23753,Zambak,1
41439,Zambak,1
41440,Zambak,1
50975,Zambak,1
50976,Zambak,1
24348,Zağnos,1
24349,Zağnos,1
31243,Zehra Hoca İlköğretim Okulu,3
31244,Zehra Hoca İlköğretim Okulu,3
20562,Zehra Semahat İlköğretim Okulu,2
20563,Zehra Semahat İlköğretim Okulu,2
32286,Zeki Müren Parkı,1
32287,Zeki Müren Parkı,1
40265,Zencefil,4
40266,Zencefil,4
21670,Zerdeçal,3
21671,Zerdeçal,3
51216,Zeren,1
51217,Zeren,1
14651,Zeybek,3
14652,Zeybek,3
31834,Zeybek,1
31835,Zeybek,2
51877,Zeybek,1
51878,Zeybek,1
11126,Zeytin,1
11127,Zeytin,1
12824,Zeytin,2
12825,Zeytin,2
13489,Zeytin,1
13490,Zeytin,1
15702,Zeytin,1
15703,Zeytin,1
16332,Zeytin,1
16333,Zeytin,1
16358,Zeytin,1
16359,Zeytin,1
16847,Zeytin,1
16854,Zeytin,1
16855,Zeytin,1
31604,Zeytin,1
31605,Zeytin,1
41384,Zeytin,1
41385,Zeytin,1
50963,Zeytin,1
50964,Zeytin,1
16688,Zeytin Ağacı,2
16689,Zeytin Ağacı,2
50816,Zeytin Ağacı,1
50817,Zeytin Ağacı,1
32438,Zeytin Bağı,1
16251,Zeytin Dalı,1
16252,Zeytin Dalı,1
32445,Zeytin Dalı,2
32446,Zeytin Dalı,2
10901,Zeytin Köy,3
10906,Zeytin Köy,3
24275,Zeytin Çiçeği,1
24276,Zeytin Çiçeği,1
50727,Zeytinalanı,1
50723,Zeytinalanı Kreş,1
50724,Zeytinalanı Kreş,1
50725,Zeytinalanı Meydan,1
50726,Zeytinalanı Meydan,1
30266,Zeytincilik,1
23774,Zeytindağ Fabrika,1
23775,Zeytindağ Fabrika,1
23772,Zeytindağ Giriş,1
23773,Zeytindağ Giriş,1
23776,Zeytindağ Meydan,1
51755,Zeytineli,2
51756,Zeytineli,2
16667,Zeytinköy,1
16668,Zeytinköy,1
16656,Zeytinköy Bakkal,1
16657,Zeytinköy Bakkal,1
16683,Zeytinköy Fabrika,1
16684,Zeytinköy Fabrika,1
16799,Zeytinköy Giriş,1
16800,Zeytinköy Giriş,1
16665,Zeytinköy Mezarlık,1
16666,Zeytinköy Mezarlık,1
23537,Zeytinköy Yol Ayrımı,1
23538,Zeytinköy Yol Ayrımı,1
16669,Zeytinköy Çiftlik,1
16670,Zeytinköy Çiftlik,1
16685,Zeytinköy Çıkış,1
16427,Zeytinler,1
16428,Zeytinler,1
52102,Zeytinler,1
52103,Zeytinler,1
51751,Zeytinler Köyü,2
51752,Zeytinler Köyü,2
52166,Zeytinler Mezarlık,1
52167,Zeytinler Mezarlık,1
24097,Zeytinli Mahalle,1
23391,Zeytinli Parkı,3
10700,Zeytinlik,2
11322,Zeytinlik,1
11323,Zeytinlik,1
11931,Zeytinlik,3
11932,Zeytinlik,4
13899,Zeytinlik,1
13900,Zeytinlik,1
14414,Zeytinlik,1
14415,Zeytinlik,1
23876,Zeytinlik,1
23877,Zeytinlik,1
24617,Zeytinlik,1
24618,Zeytinlik,1
40838,Zeytinlik,4
40839,Zeytinlik,4
40941,Zeytinlik,1
40942,Zeytinlik,1
41023,Zeytinlik,1
41024,Zeytinlik,1
16831,Zeytinlik Ek Hizmet Binası,1
14641,Zeytinova,3
14642,Zeytinova,3
16710,Zeytinova Meydan,1
16711,Zeytinova Meydan,1
16700,Zeytinova Yol Ayrımı,1
16701,Zeytinova Yol Ayrımı,1
16712,Zeytinova Çıkış,1
16713,Zeytinova Çıkış,1
30423,Zeytintepe,4
30424,Zeytintepe,4
41422,Zeytintepe,2
41423,Zeytintepe,2
23596,Zeytinyağ Fabrikası,2
23597,Zeytinyağ Fabrikası,2
23792,Zeytinyağı Fabrikası,2
23793,Zeytinyağı Fabrikası,2
31645,Zeytinyağı Fabrikası,1
31672,Zeytinyağı Fabrikası,1
51069,Zeytinyağı Fabrikası,1
51070,Zeytinyağı Fabrikası,1
50751,Zeytinyağı Müzesi,2
50752,Zeytinyağı Müzesi,2
15631,Zihni Dağlı,1
15632,Zihni Dağlı,1
20488,Zihni Üstün İlkokulu,8
20489,Zihni Üstün İlkokulu,8
12203,Zincirlikuyu,7
12204,Zincirlikuyu,9
12562,Zincirlikuyu 2,3
12563,Zincirlikuyu 2,3
12565,Zincirlikuyu Trafo,2
12566,Zincirlikuyu Trafo,2
11018,Zindancık Trafo,1
11019,Zindancık Trafo,1
21521,Zirve,3
21522,Zirve,3
41349,Zirve,4
41350,Zirve,4
30943,Zirve Kent,1
30944,Zirve Kent,1
15939,Ziya Gökalp,1
15940,Ziya Gökalp,1
50142,Ziya Gökalp,5
10364,Ziya Gökalp Ortaokulu,17
10365,Ziya Gökalp Ortaokulu,18
20652,Zübeyde Hanım Huzurevi,1
20653,Zübeyde Hanım Huzurevi,1
20332,Zübeyde Hanım Sağlık Merkezi,1
20333,Zübeyde Hanım Sağlık Merkezi,1
11414,Zümrüt,4
11415,Zümrüt,4
52426,Zümrüt Evler Sitesi,1
52427,Zümrüt Evler Sitesi,1
31261,Zümrüt Evleri,1
31262,Zümrüt Evleri,1
50720,Çadır,1
50721,Çadır,1
21149,Çakabey,2
21150,Çakabey,2
15698,Çakabey Anaokulu,1
15699,Çakabey Anaokulu,1
14154,Çakaltepe Giriş,1
14155,Çakaltepe Giriş,1
16437,Çakaltepe Köprü,1
16438,Çakaltepe Köprü,1
14163,Çakaltepe Meydan,1
10992,Çakaltepe Yolu,1
10993,Çakaltepe Yolu,1
11354,Çakarlar,1
11355,Çakarlar,1
21979,Çakmaklı,4
21980,Çakmaklı,4
23955,Çakmaklı Benzinlik,1
23956,Çakmaklı Benzinlik,1
23953,Çakmaklı Cami,1
23954,Çakmaklı Cami,1
23728,Çakmaklı Liman,1
23729,Çakmaklı Liman,1
23947,Çakmaklı Sahil,1
23948,Çakmaklı Sahil,1
23951,Çakmaklı Sahil Yolu,1
23952,Çakmaklı Sahil Yolu,1
23949,Çakmaklı Sezer Erşan Spor Tesisi,1
23950,Çakmaklı Sezer Erşan Spor Tesisi,1
23730,Çakmaklı Son Durak,1
21975,Çakmaklı Yolu,4
21976,Çakmaklı Yolu,4
23726,Çakmaklı Çiftlik,1
23727,Çakmaklı Çiftlik,1
24468,Çakmaktepe,1
24469,Çakmaktepe,1
40461,Çakıl,5
40462,Çakıl,5
23334,Çakır,1
23335,Çakır,1
13824,Çakırbeyli,1
13825,Çakırbeyli,1
13802,Çakırbeyli Giriş,1
13803,Çakırbeyli Giriş,1
13990,Çakırbeyli Mezarlık,1
13991,Çakırbeyli Mezarlık,1
13804,Çakırbeyli Sağlık Ocağı,1
13805,Çakırbeyli Sağlık Ocağı,1
15597,Çakırbeyli Viraj,1
15598,Çakırbeyli Viraj,1
13808,Çakırbeyli Yol Ayrımı,1
13809,Çakırbeyli Yol Ayrımı,1
13806,Çakırbeyli Çıkış,1
13807,Çakırbeyli Çıkış,1
13988,Çakırbeylı Gündoğumu,1
13989,Çakırbeylı Gündoğumu,1
12466,Çakırtepe,5
12467,Çakırtepe,5
13966,Çakırtepe,1
13967,Çakırtepe,1
13932,Çalba,1
13933,Çalba,1
23583,Çaltı Giriş,1
23584,Çaltı Giriş,1
23585,Çaltı Meydan,1
23586,Çaltı Meydan,1
24078,Çaltıcı Bahçe,4
22765,Çaltılıdere,4
22768,Çaltılıdere,4
24148,Çaltılıdere Atlı Terapi Merkezi,4
24149,Çaltılıdere Atlı Terapi Merkezi,4
11146,Çam,1
11147,Çam,1
13033,Çam,1
13034,Çam,1
15996,Çam,1
15997,Çam,1
20419,Çam,3
20420,Çam,3
20656,Çam,2
40630,Çam,4
40631,Çam,4
52350,Çam,1
52351,Çam,1
31806,Çamaltı,1
31807,Çamaltı,1
23466,Çamavlu,1
23467,Çamavlu,1
23464,Çamavlu Giriş,1
23465,Çamavlu Giriş,1
24630,Çamavlu Güneşli Yolu,1
24631,Çamavlu Güneşli Yolu,1
23454,Çamavlu Köyü Yolu,1
23455,Çamavlu Köyü Yolu,1
23545,Çamavlu Meydan,1
23546,Çamavlu Meydan,1
23468,Çamavlu Çıkış,1
32396,Çambel Batı,2
32397,Çambel Batı,2
32335,Çambel Orman,2
32336,Çambel Orman,2
31600,Çambel Son Durak,2
32343,Çambel Toki,2
32393,Çambel Toki,2
32394,Çambel Toki 2,2
32395,Çambel Toki 2,2
31598,Çambel Şebnem Kardıcalı İlköğretim Okulu,2
31601,Çambel Şebnem Kardıcalı İlköğretim Okulu,2
30155,Çamdibi Esnaf Odası,4
30156,Çamdibi Esnaf Odası,4
30131,Çamdibi Sağlık Ocağı,18
30132,Çamdibi Sağlık Ocağı,10
31964,Çamiçi Meydan,1
31965,Çamiçi Meydan,1
22408,Çamkoru Sitesi,4
22409,Çamkoru Sitesi,4
30421,Çamkule,4
30422,Çamkule,4
30437,Çamkule Eski Son Durak,2
30438,Çamkule Eski Son Durak,1
30416,Çamkule Pazar Yeri,3
30440,Çamkule Son Durak,1
24558,Çamköy,1
24559,Çamköy,1
24556,Çamköy Giriş,1
24557,Çamköy Giriş,1
24560,Çamköy Mahalle Cami,1
24561,Çamköy Mahalle Cami,1
24552,Çamköy Yolu,1
24553,Çamköy Yolu,1
30305,Çamkıran,8
30308,Çamkıran,8
31852,Çamkıran Parkı,4
31853,Çamkıran Parkı,4
14268,Çamlar,2
14269,Çamlar,2
41418,Çamlar,1
41419,Çamlar,1
50407,Çamlı Merkez,7
50408,Çamlı Merkez,6
50401,Çamlı Muhtarlık,1
50405,Çamlı Papatya,7
50406,Çamlı Papatya,7
24080,Çamlı Park,4
40403,Çamlı Pınar Muhtarlık,2
40404,Çamlı Pınar Muhtarlık,2
50409,Çamlı Solakoğlu,5
50410,Çamlı Solakoğlu,5
51831,Çamlı Son Durak,1
50403,Çamlı Villaları,7
50404,Çamlı Villaları,7
14086,Çamlıbel Giriş,1
14087,Çamlıbel Giriş,1
14089,Çamlıbel Orta Durak,1
14091,Çamlıbel Son Durak,1
14088,Çamlıbel orta durak,1
13878,Çamlıca Giriş,1
13879,Çamlıca Giriş,1
11412,Çamlıca Kavşağı,4
11413,Çamlıca Kavşağı,3
13880,Çamlıca Meydan,1
13881,Çamlıca Meydan,1
13983,Çamlıca Mezarlık,1
13984,Çamlıca Mezarlık,1
10759,Çamlık,5
10922,Çamlık,1
10923,Çamlık,1
12028,Çamlık,1
12833,Çamlık,6
13441,Çamlık,1
13442,Çamlık,1
15948,Çamlık,4
24136,Çamlık,0
41058,Çamlık,1
41059,Çamlık,1
30652,Çamlık Alan Parkı 2,4
11973,Çamlık Cami,1
11974,Çamlık Cami,1
12822,Çamlık Cami,2
12823,Çamlık Cami,2
40437,Çamlık Cami,1
40438,Çamlık Cami,1
16651,Çamlık Market,1
16652,Çamlık Market,1
16649,Çamlık Müze,1
16650,Çamlık Müze,1
12620,Çamlık Yol Ayrımı,5
12621,Çamlık Yol Ayrımı,4
22300,Çamlıkent,3
22301,Çamlıkent Giriş,3
22302,Çamlıkent Giriş,3
22303,Çamlıkent Meydan,3
22304,Çamlıkent Meydan,3
22305,Çamlıkent Çıkış,3
22306,Çamlıkent Çıkış,3
40791,Çamlıkule Muhtarlık,1
40792,Çamlıkule Muhtarlık,1
40800,Çamlıkule Park,2
40801,Çamlıkule Park,2
41441,Çamlıkule Pazaryeri,2
41442,Çamlıkule Pazaryeri,2
40407,Çamlıpınar Yeni Son Durak,2
50991,Çamlıtepe,1
50992,Çamlıtepe,1
50099,Çamlıçay Mahallesi,5
50102,Çamlıçay Mahallesi,5
50286,Çamtepe,1
50287,Çamtepe,1
51393,Çamtepe,1
52067,Çamtepe,1
52068,Çamtepe,1
50411,Çamtepe Besicilik,5
50412,Çamtepe Besicilik,5
50413,Çamtepe Eskicioğlu,5
50414,Çamtepe Eskicioğlu,5
52622,Çamtepe Tepe,1
52623,Çamtepe Tepe,1
10982,Çamönü,1
10983,Çamönü,1
16645,Çamönü Güven,0
16646,Çamönü Güven,1
14120,Çamönü Naile Karadeniz İlkokulu,1
14121,Çamönü Naile Karadeniz İlkokulu,1
10930,Çamönü Orman,1
10931,Çamönü Orman,1
14122,Çamönü Orman,1
14123,Çamönü Orman,1
10928,Çamönü Seralar,1
10929,Çamönü Seralar,1
14118,Çamönü Vatan,1
14119,Çamönü Vatan,1
10980,Çamönü Yolu,1
10981,Çamönü Yolu,1
23862,Çanak Koyu,1
23863,Çanak Koyu,1
23962,Çandarlı Atabey,1
23963,Çandarlı Atabey,1
22799,Çandarlı Bahçe,1
22802,Çandarlı Bahçe,1
22811,Çandarlı Dörtyol,1
22812,Çandarlı Dörtyol,1
24179,Çandarlı Hilal,1
24180,Çandarlı Hilal,1
22803,Çandarlı Mezarlık,1
22806,Çandarlı Mezarlık,1
24610,Çandarlı Nilüfer,1
24611,Çandarlı Nilüfer,1
24613,Çandarlı Plaj,1
24614,Çandarlı Plaj,1
22807,Çandarlı Sahil,1
22810,Çandarlı Sahil,1
22801,Çandarlı Sevgi,1
22804,Çandarlı Sevgi,1
22809,Çandarlı Terminal,1
22805,Çandarlı Yakamoz,1
22808,Çandarlı Yakamoz,1
22793,Çandarlı Yol Ayrımı,3
22796,Çandarlı Yol Ayrımı,3
22797,Çandarlı Zeytin,1
22800,Çandarlı Zeytin,1
23960,Çandarlı Zeytinlik,1
23961,Çandarlı Zeytinlik,1
24232,Çandarlı Çiftlik,1
24233,Çandarlı Çiftlik,1
23598,Çandarlı Üçyol,1
23599,Çandarlı Üçyol,1
10121,Çankaya,9
10211,Çankaya,4
10213,Çankaya,2
10215,Çankaya,3
15883,Çapak Girişi,1
15884,Çapak Girişi,1
15817,Çapak Meydan,1
13798,Çapak Yol Ayrımı,1
13799,Çapak Yol Ayrımı,1
10846,Çapak Yolu,6
10847,Çapak Yolu,6
10128,Çardak,7
31103,Çardak,5
31104,Çardak,5
50610,Çardak,3
50636,Çardak,8
50661,Çardak,3
50709,Çardak,8
10124,Çardak 2,8
50393,Çardak Kahve,8
50394,Çardak Kahve,8
50649,Çardak Kamp,3
50650,Çardak Kamp,3
11553,Çarşı,20
11554,Çarşı,20
12981,Çarşı,3
12982,Çarşı,3
16635,Çatal,1
16636,Çatal,1
13505,Çatalca,2
13506,Çatalca,2
16429,Çatalca Bahçe,2
16430,Çatalca Bahçe,2
13507,Çatalca Köprü,1
13508,Çatalca Köprü,1
16211,Çatalca Köşe,1
16212,Çatalca Köşe,1
16540,Çatalca Manzara,1
16541,Çatalca Manzara,1
13516,Çatalca Meydan,2
13517,Çatalca Meydan,2
13021,Çatalca Mezarlık,2
13022,Çatalca Mezarlık,2
13503,Çatalca Seralar,2
13504,Çatalca Seralar,2
13501,Çatalca Yol Ayrımı,1
13502,Çatalca Yol Ayrımı,3
16538,Çatalca Çiftlik,1
16539,Çatalca Çiftlik,1
16253,Çatalca Üzüm,1
16254,Çatalca Üzüm,1
24071,Çatalhöyük,1
51551,Çatalkaya,1
51552,Çatalkaya,1
11627,Çatkın,2
11632,Çatkın,2
23241,Çavuş Köy Cami,2
23242,Çavuş Köy Cami,2
23243,Çavuş Köy Üçyol,2
23244,Çavuş Köy Üçyol,2
23444,Çavuşali Sokak,3
23445,Çavuşali Sokak,3
41213,Çay  Bahçesi,3
41216,Çay  Bahçesi,3
30981,Çay Mahallesi,6
30982,Çay Mahallesi Son Durak,6
11617,Çaybaşı,2
11605,Çaybaşı Eshot Garajı,12
15436,Çaybaşı Fabrikalar,6
15437,Çaybaşı Fabrikalar,6
11613,Çaybaşı Kahveler,2
10869,Çaybaşı Lambalar,9
10874,Çaybaşı Lambalar,9
10871,Çaybaşı Mermerci,6
10876,Çaybaşı Mermerci,6
11668,Çaybaşı Meydan,13
11669,Çaybaşı Meydan,12
11616,Çaybaşı Son Durak,14
14973,Çaylı Aydın,3
14974,Çaylı Aydın,3
16300,Çaylı Giriş,1
14975,Çaylı Koşuyolu,3
14976,Çaylı Koşuyolu,3
16303,Çaylı Meydan,1
16304,Çaylı Meydan,1
16301,Çaylı Ortaokulu,1
16302,Çaylı Ortaokulu,1
16307,Çaylı Sağlık Ocağı,1
16308,Çaylı Sağlık Ocağı,1
15125,Çaylı Yem Sokak,4
15126,Çaylı Yem Sokak,4
15992,Çaylı Çıkış,4
15993,Çaylı Çıkış,4
16334,Çayır Mahalle İlkokulu,1
16335,Çayır Mahalle İlkokulu,1
20209,Çayırcı,17
20212,Çayırcı,17
16061,Çayırlı,1
16062,Çayırlı,1
16185,Çayırlı,1
16186,Çayırlı,1
50220,Çayırlı,2
50221,Çayırlı,2
10384,Çayırlı Bahçe,2
10385,Çayırlı Bahçe,1
52211,Çayırpınar,2
52212,Çayırpınar,2
12664,Çağdaş,1
12667,Çağdaş,1
30319,Çağdaş,10
30320,Çağdaş,8
40528,Çağdaş,3
40529,Çağdaş,3
52557,Çağdaş,1
20969,Çağdaş Sitesi,2
20970,Çağdaş Sitesi,2
23284,Çağdaş Sitesi Çıkış,2
50016,Çağdaş İstasyon,19
50017,Çağdaş İstasyon,20
30597,Çağla,4
30598,Çağla,4
52200,Çağlar,1
52201,Çağlar,1
11128,Çağlayan,1
11129,Çağlayan,1
12769,Çağlayan,1
16472,Çağlayan,1
22152,Çağlayan,1
22153,Çağlayan,1
40433,Çağrı,2
40434,Çağrı,2
41122,Çağrı,1
41123,Çağrı,1
22847,Çelik,4
22848,Çelik,4
32107,Çelik,2
32108,Çelik,2
52086,Çelik,1
52087,Çelik,1
24324,Çeltikçi,1
24325,Çeltikçi,1
11462,Çetineller Ortaokulu,9
11463,Çetineller Ortaokulu,9
10848,Çetineller Otel,7
10849,Çetineller Otel,6
12257,Çevik Kuvvet,9
12260,Çevik Kuvvet,1
51855,Çevirlik,2
51856,Çevirlik,2
51587,Çevirlik Koyu,2
51588,Çevirlik Koyu,2
24480,Çevre,1
24481,Çevre,1
20051,Çevre ve Şehircilik İl Müdürlüğü,12
20052,Çevre ve Şehircilik İl Müdürlüğü,13
10282,Çeşme,3
11913,Çeşme,2
11914,Çeşme,2
12085,Çeşme,1
12086,Çeşme,1
16838,Çeşme,2
16839,Çeşme,2
22849,Çeşme,3
22850,Çeşme,3
24418,Çeşme,1
30763,Çeşme,8
30764,Çeşme,8
31093,Çeşme,6
31094,Çeşme,6
41053,Çeşme,1
41068,Çeşme,1
41405,Çeşme,1
41406,Çeşme,1
50059,Çeşme,11
50062,Çeşme,11
50599,Çeşme,12
50600,Çeşme,12
51861,Çeşme,1
51862,Çeşme,1
51801,Çeşme Adliye,2
51802,Çeşme Adliye,2
51805,Çeşme Anfi Tiyatro,2
51806,Çeşme Anfi Tiyatro,2
52135,Çeşme Boyalık,2
52136,Çeşme Boyalık,2
51792,Çeşme Devlet Hastanesi,2
51793,Çeşme Devlet Hastanesi,2
51785,Çeşme Emniyet Müdürlüğü,2
51812,Çeşme Emniyet Müdürlüğü,2
51797,Çeşme Kültür Merkezi,2
51798,Çeşme Kültür Merkezi,2
51803,Çeşme Lale,2
51804,Çeşme Lale,2
51790,Çeşme Mavi,2
51791,Çeşme Mavi,2
50385,Çeşme Otoban Kavşağı,11
51794,Çeşme Sanayi Sitesi,2
51765,Çeşme Su Arıtma,1
51766,Çeşme Su Arıtma,1
51745,Çeşme Tedaş,1
51746,Çeşme Tedaş,1
51809,Çeşme Terminal,2
51810,Çeşme Terminal,2
51811,Çeşme Terminal İçi,2
51799,Çeşme Uğur Mumcu Parkı,2
51800,Çeşme Uğur Mumcu Parkı,2
51795,Çeşme Yakamoz,2
51788,Çeşme Yunus,2
51789,Çeşme Yunus,2
51783,Çeşme Üstgeçit,2
51796,Çeşme Üstgeçit,2
50829,Çeşmealtı,1
50826,Çeşmealtı Limanı,1
50827,Çeşmealtı Limanı,1
50833,Çeşmealtı Lojmanları,1
50834,Çeşmealtı Zeytinlik,1
50835,Çeşmealtı Zeytinlik,1
20769,Çifte Havuzlar,1
20770,Çifte Havuzlar,1
50168,Çifte Selviler,4
50171,Çifte Selviler,4
21209,Çiftel,0
23314,Çiftel,0
11100,Çiftlik,1
11107,Çiftlik,1
11218,Çiftlik,3
11219,Çiftlik,3
11318,Çiftlik,1
11321,Çiftlik,1
11695,Çiftlik,4
11696,Çiftlik,4
12224,Çiftlik,4
12225,Çiftlik,4
14394,Çiftlik,1
14395,Çiftlik,1
16328,Çiftlik,1
16329,Çiftlik,1
16364,Çiftlik,1
16365,Çiftlik,1
16805,Çiftlik,8
16806,Çiftlik,8
21604,Çiftlik,1
21605,Çiftlik,1
21719,Çiftlik,2
21720,Çiftlik,2
24626,Çiftlik,1
24627,Çiftlik,1
31798,Çiftlik,1
31803,Çiftlik,1
40324,Çiftlik,1
40325,Çiftlik,1
41009,Çiftlik,1
41010,Çiftlik,1
41036,Çiftlik,1
41037,Çiftlik,1
50622,Çiftlik,9
50623,Çiftlik,9
50647,Çiftlik,3
50648,Çiftlik,3
51162,Çiftlik,1
51163,Çiftlik,1
52025,Çiftlik,1
52026,Çiftlik,1
52147,Çiftlik,1
52148,Çiftlik,1
14991,Çiftlikköy,3
14992,Çiftlikköy,3
13717,Çiftçi Gediği Giriş,1
13720,Çiftçi Gediği Giriş,1
11754,Çiftçi Gediği Köy Yolu,5
11755,Çiftçi Gediği Köy Yolu,5
13713,Çiftçi Gediği Köy Yolu,1
13716,Çiftçi Gediği Köy Yolu,1
16643,Çiftçi Gediği Mezarlık,1
16644,Çiftçi Gediği Mezarlık,1
13715,Çiftçi Gediği Çıkış,1
13718,Çiftçi Gediği Çıkış,1
10994,Çile Giriş,1
10995,Çile Giriş,1
10996,Çile Çıkış,1
10997,Çile Çıkış,1
20666,Çilek,1
20667,Çilek,1
31962,Çilek,1
31963,Çilek,1
23253,Çilek Bahçesi,3
23254,Çilek Bahçesi,3
21727,Çileklik,3
21728,Çileklik,3
10207,Çileme Akar,2
10208,Çileme Akar,2
15986,Çileme Açelya,1
15987,Çileme Açelya,1
13079,Çileme Bahçe,1
13080,Çileme Bahçe,0
10217,Çileme Ekin,2
10218,Çileme Ekin,2
10209,Çileme Manav,2
10212,Çileme Manav,2
13074,Çileme Merkez,1
13075,Çileme Merkez,2
10033,Çileme Mezarlığı,1
10034,Çileme Mezarlığı,1
10214,Çileme Sera,2
10216,Çileme Sera,2
10083,Çileme Tepe Sokak,1
10084,Çileme Tepe Sokak,1
10085,Çileme Yolu,1
10086,Çileme Yolu,1
10972,Çileme Yolu,1
10973,Çileme Yolu,1
40686,Çimenli Cami,1
40687,Çimenli Cami,1
30227,Çimentaş Lisesi,4
30228,Çimentaş Lisesi,4
12159,Çimentepe,1
12118,Çimentepe Aile Sağlık Merkezi,3
12121,Çimentepe Aile Sağlık Merkezi,3
30332,Çimento Fabrikası,5
30355,Çimento Fabrikası,5
13934,Çingülü,2
13935,Çingülü,2
24312,Çitköy,0
24313,Çitköy,0
24501,Çitköy Ahmetbeyler Ortaokulu,1
24502,Çitköy Ahmetbeyler Ortaokulu,1
24310,Çitköy Giriş,1
24311,Çitköy Giriş,1
24314,Çitköy Orman Deposu,1
24315,Çitköy Orman Deposu,1
24503,Çitköy Yeşillik,1
24504,Çitköy Yeşllik,1
10630,Çitlenbik,11
10631,Çitlenbik,11
21572,Çitlenbik,5
24544,Çitlenbik,5
40351,Çitlenbik,1
40352,Çitlenbik,1
12553,Çiçek,1
12554,Çiçek,1
14326,Çiçek,1
14327,Çiçek,1
21276,Çiçek,2
21277,Çiçek,2
30427,Çiçek,4
30428,Çiçek,4
31689,Çiçek,1
31690,Çiçek,1
32210,Çiçek,1
32211,Çiçek,1
40326,Çiçek,2
40327,Çiçek,2
40692,Çiçek,1
40693,Çiçek,1
40943,Çiçek,1
40944,Çiçek,1
41379,Çiçek,1
41381,Çiçek,1
50464,Çiçek,8
52120,Çiçek,1
52121,Çiçek,1
31041,Çiçek Mahallesi Son Durak,1
50388,Çiçek Mezatı,6
50389,Çiçek Mezatı,5
20564,Çiçek Parkı,2
20565,Çiçek Parkı,2
11093,Çiçek Tatil Sitesi,4
11120,Çiçek Tatil Sitesi,4
31308,Çiçekli,3
31309,Çiçekli,3
31810,Çiçekli Köprü,1
31811,Çiçekli Köprü,1
32443,Çiçekli Köy,1
32444,Çiçekli Köy,1
31804,Çiçekli Mesire Alanı,1
31805,Çiçekli Mesire Alanı,1
50949,Çiçekçi,1
50950,Çiçekçi,1
11778,Çiçekçiler,9
11779,Çiçekçiler,9
52551,Çiçekçiler,1
52552,Çiçekçiler,1
40369,Çiğdem,1
40370,Çiğdem,1
22143,Çiğli Aktarma Merkezi,4
22144,Çiğli Aktarma Merkezi,2
22145,Çiğli Aktarma Merkezi,3
22146,Çiğli Aktarma Merkezi,3
20085,Çiğli Belediye,19
20086,Çiğli Belediye,19
21195,Çiğli Devlet Hastanesi,4
21196,Çiğli Devlet Hastanesi,4
21258,Çiğli Ege Sanayi Sitesi,2
21259,Çiğli Ege Sanayi Sitesi,2
20751,Çiğli Emniyet Müdürlüğü,3
20752,Çiğli Emniyet Müdürlüğü,3
24645,Çiğli Erkek KYK Yurdu,1
24646,Çiğli Erkek KYK Yurdu,1
21153,Çiğli Fen Lisesi,2
20927,Çiğli Kooperatif 1,3
20928,Çiğli Kooperatif 1,3
20931,Çiğli Kooperatif 2,3
20932,Çiğli Kooperatif 2,3
20889,Çiğli Kız Meslek Lisesi,4
20890,Çiğli Kız Meslek Lisesi,4
20089,Çiğli Santral,12
20090,Çiğli Santral,12
21051,Çiğli İMKB Mesleki ve Teknik Anadolu Lisesi,3
21052,Çiğli İMKB Mesleki ve Teknik Anadolu Lisesi,3
20081,Çiğli İtfaiye,21
20082,Çiğli İtfaiye,20
21023,Çiğli İzkent,4
21024,Çiğli İzkent,4
20087,Çiğli Şaraphane,12
20088,Çiğli Şaraphane,12
11456,Çoban,1
11457,Çoban,1
13936,Çoban Yastığı,2
13937,Çoban Yastığı,2
13665,Çoban Yıldızı,2
13666,Çoban Yıldızı,2
10924,Çobankızı,1
10925,Çobankızı,1
11959,Çobançeşme,2
11960,Çobançeşme,1
11982,Çobançeşme,1
11979,Çobançeşme Eski Son Durak,1
11980,Çobançeşme Eski Son Durak,1
22522,Çocuk Bahçesi,2
22523,Çocuk Bahçesi,2
11629,Çocuk Parkı,2
11634,Çocuk Parkı,2
11701,Çocuk Parkı,3
11702,Çocuk Parkı,3
21634,Çocuk Parkı,2
21635,Çocuk Parkı,2
23390,Çocuk Parkı,3
31441,Çocuk Parkı,1
31442,Çocuk Parkı,1
31830,Çocuk Parkı,1
31831,Çocuk Parkı,2
32285,Çocuk Parkı,1
32288,Çocuk Parkı,1
50224,Çocuk Parkı,2
50225,Çocuk Parkı,2
32218,Çocuk Trafik Eğitim Parkı,1
32219,Çocuk Trafik Eğitim Parkı,1
32220,Çocuk Trafik Eğitim Parkı 2,1
32221,Çocuk Trafik Eğitim Parkı 2,1
10533,Çocuk parkı,3
10534,Çocuk parkı,3
20465,Çolakoğlu,4
20466,Çolakoğlu,4
22767,Çoraklar,4
22770,Çoraklar,4
30975,Çorapçı,6
30976,Çorapçı,6
16460,Çukur,1
16461,Çukur,1
31201,Çukurbahçe Cami,3
31202,Çukurbahçe Cami,3
24271,Çukurköy Afetevler,1
24272,Çukurköy Afetevler,1
22506,Çukurköy Meydan,1
22460,Çukurköy Yol Ayrımı,0
22461,Çukurköy Yol Ayrımı,0
22374,Çukurköy Yolu,2
22375,Çukurköy Yolu,2
22511,Çukurköy Çınaraltı,1
22512,Çukurköy Çınaraltı,1
15751,Çukuryer,1
15830,Çukuryer,1
12236,Çöp Fabrikası,6
12237,Çöp Fabrikası,5
15637,ÇİKOOP,7
15638,ÇİKOOP,7
51022,Çıkrıkçın,1
51023,Çıkrıkçın,1
31453,Çıkış,1
31454,Çıkış,1
40954,Çıkış,1
13481,Çınar,1
13482,Çınar,1
24222,Çınar,2
24223,Çınar,2
32240,Çınar,1
32241,Çınar,1
50987,Çınar,1
50988,Çınar,1
51292,Çınar,1
51293,Çınar,1
52080,Çınar,1
52081,Çınar,1
52567,Çınar,1
52568,Çınar,1
15693,Çınar Evleri,1
15694,Çınar Evleri,1
20568,Çınar Parkı,2
20569,Çınar Parkı,2
52335,Çınar Sitesi,1
52366,Çınar Sitesi,1
16015,Çınaraltı Evleri,1
16016,Çınaraltı Evleri,1
13782,Çınardibi Giriş,1
13783,Çınardibi Giriş,1
13784,Çınardibi Merkez,1
13785,Çınardibi Merkez,1
13776,Çınardibi Papatya,1
13777,Çınardibi Papatya,1
13780,Çınardibi Yolu,1
13781,Çınardibi Yolu,1
13786,Çınardibi Çıkış,1
13787,Çınardibi Çıkış,1
30753,Çınarköy Yolu,6
30754,Çınarköy Yolu,2
31547,Çınarlı Diş Hastanesi,9
20040,Çınarlı Hastanesi,12
20041,Çınarlı Hastanesi,12
11892,Çınarlı Mesleki ve Teknik Anadolu Lisesi,8
12054,Çınartepe,2
12051,Çınartepe Muhtarlık,2
12052,Çınartepe Muhtarlık,2
11730,Çırpı Akasya,2
11731,Çırpı Akasya,2
11732,Çırpı Belediyesi,3
11733,Çırpı Belediyesi,3
11728,Çırpı Cami,2
11729,Çırpı Cami,2
11726,Çırpı Giriş,2
11727,Çırpı Giriş,2
10729,Çırpı Konutlar,3
10730,Çırpı Konutlar,3
11740,Çırpı Köprü,2
11741,Çırpı Köprü,2
11734,Çırpı Park,3
11735,Çırpı Park,3
15994,Çırpı Pazar,1
15995,Çırpı Pazar,1
16097,Çırpı Çiftlik,2
16098,Çırpı Çiftlik,2
12753,Ödemiş,1
12756,Ödemiş,1
14695,Ödemiş Belediye,3
14696,Ödemiş Belediye,3
14971,Ödemiş Cezaevi,6
14972,Ödemiş Cezaevi,6
16320,Ödemiş Cezaevi,1
15478,Ödemiş Devlet Hastanesi,5
15479,Ödemiş Devlet Hastanesi,5
14925,Ödemiş Garaj,9
14926,Ödemiş Garaj,9
14681,Ödemiş Giriş,3
14682,Ödemiş Giriş,3
14693,Ödemiş Hükümet Konağı,3
14694,Ödemiş Hükümet Konağı,3
15250,Ödemiş Kavşağı,2
15251,Ödemiş Kavşağı,2
15929,Ödemiş Müzesi,4
15930,Ödemiş Müzesi,4
15485,Ödemiş Nikah Sarayı,5
15486,Ödemiş Nikah Sarayı,5
15119,Ödemiş Sanayi,4
15120,Ödemiş Sanayi,4
15484,Ödemiş Son Durak,5
14704,Ödemiş Yeni Garaj,3
14685,Ödemiş Çeşme,3
14686,Ödemiş Çeşme,3
16841,Ödemiş İtfaiye,8
16842,Ödemiş İtfaiye,8
11623,Ödemişliler,2
11628,Ödemişliler,2
12747,Öksüz,1
12748,Öksüz,1
13968,Öksüz Dere Mevki,1
13969,Öksüz Dere Mevki,1
41152,Ömer Bilmen Cami,2
41153,Ömer Bilmen Cami,2
15509,Ömer Seyfettin,1
15510,Ömer Seyfettin,1
14683,Ömür,3
14684,Ömür,3
13540,Ömür Beldesi,4
13543,Ömür Beldesi,3
13685,Ömür Sitesi Güneş,2
13688,Ömür Sitesi Güneş,2
13682,Ömür Sitesi Mavi,2
13683,Ömür Sitesi Mavi,2
13686,Ömür Sitesi Merkez,2
13678,Ömür Sitesi Sahil Yolu,2
13679,Ömür Sitesi Sahil Yolu,2
13684,Ömür Sitesi Yağmur,2
13687,Ömür Sitesi Yağmur,2
51088,Ömür Yapı Sitesi,1
21071,Önder,1
21072,Önder,1
31534,Önder,2
31535,Önder,2
21973,Ören,4
21974,Ören,4
30812,Ören,1
30813,Ören,1
30814,Ören Belediye,1
30815,Ören Belediye,1
30816,Ören İlkokulu,1
30817,Ören İlkokulu,1
24318,Örenli,1
24319,Örenli,1
15487,Örentepe Yolu,5
15488,Örentepe Yolu,5
20657,Örnekköy,3
30795,Örnekköy,2
30798,Örnekköy,2
20630,Örnekköy  Muhtarlık,2
30793,Örnekköy Girişi,2
30796,Örnekköy Girişi,2
22322,Örnekköy Mezarlık,1
22323,Örnekköy Mezarlık,1
20633,Örnekköy Pazaryeri,2
20632,Örnekköy Polis Merkezi,2
20635,Örnekköy Polis Merkezi,2
20664,Örnekköy Saha,1
20665,Örnekköy Saha,1
30797,Örnekköy Spor Tesisi,2
30799,Örnekköy Spor Tesisi,2
20628,Örnekköy İlköğretim Okulu,2
20631,Örnekköy İlköğretim Okulu,2
30309,Örnekköy Şehit İncekara İlkokulu,1
30910,Örnekköy Şehit İncekara İlkokulu,2
32419,Öteyaka,1
32420,Öteyaka,1
51014,Ötleğen,2
51015,Ötleğen,2
51259,Öz Zümrütevleri,1
51242,Öz Zümrütevleri Giriş,1
51243,Öz Zümrütevleri Giriş,1
32002,Özbek,1
32003,Özbek,1
52652,Özbek Akkum,1
52650,Özbek Bahçe,1
51095,Özbek Esentepe,1
51096,Özbek Esentepe,1
51058,Özbek Eski Son Durak,1
51089,Özbek Günbatımı,1
51090,Özbek Günbatımı,1
51077,Özbek Kabristan,1
51078,Özbek Kabristan,1
52172,Özbek Konak,1
52173,Özbek Konak,1
51081,Özbek Liman,1
51082,Özbek Liman,0
51071,Özbek Meydan,1
51072,Özbek Meydan,1
51093,Özbek Park,1
51094,Özbek Park,0
51083,Özbek Plaj,1
51084,Özbek Plaj,0
52651,Özbek Tarla,1
51061,Özbek Toki,1
51062,Özbek Toki,1
50620,Özbek Yolu,10
50621,Özbek Yolu,10
51085,Özbek son durak,0
51908,Özbek Çamlı,1
51909,Özbek Çamlı,1
51086,Özbek Çamlık,1
51087,Özbek Çamlık,1
51079,Özbek Üçyol,1
51080,Özbek Üçyol,1
13853,Özbey Giriş,1
13854,Özbey Giriş,1
13840,Özbey Meydan,1
13841,Özbey Meydan,1
13855,Özbey Çıkış,1
13856,Özbey Çıkış,1
13741,Özcan,1
13742,Özcan,1
12937,Özcan Sitesi,5
12948,Özcan Sitesi,5
11240,Özdere Aile Sağlığı Merkezi,2
11241,Özdere Aile Sağlığı Merkezi,2
11828,Özdere Belediye Garajı,2
11829,Özdere Belediye Garajı,2
11026,Özdere Belediyesi,2
11031,Özdere Belediyesi,2
15731,Özdere Mezarlığı,1
15732,Özdere Mezarlığı,1
11841,Özdere Son Durak,1
11160,Özdere Spor Salonu,1
11161,Özdere Spor Salonu,1
32400,Özdeşkent,2
32401,Özdeşkent,2
40357,Özel Sağlık,2
40358,Özel Sağlık,2
11590,Özensu,17
11591,Özensu,17
50536,Özevler,1
50539,Özevler,1
12764,Özgür Mahallesi Köşe,1
51210,Özgürkent,1
51211,Özgürkent,1
15937,Özkan,1
15938,Özkan,1
11162,Özkent,2
11249,Özkent,2
12502,Özlem Sitesi,1
12503,Özlem Sitesi,1
12307,Öztepe,4
12308,Öztepe,4
15760,Öztürk,1
15762,Öztürk,1
20061,Öztürk,15
20064,Öztürk,15
16207,Öztürkler,1
16208,Öztürkler,1
30555,Öğrenci Köyü,8
30556,Öğrenci Köyü,8
31509,Öğrenci Yurdu,1
31510,Öğrenci Yurdu,1
31565,Öğrenci Yurdu,1
31566,Öğrenci Yurdu,1
41263,Öğrenci Yurdu,1
41264,Öğrenci Yurdu,1
31215,Öğretmen,4
31216,Öğretmen,4
41038,Öğretmen,1
41039,Öğretmen,1
21951,Öğretmen Evi,4
21952,Öğretmen Evi,4
22368,Öğretmen Evi,2
22369,Öğretmen Evi,2
24081,Öğretmen Evi,2
31532,Öğretmen Evi,1
31533,Öğretmen Evi,1
31429,Öğretmen Evleri,1
31430,Öğretmen Evleri,1
40018,Öğretmen Evleri,12
50443,Öğretmenevi,6
50444,Öğretmenevi,6
50668,Öğretmenler,3
50669,Öğretmenler,3
14310,Öğretmenler Sitesi,2
14311,Öğretmenler Sitesi,2
10525,Öğretmenler ve Şeker Mevhibe Ortaokulu,2
10526,Öğretmenler ve Şeker Mevhibe Ortaokulu,2
12435,Ülkü,6
12436,Ülkü,6
10574,Ülkü Sineması,5
10575,Ülkü Sineması,5
20265,Ümit,2
20266,Ümit,2
31544,Ümit Mahallesi,2
32191,Ümit Mahallesi Giriş,2
10962,Ünal Soğuk Hava,5
10963,Ünal Soğuk Hava,5
50370,Ünlü,3
11068,Ürkmez Belediyesi,4
11073,Ürkmez Belediyesi,4
11076,Ürkmez Jandarma,4
11083,Ürkmez Jandarma,4
13913,Ürkmez Kardelen,2
13914,Ürkmez Kardelen,2
10685,Ürkmez Kumsal,4
10686,Ürkmez Kumsal,4
13642,Ürkmez Pazaryeri,2
13643,Ürkmez Pazaryeri,2
11070,Ürkmez Sağlık Ocağı,4
11075,Ürkmez Sağlık Ocağı,4
13915,Ürkmez İpek,2
13916,Ürkmez İpek,2
13674,Ürkmez İstiklal,2
13675,Ürkmez İstiklal,2
16815,Üst Geçit,1
21396,Üst Geçit,7
21397,Üst Geçit,7
22779,Üst Geçit,4
22782,Üst Geçit,4
24218,Üst Geçit,2
24219,Üst Geçit,2
13497,Üzüm Bağları,3
13498,Üzüm Bağları,3
12376,Üzümcü Parkı,1
16069,Üzümler,1
16070,Üzümler,1
13588,Üzümlü,1
13589,Üzümlü,1
50110,Üç Evler,4
23425,Üç Kemer Caddesi,4
23426,Üç Kemer Caddesi,4
23427,Üç Kemer Köprüsü,4
23428,Üç Kemer Köprüsü,4
10796,Üç Pınarlar,6
10797,Üç Pınarlar,6
31818,Üçevler,1
31819,Üçevler,1
31832,Üçgen Park,1
31833,Üçgen Park,2
11386,Üçgöz,2
11391,Üçgöz,2
24130,Üçkemer,1
24131,Üçkemer,1
50130,Üçkuyular iskele Son Durak,4
52137,Üçkuyular İskele,1
50001,Üçkuyular İskele Son Durak,5
50002,Üçkuyular İskele Son Durak,3
50003,Üçkuyular İskele Son Durak,3
16295,Üçmezar,1
16296,Üçmezar,1
20891,Üçyol,2
20892,Üçyol,2
40328,Üçyol,3
40329,Üçyol,3
41071,Üçyol,1
41072,Üçyol,1
10298,Üçyol Aktarma,2
10300,Üçyol Aktarma,2
10304,Üçyol Aktarma,1
10306,Üçyol Aktarma,2
10308,Üçyol Aktarma,2
10310,Üçyol Aktarma,2
10312,Üçyol Aktarma,4
52594,Üçyol Ayrımı,1
52595,Üçyol Ayrımı,1
10252,Üçyol Metro,17
10255,Üçyol Metro,10
10613,Üçyol Sevgi Yolu Parkı,3
16843,Üçyol Sevgi Yolu Parkı,1
30139,Üçüncü Sanayi,16
30140,Üçüncü Sanayi,16
12522,Üçüncü Trafo,2
12525,Üçüncü Trafo,2
15903,İPOSB Mesleki ve Teknik A.L.,1
15904,İPOSB Mesleki ve Teknik A.L.,1
11196,İTOB,1
11197,İTOB,1
51515,İYTE Kız Öğrenci Yurdu,3
52165,İYTE Kız Öğrenci Yurdu,3
51516,İYTE Sera,3
51518,İYTE Son Durak,3
51740,İYTE Yaşam Merkezi,3
51741,İYTE Yaşam Merkezi,3
52139,İYTE Öğrenci Yurdu,3
52140,İYTE Öğrenci Yurdu,3
11066,İZDER,4
11071,İZDER,4
16699,İZTAŞIT Garaj,1
40565,İZUM,2
41361,İZUM,2
51338,İbrahim Alanı,1
51351,İbrahim Alanı,1
31203,İbrahim Ethem,3
31204,İbrahim Ethem,3
10978,İbrahim Fatih Cami,1
10979,İbrahim Fatih Cami,1
15675,İbrahim Kesici,1
15676,İbrahim Kesici,1
41373,İde,3
50266,İhsan Alyanak Parkı,1
50267,İhsan Alyanak Parkı,1
51156,İhsaniye,1
51154,İhsaniye yolu,1
51155,İhsaniye yolu,1
50630,İkinci Köprü,8
50631,İkinci Köprü,8
12887,İkinci Nizamiye,5
12890,İkinci Nizamiye,5
10507,İkinci Oyak Sitesi,5
10514,İkinci Oyak Sitesi,4
30235,İkinci Sanayi,1
12516,İkinci Trafo,2
12519,İkinci Trafo,2
50240,İkinci İnönü Mahalle Muhtarlığı,1
50226,İkinci İnönü Meydan,2
50227,İkinci İnönü Meydan,2
50241,İkinci İnönü Muhtarlık,1
50138,İkiztepe,5
24490,İkmal,1
24491,İkmal,1
40065,İktisadi ve İdari Bilimler Fakültesi,10
40066,İktisadi ve İdari Bilimler Fakültesi,6
40068,İktisadi ve İdari Bilimler Fakültesi,6
50562,İl Sağlık Müdürlüğü Ek Hizmet Binaları,2
50563,İl Sağlık Müdürlüğü Ek Hizmet Binaları,2
11407,İl Özel İdare Asfalt Şantiye,5
11408,İl Özel İdare Asfalt Şantiye,5
20289,İl Özel İdare Lojmanları,2
20290,İl Özel İdare Lojmanları,2
31628,İlk Evler,1
31629,İlk Evler,1
52161,İlke,1
52162,İlke,1
21055,İlkevler,3
21056,İlkevler,3
21058,İlkevler 2,3
23514,İlkevler 2,3
12805,İlkkent,2
15623,İlkkent,2
14667,İlkkurşun,3
14668,İlkkurşun,3
12641,İlkkurşun Anadolu Lisesi,4
12642,İlkkurşun Anadolu Lisesi,4
16157,İlkkurşun Küme,3
16158,İlkkurşun Küme,3
16145,İlkkurşun Ova,3
16146,İlkkurşun Ova,3
10615,İller Bankası,10
10616,İller Bankası,7
52189,İltur,1
52190,İltur,1
24157,İlçe Tarım,5
24158,İlçe Tarım,4
15667,İmam Hatip 2,1
15668,İmam Hatip 2,1
24012,İmam Hatip Lisesi,2
24013,İmam Hatip Lisesi,1
51847,İmamlar,1
51848,İmamlar,1
15841,İmbat,1
15842,İmbat,1
20627,İmbatlı Merkez Cami,2
20624,İmbatlı Muhtarlık Durağı,2
23602,İncecikler,3
23603,İncecikler,3
11330,İnci,1
11331,İnci,1
13650,İnci,1
13651,İnci,1
50278,İnci,1
50279,İnci,1
50481,İnci,1
50482,İnci,1
51214,İncikent,1
51215,İncikent,1
13972,İncir,1
13973,İncir,1
16283,İncir,1
16284,İncir,1
30447,İncir,1
30448,İncir,1
30733,İncir,2
30734,İncir,2
50961,İncir,1
50962,İncir,1
52356,İncir,1
52357,İncir,1
52561,İncir,1
52562,İncir,1
13332,İncir Fabrikası,4
13333,İncir Fabrikası,4
50208,İnciraltı,4
50209,İnciraltı,4
52508,İnciraltı 2,4
50192,İnciraltı Bakü Bulvarı,1
50193,İnciraltı Bakü Bulvarı,2
50189,İnciraltı Karakolu,1
50211,İnciraltı Park,4
50219,İnciraltı Yeni Son Durak,4
50212,İnciraltı Yurdu,4
13427,İncirağa,1
13428,İncirağa,1
51865,İncircik,1
51866,İncircik,1
51851,İncirliboğaz,2
52049,İncirliboğaz,2
22634,İncirlik,3
22635,İncirlik,3
52486,İnecik Giriş,1
52487,İnecik Giriş,1
52490,İnecik Merkez,1
52488,İnecik Tarla,1
52489,İnecik Tarla,1
51579,İnecik Yol Ayrımı,1
51580,İnecik Yol Ayrımı,1
52484,İnecik Yolayrımı,1
52485,İnecik Yolayrımı,1
22531,İnkılap,1
22532,İnkılap,1
40183,İnkılap,3
40184,İnkılap,1
30779,İnlik,1
30780,İnlik,1
16809,İntepe,1
16810,İntepe,1
12193,İnönü,1
31350,İnönü,1
31351,İnönü,1
31732,İnönü,1
31733,İnönü,1
20578,İnönü Kültür Merkezi,3
20579,İnönü Kültür Merkezi,3
21337,İnönü Mahallesi,5
21338,İnönü Mahallesi,5
40295,İnönü Mahallesi,1
40296,İnönü Mahallesi,1
40273,İnönü Mahallesi Muhtarlık,3
40274,İnönü Mahallesi Muhtarlık,3
20716,İnönü Mahallesi Muhtarlığı,3
20717,İnönü Mahallesi Muhtarlığı,2
22427,İnönü Mahallesi Trafo,3
22428,İnönü Mahallesi Trafo,2
21896,İrem,1
21897,İrem,1
31542,İrem,2
31543,İrem,2
21526,İrem Sitesi,3
21527,İrem Sitesi,3
40186,İrfan Nadir İlkokulu,3
40363,İrfan Nadir İlkokulu,3
13954,İris,1
13955,İris,1
52244,İris Gölü,1
52245,İris Gölü,1
10102,İskele,14
50268,İskele,1
50269,İskele,1
50560,İskele,1
50561,İskele,2
50794,İskele,1
50795,İskele,1
21999,İsmail Cem Kültür Merkezi,1
22000,İsmail Cem Kültür Merkezi,1
12643,İsmail Hakkı Tonguç Parkı,4
12644,İsmail Hakkı Tonguç Parkı,4
21993,İsmail Rahmi Karadavut İlkokulu,3
21994,İsmail Rahmi Karadavut İlkokulu,3
40289,İsmail Şekip Uyal İlköğretim Okulu,3
40290,İsmail Şekip Uyal İlköğretim Okulu,3
23886,İsmet Paşa,1
23887,İsmet Paşa,1
41126,İsmet Paşa,1
40682,İsmet Paşa Muhtarlık,1
40683,İsmet Paşa Muhtarlık,1
10580,İsmet Paşa Sağlık Ocağı,4
10581,İsmet Paşa Sağlık Ocağı,4
31223,İsmet Sezgin İlköğretim Okulu,3
31224,İsmet Sezgin İlköğretim Okulu,3
24456,İsmet İnönü,3
23156,İsmet İnönü Parkı,2
23408,İsmet İnönü Parkı,2
30253,İstasyon,1
16819,İstasyon Alt Geçidi,1
16820,İstasyon Alt Geçidi,1
21991,İstasyon Altı 1,1
21992,İstasyon Altı 1,1
21697,İstasyon Köprü,8
21698,İstasyon Köprü,8
16823,İstasyon Üst Geçit,1
16824,İstasyon Üst Geçit,1
50057,İstihkam,11
50058,İstihkam,11
50047,İstihkam Okulu,12
50048,İstihkam Okulu,12
14264,İstiklal,2
14265,İstiklal,2
16510,İstiklal,1
16511,İstiklal,1
21630,İstiklal,4
21631,İstiklal,4
40486,İstiklal,3
40487,İstiklal,3
24032,İstiklal Meydanı,6
24033,İstiklal Meydanı,6
12087,İtfaiye,1
12088,İtfaiye,1
51945,İva,4
51946,İva,4
12670,İyiburnaz Ortaokulu,1
12673,İyiburnaz Ortaokulu,1
40175,İzban Koşu Durağı,6
40176,İzban Koşu Durağı,6
30345,İzbeton,3
30346,İzbeton,3
32216,İzbeton Tesisleri,1
32217,İzbeton Tesisleri,1
10453,İzelman,1
30546,İzeltaş,3
30547,İzeltaş,3
30545,İzeltaş Mağaza,3
30548,İzeltaş Mağaza,3
40608,İzkent 1,1
41400,İzkent 1,1
40600,İzkent Depo,2
40601,İzkent Depo,2
40602,İzkent Mahalle Muhtarlığı,1
40603,İzkent Mahalle Muhtarlığı,1
21003,İzkent Meydan,4
21004,İzkent Meydan,5
21028,İzkent Son Durak,7
22081,İzkent Su Deposu,1
22082,İzkent Su Deposu,1
23283,İzkent mahalle muhtarlığı,1
21001,İzkent Çay Bahçesi,4
21002,İzkent Çay Bahçesi,4
21019,İzkent Üçyol,4
21020,İzkent Üçyol,4
51845,İzli Kuyu,1
51846,İzli Kuyu,1
12232,İzmir Anadolu Lisesi,4
12233,İzmir Anadolu Lisesi,4
13562,İzmir Caddesi,13
13565,İzmir Caddesi,13
50111,İzmir Cengiz Aytmatov Sosyal Bilimler Lisesi,6
50114,İzmir Cengiz Aytmatov Sosyal Bilimler Lisesi,6
30927,İzmir Demokrasi Üniversitesi,2
32267,İzmir Demokrasi Üniversitesi,1
40019,İzmir Meslek Yüksek Okulu,12
10210,İzmir Mesleki ve Teknik Anadolu Lisesi,1
10254,İzmir Spor,3
10257,İzmir Spor,7
40661,İzmir Tınaztepe Üniversitesi,10
41353,İzmir Tınaztepe Üniversitesi Üst Giriş,1
41354,İzmir Tınaztepe Üniversitesi Üst Giriş,2
50951,İzmir Yardımsevenler Derneği Kuşçular İlkokulu,1
50952,İzmir Yardımsevenler Derneği Kuşçular İlkokulu,1
12303,İzsu,4
12304,İzsu,4
15933,İzsu,2
15934,İzsu,2
24597,İzsu,1
24598,İzsu,1
50026,İzsu,18
50613,İzsu,8
50628,İzsu,8
23332,İzsu Hizmet Binası,1
23333,İzsu Hizmet Binası,1
51474,İzsu Siteler,1
51475,İzsu Siteler,1
31457,İzyuva,1
31458,İzyuva,1
31460,İzyuva Son Durak,1
52588,İçmekıyısı,2
52589,İçmekıyısı,2
50730,İçmeler,8
50731,İçmeler,8
51980,İçmeler Son Durak,1
51972,İçmeler Stad,1
51995,İçmeler Stad,1
50632,İçmeler Çıkış,8
50633,İçmeler Çıkış,7
40945,İğde,1
40946,İğde,1
41025,İğde,1
41034,İğde,1
50497,İğde,1
31606,İğdecik Giriş,2
31607,İğdecik Giriş,2
30435,İğdeli,2
30436,İğdeli,2
10582,İğdeli Kahve,2
10583,İğdeli Kahve,2
23281,İğnedere Giriş,1
23282,İğnedere Giriş,1
22389,İğnedere Meydan,1
11042,İş Bankası Evleri,2
11047,İş Bankası Evleri,2
50014,İş Bankası Evleri,19
50015,İş Bankası Evleri,19
16814,İşciler,1
40897,İşletme Fakültesi,6
40454,İşçievleri,3
40867,Şafak,3
40870,Şafak,3
16409,Şahin,1
16410,Şahin,1
21619,Şahin,3
21620,Şahin,3
50076,Şahin,11
51400,Şahin,1
51401,Şahin,1
31455,Şahin Tepesi,1
31456,Şahin Tepesi,1
32436,Şahin Tepesi,1
10877,Şahtaş,6
10882,Şahtaş,6
20697,Şair Eşref İlköğretim Okulu,1
20699,Şair Eşref İlköğretim Okulu,1
21507,Şair Namık Kemal,1
21508,Şair Namık Kemal,1
23930,Şakran Cezaevi,1
24213,Şakran İncirlik 2,3
24214,Şakran İncirlik 2,3
20642,Şantiye,5
20645,Şantiye,5
12167,Şato,1
30810,Şato,1
30811,Şato,1
32142,Şavkar Spor Tesisleri,1
32145,Şavkar Spor Tesisleri,1
11105,Şaşal Köprü,1
11110,Şaşal Köprü,1
11130,Şaşal Market,1
11131,Şaşal Market,1
11138,Şaşal Çıkış,1
11139,Şaşal Çıkış,1
31730,Şehit,2
31731,Şehit,2
50680,Şehit,3
50681,Şehit,3
52013,Şehit Abdullah Tayyip Olçok Anadolu İmam Hatip Lisesi,3
52014,Şehit Abdullah Tayyip Olçok Anadolu İmam Hatip Lisesi,3
20953,Şehit Ahmet Ay Parkı,2
20954,Şehit Ahmet Ay Parkı,2
21132,Şehit Ali Karaoğlan Lisesi,5
21133,Şehit Ali Karaoğlan Lisesi,5
31205,Şehit Asteğmen Ergin KAYA,3
31206,Şehit Asteğmen Ergin KAYA,3
20832,Şehit Astsubay Uğur Görkem Harmankaya,4
20833,Şehit Astsubay Uğur Görkem Harmankaya,4
13118,Şehit Astsubay Yahya Efiloğlu,1
13119,Şehit Astsubay Yahya Efiloğlu,1
40849,Şehit Astsubay Ümit Başaran İlkokulu,4
40850,Şehit Astsubay Ümit Başaran İlkokulu,4
21609,Şehit Astsubay Ümit İnce,3
21612,Şehit Astsubay Ümit İnce,3
23907,Şehit Bahattin Elden Anadolu İmam Hatip Lisesi,1
23908,Şehit Bahattin Elden Anadolu İmam Hatip Lisesi,1
15722,Şehit Binbaşı Ercan Ortaokulu,1
20199,Şehit Diplomat Erdoğan Özen,18
20200,Şehit Diplomat Erdoğan Özen,18
12804,Şehit Egemen Öztürk Ortaokulu,3
12807,Şehit Egemen Öztürk Ortaokulu,2
30907,Şehit Er Bekir VARAL,2
30908,Şehit Er Bekir VARAL,2
23783,Şehit Er Hakan Sağınç Caddesi,2
23784,Şehit Er Hakan Sağınç Caddesi,2
21642,Şehit Er Serdar Amak Ortaokulu,2
21643,Şehit Er Serdar Amak Ortaokulu,2
20937,Şehit Erdal Kılıç,2
20938,Şehit Erdal Kılıç,2
31485,Şehit Erkan Er Ortaokulu,6
31486,Şehit Erkan Er Ortaokulu,1
12335,Şehit Erkan Özcan Anadolu Lisesi,5
12338,Şehit Erkan Özcan Anadolu Lisesi,5
10130,Şehit Fethibey,2
10131,Şehit Fethibey,1
10132,Şehit Fethibey,1
10133,Şehit Fethibey,1
10136,Şehit Fethibey,1
16876,Şehit Fethibey,1
16887,Şehit Fethibey,1
12368,Şehit Gazeteci Hasan Tahsin Ortaokulu,2
12369,Şehit Gazeteci Hasan Tahsin Ortaokulu,2
23370,Şehit Gökhan Çakır Anadolu Lisesi,1
23371,Şehit Gökhan Çakır Anadolu Lisesi,1
30977,Şehit Hakan Uysal,6
30978,Şehit Hakan Uysal,6
30301,Şehit Hakan Ünal,7
30302,Şehit Hakan Ünal,7
12363,Şehit Halit Taş Ortaokulu,6
12364,Şehit Halit Taş Ortaokulu,6
31221,Şehit Harun Bağlam,4
31222,Şehit Harun Bağlam,4
20275,Şehit Hikmet Ayerdem Parkı,1
20276,Şehit Hikmet Ayerdem Parkı,1
14716,Şehit Jandarma Er Önder Turgay,1
14717,Şehit Jandarma Er Önder Turgay,1
20828,Şehit Jandarma Komando Fikri Koruer Parkı,3
20829,Şehit Jandarma Komando Fikri Koruer Parkı,3
10691,Şehit Jandarma Uzman Çavuş Hüseyin Tosun,2
10692,Şehit Jandarma Uzman Çavuş Hüseyin Tosun,2
14333,Şehit Jandarma Uzman Çavuş Süleyman Güneri,1
40558,Şehit Jandarma Çadırcı,1
40559,Şehit Jandarma Çadırcı,1
31227,Şehit Kara Pilot Yüzbaşı Mehmet İlker Karaman,3
31228,Şehit Kara Pilot Yüzbaşı Mehmet İlker Karaman,3
50374,Şehit Kemal,3
50597,Şehit Kemal İlkokulu,12
50598,Şehit Kemal İlkokulu,12
11529,Şehit Komando Çavuş Sinan Hamza,1
11530,Şehit Komando Çavuş Sinan Hamza,1
41031,Şehit Mehmet Güleç,1
15864,Şehit Mehmet Kıvık,1
15865,Şehit Mehmet Kıvık,1
30303,Şehit Murat Aslantürk,7
30306,Şehit Murat Aslantürk,7
13725,Şehit Murat Cerit,1
13728,Şehit Murat Cerit,1
23913,Şehit Murat Çoşkun Ortaokulu,1
23914,Şehit Murat Çoşkun Ortaokulu,1
30291,Şehit Musa Can,4
30292,Şehit Musa Can,4
15626,Şehit Mustafa Yaman Anadolu İmam Hatip Lisesi,1
12325,Şehit Muzaffer Erdönmez İlkokulu,3
12326,Şehit Muzaffer Erdönmez İlkokulu,3
12365,Şehit Muzaffer Erdönmez İlkokulu,1
12366,Şehit Muzaffer Erdönmez İlkokulu,1
23267,Şehit Pilot Albay Gökselin Saylan,2
23268,Şehit Pilot Albay Gökselin Saylan,2
30208,Şehit Piyade Ferhat Altın,3
10945,Şehit Piyade Uzman Çavuş Ayhan Elmacı,7
10946,Şehit Piyade Uzman Çavuş Ayhan Elmacı,7
51172,Şehit Piyade Çavuş Ceysu Ceylan,1
51173,Şehit Piyade Çavuş Ceysu Ceylan,1
12944,Şehit Polis Ahmet Atilla Güneş İlkokulu,7
12945,Şehit Polis Ahmet Atilla Güneş İlkokulu,2
40656,Şehit Polis Cebrail Aksöz,6
40657,Şehit Polis Cebrail Aksöz,6
14212,Şehit Polis Cemil Koç,1
14215,Şehit Polis Cemil Koç,1
30298,Şehit Polis Fethi Sekin,4
30304,Şehit Polis Fethi Sekin,4
31185,Şehit Polis Fethi Sekin İlköğretim Okulu,3
31186,Şehit Polis Fethi Sekin İlköğretim Okulu,3
15480,Şehit Polis Gökhan Kirazlı,5
15481,Şehit Polis Gökhan Kirazlı,5
10960,Şehit Polis Hüseyin Dalgılıç,5
10961,Şehit Polis Hüseyin Dalgılıç,5
20638,Şehit Profesör Doktor İlhan Varank İmam Hatip Lisesi,1
20641,Şehit Profesör Doktor İlhan Varank İmam Hatip Lisesi,1
12941,Şehit Serhat Sığnak Mesleki ve Teknik Anadolu Lisesi,5
23363,Şehit Sezai Geçkin İlkokulu,2
23364,Şehit Sezai Geçkin İlkokulu,2
12736,Şehit Süleyman Ergin,2
12737,Şehit Süleyman Ergin,2
23338,Şehit Uzman Onbaşı Ahmet Alpaslan,1
23339,Şehit Uzman Onbaşı Ahmet Alpaslan,1
23340,Şehit Uzman Onbaşı Emre Baysal,1
23341,Şehit Uzman Onbaşı Emre Baysal,1
11558,Şehit Uzman Onbaşı Mustafa Eser,17
11559,Şehit Uzman Onbaşı Mustafa Eser,17
32185,Şehit Uzman Çavuş Ali Akdoğan,1
31233,Şehit Uzman Çavuş Ali Akdoğan İlkokulu,1
31234,Şehit Uzman Çavuş Ali Akdoğan İlkokulu,1
11571,Şehit Uzman Çavuş Harun Şenöz,2
11572,Şehit Uzman Çavuş Harun Şenöz,2
14176,Şehit Uzman Çavuş Harun Şenözüar,1
14177,Şehit Uzman Çavuş Harun Şenözüar,1
14322,Şehit Uzman Çavuş Harun Şenözüar Mesleki ve Teknik Anadolu Lisesi,2
14323,Şehit Uzman Çavuş Harun Şenözüar Mesleki ve Teknik Anadolu Lisesi,2
10867,Şehit Uzman Çavuş Mehmet Onur Özbent,20
10872,Şehit Uzman Çavuş Mehmet Onur Özbent,20
15613,Şehit Uzman Çavuş Muhammed Mustafa Ak,1
15614,Şehit Uzman Çavuş Muhammed Mustafa Ak,1
13897,Şehit Uzman Çavuş Tolga Sağlam,1
13898,Şehit Uzman Çavuş Tolga Sağlam,1
23762,Şehit Uğur Yıldız Ortaokulu,1
20622,Şehit Yarbay Songül Yakut,1
20623,Şehit Yarbay Songül Yakut,1
22543,Şehit Yüzbaşı Ali Rıza Sadak İlkokulu,3
22544,Şehit Yüzbaşı Ali Rıza Sadak İlkokulu,3
10895,Şehit Yüzbaşı Cengiz Topel,1
10900,Şehit Yüzbaşı Cengiz Topel,1
14718,Şehit Yüzbaşı Halil Özdemir,1
14719,Şehit Yüzbaşı Halil Özdemir,1
23376,Şehit Çavuş Bülent Kula İlköğretim Okulu,1
23377,Şehit Çavuş Bülent Kula İlköğretim Okulu,1
15696,Şehit Çavuş Haydar Arda Erertingi Ortaokulu,1
15697,Şehit Çavuş Haydar Arda Erertingi Ortaokulu,1
11380,Şehit Çağatay Necati Dinç İlkokulu,2
11381,Şehit Çağatay Necati Dinç İlkokulu,2
23897,Şehit Çeşmesi,2
23898,Şehit Çeşmesi,2
32255,Şehit Öğretmen Aybuke Yalçın,1
32256,Şehit Öğretmen Aybuke Yalçın,1
16025,Şehit Öğretmen Ayhan Kökmen,3
16026,Şehit Öğretmen Ayhan Kökmen,3
52311,Şehit Öğretmen Necmettin Yılmaz İlkokulu,1
52312,Şehit Öğretmen Necmettin Yılmaz İlkokulu,1
40625,Şehit Üst Teğmen Konuralp Özcan İlköğretim Okulu,2
13223,Şehit Üsteğmen Ahmet Konuksever,2
22009,Şehit Üsteğmen Ahmet Konuksever,5
22010,Şehit Üsteğmen Ahmet Konuksever,5
50095,Şehit Üsteğmen Deveci,7
50098,Şehit Üsteğmen Deveci,7
12940,Şehit Üsteğmen Hakan Özkaner,5
20854,Şehit Üsteğmen Onur Özkaya,4
20855,Şehit Üsteğmen Onur Özkaya,4
12347,Şehit Üsteğmen Sadullah Sever İlkokulu,1
12350,Şehit Üsteğmen Sadullah Sever İlkokulu,1
21317,Şehit Üsteğmen İbrahim Fahri Efendi,3
21318,Şehit Üsteğmen İbrahim Fahri Efendi,3
14210,Şehit Üstğm İsmail Cazgır,1
14211,Şehit Üstğm İsmail Cazgır,1
50487,Şehit İlhami Yılmaz,3
50488,Şehit İlhami Yılmaz,3
13992,Şehit Şerife Bacı,1
13993,Şehit Şerife Bacı,1
32291,Şehit. Jnd. Onbaşı Uğur Demirkan,1
32292,Şehit. Jnd. Onbaşı Uğur Demirkan,1
11655,Şehitler,2
12421,Şehitler,1
30026,Şehitler,7
30027,Şehitler,7
11649,Şehitler Ağaç Kapı,2
11654,Şehitler Ağaç Kapı,2
11641,Şehitler Dörtyol,2
11646,Şehitler Dörtyol,2
16639,Şehitler Giriş,1
16640,Şehitler Giriş,1
11653,Şehitler Kahveler,2
11658,Şehitler Kahveler,2
11647,Şehitler Köşe,2
11652,Şehitler Köşe,2
11651,Şehitler Muhtarlık,2
11656,Şehitler Muhtarlık,2
30032,Şehitler Ortaokulu,7
30035,Şehitler Ortaokulu,7
30768,Şehitler Parkı,8
30769,Şehitler Parkı,8
40209,Şehitler Parkı,4
40210,Şehitler Parkı,4
11639,Şehitler Viraj,2
11644,Şehitler Viraj,2
13704,Şehitler Çıkış,1
13705,Şehitler Çıkış,1
50041,Şehitlik,16
50042,Şehitlik,16
21548,Şelale,5
21549,Şelale,5
12070,Şelale Parkı,14
12071,Şelale Parkı,14
50349,Şemikler,1
50350,Şemikler,1
20411,Şemikler Lisesi,2
20412,Şemikler Lisesi,2
20410,Şemikler Meydan,2
30688,Şen,5
30895,Şen,1
30896,Şen,1
30689,Şen Market,5
51511,Şenlik Alanı,3
51514,Şenlik Alanı,3
15890,Şenyüz,1
15891,Şenyüz,1
21252,Şerbetçi,1
21253,Şerbetçi,1
23909,Şht. Binbaşı Yavuz Başayar,1
23910,Şht. Binbaşı Yavuz Başayar,1
20605,Şirin Camii,2
20606,Şirin Camii,2
10936,Şirince Yolu,3
10937,Şirince Yolu,3
22069,Şirinevler Giriş,1
22070,Şirinevler Giriş,1
22071,Şirinevler Son Durak,1
14669,Şirinköy,3
14670,Şirinköy,3
32008,Şirintepe,1
32009,Şirintepe,1
40553,Şirintepe,1
40572,Şirintepe,1
20947,Şirintepe Market,2
20948,Şirintepe Market,2
40550,Şirintepe Parkı,1
40551,Şirintepe Parkı,1
41172,Şirinyer Aktarma,3
41173,Şirinyer Aktarma,4
41174,Şirinyer Aktarma,4
41175,Şirinyer Aktarma,2
41176,Şirinyer Aktarma,4
41177,Şirinyer Aktarma,3
41178,Şirinyer Aktarma,2
41309,Şirinyer Aktarma,1
41310,Şirinyer Aktarma,3
40101,Şirinyer Bankalar,5
40102,Şirinyer Bankalar,5
40140,Şirinyer Ertuğrul Gazi Anadolu Lisesi,6
40141,Şirinyer Ertuğrul Gazi Anadolu Lisesi,6
40003,Şirinyer Merkez,5
40004,Şirinyer Merkez,12
40010,Şirinyer PTT,21
40159,Şirinyer Parkı,3
40160,Şirinyer Parkı,8
40009,Şirinyer Pazar Yeri,20
40198,Şirinyer Saha,20
40153,Şirinyer İstasyonu,19
10259,Şoförler Lokali,4
10262,Şoförler Lokali,4
11822,Şükrü Özkan,1
11823,Şükrü Özkan,1
23943,Şıra Mevki,1
23944,Şıra Mevki,1
