stop_id,stop_name,route_count,transfer_rank
50004,Fahrettin Altay Meydan 9,31,1
10240,Kız Yurdu,31,1
50008,Beyaz,24,2
10231,Kestelli,24,2
20057,Turan,24,2
20060,Turan,24,2
20151,Karşıyaka İskele,23,3
12874,Halkapınar Tramvay,22,4
50011,Balçova İstasyon,21,5
20157,Dokuz Eylül Dispanser,21,5
50020,Dokuz Eylül Hastanesi İstasyon,21,5
20159,Karşıyaka Yelken Kulübü,21,5
20153,Osman Bey Parkı,21,5
20154,Osman Bey Parkı,21,5
20155,Tarık Dursun Kakınç,21,5
20161,Yunuslar,21,5
20081,Çiğli İtfaiye,21,5
40010,Şirinyer PTT,21,5
50010,Balçova İstasyon,20,6
20083,Eğitim Gönüllüleri,20,6
20084,Eğitim Gönüllüleri,20,6
12058,Eşrefpaşa,20,6
20483,Girne Konutları,20,6
50018,Hoca,20,6
50019,Hoca,20,6
11551,Kazım Dirik,20,6
11552,Kazım Dirik,20,6
50012,Molla Kuyusu,20,6
50013,Molla Kuyusu,20,6
10865,Otel,20,6
10868,Otel,20,6
11557,Torbalı Belediyesi 2,20,6
10870,Yemişlik,20,6
10903,Yemişlik,20,6
11553,Çarşı,20,6
11554,Çarşı,20,6
50017,Çağdaş İstasyon,20,6
20082,Çiğli İtfaiye,20,6
10867,Şehit Uzman Çavuş Mehmet Onur Özbent,20,6
10872,Şehit Uzman Çavuş Mehmet Onur Özbent,20,6
40009,Şirinyer Pazar Yeri,20,6
40198,Şirinyer Saha,20,6
20096,Balatçık Kahveler,19,7
50021,Dokuz Eylül Hastanesi İstasyon,19,7
11506,Tepeköy Aktarma,19,7
11510,Tepeköy Aktarma,19,7
11531,Tepeköy İstasyon Yolu,19,7
11564,Torbalı Belediyesi,19,7
50016,Çağdaş İstasyon,19,7
20085,Çiğli Belediye,19,7
20086,Çiğli Belediye,19,7
50014,İş Bankası Evleri,19,7
50015,İş Bankası Evleri,19,7
40153,Şirinyer İstasyonu,19,7
50030,Balcı,18,8
20055,Bayraklı Çamlık,18,8
20134,Bayraklı Üst Geçit,18,8
20191,Beşikçioğlu Cami,18,8
20196,Beşikçioğlu Cami,18,8
20197,Bostanlı Market,18,8
20198,Bostanlı Market,18,8
20189,Bostanlı Pazaryeri,18,8
20194,Bostanlı Pazaryeri,18,8
50022,Dokuz Eylül,18,8
50023,Dokuz Eylül,18,8
10363,Eşref Paşa Hastanesi,18,8
20205,Geçit 1,18,8
20206,Geçit 1,18,8
20203,Geçit 2,18,8
20204,Geçit 2,18,8
20207,Girne Bulvarı,18,8
20208,Girne Bulvarı,18,8
50027,Güzel Sanatlar Fakültesi,18,8
30281,Halide Edip Adıvar,18,8
50024,Kantar,18,8
50025,Kantar,18,8
10235,Koruluk,18,8
20339,Mavişehir,18,8
20201,Metin Aşıkoğlu Ortaokulu,18,8
20202,Metin Aşıkoğlu Ortaokulu,18,8
40127,Mühendislik Fakültesi,18,8
40128,Mühendislik Fakültesi,18,8
11504,Torbalı Anadolu İmam Hatip Lisesi,18,8
11507,Torbalı Anadolu İmam Hatip Lisesi,18,8
10365,Ziya Gökalp Ortaokulu,18,8
30131,Çamdibi Sağlık Ocağı,18,8
50026,İzsu,18,8
20199,Şehit Diplomat Erdoğan Özen,18,8
20200,Şehit Diplomat Erdoğan Özen,18,8
30279,Adliye,17,9
10103,Belediye Sarayı,17,9
40015,Buca Belediye Sarayı,17,9
40016,Buca Belediye Sarayı,17,9
40737,Buca Sağlık Ocağı,17,9
40738,Buca Sağlık Ocağı,17,9
40013,Buca Vergi Dairesi,17,9
40014,Buca Vergi Dairesi,17,9
10660,Ege Serbest Bölge,17,9
30282,Halide Edip Adıvar,17,9
20062,Naldöken,17,9
31280,Rektörlük,17,9
10366,Tepecik Doğum Hastanesi,17,9
10367,Tepecik Doğum Hastanesi,17,9
11532,Tepeköy İstasyon Yolu,17,9
40011,Yeni Mahalle,17,9
40012,Yeni Mahalle,17,9
10368,Yenişehir PTT,17,9
10369,Yenişehir PTT,17,9
20211,Zafer Takı,17,9
20214,Zafer Takı,17,9
10364,Ziya Gökalp Ortaokulu,17,9
20209,Çayırcı,17,9
20212,Çayırcı,17,9
11590,Özensu,17,9
11591,Özensu,17,9
10252,Üçyol Metro,17,9
11558,Şehit Uzman Onbaşı Mustafa Eser,17,9
11559,Şehit Uzman Onbaşı Mustafa Eser,17,9
30280,Adliye,16,10
10251,Altıntaş,16,10
50029,Balcı,16,10
10247,Bayramyeri,16,10
30137,Bölge İdare Mahkemesi,16,10
10661,Ege Serbest Bölge,16,10
11602,Engelsiz Yaşam Parkı,16,10
11603,Engelsiz Yaşam Parkı,16,10
14300,Eylül,16,10
14301,Eylül,16,10
11594,Fulya,16,10
11595,Fulya,16,10
10177,Hava Hastanesi,16,10
20340,Karya,16,10
20341,Karya,16,10
50037,Köprübaşı,16,10
50038,Köprübaşı,16,10
10662,Leylak,16,10
10663,Leylak,16,10
30133,Mersinli,16,10
50033,Narlıdere Cami,16,10
50034,Narlıdere Cami,16,10
50031,Narlıdere İtfaiye,16,10
50032,Narlıdere İtfaiye,16,10
50039,Siteler,16,10
50040,Siteler,16,10
30135,Stadyum İstasyon,16,10
11596,Torbalı Anadolu Lisesi,16,10
11597,Torbalı Anadolu Lisesi,16,10
11600,Torbalı Diyaliz Merkezi,16,10
11601,Torbalı Diyaliz Merkezi,16,10
11578,Torbalı Tıp Merkezi,16,10
11579,Torbalı Tıp Merkezi,16,10
41336,Tınaztepe Yerleşke Son Durak,16,10
10664,Ulaştırma,16,10
10665,Ulaştırma,16,10
50035,Uludağ,16,10
50036,Uludağ,16,10
30139,Üçüncü Sanayi,16,10
30140,Üçüncü Sanayi,16,10
50041,Şehitlik,16,10
50042,Şehitlik,16,10
10199,Adnan Saygun Sanat Merkezi,15,11
31289,Ata,15,11
32243,Ağır Bakım,15,11
32244,Ağır Bakım,15,11
40739,Buca Üçkuyular Meydan,15,11
10370,Halkapınar İZSU,15,11
10371,Halkapınar İZSU,15,11
20337,Haydar Aliyev Parkı,15,11
12068,Konak Anadolu Lisesi,15,11
10241,Kız Yurdu,15,11
20338,Mavişehir,15,11
22370,Menemen Garaj Karşısı,15,11
22371,Menemen Garaj Karşısı,15,11
22364,Menemen Toplum Sağlığı Merkezi,15,11
22365,Menemen Toplum Sağlığı Merkezi,15,11
22390,Menemen Şehir Parkı,15,11
22391,Menemen Şehir Parkı,15,11
20059,Naldöken,15,11
20063,Soğukkuyu Trafik,15,11
20066,Soğukkuyu Trafik,15,11
50605,Urla,15,11
12064,Yağhaneler 2,15,11
20061,Öztürk,15,11
20064,Öztürk,15,11
10178,Adnan Saygun Sanat Merkezi,14,12
10656,Aktepe,14,12
10657,Aktepe,14,12
10248,Altıntaş,14,12
20395,Atakent Anadolu Lisesi,14,12
20396,Atakent Anadolu Lisesi,14,12
30283,Bayraklı Depo,14,12
30284,Bayraklı Depo,14,12
10246,Bayramyeri,14,12
10655,Emrez,14,12
20097,Eski Sinema,14,12
20098,Eski Sinema,14,12
12057,Eşrefpaşa,14,12
50007,Fahrettin Altay Meydan 2,14,12
10653,Gaziemir Semt Garajı,14,12
20482,Girne Konutları,14,12
20336,Haydar Aliyev Parkı,14,12
21343,Jandarma,14,12
21344,Jandarma,14,12
12069,Konak Anadolu Lisesi,14,12
40891,Kütüphane,14,12
40892,Kütüphane,14,12
30285,Manas,14,12
30286,Manas,14,12
10611,Osman Öksüz Parkı,14,12
30289,Smyrna,14,12
30290,Smyrna,14,12
40889,Spor Salonu,14,12
40890,Spor Salonu,14,12
40894,Tınaztepe Yerleşke Son Durak,14,12
12065,Yağhaneler 2,14,12
11616,Çaybaşı Son Durak,14,12
10102,İskele,14,12
12070,Şelale Parkı,14,12
12071,Şelale Parkı,14,12
12066,Arap Cami,13,13
20095,Balatçık Kahveler,13,13
10356,Basmane Gar,13,13
10357,Basmane Gar,13,13
20054,Bayraklı İstasyon,13,13
10182,Fahrettin Altay Meydan 5,13,13
10358,Kemer,13,13
50043,Narlıdere Belediye,13,13
50044,Narlıdere Belediye,13,13
31285,Suphi Koyuncu,13,13
20484,Yeni Girne,13,13
20485,Yeni Girne,13,13
11668,Çaybaşı Meydan,13,13
20052,Çevre ve Şehircilik İl Müdürlüğü,13,13
13562,İzmir Caddesi,13,13
13565,İzmir Caddesi,13,13
11889,Altınyağ,12,14
11890,Altınyağ,12,14
11266,Amber,12,14
11267,Amber,12,14
20093,Ata,12,14
20094,Ata,12,14
20056,Bayraklı Park,12,14
20058,Bayraklı Çamlık,12,14
20135,Bayraklı Üst Geçit,12,14
20053,Bayraklı İstasyon,12,14
40085,Beş Selviler,12,14
40092,Beş Selviler,12,14
40025,Buca Heykel,12,14
40742,Buca Üçkuyular Meydan,12,14
20065,Dedebaşı,12,14
20068,Dedebaşı,12,14
20067,Ege Üniversitesi Karşıyaka Sağlık Yerleşkesi,12,14
20042,Egem,12,14
50591,Emniyet,12,14
50592,Emniyet,12,14
40070,Eski Mezarlık,12,14
50590,Eski Pazar Yeri,12,14
11264,Gölcükler Sera,12,14
11265,Gölcükler Sera,12,14
10625,Hasan Hüseyinler,12,14
10119,Kavaflar,12,14
51489,Kocaçay,12,14
51490,Kocaçay,12,14
13560,Kuşadası Caddesi,12,14
13563,Kuşadası Caddesi,12,14
20050,Körfez,12,14
20091,Küçük Çiğli,12,14
20092,Küçük Çiğli,12,14
50051,Lojmanlar,12,14
50052,Lojmanlar,12,14
20047,Makine Mühendisleri Odası,12,14
20048,Makine Mühendisleri Odası,12,14
30963,Matbaa,12,14
50045,Narlıdere Kaymakamlık,12,14
50046,Narlıdere Kaymakamlık,12,14
40001,Nato,12,14
10628,Orcaner,12,14
10629,Orcaner,12,14
50580,Orman İşletmesi,12,14
31556,Otogar Benzinlik,12,14
11270,Oğlananası Yol Ayrımı,12,14
11271,Oğlananası Yol Ayrımı,12,14
50049,Pertev Bey,12,14
50050,Pertev Bey,12,14
20045,Salhane İş Merkezi,12,14
20046,Salhane İş Merkezi,12,14
51491,Seferihisar Bahçe,12,14
51492,Seferihisar Bahçe,12,14
50451,Seferihisar Devlet Hastanesi,12,14
50452,Seferihisar Devlet Hastanesi,12,14
50518,Seferihisar Konutlar,12,14
50519,Seferihisar Konutlar,12,14
50449,Seferihisar Mezarlık,12,14
51496,Seferihisar Mezarlık,12,14
50447,Seferihisar PTT,12,14
51497,Seferihisar Pazaryeri,12,14
51485,Seferihisar Saha,12,14
51486,Seferihisar Saha,12,14
51487,Seferihisar Semt Garajı,12,14
51488,Seferihisar Semt Garajı,12,14
50517,Seferihisar Son Durak,12,14
51493,Seferihisar İtfaiye,12,14
51494,Seferihisar İtfaiye,12,14
20069,Serin Kuyu,12,14
20070,Serinkuyu,12,14
50053,Subay Gazinosu,12,14
50054,Subay Gazinosu,12,14
50583,Urla Merkez,12,14
20044,Zafer Payzın Kavşağı,12,14
11605,Çaybaşı Eshot Garajı,12,14
11669,Çaybaşı Meydan,12,14
20051,Çevre ve Şehircilik İl Müdürlüğü,12,14
50599,Çeşme,12,14
50600,Çeşme,12,14
20089,Çiğli Santral,12,14
20090,Çiğli Santral,12,14
20087,Çiğli Şaraphane,12,14
20088,Çiğli Şaraphane,12,14
20040,Çınarlı Hastanesi,12,14
20041,Çınarlı Hastanesi,12,14
40018,Öğretmen Evleri,12,14
50047,İstihkam Okulu,12,14
50048,İstihkam Okulu,12,14
40019,İzmir Meslek Yüksek Okulu,12,14
50597,Şehit Kemal İlkokulu,12,14
50598,Şehit Kemal İlkokulu,12,14
40004,Şirinyer Merkez,12,14
11464,1 Nolu Sağlık Ocağı,11,15
11465,1 Nolu Sağlık Ocağı,11,15
50081,Anıt,11,15
50084,Anıt,11,15
50069,Balıkçı Kahvesi,11,15
50072,Balıkçı Kahvesi,11,15
50073,Baydar,11,15
50074,Baydar,11,15
40071,Begos,11,15
40088,Begos,11,15
23295,Bergama Meslek Yüksek Okulu,11,15
40037,Buca Devlet Hastanesi,11,15
40022,Buca Sosyal Güvenlik Kurumu,11,15
50071,Camcı,11,15
50126,Camcı,11,15
10617,Elka,11,15
15535,Fesleğen,11,15
15536,Fesleğen,11,15
11260,Gölcükler  Adnan Ocay Ortaokulu,11,15
11261,Gölcükler Adnan Ocay Ortaokulu,11,15
50060,Halk Plajı,11,15
31291,Hükümet Konağı,11,15
50075,Karaca,11,15
50124,Karaca,11,15
11470,Kasap,11,15
11471,Kasap,11,15
10632,Kaymakkuyu,11,15
50077,Kirazlı,11,15
50080,Kirazlı,11,15
50063,Liman Reis,11,15
50066,Liman Reis,11,15
50067,Maltepe,11,15
50070,Maltepe,11,15
11258,Menderes Pazar Yeri,11,15
11259,Menderes Pazar Yeri,11,15
23976,Menemen Garaj,11,15
24192,Menemen Garaj,11,15
21416,Menemen Jandarma,11,15
21417,Menemen Jandarma,11,15
21418,Menemen Üst Geçit,11,15
21419,Menemen Üst Geçit,11,15
30134,Mersinli,11,15
40002,Nato,11,15
20137,Nikah Salonu,11,15
23291,Osman Nuri Ersezin Orta Okulu,11,15
23292,Osman Nuri Ersezin Ortaokulu,11,15
50384,Otoban Kavşağı,11,15
40086,Papatya,11,15
50065,Pina,11,15
50068,Pina,11,15
23293,Saltukbey,11,15
23294,Saltukbey,11,15
50061,Sıdıka Akdemir Rehberlik ve Araştırma Merkezi,11,15
50064,Sıdıka Akdemir Rehberlik ve Araştırma Merkezi,11,15
11466,Torbalı Cami,11,15
11467,Torbalı Cami,11,15
50079,Yemişçi,11,15
50082,Yemişçi,11,15
50059,Çeşme,11,15
50062,Çeşme,11,15
50385,Çeşme Otoban Kavşağı,11,15
10630,Çitlenbik,11,15
10631,Çitlenbik,11,15
50057,İstihkam,11,15
50058,İstihkam,11,15
50076,Şahin,11,15
32348,Acil,10,16
50089,Altmışıncı Yıl Anadolu Lisesi,10,16
50092,Altmışıncı Yıl Anadolu Lisesi,10,16
10666,Askeri Lojmanlar,10,16
11809,Bayındır,10,16
11807,Bayındır Devlet Hastanesi,10,16
13995,Bayındır Son Durak,10,16
23296,Bergama Meslek Yüksek Okulu,10,16
23016,Bergama Son Durak,10,16
30323,Bornova Kültür Merkezi,10,16
30321,Bornova Stadı,10,16
30325,Bornova İzsu,10,16
50088,Briketçi,10,16
21122,Büyük Çiğli Mezarlık,10,16
21123,Büyük Çiğli Mezarlık,10,16
40035,Dokuz Eylül Eğitim Fakültesi,10,16
40036,Dokuz Eylül Eğitim Fakültesi,10,16
50083,Eczane,10,16
50086,Eczane,10,16
10618,Elka,10,16
21129,Eshotçular Sitesi,10,16
21130,Eshotçular Sitesi,10,16
50852,Fidanlık,10,16
50853,Fidanlık,10,16
32346,Fizik Tedavi ve Rehabilitasyon,10,16
10667,Gaziemir Alt Geçidi,10,16
10670,Gaziemir İlçe Emniyet,10,16
10671,Gaziemir İlçe Emniyet,10,16
10626,Hasan Hüseyinler,10,16
50848,Jandarma 2,10,16
50849,Jandarma 2,10,16
12209,Karakuyu,10,16
12210,Karakuyu,10,16
12211,Karaselvi,10,16
12212,Karaselvi,10,16
10361,Kemer 2,10,16
12199,Kilimci Tepe,10,16
12200,Kilimci Tepe,10,16
10668,Kolej,10,16
10669,Kolej,10,16
20049,Körfez,10,16
50085,Liman,10,16
50090,Liman,10,16
11254,Menderes Stadyum,10,16
11255,Menderes Stadyum,10,16
11252,Menderes İnönü,10,16
11253,Menderes İnönü,10,16
14500,Moda,10,16
14501,Moda,10,16
50850,Mustafa Reşit Aydın Parkı,10,16
50851,Mustafa Reşit Aydın Parkı,10,16
12201,Narlık,10,16
12202,Narlık,10,16
32349,Onkoloji,10,16
30956,Piyale,10,16
32350,Poliklinik 1,10,16
32351,Poliklinik 2,10,16
12263,Spotçular,10,16
31282,Suphi Koyuncu,10,16
32347,Teknik Servis,10,16
22168,Tüvtürk,10,16
52131,Urla Adliye,10,16
52132,Urla Adliye,10,16
30132,Çamdibi Sağlık Ocağı,10,16
30319,Çağdaş,10,16
50620,Özbek Yolu,10,16
50621,Özbek Yolu,10,16
10255,Üçyol Metro,10,16
40065,İktisadi ve İdari Bilimler Fakültesi,10,16
10615,İller Bankası,10,16
40661,İzmir Tınaztepe Üniversitesi,10,16
20079,15 Temmuz Şehitler Anadolu Lisesi,9,17
10679,Akçay,9,17
10659,Altıncı Sanayi Kavşağı,9,17
11878,Atatürk Stadı,9,17
11805,Atatürk İlkokulu,9,17
24150,Ataşehir Köprü,9,17
24151,Ataşehir Köprü,9,17
24152,Ataşehir Mahallesi Parkı,9,17
24153,Ataşehir Mahallesi Parkı,9,17
20077,Ayyıldız,9,17
12259,Bahçelievler,9,17
11803,Bayındır Jandarma,9,17
16003,Bayır,9,17
16004,Bayır,9,17
50627,Benzinlik,9,17
23289,Bergama Zeytinlik,9,17
14927,Beşgöz,9,17
14928,Beşgöz,9,17
30324,Bornova Kültür Merkezi,9,17
30322,Bornova Stadı,9,17
30326,Bornova İzsu,9,17
30138,Bölge İdare Mahkemesi,9,17
14937,Büyükavulcuk,9,17
14938,Büyükavulcuk,9,17
50639,Dilek,9,17
50640,Dilek,9,17
30041,Egemenlik,9,17
10674,Emlak Bankası Evleri,9,17
10675,Emlak Bankası Evleri,9,17
21388,Eski Yol,9,17
21389,Eski Yol,9,17
15435,Fulya,9,17
14949,Gereli,9,17
14950,Gereli,9,17
14947,Gerçekli,9,17
14948,Gerçekli,9,17
31545,Halkapınar Spor Salonu,9,17
52153,Hisar,9,17
52154,Hisar,9,17
31274,Hükümet Konağı,9,17
30040,Işıkkent Benzinlik,9,17
30043,Işıkkent Benzinlik,9,17
12269,Karabağlar Cumhuriyet Mesleki ve Teknik Anadolu Lisesi,9,17
21390,Kargılar,9,17
21391,Kargılar,9,17
20073,Karşıyaka Jandarma,9,17
20071,Kayalar Mezarlığı,9,17
13351,Kemer Aktarma Merkezi,9,17
13352,Kemer Aktarma Merkezi,9,17
30038,Koyuncu,9,17
15005,Kültürpark Kavşak,9,17
15006,Kültürpark Kavşak,9,17
16031,Kışla Mahallesi,9,17
16032,Kışla Mahallesi,9,17
16439,Kışlalı Kümesi,9,17
30317,Mustafa Kemal Anadolu Lisesi,9,17
30318,Mustafa Kemal Anadolu Lisesi,9,17
14935,Ocaklı,9,17
14936,Ocaklı,9,17
10612,Osman Öksüz Parkı,9,17
50624,Sefa,9,17
50625,Sefa,9,17
10676,Seçkinler Sitesi,9,17
10677,Seçkinler Sitesi,9,17
30136,Stadyum İstasyon,9,17
50638,Torasan Mahallesi,9,17
11460,Torbalı Piri Reis Mesleki ve Teknik Anadolu Lisesi,9,17
11461,Torbalı Piri Reis Mesleki ve Teknik Anadolu Lisesi,9,17
11458,Torbalı Siteler,9,17
11459,Torbalı Siteler,9,17
14951,Türkönü,9,17
14952,Türkönü,9,17
21392,Ulukent Gar,9,17
50641,Urla Bölge Trafik,9,17
50642,Urla Bölge Trafik,9,17
50859,Urla Sanayi 1,9,17
50860,Urla Sanayi 1,9,17
12062,Yağhaneler,9,17
12267,Yeşilyurt İtfaiye,9,17
14939,Yolüstü Benzinlik,9,17
20185,Yıllar,9,17
12204,Zincirlikuyu,9,17
10121,Çankaya,9,17
10869,Çaybaşı Lambalar,9,17
10874,Çaybaşı Lambalar,9,17
11462,Çetineller Ortaokulu,9,17
11463,Çetineller Ortaokulu,9,17
12257,Çevik Kuvvet,9,17
50622,Çiftlik,9,17
50623,Çiftlik,9,17
11778,Çiçekçiler,9,17
11779,Çiçekçiler,9,17
31547,Çınarlı Diş Hastanesi,9,17
14925,Ödemiş Garaj,9,17
14926,Ödemiş Garaj,9,17
20080,15 Temmuz Şehitler Anadolu Lisesi,8,18
21027,Atatürk Mahallesi Zirve,8,18
20078,Ayyıldız,8,18
23355,Bergama Höyük,8,18
23356,Bergama Höyük,8,18
22989,Bergama Park,8,18
22992,Bergama Park,8,18
23127,Bergama Sanayi,8,18
22998,Bergama Termal,8,18
11764,Canlı Çıkış,8,18
11765,Canlı Çıkış,8,18
11788,Canlı Çınar,8,18
11789,Canlı Çınar,8,18
31082,Cengizhan Son Durak,8,18
30761,Cumhuriyet,8,18
30762,Cumhuriyet,8,18
10722,Cüneytbey Cami,8,18
32475,Ege Üniversitesi Öğrenci Köyü,8,18
32476,Ege Üniversitesi Öğrenci Köyü,8,18
30036,Egemenlik,8,18
11768,Elifli,8,18
11769,Elifli,8,18
15456,Elifli Sera,8,18
15457,Elifli Sera,8,18
14953,Ertuğrulköy,8,18
14954,Ertuğrulköy,8,18
30022,Evrenesoğlu Ortaokulu,8,18
30023,Evrenesoğlu Ortaokulu,8,18
52439,Florya,8,18
52440,Florya,8,18
11770,Furunlu Tulumba,8,18
11771,Furunlu Tulumba,8,18
11774,Furunlu Yedikavak,8,18
11775,Furunlu Yedikavak,8,18
10678,Gaziemir Aktarma Merkezi,8,18
12879,Gaziemir PTT,8,18
12880,Gaziemir PTT,8,18
20486,Girne Pazaryeri,8,18
20487,Girne Pazaryeri,8,18
20455,Gümüşpala Su Deposu,8,18
20456,Gümüşpala Su Deposu,8,18
24154,Kadriye,8,18
24155,Kadriye,8,18
10634,Karabağlar Cumhuriyet Anadolu Lisesi,8,18
10635,Karabağlar Cumhuriyet Anadolu Lisesi,8,18
12270,Karabağlar Cumhuriyet Mesleki ve Teknik Anadolu Lisesi,8,18
11776,Karahalilli,8,18
11777,Karahalilli,8,18
50390,Karaoğlu,8,18
50391,Karaoğlu,8,18
20074,Karşıyaka Jandarma,8,18
23600,Karşıyaka İskele,8,18
20072,Kayalar Mezarlığı,8,18
10633,Kaymakkuyu,8,18
30770,Kemalpaşa,8,18
30771,Kemalpaşa,8,18
30851,Kemalpaşa Belediyesi,8,18
30854,Kemalpaşa Belediyesi,8,18
10321,Kent Müzesi,8,18
10322,Kent Müzesi,8,18
10226,Kestelli,8,18
50382,Konutlar,8,18
50383,Konutlar,8,18
10228,Koruluk,8,18
14699,Kurtuluş,8,18
14700,Kurtuluş,8,18
16536,Kurucuova Ova,8,18
12215,Kuyu,8,18
12216,Kuyu,8,18
22993,Küçükkaya,8,18
22996,Küçükkaya,8,18
10638,Kızılcık,8,18
24161,Kışlalı Kümesi,8,18
12437,Limontepe Seniye-Hasan Saray İlkokulu,8,18
12438,Limontepe Seniye-Hasan Saray İlkokulu,8,18
30018,MTK Birinci Giriş,8,18
30019,MTK Birinci Giriş,8,18
30021,MTK İkinci Giriş,8,18
30765,Manav,8,18
30767,Manav,8,18
10503,Mehmetçik,8,18
10713,Menderes Anadolu Lisesi,8,18
10714,Menderes Anadolu Lisesi,8,18
10719,Menderes Belediyesi,8,18
10720,Menderes Belediyesi,8,18
10715,Menderes Sağlık Ocağı,8,18
11250,Menderes Sağlık Ocağı,8,18
21713,Menemen Devlet Hastanesi Kavşak,8,18
23604,Menemen Devlet Hastanesi Kavşak,8,18
23536,Menemen İzban,8,18
30020,Meriç Mahallesi Çeşme,8,18
10224,Mezarlıkbaşı,8,18
14697,Muzaffer Gönen Parkı,8,18
14698,Muzaffer Gönen Parkı,8,18
50378,Necdet Tokatlıoğlu,8,18
15004,Sarıtaş,8,18
50379,Seferihisar Kavşak,8,18
50380,Seferihisar Kavşak,8,18
10651,Sinem,8,18
10652,Sinem,8,18
10636,Söğüt,8,18
10717,Sümerbank,8,18
10718,Sümerbank,8,18
13564,Sığacık Yol Ayrımı,8,18
22995,Termal,8,18
50637,Torasan Mahallesi,8,18
15834,Torba Kent,8,18
15835,Torba Kent,8,18
10852,Torbalı Ticaret Odası,8,18
10853,Torbalı Ticaret Odası,8,18
21545,Ulukent Aktarma,8,18
21459,Ulukent Gar,8,18
22991,Yalnız Ev,8,18
22994,Yalnız Ev,8,18
14955,Yel Aldı,8,18
14956,Yel Aldı,8,18
30553,Yeşil Köşk,8,18
30554,Yeşil Köşk,8,18
11766,Yeşilova Köy Yolu,8,18
11767,Yeşilova Köy Yolu,8,18
12268,Yeşilyurt İtfaiye,8,18
30787,Yol Ayrımı,8,18
30788,Yol Ayrımı,8,18
15957,Yol Üstü Benzinlik Anayol,8,18
22997,Yuvam,8,18
20488,Zihni Üstün İlkokulu,8,18
20489,Zihni Üstün İlkokulu,8,18
30305,Çamkıran,8,18
30308,Çamkıran,8,18
50636,Çardak,8,18
50709,Çardak,8,18
10124,Çardak 2,8,18
50393,Çardak Kahve,8,18
50394,Çardak Kahve,8,18
30320,Çağdaş,8,18
30763,Çeşme,8,18
30764,Çeşme,8,18
16805,Çiftlik,8,18
16806,Çiftlik,8,18
50464,Çiçek,8,18
11892,Çınarlı Mesleki ve Teknik Anadolu Lisesi,8,18
16841,Ödemiş İtfaiye,8,18
16842,Ödemiş İtfaiye,8,18
30555,Öğrenci Köyü,8,18
30556,Öğrenci Köyü,8,18
50630,İkinci Köprü,8,18
50631,İkinci Köprü,8,18
21697,İstasyon Köprü,8,18
21698,İstasyon Köprü,8,18
50613,İzsu,8,18
50628,İzsu,8,18
50730,İçmeler,8,18
50731,İçmeler,8,18
50632,İçmeler Çıkış,8,18
30768,Şehitler Parkı,8,18
30769,Şehitler Parkı,8,18
40160,Şirinyer Parkı,8,18
30030,Altındağ Belediyesi,7,19
30031,Altındağ Belediyesi,7,19
15482,Atatürk Kültür Merkezi,7,19
21035,Atatürk Mahallesi Zirve,7,19
10123,Basmane Ptt,7,19
11800,Bayındır Fatih İlkokulu,7,19
11801,Bayındır Fatih İlkokulu,7,19
15641,Bayındır Gül,7,19
15642,Bayındır Gül,7,19
11798,Bayındır Sadık Susamcıoğlu Anadolu Lisesi,7,19
11799,Bayındır Sadık Susamcıoğlu Anadolu Lisesi,7,19
15639,Bayındır Zeytin,7,19
15640,Bayındır Zeytin,7,19
11780,Bayındır Çınar,7,19
11781,Bayındır Çınar,7,19
16396,Benzinlik,7,19
23290,Bergama Zeytinlik,7,19
30127,Birinci Sanayi Sitesi,7,19
30128,Birinci Sanayi Sitesi,7,19
10126,Borsa,7,19
12207,Bozyaka Cami,7,19
12208,Bozyaka Cami,7,19
40087,Buca Belediye Şantiye,7,19
40038,Buca Devlet Hastanesi,7,19
40733,Buca Devlet Hastanesi,7,19
40734,Buca Devlet Hastanesi,7,19
40067,Buca Eski Mezarlık,7,19
12877,Büyükşehir Kurs Merkezi,7,19
12878,Büyükşehir Kurs Merkezi,7,19
11752,Canlı Kahveler,7,19
11761,Canlı Kahveler,7,19
11753,Canlı Park,7,19
11760,Canlı Park,7,19
20428,Demirci,7,19
40735,Demokrasi Meydanı,7,19
40736,Demokrasi Meydanı,7,19
10106,Dokuz Eylül Rektörlük,7,19
30255,Ege Üniversitesi Hastanesi,7,19
21399,Egekent 2,7,19
20043,Egem,7,19
50093,Elif,7,19
50096,Elif,7,19
23002,Eroğlu,7,19
31778,Evka 3 Aktarma Merkezi,7,19
31364,Evka 4 Muhtarlık,7,19
20836,Evka 6,7,19
10504,Fahrettin Altay,7,19
51826,Fahrettin Altay Meydan 3,7,19
50091,Fidanlık,7,19
50094,Fidanlık,7,19
11772,Furunlu Yolu,7,19
11773,Furunlu Yolu,7,19
22230,Gazeteci Çetin Altan Anadolu Ticaret Lisesi,7,19
12881,Gaziemir Belediyesi,7,19
12882,Gaziemir Belediyesi,7,19
12883,Gaziemir Merkez Cami,7,19
12884,Gaziemir Merkez Cami,7,19
10654,Gaziemir Semt Garajı,7,19
12886,Gaziemir Trafo,7,19
12891,Gaziemir Trafo,7,19
12946,Gaziemir İMKB Mesleki ve Teknik Anadolu Lisesi,7,19
11802,Güven,7,19
50028,Güzel Sanatlar Fakültesi,7,19
12876,Halil Tan Parkı,7,19
12895,Halil Tan Parkı,7,19
10112,Halit Ziya,7,19
40079,Hasan Ağa Bahçesi,7,19
12337,Hasan Tahsin,7,19
12340,Hasan Tahsin,7,19
14965,Hasan Çavuş,7,19
14966,Hasan Çavuş,7,19
30028,Havuzlu Kahve,7,19
21393,Jandarma Ormanı,7,19
10641,Karabağlar,7,19
10642,Karabağlar,7,19
12339,Karabağlar Halk Eğitim Merkezi,7,19
12342,Karabağlar Halk Eğitim Merkezi,7,19
10148,Karataş Anadolu Lisesi,7,19
23004,Karayolları Bakımevi,7,19
14918,Kaymakçı Giriş,7,19
14919,Kaymakçı Giriş,7,19
14969,Kaymakçı Köprü,7,19
14970,Kaymakçı Köprü,7,19
14967,Kaymakçı Sanayi,7,19
14968,Kaymakçı Sanayi,7,19
14963,Kaymakçı Zafer,7,19
14964,Kaymakçı Zafer,7,19
14961,Kaymakçı Üçyol,7,19
14962,Kaymakçı Üçyol,7,19
16376,Kazım Dirik,7,19
16377,Kazım Dirik,7,19
12205,Kestelli,7,19
12206,Kestelli,7,19
30024,Kokluca Mezarlığı,7,19
30025,Kokluca Mezarlığı,7,19
50199,Korutürk,7,19
14957,Kurucaova,7,19
14958,Kurucaova,7,19
14959,Kurucaova Tarla,7,19
14960,Kurucaova Tarla,7,19
14915,Kurucuova Benzinlik,7,19
14916,Kurucuova Benzinlik,7,19
16537,Kurucuova Ova,7,19
16152,Kurucuova Çiftlik,7,19
16151,Kurucuova Çifttlik,7,19
20481,Kuyumcu Abdullah Altınçubuk İlkokulu,7,19
30998,Köprü,7,19
10146,Kız Lisesi,7,19
10637,Kızılcık,7,19
24167,Maltepe,7,19
10932,Menderes Nikah Sarayı,7,19
10933,Menderes Nikah Sarayı,7,19
10711,Menderes Park,7,19
10712,Menderes Park,7,19
10721,Menderes Ziraat Odası,7,19
12341,Mermerci,7,19
12344,Mermerci,7,19
51941,Mermerci,7,19
51942,Mermerci,7,19
16586,Mimar Kemalettin,7,19
30123,Miralay Fethi Bey,7,19
30124,Miralay Fethi Bey,7,19
20148,Muammer Aksoy Parkı,7,19
20149,Muammer Aksoy Parkı,7,19
30759,Osmanlı Parkı,7,19
30760,Osmanlı Parkı,7,19
24085,Otel,7,19
40069,Papatya,7,19
10639,Paşa Köprüsü,7,19
10640,Paşa Köprüsü,7,19
15003,Sarıtaş,7,19
30757,Sekiz Eylül İlkokulu,7,19
30758,Sekiz Eylül İlkokulu,7,19
20146,Selçuk Yaşar Alaybey Ortaokulu,7,19
20147,Selçuk Yaşar Alaybey Ortaokulu,7,19
10943,Seydiköy,7,19
10944,Seydiköy,7,19
50524,Siteler Muhtarlık,7,19
11796,Sokullu,7,19
11797,Sokullu,7,19
10104,Sosyal Sigortalar Kurumu,7,19
20426,Soğukkuyu,7,19
30129,Taç Sanayi,7,19
30130,Taç Sanayi,7,19
20144,Tersane,7,19
20145,Tersane,7,19
21394,Ulukent Trafo,7,19
21395,Ulukent Trafo,7,19
51859,Urla Villalar,7,19
51860,Urla Villalar,7,19
11759,Yakapınar Giriş,7,19
12198,Yağhaneler 3,7,19
50402,Yelki Villakent,7,19
21967,Yeni Foça Otogar,7,19
12885,Yeşil Mahallesi Muhtarlığı,7,19
12888,Yeşil Mahallesi Muhtarlığı,7,19
50576,Yeşil Yol,7,19
50577,Yeşil Yol,7,19
30965,Yunus Keskin Parkı,7,19
12508,Yıkık Cami 2,7,19
12509,Yıkık Cami 2,7,19
12203,Zincirlikuyu,7,19
50407,Çamlı Merkez,7,19
50405,Çamlı Papatya,7,19
50406,Çamlı Papatya,7,19
50403,Çamlı Villaları,7,19
50404,Çamlı Villaları,7,19
10128,Çardak,7,19
10848,Çetineller Otel,7,19
15637,ÇİKOOP,7,19
15638,ÇİKOOP,7,19
21396,Üst Geçit,7,19
21397,Üst Geçit,7,19
10616,İller Bankası,7,19
21028,İzkent Son Durak,7,19
10257,İzmir Spor,7,19
50633,İçmeler Çıkış,7,19
30301,Şehit Hakan Ünal,7,19
30302,Şehit Hakan Ünal,7,19
30303,Şehit Murat Aslantürk,7,19
30306,Şehit Murat Aslantürk,7,19
10945,Şehit Piyade Uzman Çavuş Ayhan Elmacı,7,19
10946,Şehit Piyade Uzman Çavuş Ayhan Elmacı,7,19
12944,Şehit Polis Ahmet Atilla Güneş İlkokulu,7,19
50095,Şehit Üsteğmen Deveci,7,19
50098,Şehit Üsteğmen Deveci,7,19
30026,Şehitler,7,19
30027,Şehitler,7,19
30032,Şehitler Ortaokulu,7,19
30035,Şehitler Ortaokulu,7,19
30299,Adalet Mahallesi,6,20
30300,Adalet Mahallesi,6,20
30991,Adil Akçamlı,6,20
31474,Adil Demir Sitesi,6,20
31475,Adil Demir Sitesi,6,20
10822,Aksan,6,20
10823,Aksan,6,20
40142,Akıncılar Cami,6,20
40143,Akıncılar Cami,6,20
40145,Akıncılar Merkez,6,20
40146,Akıncılar Merkez,6,20
12469,Ali Fuat Erden Mahallesi Muhtarlığı,6,20
22737,Aliağa İlçe Emniyet Müdürlüğü,6,20
22740,Aliağa İlçe Emniyet Müdürlüğü,6,20
11750,Arıkbaşı Akçam,6,20
11751,Arıkbaşı Akçam,6,20
12234,Asmalı,6,20
12235,Asmalı,6,20
10802,Ayrancılar Mezarlık,6,20
10803,Ayrancılar Mezarlık,6,20
10808,Ayrancılar Petrol Ofisi,6,20
10809,Ayrancılar Petrol Ofisi,6,20
10016,Bahribaba,6,20
10812,Bahçelievler,6,20
21398,Bakım Merkezi,6,20
21593,Bakırçay Üniversitesi,6,20
50506,Barış Selçuk Parkı,6,20
50507,Barış Selçuk Parkı,6,20
12277,Basın Sitesi,6,20
12278,Basın Sitesi,6,20
30971,Bayraklı Çocuk Parkı,6,20
10907,Bayraktar,6,20
10908,Bayraktar,6,20
12213,Bayram Kahya,6,20
12214,Bayram Kahya,6,20
11072,Begonya,6,20
11077,Begonya,6,20
50386,Benzin İstasyonu,6,20
50387,Benzin İstasyonu,6,20
11784,Benzinlik,6,20
11785,Benzinlik,6,20
16397,Benzinlik,6,20
30108,Benzinlik,6,20
23009,Bergama Begonya,6,20
23801,Bergama Kantar,6,20
23011,Bergama Salkım,6,20
23128,Bergama Sanayi,6,20
10838,Beşevler Çeşme,6,20
10839,Beşevler Çeşme,6,20
10828,Beşyol,6,20
10829,Beşyol,6,20
31476,Bornova Kooperatif,6,20
31477,Bornova Kooperatif,6,20
31481,Bornova Tenis Kulübü,6,20
31482,Bornova Tenis Kulübü,6,20
12255,Bozyaka Devlet Hastanesi,6,20
12256,Bozyaka Devlet Hastanesi,6,20
41311,Buca Toki Girişi,6,20
41312,Buca Toki Girişi,6,20
40644,Buca İlçe Halk Kütüphanesi,6,20
40645,Buca İlçe Halk Kütüphanesi,6,20
10875,Bölge Trafik,6,20
10880,Bölge Trafik,6,20
20977,Büyük Çiğli Anadolu Lisesi,6,20
20978,Büyük Çiğli Anadolu Lisesi,6,20
10842,Camel,6,20
10843,Camel,6,20
11747,Dede Dağı,6,20
11748,Dede Dağı,6,20
30974,Dede Fırını,6,20
30983,Dede Fırını,6,20
31360,Depo,6,20
10879,Doğanay,6,20
10884,Doğanay,6,20
32428,Dumlupınar,6,20
10801,Egekent 4 Kavşak,6,20
20965,Egekent Dispanser,6,20
20966,Egekent Dispanser,6,20
12433,Egzozcu,6,20
12434,Egzozcu,6,20
51979,Ekoköy,6,20
20451,Emek,6,20
20452,Emek,6,20
10798,Emlakçılar,6,20
10799,Emlakçılar,6,20
22999,Eroğlu,6,20
50441,Esentepe,6,20
50442,Esentepe,6,20
10242,Etnografya Müzesi,6,20
31361,Evka 4 Depo,6,20
31365,Evka 4 Muhtarlık,6,20
31370,Evka 4 Son Durak,6,20
32372,Evka 4 İş Merkezi,6,20
31368,Evka-4 Anaokulu,6,20
31369,Evka-4 Anaokulu,6,20
40898,Fen Edebiyat,6,20
50433,Gölet Ata,6,20
50434,Gölet Ata,6,20
20453,Gümüşpala Merkez,6,20
20454,Gümüşpala Merkez,6,20
12472,Güzel İzmir Cami,6,20
50371,Güzelbahçe,6,20
10804,Havuzlu,6,20
10825,Havuzlu,6,20
30029,Havuzlu Kahve,6,20
30110,Hayat Ağacı,6,20
30979,Heykel,6,20
30980,Heykel,6,20
10117,Hisarönü,6,20
31295,Hükümet Konağı,6,20
50508,Jandarma,6,20
50509,Jandarma,6,20
50581,Jandarma,6,20
50105,Kahveler,6,20
50108,Kahveler,6,20
11392,Kamp,6,20
11393,Kamp,6,20
50439,Karakayalar,6,20
50440,Karakayalar,6,20
23001,Karayolları Bakımevi,6,20
30755,Kemalpaşa Havuz,6,20
30756,Kemalpaşa Havuz,6,20
10233,Koruluk,6,20
21402,Koyundere,6,20
21403,Koyundere,6,20
10832,Kuşcuburun Barbaros Ortaokulu,6,20
10833,Kuşcuburun Barbaros Ortaokulu.,6,20
10830,Kuşçuburun Karayolları,6,20
10831,Kuşçuburun Karayolları,6,20
20856,Körfez Köy,6,20
20857,Körfez Köy,6,20
16446,Küme Evler,6,20
16447,Küme Evler,6,20
11757,Kızılcaova,6,20
10425,Liman,6,20
31366,Mehmet Akif Cami,6,20
31367,Mehmet Akif Cami,6,20
12470,Memiş Kahya,6,20
12471,Memiş Kahya,6,20
15563,Menderes SGK,6,20
10703,Menderes sanayi,6,20
30045,Metaş,6,20
11786,Mezarlık,6,20
11787,Mezarlık,6,20
10227,Mezarlıkbaşı,6,20
10561,Meşale,6,20
10562,Meşale,6,20
30034,Mimar Sinan Mesleki ve Teknik Anadolu Lisesi,6,20
30037,Mimar Sinan Mesleki ve Teknik Anadolu Lisesi,6,20
40129,Mimarlık Fakültesi,6,20
40130,Mimarlık Fakültesi,6,20
10330,Montrö,6,20
20449,Muhtar,6,20
20450,Muhtar,6,20
40658,Mursal Meydanı,6,20
40659,Mursal Meydanı,6,20
20853,Mustafa Kemal Mahallesi Muhtarlığı,6,20
20858,Mustafa Kemal Mahallesi Muhtarlığı,6,20
10826,Namet,6,20
10827,Namet,6,20
40137,Nato 1,6,20
40138,Nato 1,6,20
31358,Nedim Dağtaş,6,20
31359,Nedim Dağtaş,6,20
11402,Opel,6,20
24086,Otel,6,20
30511,Otogar,6,20
10883,Pamukyazı Merkez,6,20
10888,Pamukyazı Merkez,6,20
10881,Pamukyazı Tamsa Seramik Fabrikası A.Ş. İlkokulu,6,20
10886,Pamukyazı Tamsa Seramik Fabrikası A.Ş. İlkokulu,6,20
31091,Park,6,20
31092,Park,6,20
31483,Profesörler Sitesi,6,20
31484,Profesörler Sitesi,6,20
10840,Reysaş,6,20
10841,Reysaş,6,20
10673,Sarnıç Alt Geçidi,6,20
13005,Sarnıç Dere,6,20
13006,Sarnıç Dere,6,20
50435,Seferihisar İMKB Mesleki ve Teknik Anadolu Lisesi,6,20
50436,Seferihisar İMKB Mesleki ve Teknik Anadolu Lisesi,6,20
10806,Sekseninci Yıl Cumhuriyet Parkı,6,20
10807,Sekseninci Yıl Cumhuriyet Parkı,6,20
24120,Semiye,6,20
10873,Sepici,6,20
10878,Sepici,6,20
11782,Sera,6,20
11783,Sera,6,20
40895,Sosyal Tesisler,6,20
40896,Sosyal Tesisler,6,20
13567,Sığacık Yol Ayrımı,6,20
16739,TOKİ Evleri,6,20
16740,TOKİ Evleri,6,20
10421,Tariş,6,20
21400,Tarımsal Araştırma,6,20
21401,Tarımsal Araştırma,6,20
40901,Teknopark,6,20
40902,Teknopark,6,20
50175,Teleferik,6,20
10844,Temel,6,20
10845,Temel,6,20
31131,Tepe,6,20
50197,Termal,6,20
10810,Tevfik Fikret,6,20
12474,Toprak,6,20
10648,Torbalı Devlet Hastanesi,6,20
10649,Torbalı Devlet Hastanesi,6,20
11398,Torbalı Sanayi,6,20
11400,Torbalı Sanayi Çıkışı,6,20
31467,Türkan Özilhan Devlet Hastanesi,6,20
31468,Türkan Özilhan Devlet Hastanesi,6,20
10794,Türkmenköy Jandarma,6,20
10795,Türkmenköy Jandarma,6,20
11404,Tütün Fabrikası,6,20
51944,Ulama,6,20
50453,Ulamış Giriş,6,20
50454,Ulamış Giriş,6,20
50437,Uluslararası Seferihisar İMKB Anadolu İmam Hatip Lisesi,6,20
50438,Uluslararası Seferihisar İMKB Anadolu İmam Hatip Lisesi,6,20
50578,Urla Anadolu Lisesi,6,20
51059,Urla Devlet Hastanesi,6,20
51060,Urla Devlet Hastanesi,6,20
50579,Urla Mesleki ve Teknik Anadolu Lisesi,6,20
50854,Urla Sanat,6,20
50855,Urla Sanat,6,20
50861,Urla Sanayi 2,6,20
50862,Urla Sanayi 2,6,20
50863,Urla Sanayi 3,6,20
50864,Urla Sanayi 3,6,20
11758,Yakapınar Giriş,6,20
12063,Yağhaneler,6,20
31362,Yeditepe İtfaiye,6,20
16476,Yeni Kent,6,20
30101,Yeni Kent,6,20
30102,Yeni Kent,6,20
12273,Yeşilyurt Devlet Hastanesi,6,20
12274,Yeşilyurt Devlet Hastanesi,6,20
12275,Yeşilyurt Huzurevi,6,20
12276,Yeşilyurt Huzurevi,6,20
12271,Yeşilyurt Çeşme,6,20
12272,Yeşilyurt Çeşme,6,20
10834,Yüksek Kahve,6,20
10835,Yüksek Kahve,6,20
50408,Çamlı Merkez,6,20
12833,Çamlık,6,20
10846,Çapak Yolu,6,20
10847,Çapak Yolu,6,20
30981,Çay Mahallesi,6,20
30982,Çay Mahallesi Son Durak,6,20
15436,Çaybaşı Fabrikalar,6,20
15437,Çaybaşı Fabrikalar,6,20
10871,Çaybaşı Mermerci,6,20
10876,Çaybaşı Mermerci,6,20
10849,Çetineller Otel,6,20
31093,Çeşme,6,20
31094,Çeşme,6,20
50388,Çiçek Mezatı,6,20
30975,Çorapçı,6,20
30976,Çorapçı,6,20
12236,Çöp Fabrikası,6,20
30753,Çınarköy Yolu,6,20
14971,Ödemiş Cezaevi,6,20
14972,Ödemiş Cezaevi,6,20
50443,Öğretmenevi,6,20
50444,Öğretmenevi,6,20
12435,Ülkü,6,20
12436,Ülkü,6,20
10796,Üç Pınarlar,6,20
10797,Üç Pınarlar,6,20
40066,İktisadi ve İdari Bilimler Fakültesi,6,20
40068,İktisadi ve İdari Bilimler Fakültesi,6,20
24032,İstiklal Meydanı,6,20
24033,İstiklal Meydanı,6,20
40175,İzban Koşu Durağı,6,20
40176,İzban Koşu Durağı,6,20
50111,İzmir Cengiz Aytmatov Sosyal Bilimler Lisesi,6,20
50114,İzmir Cengiz Aytmatov Sosyal Bilimler Lisesi,6,20
40897,İşletme Fakültesi,6,20
10877,Şahtaş,6,20
10882,Şahtaş,6,20
31485,Şehit Erkan Er Ortaokulu,6,20
30977,Şehit Hakan Uysal,6,20
30978,Şehit Hakan Uysal,6,20
12363,Şehit Halit Taş Ortaokulu,6,20
12364,Şehit Halit Taş Ortaokulu,6,20
40656,Şehit Polis Cebrail Aksöz,6,20
40657,Şehit Polis Cebrail Aksöz,6,20
40140,Şirinyer Ertuğrul Gazi Anadolu Lisesi,6,20
40141,Şirinyer Ertuğrul Gazi Anadolu Lisesi,6,20
30992,Adil Akçamlı,5,21
11104,Akçaalan,5,21
11123,Akçaalan,5,21
12468,Ali Fuat Erden Mahallesi Muhtarlığı,5,21
22747,Aliağa Sahil,5,21
22750,Aliağa Sahil,5,21
22753,Aliağa İskele,5,21
22756,Aliağa İskele,5,21
31046,Alparslan Mahallesi Muhtarlık,5,21
31047,Alparslan Mahallesi Muhtarlık,5,21
10415,Alsancak Gar,5,21
10418,Alsancak Gar,5,21
10958,Altın,5,21
10959,Altın,5,21
30163,Altındağ Atatürk Kültür Merkezi STK Yerleşke,5,21
30164,Altındağ Atatürk Kültür Merkezi STK Yerleşke,5,21
32151,Ankara Caddesi,5,21
32152,Ankara Caddesi,5,21
12429,Arap Deresi,5,21
12430,Arap Deresi,5,21
21406,Asarlık Giriş,5,21
21407,Asarlık Giriş,5,21
50165,Asmaaltı,5,21
21385,Astsubay Lojmanları,5,21
21420,Astsubay Lojmanları,5,21
21031,Atatürk Mahallesi Doğan,5,21
21029,Atatürk Mahallesi Gezer,5,21
23533,Atatürk Mahallesi Gezer,5,21
22077,Atatürk Mahallesi TOKİ İlkokulu,5,21
22078,Atatürk Mahallesi TOKİ İlkokulu,5,21
22085,Atatürk Mahallesi Toki Evleri 1,5,21
22086,Atatürk Mahallesi Toki Evleri 1,5,21
22087,Atatürk Mahallesi Toki Evleri 2,5,21
22088,Atatürk Mahallesi Toki Evleri 2,5,21
30337,Atölye,5,21
30338,Atölye,5,21
10905,Ayrancılar Hastane,5,21
10814,Ayrancılar Un Fabrikası,5,21
10815,Ayrancılar Un Fabrikası,5,21
10780,Ayçiçeği,5,21
10783,Ayçiçeği,5,21
30672,Aziz Erol Güzelcan Mesleki ve Teknik Anadolu Lisesi,5,21
21591,Aşağı Çeşme,5,21
21592,Aşağı Çeşme,5,21
50419,Bademler,5,21
50420,Bademler,5,21
50421,Bademler Benzin İstasyonu,5,21
50422,Bademler Benzin İstasyonu,5,21
50423,Bademler Gödence,5,21
50424,Bademler Gödence,5,21
50417,Bademler Kooperatif,5,21
50418,Bademler Kooperatif,5,21
12600,Bademlik,5,21
12603,Bademlik,5,21
50149,Balçova Anadolu Lisesi,5,21
50153,Balçova Belediyesi,5,21
50147,Balçova İstasyon,5,21
50140,Barış,5,21
30970,Bayraklı Çocuk Parkı,5,21
21096,Bayraktar Sitesi,5,21
21097,Bayraktar Sitesi,5,21
32149,Benzinlik,5,21
23012,Bergama Begonya,5,21
23800,Bergama Kantar,5,21
23014,Bergama Salkım,5,21
23007,Bergama Sardunya,5,21
23010,Bergama Sardunya,5,21
23003,Bergama Tuna,5,21
23006,Bergama Tuna,5,21
15716,Beton Santrali,5,21
15717,Beton Santrali,5,21
10597,Beyazevler Sağlık Ocağı,5,21
10598,Beyazevler Sağlık Ocağı,5,21
30690,Beşinci Sanayi Sitesi,5,21
12942,Birinci Nizamiye,5,21
12460,Briketçi,5,21
12461,Briketçi,5,21
40094,Buca Belediye Şantiye,5,21
40080,Buca Eski Mezarlık,5,21
30165,Bulvar,5,21
30166,Bulvar,5,21
30335,Bölge Trafik,5,21
30336,Bölge Trafik,5,21
32150,Bölge İstasyonu,5,21
21530,Cansu Sitesi,5,21
21531,Cansu Sitesi,5,21
50101,Cemevi,5,21
50104,Cemevi,5,21
12790,Cennetçeşme Beyazıt Cami,5,21
12605,Cevdet Güçlüer İlkokulu,5,21
50103,Damlar,5,21
50106,Damlar,5,21
30678,Demirler,5,21
30679,Demirler,5,21
10281,Denizmen,5,21
10948,Dereköy Yol Ayrımı,5,21
10949,Dereköy Yol Ayrımı,5,21
10776,Dizdarlar,5,21
10777,Dizdarlar,5,21
13234,Dokuz Eylül,5,21
20494,Dostluk,5,21
20495,Dostluk,5,21
50152,Duygu,5,21
31471,Dördüncü Sanayi,5,21
30340,Dördüncü Sanayi Kavşağı,5,21
30341,Dördüncü Sanayi Kavşağı,5,21
31101,Dümbüllü,5,21
31102,Dümbüllü,5,21
24264,Düğün Salonu,5,21
24379,Düğün Salonu,5,21
10956,Ege,5,21
10957,Ege,5,21
10800,Egekent 4 Kavşak,5,21
21581,Ekin Koleji,5,21
21582,Ekin Koleji,5,21
31472,Erez,5,21
12939,Erol Özdil,5,21
31292,Erzene Muhtarlık,5,21
40252,Eski Sinema,5,21
40251,Eski Sinema 2,5,21
40505,Evka 1 Ceşme,5,21
40504,Evka 1 Çeşme,5,21
40488,Evka 1 İtfaiye,5,21
40503,Evka 1 İtfaiye,5,21
11671,Evliya Çelebi,5,21
11672,Evliya Çelebi,5,21
32462,Eylül,5,21
12060,Eşrefpaşa,5,21
12061,Eşrefpaşa,5,21
22759,Fabrika,5,21
22762,Fabrika,5,21
40103,Fabrika,5,21
40104,Fabrika,5,21
10135,Fahrettin Altay Meydan 6,5,21
40057,Fatma Saygın Anadolu Lisesi,5,21
40058,Fatma Saygın Anadolu Lisesi,5,21
12893,Gaziemir Belediyesi Spor Tesisi,5,21
12889,Gazikent Muhtarlık,5,21
10779,Gişeler,5,21
10784,Gişeler,5,21
30588,Görme Engelliler Okulu,5,21
30592,Görme Engelliler Okulu,5,21
10283,Göztepe Stadı,5,21
30686,Göçmen,5,21
30687,Göçmen,5,21
20523,Gümüşpala Lisesi,5,21
20524,Gümüşpala Lisesi,5,21
20515,Gümüşpala Ticaret Lisesi,5,21
20516,Gümüşpala Ticaret Lisesi,5,21
21579,Günerli Dörtyol,5,21
21580,Günerli Dörtyol,5,21
21577,Günerli Üçyol,5,21
21578,Günerli Üçyol,5,21
10576,Gürçeşme,5,21
10577,Gürçeşme,5,21
10578,Gürçeşme Cami,5,21
10579,Gürçeşme Cami,5,21
12473,Güzel İzmir Cami,5,21
50362,Güzelbahçe Meydan,5,21
50363,Güzelbahçe Sağlık Ocağı,5,21
30676,Güzeller,5,21
30677,Güzeller,5,21
21408,Haldun Koşay Lisesi,5,21
21409,Haldun Koşay Lisesi,5,21
41200,Hasan Ağa Bahçesi,5,21
30586,Hasan Tahsin Özel Eğitim Okulu,5,21
30591,Hasan Tahsin Özel Eğitim Okulu,5,21
23988,Havacılık Lisesi,5,21
23989,Havacılık Lisesi,5,21
10762,Havalimanı,5,21
50415,Hekim Köy,5,21
50416,Hekim Köy,5,21
21575,Hobi Park,5,21
21576,Hobi Park,5,21
40464,Hüdaverdi Cami,5,21
40475,Hüdaverdi Cami,5,21
10289,Hıfzıssıhha,5,21
30047,Işıkkent Mezarlık,5,21
41204,Işılay Saygın Lisesi,5,21
50154,Kabristan,5,21
20496,Kadızade Zühtü Işıl,5,21
20497,Kadızade Zühtü Işıl,5,21
12604,Karabağlar Atatürk Mesleki ve Teknik Anadolu Lisesi,5,21
12607,Karabağlar Atatürk Mesleki ve Teknik Anadolu Lisesi,5,21
12598,Karabağlar Briketçi,5,21
12601,Karabağlar Briketçi,5,21
16795,Karahalilli Bahçe,5,21
16796,Karahalilli Bahçe,5,21
22745,Karayolları,5,21
22748,Karayolları,5,21
20517,Karşıyaka Endüstri Meslek Lisesi,5,21
20518,Karşıyaka Endüstri Meslek Lisesi,5,21
23601,Karşıyaka İskele,5,21
12596,Kasap,5,21
12599,Kasap,5,21
31099,Kasap,5,21
31100,Kasap,5,21
21328,Katip Çelebi Üniversitesi,5,21
50712,Kavacık Yolu,5,21
50713,Kavacık Yolu,5,21
20531,Kayalık,5,21
20532,Kayalık,5,21
21550,Kent 2,5,21
21551,Kent 2,5,21
30670,Kent Bahçeleri,5,21
30673,Kent Bahçeleri,5,21
50400,Kent Koleji,5,21
32184,Keresteciler,5,21
22751,Kombine,5,21
22754,Kombine,5,21
10917,Koruluk,5,21
10918,Koruluk,5,21
50196,Korutürk,5,21
21404,Koyundere İlkokulu,5,21
20640,Köprü,5,21
20643,Köprü,5,21
31095,Köşe,5,21
31096,Köşe,5,21
10964,Küner Yol Ayrımı,5,21
10965,Küner Yol Ayrımı,5,21
12464,Küçük Trafo,5,21
12465,Küçük Trafo,5,21
10775,Kısık Sanayi Estim,5,21
11756,Kızılcaova,5,21
31300,Lale Tepe Cami,5,21
31301,Lale Tepe Cami,5,21
10424,Liman,5,21
31271,Mahfel,5,21
31272,Mahfel,5,21
31298,Malazgirt İlköğretim Okulu,5,21
31299,Malazgirt İlköğretim Okulu,5,21
12427,Maliyeciler,5,21
12428,Maliyeciler,5,21
30684,Market,5,21
30685,Market,5,21
30962,Matbaa,5,21
30993,Mavi Köşe,5,21
30994,Mavi Köşe,5,21
10950,Menderes Adliye Sarayı,5,21
10951,Menderes Adliye Sarayı,5,21
15573,Menderes Düğün Salonu,5,21
15562,Menderes SGK,5,21
10726,Menderes Sanayi,5,21
15564,Menderes Son Durak,5,21
10942,Menderes Çevre Yolu,5,21
10947,Menderes Çevre Yolu,5,21
22257,Menemen Aktarma Merkezi,5,21
50159,Merkez Cami,5,21
10788,Mersinli Kahve Cami,5,21
10789,Mersinli Kahve Cami,5,21
31097,Metaş İlköğretim Okulu,5,21
31098,Metaş İlköğretim Okulu,5,21
21329,Meydan Yolu,5,21
21330,Meydan Yolu,5,21
23005,Mezarlıkbaşı Cami,5,21
23008,Mezarlıkbaşı Cami,5,21
11405,Mimteks,5,21
11406,Mimteks,5,21
12219,Naci Şensoy Anadolu Lisesi,5,21
12220,Naci Şensoy Anadolu Lisesi,5,21
20700,Nafiz Gürman,5,21
20529,Nafiz Gürman Eski Son Durak,5,21
20530,Nafiz Gürman Eski Son Durak,5,21
20519,Nafiz Gürman Muhtarlık,5,21
20520,Nafiz Gürman Muhtarlık,5,21
32154,Narlıkuyu,5,21
32155,Narlıkuyu,5,21
20525,Nuri Atik Mesleki ve Teknik Anadolu Lisesi,5,21
20526,Nuri Atik Mesleki ve Teknik Anadolu Lisesi,5,21
30593,Okul,5,21
30594,Okul,5,21
50365,Okul Durağı,5,21
50366,Okul Durağı,5,21
30589,Okullar,5,21
30590,Okullar,5,21
11401,Opel,5,21
10505,Ordu Pazarı,5,21
10512,Ordu Pazarı,5,21
20535,Orkide,5,21
20536,Orkide,5,21
20967,Ormancı Sitesi,5,21
20968,Ormancı Sitesi,5,21
11409,Ortaköy,5,21
11410,Ortaköy,5,21
16424,Ortaç,5,21
16425,Ortaç,5,21
11685,Osman Dirik Parkı,5,21
11686,Osman Dirik Parkı,5,21
30333,Osman Kibar Kavşağı,5,21
30062,Otogar Kavşağı,5,21
21571,Ova Küme Evleri,5,21
31048,PTT Santral,5,21
31049,PTT Santral,5,21
11518,Pancar Aktarma,5,21
21339,Papatya,5,21
21340,Papatya,5,21
30680,Pınarbaşı Kültür Merkezi,5,21
30681,Pınarbaşı Kültür Merkezi,5,21
30691,Pınarbaşı Sanayi Giriş,5,21
30692,Pınarbaşı Sanayi Giriş,5,21
30220,Rafet Paşa,5,21
40411,Redresör,5,21
12542,Sacide Ayaz İlk ve Ortaokulu,5,21
22755,Sahil Sağlık Denetleme,5,21
22758,Sahil Sağlık Denetleme,5,21
11111,Sarıçay,5,21
11122,Sarıçay,5,21
50364,Sağlık Ocağı,5,21
23917,Sedir,5,21
10816,Selviler,5,21
10817,Selviler,5,21
24119,Semiye,5,21
13183,Serdengeçti,5,21
13184,Serdengeçti,5,21
31469,Ses,5,21
31470,Ses,5,21
50151,Sevgi Yolu,5,21
31319,Seyit Şanlı Anadolu Lisesi,5,21
32423,Seyit Şanlı Anadolu Lisesi,5,21
12602,Sinan Cami,5,21
30682,Siteler,5,21
30683,Siteler,5,21
50097,Siteler,5,21
50100,Siteler,5,21
50523,Siteler Muhtarlık,5,21
12943,Sosyal Konutlar,5,21
20492,Soğukkuyu Atölye,5,21
20493,Soğukkuyu Atölye,5,21
10785,Soğutma Fabrikası,5,21
15947,Soğutma Fabrikası,5,21
51968,Spor Salonu,5,21
50357,Stad,5,21
50372,Stad,5,21
21381,Subay Lojmanları,5,21
21382,Subay Lojmanları,5,21
11687,Subaşı Pazaryeri,5,21
11688,Subaşı Pazaryeri,5,21
21094,Söğüt,5,21
21095,Söğüt,5,21
50618,Söğüt,5,21
50619,Söğüt,5,21
40506,Süleyman Şah Mesleki ve Teknik Anadolu Lisesi,5,21
40507,Süleyman Şah Mesleki ve Teknik Anadolu Lisesi,5,21
13256,Sümbül,5,21
13257,Sümbül,5,21
51823,Sığacık Yol Ayrımı 2,5,21
22757,Tabakçı plajı,5,21
22760,Tabakçı plajı,5,21
11683,Tat Konserve,5,21
11684,Tat Konserve,5,21
50150,Tatbikat Cami,5,21
22013,Taş Duvar,5,21
22014,Taş Duvar,5,21
30995,Taş Ocağı,5,21
30996,Taş Ocağı,5,21
21114,Tenis Kulübü,5,21
21115,Tenis Kulübü,5,21
13561,Tepecik Caddesi,5,21
30342,Terbay,5,21
30344,Terbay,5,21
50198,Termal,5,21
22749,Termik Santral Tesisleri,5,21
22752,Termik Santral Tesisleri,5,21
11679,Tire Yol Ayrımı,5,21
11680,Tire Yol Ayrımı,5,21
12475,Toprak,5,21
31302,Toprak Yol,5,21
31303,Toprak Yol,5,21
11399,Torbalı Sanayi,5,21
11411,Torbalı Sanayi Çıkışı,5,21
50177,Turem,5,21
15604,Tünel İşletme Şefliği,5,21
11403,Tütün Fabrikası,5,21
41416,Tınaztepe Yerleşke Son Durak,5,21
50427,Ufuk Köy,5,21
50428,Ufuk Köy,5,21
52305,Ulamış Kümesi,5,21
52306,Ulamış Kümesi,5,21
50431,Ulamış Yaren,5,21
50432,Ulamış Yaren,5,21
21495,Ulukent Aktarma,5,21
12462,Umut Mahallesi Köprü,5,21
12463,Umut Mahallesi Köprü,5,21
21335,Uğur Mumcu,5,21
21336,Uğur Mumcu,5,21
21334,Uğur Mumcu Sağlık Ocağı,5,21
20527,Vali Namık Kemal İlköğretim Okulu,5,21
20528,Vali Namık Kemal İlköğretim Okulu,5,21
10818,Ventola,5,21
10819,Ventola,5,21
12439,Yadigar Sitesi,5,21
12440,Yadigar Sitesi,5,21
50119,Yakamoz,5,21
50122,Yakamoz,5,21
10820,Yazıbaşı,5,21
10821,Yazıbaşı,5,21
11681,Yağmur,5,21
11682,Yağmur,5,21
13267,Yaşar Kemal Mahalle Muhtarlığı,5,21
13268,Yaşar Kemal Mahalle Muhtarlığı,5,21
40105,Yeniyol,5,21
40106,Yeniyol,5,21
11854,Yenişehir Üst Geçit,5,21
11856,Yeşildere,5,21
11857,Yeşildere,5,21
50425,Yeşilkent,5,21
50426,Yeşilkent,5,21
10786,Yeşilköy,5,21
10787,Yeşilköy,5,21
12441,Yeşilyurt,5,21
12333,Yeşilyurt Devlet Hastanesi,5,21
12336,Yeşilyurt Devlet Hastanesi,5,21
22630,Yonca,5,21
22631,Yonca,5,21
23986,Yurt,5,21
23000,Yuvam,5,21
22015,Yüksek Vadi,5,21
22016,Yüksek Vadi,5,21
22045,Yüksek Vadi 2,5,21
22046,Yüksek Vadi 2,5,21
12217,Yıkık Cami,5,21
12218,Yıkık Cami,5,21
32268,Yıkık Minare Cami,5,21
50142,Ziya Gökalp,5,21
40461,Çakıl,5,21
40462,Çakıl,5,21
12466,Çakırtepe,5,21
12467,Çakırtepe,5,21
50409,Çamlı Solakoğlu,5,21
50410,Çamlı Solakoğlu,5,21
10759,Çamlık,5,21
12620,Çamlık Yol Ayrımı,5,21
50099,Çamlıçay Mahallesi,5,21
50102,Çamlıçay Mahallesi,5,21
50411,Çamtepe Besicilik,5,21
50412,Çamtepe Besicilik,5,21
50413,Çamtepe Eskicioğlu,5,21
50414,Çamtepe Eskicioğlu,5,21
31103,Çardak,5,21
31104,Çardak,5,21
11754,Çiftçi Gediği Köy Yolu,5,21
11755,Çiftçi Gediği Köy Yolu,5,21
30332,Çimento Fabrikası,5,21
30355,Çimento Fabrikası,5,21
21572,Çitlenbik,5,21
24544,Çitlenbik,5,21
50389,Çiçek Mezatı,5,21
12237,Çöp Fabrikası,5,21
15478,Ödemiş Devlet Hastanesi,5,21
15479,Ödemiş Devlet Hastanesi,5,21
15485,Ödemiş Nikah Sarayı,5,21
15486,Ödemiş Nikah Sarayı,5,21
15484,Ödemiş Son Durak,5,21
15487,Örentepe Yolu,5,21
15488,Örentepe Yolu,5,21
12937,Özcan Sitesi,5,21
12948,Özcan Sitesi,5,21
10574,Ülkü Sineması,5,21
10575,Ülkü Sineması,5,21
10962,Ünal Soğuk Hava,5,21
10963,Ünal Soğuk Hava,5,21
50001,Üçkuyular İskele Son Durak,5,21
12887,İkinci Nizamiye,5,21
12890,İkinci Nizamiye,5,21
10507,İkinci Oyak Sitesi,5,21
50138,İkiztepe,5,21
11407,İl Özel İdare Asfalt Şantiye,5,21
11408,İl Özel İdare Asfalt Şantiye,5,21
24157,İlçe Tarım,5,21
21337,İnönü Mahallesi,5,21
21338,İnönü Mahallesi,5,21
21004,İzkent Meydan,5,21
20642,Şantiye,5,21
20645,Şantiye,5,21
21132,Şehit Ali Karaoğlan Lisesi,5,21
21133,Şehit Ali Karaoğlan Lisesi,5,21
12335,Şehit Erkan Özcan Anadolu Lisesi,5,21
12338,Şehit Erkan Özcan Anadolu Lisesi,5,21
15480,Şehit Polis Gökhan Kirazlı,5,21
15481,Şehit Polis Gökhan Kirazlı,5,21
10960,Şehit Polis Hüseyin Dalgılıç,5,21
10961,Şehit Polis Hüseyin Dalgılıç,5,21
12941,Şehit Serhat Sığnak Mesleki ve Teknik Anadolu Lisesi,5,21
22009,Şehit Üsteğmen Ahmet Konuksever,5,21
22010,Şehit Üsteğmen Ahmet Konuksever,5,21
12940,Şehit Üsteğmen Hakan Özkaner,5,21
21548,Şelale,5,21
21549,Şelale,5,21
30688,Şen,5,21
30689,Şen Market,5,21
40101,Şirinyer Bankalar,5,21
40102,Şirinyer Bankalar,5,21
40003,Şirinyer Merkez,5,21
32354,4. Etap,4,22
32355,4. Etap,4,22
32356,5. Etap,4,22
32357,5. Etap,4,22
32373,5. Etap Alt Yol,4,22
11691,7 Nolu Sağlık Ocağı,4,22
11692,7 Nolu Sağlık Ocağı,4,22
23987,8. Etap,4,22
21519,9 Eylül Muhtarlık,4,22
21520,9 Eylül Muhtarlık,4,22
23301,Ada,4,22
23302,Ada,4,22
40574,Adatepe,4,22
40582,Adatepe Üçgen Park,4,22
30595,Adliye Lojmanları,4,22
30596,Adliye Lojmanları,4,22
12315,Ahmet Ragıp Üzümcü İlkokulu,4,22
12316,Ahmet Ragıp Üzümcü İlkokulu,4,22
23395,Ahmet Taner Kışlalı Parkı,4,22
13554,Akarca,4,22
13557,Akarca,4,22
11693,Akkoca Tavuk Çiftliği,4,22
11694,Akkoca Tavuk Çiftliği,4,22
23261,Akkoç,4,22
23262,Akkoç,4,22
40824,Akmeşe,4,22
40825,Akmeşe,4,22
12718,Aktepe Cami,4,22
12721,Aktepe Cami,4,22
14977,Alaşarlı,4,22
14978,Alaşarlı,4,22
31423,Ali Rıza Güven Cami,4,22
31424,Ali Rıza Güven Cami,4,22
23393,Aliağa 80. Yıl Lisesi,4,22
22843,Aliağa Organize Sanayi Yol Ayrımı,4,22
22844,Aliağa Organize Sanayi Yol Ayrımı,4,22
21943,Alize,4,22
21944,Alize,4,22
40632,Alkent,4,22
40633,Alkent,4,22
51953,Alp,4,22
52056,Alp,4,22
31062,Alpaslan,4,22
31063,Alpaslan,4,22
40299,Altıncı Sanayi,4,22
40300,Altıncı Sanayi,4,22
30472,Altındağ,4,22
30477,Altındağ İlkokulu,4,22
12818,Ana Sağlığı,4,22
12819,Ana Sağlığı,4,22
20501,Anadolu Cami,4,22
20502,Anadolu Cami,4,22
11088,Ar Konutları,4,22
11095,Ar Konutları,4,22
32406,Arslan,4,22
21568,Asarlık Köprü,4,22
21411,Asarlık Mezarlık,4,22
21666,Asarlık Park,4,22
21664,Asarlık Pazar Yeri,4,22
21652,Asarlık Toki Evleri,4,22
21653,Asarlık Toki Evleri,4,22
31425,Ataberk,4,22
31426,Ataberk,4,22
11697,Atalan Aile Sağlığı Merkezi,4,22
11700,Atalan Aile Sağlığı Merkezi,4,22
22090,Atatürk Mahallesi Nergis,4,22
23422,Atatürk Mahallesi Nergis,4,22
40626,Avşar Sitesi,4,22
40627,Avşar Sitesi,4,22
31854,Ay,4,22
31855,Ay,4,22
30551,Ayakkabıcılar Sitesi,4,22
30552,Ayakkabıcılar Sitesi,4,22
50167,Aydibi,4,22
31217,Aydın,4,22
31218,Aydın,4,22
10792,Ayrancılar Gölet,4,22
10793,Ayrancılar Gölet,4,22
40646,Azerbaycan,4,22
40647,Azerbaycan,4,22
30671,Aziz Erol Güzelcan Mesleki ve Teknik Anadolu Lisesi,4,22
50109,Aşıklar Çeşmesi,4,22
12458,Bahçe,4,22
12459,Bahçe,4,22
11057,Bahçecik,4,22
11096,Bahçecik,4,22
10813,Bahçelievler,4,22
20499,Bakkal,4,22
50113,Bakkal,4,22
50118,Bakkal,4,22
50176,Balçova Son Durak,4,22
24031,Banka,4,22
23625,Barbaros,4,22
24025,Barış Merdivenleri,4,22
24254,Basketbol Sahası,4,22
24255,Basketbol Sahası,4,22
14631,Bayındır Meslek Yüksek Okulu,4,22
14632,Bayındır Meslek Yüksek Okulu,4,22
14629,Bayındır Yağcı,4,22
15571,Bayındır Yağcı,4,22
50207,Başak,4,22
50117,Begonya,4,22
50120,Begonya,4,22
50473,Belediye,4,22
23129,Bergama Hastane,4,22
23130,Bergama Hastane,4,22
40412,Betonyol,4,22
40413,Betonyol,4,22
15977,Beydağ Yol Ayrımı,4,22
15978,Beydağ Yol Ayrımı,4,22
22403,Beş Kardeşler,4,22
31066,Birkent,4,22
31067,Birkent,4,22
31072,Birkent 2,4,22
32480,Birkent 2,4,22
30225,Birlik,4,22
30226,Birlik,4,22
40623,Birlikcan,4,22
40624,Birlikcan,4,22
40040,Buca Devlet Hastanesi,4,22
40077,Buca Diyaliz Merkezi,4,22
40851,Buca Kooperatif Meydan,4,22
40852,Buca Kooperatif Meydan,4,22
14639,Buruncuk,4,22
14640,Buruncuk,4,22
15152,Buruncuk Kirazlar,4,22
15153,Buruncuk Kirazlar,4,22
31245,Bülbül,4,22
31246,Bülbül,4,22
31276,Büyük Park,4,22
32352,Cami,4,22
32353,Cami,4,22
31070,Cengizhan Yetmiş Beşinci Yıl Lisesi,4,22
31071,Cengizhan Yetmiş Beşinci Yıl Lisesi,4,22
12789,Cennetçeşme Beyazıt Cami,4,22
21532,Centaş,4,22
21534,Centaş 2 Sitesi,4,22
21535,Centaş 2 Sitesi,4,22
21533,Centaş Sitesi,4,22
13276,Cumaovası Aktarma Merkezi,4,22
20678,Cumhuriyet Mahallesi Trafo,4,22
40619,Cumhuriyet Parkı,4,22
40620,Cumhuriyet Parkı,4,22
40822,Cumhuriyet Sitesi,4,22
40827,Cumhuriyet Sitesi,4,22
11056,DSİ Kamp,4,22
11061,DSİ Kamp,4,22
12305,Defne,4,22
12306,Defne,4,22
12720,Demirkıran,4,22
12723,Demirkıran,4,22
50210,Deniz Müzesi,4,22
10290,Denizmen,4,22
13334,Dereköy Kavşak,4,22
13335,Dereköy Kavşak,4,22
20887,Dereyolu,4,22
41154,Dilek,4,22
41155,Dilek,4,22
40418,Dirayet Süren İlkokulu,4,22
40419,Dirayet Süren İlkokulu,4,22
30790,Dolmuş Garajı,4,22
22407,Donat Kent,4,22
21941,Doğakent,4,22
21942,Doğakent,4,22
21961,Doğal Kent,4,22
21962,Doğal Kent,4,22
51952,Doğan,4,22
11101,Doğanbey,4,22
11102,Doğanbey,4,22
11560,Doğanbey Muhtarlık,4,22
11561,Doğanbey Muhtarlık,4,22
13542,Doğanbey Payamlı,4,22
13545,Doğanbey Payamlı,4,22
11092,Doğanbey Çıkış,4,22
11099,Doğanbey Çıkış,4,22
24647,Doğançay Köprü,4,22
24648,Doğançay Köprü,4,22
20467,Doğançay Meydan,4,22
20468,Doğançay Meydan,4,22
31064,Durmuş Yaşar İlköğretim Okulu,4,22
31065,Durmuş Yaşar İlköğretim Okulu,4,22
50616,Dörtyol,4,22
50617,Dörtyol,4,22
23616,Düğün Salonu,4,22
23617,Düğün Salonu,4,22
21552,EGEKENT-2-SON DURAK,4,22
30042,Efes,4,22
21528,Ege,4,22
21529,Ege,4,22
21000,Egekent Cami,4,22
50172,Ekonomi Üniversitesi,4,22
13535,Eksen Deresi,4,22
13536,Eksen Deresi,4,22
11539,Ertuğrul Cami,4,22
11540,Ertuğrul Cami,4,22
13164,Esbaş,4,22
24076,Eski Belediye,4,22
12226,Eskiizmir İlkokulu,4,22
12227,Eskiizmir İlkokulu,4,22
40652,Evka 1 Pazaryeri,4,22
31771,Evka 3 Aktarma Merkezi,4,22
31773,Evka 3 Aktarma Merkezi,4,22
40653,Evka-1 Pazaryeri,4,22
21193,Eyüp Sitesi,4,22
21194,Eyüp Sitesi,4,22
12059,Eşrefpaşa,4,22
10134,Fahrettin Altay Meydan 7,4,22
10502,Fahrettin Altay Meydan 8,4,22
40577,Fakülte,4,22
40578,Fakülte,4,22
21971,Fatih,4,22
21972,Fatih,4,22
13250,Fatih Sultan Mehmet Teknik ve Endüstri Meslek Lisesi,4,22
13251,Fatih Sultan Mehmet Teknik ve Endüstri Meslek Lisesi,4,22
11476,Fidan,4,22
11477,Fidan,4,22
12331,Fidan,4,22
12334,Fidan,4,22
22624,Fidelya,4,22
22625,Fidelya,4,22
21947,Foça Şahin Tepesi,4,22
21948,Foça Şahin Tepesi,4,22
11078,Fırın,4,22
11085,Fırın,4,22
40301,Galericiler Sitesi,4,22
40302,Galericiler Sitesi,4,22
21955,Gazi Mustafa Kemal,4,22
21956,Gazi Mustafa Kemal,4,22
22404,Gencelli,4,22
23977,Gencelli,4,22
20676,Geçit,4,22
50601,Golf,4,22
50602,Golf,4,22
10292,Göztepe Stadı,4,22
11058,Göçmen Konutları,4,22
11063,Göçmen Konutları,4,22
40414,Gül,4,22
40415,Gül,4,22
22398,Gül Körfezi,4,22
22399,Gül Körfezi,4,22
41148,Gültepe Mezarlık,4,22
41149,Gültepe Mezarlık,4,22
12289,Gülyaka,4,22
12290,Gülyaka,4,22
11156,Gümüldür Kavşak,4,22
11157,Gümüldür Kavşak,4,22
11054,Gümüldür Lisesi,4,22
11059,Gümüldür Lisesi,4,22
11152,Gümüldür Meydan 2,4,22
11153,Gümüldür Meydan 2,4,22
11150,Gümüldür Muhtar,4,22
11151,Gümüldür Muhtar,4,22
11154,Gümüldür Pazaryeri,4,22
11155,Gümüldür Pazaryeri,4,22
50166,Gümüş,4,22
50169,Gümüş,4,22
10693,Gümüşsuyu Orman Kampı,4,22
10694,Gümüşsuyu Orman Kampı,4,22
13546,Güneşlikent,4,22
13549,Güneşlikent,4,22
30151,Gürbüz,4,22
30152,Gürbüz,4,22
20834,Gürgen,4,22
20835,Gürgen,4,22
12230,Gürsel,4,22
12231,Gürsel,4,22
52054,Güzelbahçe Kolej,4,22
51954,Güzelbahçe Vali Kazım Paşa Ortaokulu,4,22
20906,Güzeltepe Dört Yol,4,22
20907,Güzeltepe Dört Yol,4,22
20910,Güzeltepe Esentepe Cami,4,22
20911,Güzeltepe Esentepe Cami,4,22
20908,Güzeltepe Muhtarlık,4,22
20909,Güzeltepe Muhtarlık,4,22
11930,Hacı Bayram Cami,4,22
11060,Hacı Sadık Cami,4,22
11065,Hacı Sadık Cami,4,22
22775,Hacı Ömerli Muhtarlık,4,22
22778,Hacı Ömerli Muhtarlık,4,22
22771,Hacıömerli Jandarma,4,22
22774,Hacıömerli Jandarma,4,22
50360,Hakkı Oğuz Tabaoğlu İlkokulu,4,22
50361,Hakkı Oğuz Tabaoğlu İlkokulu,4,22
11474,Haluk Alpsu Bulvarı,4,22
11475,Haluk Alpsu Bulvarı,4,22
13544,Haritacılar Sitesi,4,22
13547,Haritacılar Sitesi,4,22
21375,Harmandalı Eski Belediye,4,22
21376,Harmandalı Eski Belediye,4,22
12638,Hasan Ali Yücel Parkı,4,22
12639,Hasan Ali Yücel Parkı,4,22
30611,Hasanağa Camii,4,22
30612,Hasanağa Camii,4,22
24045,Hastane,4,22
10285,Hatay Çeşme,4,22
30518,Hatice Güzelcan Anadolu Lisesi,4,22
30521,Hatice Güzelcan Anadolu Lisesi,4,22
24077,Hatuniye,4,22
13016,Havalimanı Dış Hatlar Geliş,4,22
13018,Havalimanı İç Hatlar Geliş,4,22
16560,Havuzbaşı Seralar,4,22
16561,Havuzbaşı Seralar,4,22
13698,Havuzbaşı Zeytinlik,4,22
21977,Horozgediği,4,22
21978,Horozgediği,4,22
12222,Hulusi Kentmen Parkı,4,22
12223,Hulusi Kentmen Parkı,4,22
41231,Huzur,4,22
41232,Huzur,4,22
11079,Huzur Sitesi,4,22
11108,Huzur Sitesi,4,22
13996,Hükümet Önü,4,22
13556,Hıdırlık,4,22
13559,Hıdırlık,4,22
10280,Hıfzıssıhha,4,22
30516,Işıkkent,4,22
30519,Işıkkent,4,22
30512,Işıkkent Mezarlık,4,22
30515,Işıkkent Mezarlık,4,22
40584,Işılay Saygın Güzel Sanatlar Lisesi,4,22
30159,Kahveler,4,22
30160,Kahveler,4,22
22769,Kalabak,4,22
22772,Kalabak,4,22
30149,Kamil Tunca Bulvarı,4,22
30150,Kamil Tunca Bulvarı,4,22
24075,Karadut,4,22
11294,Karakoç Çayı,4,22
11332,Karakoç Çayı,4,22
11562,Karakuyu Birlik Sitesi,4,22
11563,Karakuyu Birlik Sitesi,4,22
11430,Karakuyu Gülfidan,4,22
11431,Karakuyu Gülfidan,4,22
11426,Karakuyu Mezarlık,4,22
11427,Karakuyu Mezarlık,4,22
11432,Karakuyu Pazar Yeri,4,22
11433,Karakuyu Pazar Yeri,4,22
11428,Karakuyu Spor Tesisleri,4,22
11429,Karakuyu Spor Tesisleri,4,22
12617,Karanfil,4,22
12618,Karanfil,4,22
10147,Karataş Anadolu Lisesi,4,22
30153,Kartal,4,22
30154,Kartal,4,22
20004,Karşıyaka İskele,4,22
24238,Katip Çelebi Üniversitesi,4,22
16811,Kavaflar 2,4,22
24168,Kavaklı,4,22
24169,Kavaklı Üçyol,4,22
12622,Kaymakkuyu 2,4,22
20912,Kemal Hadımlı Ortaokulu,4,22
20913,Kemal Hadımlı Ortaokulu,4,22
13548,Kemerkaya Evleri,4,22
13551,Kemerkaya Evleri,4,22
16142,Kent,4,22
21116,Kent Hastanesi,4,22
21117,Kent Hastanesi,4,22
50399,Kent Koleji,4,22
11424,Kocatepe Zeytinlik,4,22
11425,Kocatepe Zeytinlik,4,22
41351,Kolej,4,22
41352,Kolej,4,22
10036,Konak,4,22
12456,Kooperatif Evleri Eski Son Durak,4,22
12457,Kooperatif Evleri Eski Son Durak,4,22
21628,Koyundere Kahveler,4,22
21629,Koyundere Kahveler,4,22
21405,Koyundere İlkokulu,4,22
40199,Koşu Yolu,4,22
40200,Koşu Yolu,4,22
20500,Kubilay,4,22
24231,Kubilay,4,22
21585,Kumtepe,4,22
21586,Kumtepe,4,22
15130,Köfündere,4,22
20902,Köyiçi Mahallesi Muhtarlık,4,22
50469,Köşe,4,22
50470,Köşe,4,22
24079,Kültür Merkezi,4,22
15431,Kısıkköy Altyol,4,22
10145,Kız Lisesi,4,22
14980,Kızılcahavlu,4,22
30473,Kızılcık,4,22
13262,Lavanta,4,22
13263,Lavanta,4,22
13260,Leylak,4,22
13261,Leylak,4,22
23317,MKE Aliağa Hurda Müdürlüğü,4,22
23318,MKE Aliağa Hurda Müdürlüğü,4,22
30412,MTK Çarşısı,4,22
21789,Maltepe Kubilay,4,22
21790,Maltepe Kubilay,4,22
21807,Maltepe Köşe,4,22
21808,Maltepe Köşe,4,22
21791,Maltepe Son Durak,4,22
21792,Maltepe Son Durak,4,22
11148,Mandalin,4,22
11149,Mandalin,4,22
40416,Manolya,4,22
40417,Manolya,4,22
21540,Manzara,4,22
21541,Manzara,4,22
41146,Manzara,4,22
41147,Manzara,4,22
11537,Market,4,22
11538,Market,4,22
50397,Market,4,22
50398,Market,4,22
22773,Mavi Köşe,4,22
22776,Mavi Köşe,4,22
20356,Mavişehir Dört Yol,4,22
20357,Mavişehir Dört Yol,4,22
15123,Medeniyet,4,22
15124,Medeniyet,4,22
16403,Medeniyet,4,22
16404,Medeniyet,4,22
10506,Mehmetçik,4,22
21945,Meltem Sitesi,4,22
21946,Meltem Sitesi,4,22
40802,Menekşe,4,22
40803,Menekşe,4,22
22258,Menemen Aktarma Merkezi,4,22
21674,Menemen Devlet Hastanesi,4,22
21675,Menemen Devlet Hastanesi,4,22
24288,Menemen Eski Sanayi,4,22
24289,Menemen Eski Sanayi,4,22
22454,Menemen Karakol,4,22
22455,Menemen Karakol,4,22
23724,Menemen İmam-Hatip Ortaokulu,4,22
23725,Menemen İmam-Hatip Ortaokulu,4,22
21953,Mercan,4,22
21954,Mercan,4,22
30425,Merkez Cami,4,22
30426,Merkez Cami,4,22
30475,Merkez Mahallesi Muhtarlık,4,22
11053,Meryem  Ana,4,22
11048,Meryem Ana,4,22
21542,Metrokent,4,22
21543,Metrokent,4,22
30603,Mevlana Mahallesi Cami,4,22
30604,Mevlana Mahallesi Cami,4,22
10605,Mevlüt Aysun Özer İlkokulu,4,22
10606,Mevlüt Aysun Özer İlkokulu,4,22
10225,Mezarlıkbaşı,4,22
21927,Mimar Sinan,4,22
21672,Miyase İnceer İlkokulu-Ortaokulu,4,22
21673,Miyase İnceer İlkokulu-Ortaokulu,4,22
20885,Mobilyacı,4,22
12791,Muran,4,22
12792,Muran,4,22
23305,Mustafa Kemal Mahallesi Eski Son Durak,4,22
21049,Münevver Öğretmen Ortaokulu,4,22
21050,Münevver Öğretmen Ortaokulu,4,22
12332,Mızraklı,4,22
12367,Mızraklı,4,22
50377,Necdet Tokatlıoğlu,4,22
13258,Nergiz,4,22
13259,Nergiz,4,22
20904,Okul,4,22
24170,Onur,4,22
15127,Orhangazi,4,22
15128,Orhangazi,4,22
15984,Orhangazi Yolu,4,22
15985,Orhangazi Yolu,4,22
11062,Orman Kampı,4,22
11067,Orman Kampı,4,22
15429,Ormancı Altyol,4,22
11396,Ortaköy Kavşak,4,22
11397,Ortaköy Kavşak,4,22
22626,Ortanca,4,22
22627,Ortanca,4,22
31213,Osman Gazi,4,22
31214,Osman Gazi,4,22
12287,Osman Kibar,4,22
12288,Osman Kibar,4,22
32402,Otogar Yeni,4,22
11118,Ovacık,4,22
11119,Ovacık,4,22
11084,Ozanköy,4,22
11091,Ozanköy,4,22
10791,Oğlananası,4,22
10824,Oğlananası,4,22
11420,Palmiye,4,22
11421,Palmiye,4,22
20354,Pamukkale Sitesi,4,22
20355,Pamukkale Sitesi,4,22
11074,Pansiyon,4,22
11081,Pansiyon,4,22
11659,Papatya,4,22
11660,Papatya,4,22
23397,Park,4,22
30161,Park,4,22
30162,Park,4,22
30694,Park,4,22
11080,Payamlı Muhtarlık,4,22
11087,Payamlı Muhtarlık,4,22
20498,Pazaryeri,4,22
21949,Petra Koyu,4,22
21950,Petra Koyu,4,22
11418,Punteks,4,22
11419,Punteks,4,22
30044,Pınar Süt,4,22
30051,Pınar Süt,4,22
30550,Pınarbaşı Kara Ali Camii,4,22
22761,Pınarcık  Yol Ayrımı,4,22
22764,Pınarcık  Yol Ayrımı,4,22
40410,Redresör,4,22
12228,Reşat Nuri,4,22
12229,Reşat Nuri,4,22
30778,Rıfat Ilgaz Son Durak,4,22
12541,Sacide Ayaz İlk ve Ortaokulu,4,22
22763,Saha,4,22
22766,Saha,4,22
23399,Saha,4,22
23400,Saha,4,22
11086,Sahilkent,4,22
11121,Sahilkent,4,22
11090,Sakızağacı,4,22
11097,Sakızağacı,4,22
22220,Salhane Aktarma Merkezi,4,22
50170,Salih Dede Anadolu Lisesi,4,22
50173,Salih Dede Anadolu Lisesi,4,22
21981,Sanayi,4,22
21546,Santral,4,22
21547,Santral,4,22
52029,Sarmaşık,4,22
52030,Sarmaşık,4,22
10672,Sarnıç Alt Geçidi,4,22
30601,Sarılar,4,22
30602,Sarılar,4,22
31078,Sağlık Ocağı,4,22
31079,Sağlık Ocağı,4,22
50475,Sağlık Ocağı,4,22
24245,Sefa Köse Reis,4,22
24246,Sefa Köse Reis,4,22
10915,Seferihisar Belediyesi Şantiye,4,22
10916,Seferihisar Belediyesi Şantiye,4,22
10938,Selçuk Belediyesi,4,22
10939,Selçuk Belediyesi,4,22
10941,Selçuk Yeni Son Durağı,4,22
10646,Selçuk Şehit Erol Olçok Anadolu Lisesi,4,22
10647,Selçuk Şehit Erol Olçok Anadolu Lisesi,4,22
30223,Sevgi,4,22
16520,Sevgi Mahalle Muhtarlığı,4,22
16521,Sevgi Mahalle Muhtarlığı,4,22
20815,Sevgi Ormanı,4,22
20816,Sevgi Ormanı,4,22
21583,Seyrek Belediyesi,4,22
21584,Seyrek Belediyesi,4,22
21589,Seyrek Meydan,4,22
21590,Seyrek Meydan,4,22
21587,Seyrek İlköğretim Okulu,4,22
21588,Seyrek İlköğretim Okulu,4,22
21362,Simge Sitesi,4,22
21365,Simge Sitesi,4,22
40201,Siteler,4,22
40202,Siteler,4,22
41233,Sosyal Yaşam Merkezi 2,4,22
41234,Sosyal Yaşam Merkezi 2,4,22
22142,Soyak,4,22
23307,Spor Kondisyon Parkı,4,22
20352,Spor Merkezi,4,22
20353,Spor Merkezi,4,22
52095,Spor Salonu,4,22
11064,Stad,4,22
11069,Stad,4,22
11689,Subaşı Belediyesi,4,22
11690,Subaşı Belediyesi,4,22
20384,Süleyman Demirel Lisesi,4,22
20385,Süleyman Demirel Lisesi,4,22
40836,Sıraevler,4,22
10644,TRT,4,22
10645,TRT,4,22
21536,Taş Duvar,4,22
21537,Taş Duvar,4,22
31856,Taşkent,4,22
31857,Taşkent,4,22
13696,Taşkesik,4,22
13697,Taşkesik,4,22
16129,Taşkesik Benzinlik,4,22
16130,Taşkesik Yolu,4,22
16131,Taşkesik Yolu,4,22
30474,Tek Yön,4,22
21321,Tekel Lojmanlar,4,22
21322,Tekel Lojmanlar,4,22
50174,Teleferik,4,22
21021,Tepe,4,22
21022,Tepe,4,22
13558,Tepecik Caddesi,4,22
31129,Ticaret Borsası İlköğretim Okulu,4,22
31130,Ticaret Borsası İlköğretim Okulu,4,22
14623,Tire Kavşağı,4,22
14624,Tire Kavşağı,4,22
50471,Tokatlıoğlu,4,22
50472,Tokatlıoğlu,4,22
13264,Toki Evleri Son Durak,4,22
21562,Top Sahası,4,22
13851,Torbalı Diş Hastanesi,4,22
13852,Torbalı Diş Hastanesi,4,22
41144,Toros Meydan,4,22
41145,Toros Meydan,4,22
12625,Trafo,4,22
30049,Tuborg,4,22
30513,Turanlar,4,22
12238,Türkeliler,4,22
12239,Türkeliler,4,22
16442,Türkönü Küme Evler,4,22
16443,Türkönü Küme Evler,4,22
11050,Tıp Merkezi,4,22
11055,Tıp Merkezi,4,22
21983,Tır parkı,4,22
21984,Tır parkı,4,22
40420,Ufuk Karakolu,4,22
40421,Ufuk Karakolu,4,22
21539,Ulu-Koop,4,22
22533,Ulukent Üçyol,4,22
22534,Ulukent Üçyol,4,22
21969,Ulus,4,22
21970,Ulus,4,22
21566,Umut,4,22
21567,Umut,4,22
30157,Umut,4,22
30158,Umut,4,22
12240,Uzundere,4,22
21333,Uğur Mumcu Sağlık Ocağı,4,22
52031,Vadi,4,22
52032,Vadi,4,22
40207,Vali Rahmi Bey,4,22
40208,Vali Rahmi Bey,4,22
10554,Vasıf Çınar,4,22
11422,Verde,4,22
11423,Verde,4,22
14635,Yakacık,4,22
14636,Yakacık,4,22
14637,Yakacık Papatya,4,22
14638,Yakacık Papatya,4,22
15468,Yakacık Çiftlik,4,22
15469,Yakacık Çiftlik,4,22
21563,Yamaç,4,22
21564,Yamaç,4,22
11526,Yaren Dede,4,22
13254,Yasemin,4,22
13255,Yasemin,4,22
31080,Yasemin,4,22
31081,Yasemin,4,22
40812,Yasemin,4,22
40813,Yasemin,4,22
13181,Yasemin Uysal,4,22
13182,Yasemin Uysal,4,22
13248,Yavuz Selim İlkokulu,4,22
13249,Yavuz Selim İlkokulu,4,22
50395,Yelki,4,22
50396,Yelki,4,22
50474,Yelki Belediye,4,22
50485,Yelki Kavşak,4,22
50476,Yelki Sağlık Ocağı,4,22
50467,Yelki Üçyol,4,22
50468,Yelki Üçyol,4,22
30471,Yener,4,22
30520,Yener,4,22
30523,Yener,4,22
30461,Yener Caddesi,4,22
30462,Yener Caddesi,4,22
24030,Yeni Cami,4,22
21957,Yeni Foça Birlik Evleri,4,22
21958,Yeni Foça Birlik Evleri,4,22
22400,Yeni Foça Yol Ayrımı,4,22
22401,Yeni Foça Yol Ayrımı,4,22
15427,Yeni Mahalle Altyol,4,22
22781,Yeni Şakran  Merkez,4,22
22786,Yeni Şakran Yol Ayrımı,4,22
13550,Yenikent,4,22
13553,Yenikent,4,22
11853,Yenişehir Pazar Yeri,4,22
11855,Yenişehir Üst Geçit,4,22
31068,Yetmiş Beşinci Yıl Parkı,4,22
31069,Yetmiş Beşinci Yıl Parkı,4,22
30221,Yeşilova,4,22
12452,Yeşilyurt Mezarlık,4,22
12453,Yeşilyurt Mezarlık,4,22
12454,Yeşilyurt Sağlık Ocağı,4,22
12455,Yeşilyurt Sağlık Ocağı,4,22
21025,Yoldaş,4,22
21026,Yoldaş,4,22
20503,Yunus,4,22
20504,Yunus,4,22
12801,Yurtoğlu Üçyol,4,22
12802,Yurtoğlu Üçyol,4,22
14633,Yusuflu,4,22
14634,Yusuflu,4,22
21963,Yücel Sitesi,4,22
21964,Yücel Sitesi,4,22
40422,Yıkıkkemer Meydan,4,22
40423,Yıkıkkemer Meydan,4,22
11082,Yıldız,4,22
11089,Yıldız,4,22
30514,Yıldız,4,22
30517,Yıldız,4,22
24132,Yıldız Garaj,4,22
24133,Yıldız Garaj,4,22
22456,Yıldız Mandıra,4,22
22457,Yıldız Mandıra,4,22
30463,Zafer Parkı,4,22
30464,Zafer Parkı,4,22
13265,Zambak,4,22
13266,Zambak,4,22
21341,Zambak,4,22
21342,Zambak,4,22
40265,Zencefil,4,22
40266,Zencefil,4,22
11932,Zeytinlik,4,22
40838,Zeytinlik,4,22
40839,Zeytinlik,4,22
30423,Zeytintepe,4,22
30424,Zeytintepe,4,22
41349,Zirve,4,22
41350,Zirve,4,22
11414,Zümrüt,4,22
11415,Zümrüt,4,22
21979,Çakmaklı,4,22
21980,Çakmaklı,4,22
21975,Çakmaklı Yolu,4,22
21976,Çakmaklı Yolu,4,22
24078,Çaltıcı Bahçe,4,22
22765,Çaltılıdere,4,22
22768,Çaltılıdere,4,22
24148,Çaltılıdere Atlı Terapi Merkezi,4,22
24149,Çaltılıdere Atlı Terapi Merkezi,4,22
40630,Çam,4,22
40631,Çam,4,22
30155,Çamdibi Esnaf Odası,4,22
30156,Çamdibi Esnaf Odası,4,22
22408,Çamkoru Sitesi,4,22
22409,Çamkoru Sitesi,4,22
30421,Çamkule,4,22
30422,Çamkule,4,22
31852,Çamkıran Parkı,4,22
31853,Çamkıran Parkı,4,22
24080,Çamlı Park,4,22
11412,Çamlıca Kavşağı,4,22
15948,Çamlık,4,22
30652,Çamlık Alan Parkı 2,4,22
12621,Çamlık Yol Ayrımı,4,22
10211,Çankaya,4,22
15125,Çaylı Yem Sokak,4,22
15126,Çaylı Yem Sokak,4,22
15992,Çaylı Çıkış,4,22
15993,Çaylı Çıkış,4,22
30597,Çağla,4,22
30598,Çağla,4,22
22847,Çelik,4,22
22848,Çelik,4,22
50168,Çifte Selviler,4,22
50171,Çifte Selviler,4,22
11695,Çiftlik,4,22
11696,Çiftlik,4,22
12224,Çiftlik,4,22
12225,Çiftlik,4,22
30227,Çimentaş Lisesi,4,22
30228,Çimentaş Lisesi,4,22
30427,Çiçek,4,22
30428,Çiçek,4,22
11093,Çiçek Tatil Sitesi,4,22
11120,Çiçek Tatil Sitesi,4,22
22143,Çiğli Aktarma Merkezi,4,22
21195,Çiğli Devlet Hastanesi,4,22
21196,Çiğli Devlet Hastanesi,4,22
20889,Çiğli Kız Meslek Lisesi,4,22
20890,Çiğli Kız Meslek Lisesi,4,22
21023,Çiğli İzkent,4,22
21024,Çiğli İzkent,4,22
20465,Çolakoğlu,4,22
20466,Çolakoğlu,4,22
22767,Çoraklar,4,22
22770,Çoraklar,4,22
15929,Ödemiş Müzesi,4,22
15930,Ödemiş Müzesi,4,22
15119,Ödemiş Sanayi,4,22
15120,Ödemiş Sanayi,4,22
13540,Ömür Beldesi,4,22
21973,Ören,4,22
21974,Ören,4,22
12307,Öztepe,4,22
12308,Öztepe,4,22
31215,Öğretmen,4,22
31216,Öğretmen,4,22
21951,Öğretmen Evi,4,22
21952,Öğretmen Evi,4,22
11068,Ürkmez Belediyesi,4,22
11073,Ürkmez Belediyesi,4,22
11076,Ürkmez Jandarma,4,22
11083,Ürkmez Jandarma,4,22
10685,Ürkmez Kumsal,4,22
10686,Ürkmez Kumsal,4,22
11070,Ürkmez Sağlık Ocağı,4,22
11075,Ürkmez Sağlık Ocağı,4,22
22779,Üst Geçit,4,22
22782,Üst Geçit,4,22
50110,Üç Evler,4,22
23425,Üç Kemer Caddesi,4,22
23426,Üç Kemer Caddesi,4,22
23427,Üç Kemer Köprüsü,4,22
23428,Üç Kemer Köprüsü,4,22
50130,Üçkuyular iskele Son Durak,4,22
10312,Üçyol Aktarma,4,22
11066,İZDER,4,22
11071,İZDER,4,22
10514,İkinci Oyak Sitesi,4,22
12641,İlkkurşun Anadolu Lisesi,4,22
12642,İlkkurşun Anadolu Lisesi,4,22
24158,İlçe Tarım,4,22
13332,İncir Fabrikası,4,22
13333,İncir Fabrikası,4,22
50208,İnciraltı,4,22
50209,İnciraltı,4,22
52508,İnciraltı 2,4,22
50211,İnciraltı Park,4,22
50219,İnciraltı Yeni Son Durak,4,22
50212,İnciraltı Yurdu,4,22
12643,İsmail Hakkı Tonguç Parkı,4,22
12644,İsmail Hakkı Tonguç Parkı,4,22
10580,İsmet Paşa Sağlık Ocağı,4,22
10581,İsmet Paşa Sağlık Ocağı,4,22
21630,İstiklal,4,22
21631,İstiklal,4,22
51945,İva,4,22
51946,İva,4,22
21003,İzkent Meydan,4,22
21001,İzkent Çay Bahçesi,4,22
21002,İzkent Çay Bahçesi,4,22
21019,İzkent Üçyol,4,22
21020,İzkent Üçyol,4,22
12232,İzmir Anadolu Lisesi,4,22
12233,İzmir Anadolu Lisesi,4,22
12303,İzsu,4,22
12304,İzsu,4,22
20832,Şehit Astsubay Uğur Görkem Harmankaya,4,22
20833,Şehit Astsubay Uğur Görkem Harmankaya,4,22
40849,Şehit Astsubay Ümit Başaran İlkokulu,4,22
40850,Şehit Astsubay Ümit Başaran İlkokulu,4,22
31221,Şehit Harun Bağlam,4,22
31222,Şehit Harun Bağlam,4,22
30291,Şehit Musa Can,4,22
30292,Şehit Musa Can,4,22
30298,Şehit Polis Fethi Sekin,4,22
30304,Şehit Polis Fethi Sekin,4,22
20854,Şehit Üsteğmen Onur Özkaya,4,22
20855,Şehit Üsteğmen Onur Özkaya,4,22
40209,Şehitler Parkı,4,22
40210,Şehitler Parkı,4,22
41173,Şirinyer Aktarma,4,22
41174,Şirinyer Aktarma,4,22
41176,Şirinyer Aktarma,4,22
10259,Şoförler Lokali,4,22
10262,Şoförler Lokali,4,22
12633,2 Nolu Çağdaş Kahraman Sağlık Ocağı,3,23
12634,2 Nolu Çağdaş Kahraman Sağlık Ocağı,3,23
32309,2. Etap,3,23
32310,2. Etap,3,23
40219,30 Ağustos İlköğretim Okulu,3,23
40220,30 Ağustos İlköğretim Okulu,3,23
21059,9 Eylül,3,23
21062,9 Eylül,3,23
20820,Acer,3,23
20821,Acer,3,23
41205,Adatepe Park,3,23
41208,Adatepe Park,3,23
40581,Adatepe Son Durak,3,23
41387,Adatepe Son Durak,3,23
41207,Adatepe Villaları,3,23
41210,Adatepe Villaları,3,23
20993,Adliyeciler Sitesi,3,23
20994,Adliyeciler Sitesi,3,23
12965,Adnan Menderes İlkokulu,3,23
12966,Adnan Menderes İlkokulu,3,23
32307,Afet Haberleşme,3,23
32308,Afet Haberleşme,3,23
52627,Ahmet Hakkı Balcıoğlu Mesleki Anadolu Lises,3,23
52626,Ahmet Hakkı Balcıoğlu Mesleki Anadolu Lisesi,3,23
22547,Ahmet Taner Kışlalı,3,23
22548,Ahmet Taner Kışlalı,3,23
22509,Ahıska,3,23
22510,Ahıska,3,23
23666,Ahıskakent ilkokulu,3,23
23665,Ahıskakent İlkokulu,3,23
24036,Akasya,3,23
24037,Akasya,3,23
30046,Akasya,3,23
31387,Akdemir Parkı,3,23
31388,Akdemir Parkı,3,23
24004,Akif Ersezgin Lisesi,3,23
20985,Akiş Öğütçü İlköğretim Okulu,3,23
20986,Akiş Öğütçü İlköğretim Okulu,3,23
30613,Aktar,3,23
30614,Aktar,3,23
21658,Aktaşlar,3,23
21659,Aktaşlar,3,23
13338,Aktepe Giriş,3,23
13339,Aktepe Giriş,3,23
12722,Aktepe Polis Lojmanları,3,23
12725,Aktepe Polis Lojmanları,3,23
50629,Akça,3,23
50634,Akça,3,23
13499,Akçaköy Yol Ayrımı,3,23
13500,Akçaköy Yol Ayrımı,3,23
40586,Akşemsettin İlkokulu,3,23
40587,Akşemsettin İlkokulu,3,23
20360,Albatros,3,23
20361,Albatros,3,23
22049,Albayrak Mavişehir Evleri,3,23
22058,Albayrak Mavişehir Evleri,3,23
31241,Ali İhsan Bey,3,23
31242,Ali İhsan Bey,3,23
22743,Aliağa Liman,3,23
22746,Aliağa Liman,3,23
21442,Aliağa Sanayi,3,23
21445,Aliağa Sanayi,3,23
21444,Aliağa Sanayi Çıkış,3,23
22741,Aliağa Santral,3,23
22738,Aliağa Terminal İçi,3,23
24251,Aliağa Terminal İçi,3,23
22744,Aliağa santral,3,23
24649,Alp Oğuz Anadolu Lisesi,3,23
10108,Alsancak Devlet Hastanesi,3,23
10109,Alsancak Devlet Hastanesi,3,23
30605,Alt Geçit,3,23
30606,Alt Geçit,3,23
52443,Altyüz Köprüsü,3,23
52444,Altyüz Köprüsü,3,23
10275,Amerikan Koleji,3,23
40495,Ana Sağlığı,3,23
40496,Ana Sağlığı,3,23
21699,Anadolu Lisesi,3,23
21702,Anadolu Lisesi,3,23
11480,Anaokulu,3,23
11481,Anaokulu,3,23
22545,Anıt Park,3,23
22546,Anıt Park,3,23
15135,Arkacılar,3,23
15136,Arkacılar,3,23
15137,Arkacılar Bulut,3,23
15138,Arkacılar Bulut,3,23
16741,Armutluk,3,23
16742,Armutluk,3,23
11738,Arıkbaşı Kahveler,3,23
11739,Arıkbaşı Kahveler,3,23
11746,Arıkbaşı Okul Yolu,3,23
11749,Arıkbaşı Okul Yolu,3,23
11743,Arıkbaşı İstasyon,3,23
11742,Arıkbaşıı İstasyon,3,23
21412,Asarlık Esat Paşa Mahallesi,3,23
22017,Asarlık Köprü,3,23
21410,Asarlık Mezarlık,3,23
21667,Asarlık Park,3,23
21665,Asarlık Pazar Yeri,3,23
21413,Asarlık İnönü Mahallesi,3,23
15157,Aslanlar  Yol Ayrımı,3,23
15156,Aslanlar Yol Ayrımı,3,23
50367,Asır,3,23
50368,Asır,3,23
40215,Ata,3,23
40216,Ata,3,23
52035,Ata,3,23
52036,Ata,3,23
50203,Ata Durağı,3,23
21057,Atatürk,3,23
21060,Atatürk,3,23
31582,Atatürk Caddesi,3,23
31585,Atatürk Caddesi,3,23
23398,Atatürk Parkı,3,23
15143,Atatürk İlkokulu,3,23
15144,Atatürk İlkokulu,3,23
23392,Atatürk İlkokulu,3,23
32411,Avcı,3,23
32412,Avcı,3,23
40881,Aybers Hikmet Karabacak Anadolu Lisesi,3,23
10428,Aydibi,3,23
15925,Aydın,3,23
15926,Aydın,3,23
50611,Aygün,3,23
50612,Aygün,3,23
30057,BMC,3,23
14987,Bahar,3,23
14988,Bahar,3,23
12629,Bahar Yıldırım İlkokulu,3,23
12630,Bahar Yıldırım İlkokulu,3,23
10019,Bahribaba,3,23
15133,Bahçe,3,23
15134,Bahçe,3,23
20429,Bahçe,3,23
20430,Bahçe,3,23
41335,Balkan,3,23
31584,Baltaalanı,3,23
31587,Baltaalanı,3,23
50686,Balıklıova,3,23
50687,Balıklıova,3,23
50694,Balıklıova Merkez,3,23
50697,Balıklıova Merkez,3,23
50656,Balıkçı,3,23
50657,Balıkçı,3,23
50369,Bankacılar Sitesi,3,23
11937,Barbaros Hayrettin İlkokulu,3,23
11938,Barbaros Hayrettin İlkokulu,3,23
51747,Barbaros Yol ayrımı,3,23
51748,Barbaros Yol ayrımı,3,23
11438,Bardakçılar,3,23
11439,Bardakçılar,3,23
41235,Barış Manço,3,23
41236,Barış Manço,3,23
24024,Barış Merdivenleri,3,23
11484,Barış Sitesi,3,23
11485,Barış Sitesi,3,23
24002,Bayatlı,3,23
24008,Bayatlı Çıkış,3,23
12969,Bayrak,3,23
12970,Bayrak,3,23
22054,Bayrak,3,23
22055,Bayrak,3,23
24020,Bayrak,3,23
31013,Bayraklı Siteler,3,23
31014,Bayraklı Siteler,3,23
14657,Bayraktepe,3,23
14658,Bayraktepe,3,23
14645,Bayındır Leylak,3,23
14646,Bayındır Leylak,3,23
14643,Bayındır Meşe,3,23
14644,Bayındır Meşe,3,23
11736,Bayındır Çırpı İlkokulu,3,23
11737,Bayındır Çırpı İlkokulu,3,23
20934,Bayır,3,23
20935,Bayır,3,23
24034,Bazilika,3,23
24035,Bazilika,3,23
40930,Bağ Arası,3,23
40931,Bağ Arası,3,23
31858,Başak,3,23
31859,Başak,3,23
31123,Başaran,3,23
31124,Başaran,3,23
50355,Belediye,3,23
50356,Belediye,3,23
22372,Belen Meydan,3,23
22373,Belen Meydan,3,23
10940,Belevi,3,23
16119,Belevi,3,23
16176,Belevi Meydan,3,23
16177,Belevi Meydan,3,23
30348,Belkahve Çay Bahçesi,3,23
30351,Belkahve Çay Bahçesi,3,23
15953,Benzinlik,3,23
15954,Benzinlik,3,23
16420,Benzinlik,3,23
16421,Benzinlik,3,23
21660,Beyaz Ev,3,23
21661,Beyaz Ev,3,23
14922,Beydağ Değirmen,3,23
15001,Beydağ Değirmen,3,23
14995,Beydağ Giriş,3,23
14996,Beydağ Giriş,3,23
14999,Beydağ Köşe,3,23
15000,Beydağ Köşe,3,23
14997,Beydağ Yağmur,3,23
14998,Beydağ Yağmur,3,23
30637,Bezirgan,3,23
30638,Bezirgan,3,23
22402,Beş Kardeşler,3,23
50206,Beşyol,3,23
50215,Beşyol,3,23
11893,Birinci Sanayi Sitesi,3,23
11894,Birinci Sanayi Sitesi,3,23
30210,Birlik Cami,3,23
12980,Bisikletçi,3,23
22244,Biçerova İstasyon,3,23
40497,Bloklar,3,23
40498,Bloklar,3,23
30557,Bornova Anadolu Lisesi,3,23
30558,Bornova Anadolu Lisesi,3,23
30015,Bornova Metro,3,23
31139,Borsa Okulu Eski Sondurak,3,23
31140,Borsa Okulu Eski Sondurak,3,23
20022,Bostanlı İskele,3,23
20026,Bostanlı İskele,3,23
20172,Bostanlı İskele,3,23
23685,Bostanlı İskele,3,23
16542,Botanik,3,23
16543,Botanik,3,23
23403,Bozköy,3,23
23404,Bozköy,3,23
40271,Buca Anadolu Lisesi,3,23
40272,Buca Anadolu Lisesi,3,23
40508,Buca Tenis Kulübü,3,23
40509,Buca Tenis Kulübü,3,23
30179,Burak Reis,3,23
11708,Bülbüldere Yol Ayrımı,3,23
11709,Bülbüldere Yol Ayrımı,3,23
31125,Cami,3,23
31126,Cami,3,23
23431,Camikebir Caddesi,3,23
23432,Camikebir Caddesi,3,23
20547,Cemal Gürsel İlköğretim Okulu,3,23
20457,Cemil Atlas İlköğretim Okulu,3,23
20458,Cemil Atlas İlköğretim Okulu,3,23
24144,Cemsultan,3,23
24038,Cumhuriyet Lisesi,3,23
24039,Cumhuriyet Lisesi,3,23
21353,Cumhuriyet Mahallesi Muhtarlığı,3,23
21354,Cumhuriyet Mahallesi Muhtarlığı,3,23
20679,Cumhuriyet Mahallesi Trafo,3,23
20680,Cumhuriyet Mahallesi Üçyol,3,23
14687,Cumhuriyet Ortaokulu,3,23
14688,Cumhuriyet Ortaokulu,3,23
11368,DEÜ Torbalı Meslek Yüksekokulu,3,23
20672,Daryol,3,23
20673,Daryol,3,23
11210,Defne,3,23
11211,Defne,3,23
12863,Demirci,3,23
12864,Demirci,3,23
14677,Demircili,3,23
14678,Demircili,3,23
14721,Demircili Giriş,3,23
14722,Demircili Giriş,3,23
14679,Demircili Trafo,3,23
14680,Demircili Trafo,3,23
14675,Demircili Yol Ayrımı,3,23
14676,Demircili Yol Ayrımı,3,23
14723,Demircili Çiftlik,3,23
14724,Demircili Çiftlik,3,23
14725,Demircili Çıkış,3,23
14726,Demircili Çıkış,3,23
22785,Demirkent,3,23
22788,Demirkent,3,23
16458,Demiryolu,3,23
16459,Demiryolu,3,23
23394,Demokrasi Meydanı,3,23
10517,Demokrasi Üniversitesi,3,23
10518,Demokrasi Üniversitesi,3,23
14659,Derebaşı,3,23
14660,Derebaşı,3,23
14661,Derebaşı Zeytin,3,23
14662,Derebaşı Zeytin,3,23
13130,Dereköy,3,23
13331,Dereköy,3,23
13329,Dereköy İlkokulu,3,23
13330,Dereköy İlkokulu,3,23
22975,Desen,3,23
22976,Desen,3,23
12808,Destan Aksoy Parkı,3,23
12811,Destan Aksoy Parkı,3,23
10968,Develi Yolu,3,23
10969,Develi Yolu,3,23
16005,Değirmenönü,3,23
16006,Değirmenönü,3,23
30187,Dispanser,3,23
30204,Dispanser,3,23
50186,Dokuz Eylül Deniz Bilimleri,3,23
10107,Dokuz Eylül Rektörlük,3,23
40522,Dokuz Eylül Öğrenci Yurdu,3,23
40523,Dokuz Eylül Öğrenci Yurdu,3,23
30789,Dolmuş Garajı,3,23
12997,Dolmuşçular,3,23
30378,Dostlar Sitesi,3,23
30379,Dostlar Sitesi,3,23
14663,Doyranlı,3,23
14664,Doyranlı,3,23
15148,Doyranlı Fidanlık,3,23
15149,Doyranlı Fidanlık,3,23
15150,Doyranlı Lale Bahçesi,3,23
15151,Doyranlı Lale Bahçesi,3,23
22047,Doğa Koleji,3,23
20469,Doğançay,3,23
20470,Doğançay,3,23
23618,Doğançay Aile Sağlığı Merkezi,3,23
23619,Doğançay Aile Sağlığı Merkezi,3,23
20463,Doğançay Mezarlık,3,23
20464,Doğançay Mezarlık,3,23
20459,Doğançay Viyadüğü,3,23
20460,Doğançay Viyadüğü,3,23
21662,Duman,3,23
21663,Duman,3,23
10232,Dumlupınar,3,23
11251,Dumlupınar,3,23
50651,Dyo Kampı,3,23
50660,Dyo Kampı,3,23
31239,Dörtyol,3,23
31240,Dörtyol,3,23
40530,Dörtyol,3,23
40531,Dörtyol,3,23
12042,Düğün Salonu,3,23
12043,Düğün Salonu,3,23
30048,Ege Endüstri,3,23
30055,Ege Endüstri,3,23
30272,Ege Üniversitesi Hastanesi,3,23
22537,Egekent 2 Pazaryeri,3,23
22538,Egekent 2 Pazaryeri,3,23
22173,Egekent Aktarma Merkezi,3,23
22174,Egekent Aktarma Merkezi,3,23
20999,Egekent Cami,3,23
20997,Egekent Park,3,23
20998,Egekent Park,3,23
20987,Egekent Postane,3,23
20988,Egekent Postane,3,23
20991,Egekent Trafo,3,23
20992,Egekent Trafo,3,23
14691,Ekin Pazarı,3,23
14692,Ekin Pazarı,3,23
11744,Ekoten,3,23
11745,Ekoten,3,23
10862,Elif,3,23
11545,Elif,3,23
30607,Elif,3,23
30608,Elif,3,23
20439,Ellinci Yıl İlkokulu,3,23
20440,Ellinci Yıl İlkokulu,3,23
40853,Emek,3,23
40854,Emek,3,23
41402,Emek,3,23
41403,Emek,3,23
12293,Emek Sitesi,3,23
12294,Emek Sitesi,3,23
21758,Emiralem Üçyol,3,23
21759,Emiralem Üçyol,3,23
40217,Ensar Cami,3,23
40218,Ensar Cami,3,23
10521,Esentepe Aile Hekimliği,3,23
10522,Esentepe Aile Hekimliği,3,23
10531,Esentepe Basket Sahası,3,23
10532,Esentepe Basket Sahası,3,23
10523,Esentepe Kültür Merkezi,3,23
10524,Esentepe Kültür Merkezi,3,23
30559,Eser,3,23
30560,Eser,3,23
20995,Eshotçular Sitesi,3,23
20996,Eshotçular Sitesi,3,23
40081,Eski Mezarlık,3,23
20793,Eski Son Durak,3,23
20794,Eski Son Durak,3,23
40877,Eski Son Durak,3,23
40878,Eski Son Durak,3,23
30053,Etap,3,23
32311,Etap 1,3,23
32312,Etap 1,3,23
21063,Evka 5 Cumhuriyet,3,23
21064,Evka 5 Cumhuriyet,3,23
21053,Evka 5 Park,3,23
21054,Evka 5 Park,3,23
21061,Evka 5 İş Merkezi,3,23
40512,Eyüp Sultan Cami,3,23
40513,Eyüp Sultan Cami,3,23
22987,Eğrigöl,3,23
22988,Eğrigöl,3,23
30352,Fabrika,3,23
30641,Fabrika,3,23
30642,Fabrika,3,23
50333,Fabrika,3,23
50334,Fabrika,3,23
21711,Fabrikalar,3,23
21714,Fabrikalar,3,23
41209,Fabrikalar 1,3,23
41212,Fabrikalar 1,3,23
41211,Fabrikalar 2,3,23
41214,Fabrikalar 2,3,23
41229,Fabrikalar 3,3,23
41230,Fabrikalar 3,3,23
31015,Fatih Cami,3,23
31016,Fatih Cami,3,23
21650,Fatma Koşay İlköğretim Okulu,3,23
21651,Fatma Koşay İlköğretim Okulu,3,23
51821,Fen Fakültesi,3,23
51822,Fen Fakültesi,3,23
21370,Fevzi Çakmak,3,23
21371,Fevzi Çakmak,3,23
30645,Fincancılar,3,23
30646,Fincancılar,3,23
20368,Flamingo Sitesi,3,23
20369,Flamingo Sitesi,3,23
20366,Flamingo Sitesi 2,3,23
20367,Flamingo Sitesi 2,3,23
21617,Florya,3,23
21618,Florya,3,23
22052,Fotoğraf Müzesi,3,23
22053,Fotoğraf Müzesi,3,23
14655,Frezya,3,23
14656,Frezya,3,23
14602,Fuar İzmir,3,23
20702,Fırın,3,23
21668,Fırın,3,23
21669,Fırın,3,23
50335,Fırın,3,23
50336,Fırın,3,23
22739,Gazeteci Hasan Tahsin,3,23
22742,Gazeteci Hasan Tahsin,3,23
12995,Gazeteler,3,23
12996,Gazeteler,3,23
31389,Gazi,3,23
31390,Gazi,3,23
22513,Gazi Mah  Toki Evleri,3,23
22514,Gazi Mah  Toki Evleri,3,23
10529,Gelinler,3,23
10530,Gelinler,3,23
20677,Geçit,3,23
11214,Gurbet Tepe,3,23
11215,Gurbet Tepe,3,23
20753,Göknar,3,23
20754,Göknar,3,23
40355,Göksu,3,23
40356,Göksu,3,23
14665,Gökçen,3,23
14666,Gökçen,3,23
15927,Gölcükler Yol Ayrımı,3,23
15928,Gölcükler Yol Ayrımı,3,23
50672,Göztepe,3,23
50673,Göztepe,3,23
50658,Gülbahçe,3,23
50659,Gülbahçe,3,23
50704,Gülbahçe Pazaryeri,3,23
50705,Gülbahçe Pazaryeri,3,23
50664,Gümüşkoy,3,23
50665,Gümüşkoy,3,23
20441,Gümüşpala Dört Yol,3,23
20442,Gümüşpala Dört Yol,3,23
20447,Gümüşpala Kahveler,3,23
20448,Gümüşpala Kahveler,3,23
20443,Gümüşpala Karakol,3,23
20444,Gümüşpala Karakol,3,23
20431,Gümüşpala Çamlık,3,23
20432,Gümüşpala Çamlık,3,23
23643,Günerli Cami,3,23
23644,Günerli Cami,3,23
23641,Günerli Çeşme,3,23
23642,Günerli Çeşme,3,23
50329,Güzelbahçe Kaymakamlık,3,23
50330,Güzelbahçe Kaymakamlık,3,23
52055,Güzelbahçe Kolej,3,23
50327,Güzelbahçe Pazar Yeri,3,23
50740,Güzelbahçe İMKB Mesleki ve Teknik Anadolu Lisesi,3,23
50741,Güzelbahçe İMKB Mesleki ve Teknik Anadolu Lisesi,3,23
52033,Güzeltepe,3,23
52034,Güzeltepe,3,23
20923,Güzeltepe Futbol Sahası,3,23
20924,Güzeltepe Futbol Sahası,3,23
11929,Hacı Bayram Cami,3,23
11436,Hacı Tahsin Irmak İlkokulu,3,23
11437,Hacı Tahsin Irmak İlkokulu,3,23
10271,Hakimevleri,3,23
20581,Halit Özpirinç Lisesi,3,23
20582,Halit Özpirinç Lisesi,3,23
11482,Halk,3,23
11483,Halk,3,23
10491,Halkapınar 2,3,23
10492,Halkapınar 2,3,23
10494,Halkapınar 2,3,23
10460,Halkapınar Metro,3,23
21372,Harmandalı,3,23
21351,Harmandalı Mezarlık,3,23
21352,Harmandalı Mezarlık,3,23
40221,Harp İş Sitesi,3,23
40222,Harp İş Sitesi,3,23
23437,Hasan Dede Turbesi,3,23
23439,Hasan Dede Turbesi,3,23
14920,Hasan Çavuş,3,23
14921,Hasan Çavuş,3,23
24044,Hastane,3,23
32196,Hava Pilot Teğmen Erdoğan Çallı,3,23
32197,Hava Pilot Teğmen Erdoğan Çallı,3,23
12960,Hava Teknik Okulu,3,23
13007,Hava Teknik Okulu,3,23
12963,Havacılık Meslek Yüksek Okulu,3,23
12964,Havacılık Meslek Yüksek Okulu,3,23
15919,Havalimanı,3,23
15541,Havuzbaşı Zeytinlik,3,23
30181,Havuzlu Kahve,3,23
30202,Havuzlu Kahve,3,23
24029,Hükümet Konağı,3,23
13997,Hükümet önü,3,23
21599,Hüseyin Baradan Parkı,3,23
21602,Hüseyin Baradan Parkı,3,23
13920,Ilgın,3,23
13921,Ilgın,3,23
22787,Ilıca,3,23
22790,Ilıca,3,23
24010,Ilıca,3,23
40493,Işıklı Parkı,3,23
40494,Işıklı Parkı,3,23
40879,Kahve,3,23
40880,Kahve,3,23
11991,Kahveler,3,23
11992,Kahveler,3,23
31127,Kahveler,3,23
31128,Kahveler,3,23
21157,Kaklıç Kavşağı,3,23
21158,Kaklıç Kavşağı,3,23
20830,Kamelya,3,23
20831,Kamelya,3,23
50674,Kamelya,3,23
50675,Kamelya,3,23
50666,Kamp,3,23
50667,Kamp,3,23
51204,Kanalboyu,3,23
51205,Kanalboyu,3,23
20925,Kanuni İlkokulu,3,23
20926,Kanuni İlkokulu,3,23
23527,Kapıkaya,3,23
23528,Kapıkaya,3,23
30540,Kara Nakliyeciler,3,23
30541,Kara Nakliyeciler,3,23
12291,Karabağlar Kazım Karabekir Orta Okulu,3,23
12292,Karabağlar Kazım Karabekir Ortaokulu,3,23
12961,Karakol,3,23
12962,Karakol,3,23
40590,Karakol,3,23
40591,Karakol,3,23
11434,Karakuyu Meydan,3,23
11435,Karakuyu Meydan,3,23
50689,Karareis,3,23
50696,Karareis,3,23
12993,Karaçam,3,23
12994,Karaçam,3,23
20001,Karşıyaka İskele,3,23
12116,Kasap,3,23
12117,Kasap,3,23
14653,Kasımpatı,3,23
14654,Kasımpatı,3,23
12597,Kaymakkuyu 1,3,23
50678,Kaynaktur,3,23
50679,Kaynaktur,3,23
22791,Kazıkbağları Merkez,3,23
22794,Kazıkbağları Merkez,3,23
50614,Kekliktepe,3,23
50615,Kekliktepe,3,23
10359,Kemer 1,3,23
16178,Kent,3,23
20461,Kentaş,3,23
20462,Kentaş,3,23
15921,Keresteciler Sitesi,3,23
15922,Keresteciler Sitesi,3,23
20824,Ketenci,3,23
20825,Ketenci,3,23
15139,Kiraz Giriş,3,23
15140,Kiraz Giriş,3,23
15145,Kiraz Yeni Mahalle Cami,3,23
15146,Kiraz Yeni Mahalle Cami,3,23
15141,Kiraz İlçe Tarım  Müdürlüğü,3,23
15142,Kiraz İlçe Tarım  Müdürlüğü,3,23
51456,Kocabuk,3,23
51457,Kocabuk,3,23
51749,Kocagöl,3,23
51750,Kocagöl,3,23
10040,Konak,3,23
12119,Konak Ömer Lütfü Akad Ortaokulu,3,23
12126,Konak Ömer Lütfü Akad Ortaokulu,3,23
14308,Koruluk 2,3,23
14309,Koruluk 2,3,23
21626,Koyundere Eski Son Durak,3,23
21627,Koyundere Eski Son Durak,3,23
24281,Koyundere Fatih Cami,3,23
24282,Koyundere Fatih Cami,3,23
21648,Koyundereli Hacı Mehmet Camii,3,23
21649,Koyundereli Hacı Mehmet Camii,3,23
23440,Kozak Bergama Yolu,3,23
23441,Kozak Bergama Yolu,3,23
23433,Kozak Caddesi,3,23
23434,Kozak Caddesi,3,23
23529,Kozak Yaylası,3,23
23530,Kozak Yaylası,3,23
23446,Kozak Yaşam Vadisi,3,23
23447,Kozak Yaşam Vadisi,3,23
40195,Koşuyolu,3,23
40196,Koşuyolu,3,23
22983,Kurfallı,3,23
22984,Kurfallı,3,23
40866,Kuruçeşme,3,23
21155,Kutup Yıldızı,3,23
21156,Kutup Yıldızı,3,23
30509,Kuzey,3,23
40287,Kuzucuoğlu,3,23
40288,Kuzucuoğlu,3,23
20358,Kuğu,3,23
20359,Kuğu,3,23
15129,Köfündere,3,23
15460,Köfündere Çiftlik,3,23
15461,Köfündere Çiftlik,3,23
24640,Köprü,3,23
24641,Köprü,3,23
30544,Köprü,3,23
22037,Körfez Evleri Giriş,3,23
22038,Körfez Evleri Giriş,3,23
22035,Körfez Mahallesi,3,23
22036,Körfez Mahallesi,3,23
12716,Köşe,3,23
12719,Köşe,3,23
32313,Köşe,3,23
32314,Köşe,3,23
24028,Kültür Merkezi,3,23
51509,Kütüphane,3,23
51512,Kütüphane,3,23
11232,Kırkpınar,3,23
11233,Kırkpınar,3,23
24241,Kırlangıç,3,23
24242,Kırlangıç,3,23
15950,Kısıkköy Giriş Alt Yol,3,23
15949,Kısıkköy Sanayi Estim,3,23
20822,Kızılağaç,3,23
20823,Kızılağaç,3,23
14979,Kızılcahavlu,3,23
14923,Kızılcahavlu Çıkış,3,23
14924,Kızılcahavlu Çıkış,3,23
41166,Kızılkanat,3,23
41167,Kızılkanat,3,23
12865,Lalepaşa Cami,3,23
12866,Lalepaşa Cami,3,23
11952,Levent,3,23
11941,Levent Depo,3,23
11942,Levent Depo,3,23
30419,Levent Kara Sağlık Ocağı,3,23
30420,Levent Kara Sağlık Ocağı,3,23
11939,Levent Çeşme,3,23
11940,Levent Çeşme,3,23
30350,Maliye,3,23
30353,Maliye,3,23
22562,Maltepe Arıtma Tesisi,3,23
22563,Maltepe Arıtma Tesisi,3,23
21611,Maltepe Giriş,3,23
21614,Maltepe Giriş,3,23
21613,Maltepe Ortaokulu,3,23
21624,Maltepe Ortaokulu,3,23
22564,Maltepe Çiftlik,3,23
22565,Maltepe Çiftlik,3,23
22566,Maltepe Üçyol,3,23
22567,Maltepe Üçyol,3,23
12867,Manav,3,23
12868,Manav,3,23
50652,Manolya,3,23
50653,Manolya,3,23
20718,Marangoz,3,23
21523,Market,3,23
21524,Market,3,23
50682,Market,3,23
50683,Market,3,23
20362,Martı,3,23
20363,Martı,3,23
22789,Mavi Kent,3,23
22792,Mavi Kent,3,23
22190,Mavişehir Aktarma Merkezi,3,23
20929,Mehmetçik,3,23
20930,Mehmetçik,3,23
40514,Mehmetçik,3,23
40515,Mehmetçik,3,23
30533,Meltem,3,23
30534,Meltem,3,23
14993,Menderes Üçyol,3,23
14994,Menderes Üçyol,3,23
21703,Menemen İZSU,3,23
21706,Menemen İZSU,3,23
21603,Merdivenli Park,3,23
21606,Merdivenli Park,3,23
15663,Merkez Cami,3,23
15664,Merkez Cami,3,23
13495,Merkez Sokak,3,23
13496,Merkez Sokak,3,23
21756,Merkez İlköğretim Okulu,3,23
21757,Merkez İlköğretim Okulu,3,23
16029,Mermer Fabrikası,3,23
16030,Mermer Fabrikası,3,23
21709,Mermerci,3,23
21712,Mermerci,3,23
30343,Mermerci,3,23
30200,Mersinli Cami,3,23
24006,Mert Öztüre İlkokulu,3,23
50670,Meryem Sitesi,3,23
50671,Meryem Sitesi,3,23
24026,Meslek Lisesi,3,23
23401,Meslek Yüksek Okulu,3,23
23402,Meslek Yüksek Okulu,3,23
30639,Metal,3,23
30640,Metal,3,23
12820,Mevlana Cami,3,23
12821,Mevlana Cami,3,23
40510,Mevlana Heykeli,3,23
40511,Mevlana Heykeli,3,23
23396,Meydan,3,23
30377,Mezarlık,3,23
10229,Mezarlıkbaşı,3,23
20791,Milli Piyango Anadolu Lisesi,3,23
20792,Milli Piyango Anadolu Lisesi,3,23
20593,Milli İrade Orta Okulu,3,23
20594,Milli İrade Orta Okulu,3,23
13003,Mimar Kemalettin Anadolu Lisesi,3,23
13002,Mimar Kemalettin Tekstil Meslek Lisesi,3,23
15923,Mobilyacılar,3,23
15924,Mobilyacılar,3,23
10323,Montrö,3,23
10324,Montrö,3,23
12983,Muhtarlık,3,23
12984,Muhtarlık,3,23
31191,Mustafa Kemal Lisesi,3,23
31192,Mustafa Kemal Lisesi,3,23
21644,Mutlu,3,23
21645,Mutlu,3,23
20570,Mutlu Parkı,3,23
20571,Mutlu Parkı,3,23
20682,Mürşide Altınçubuk İlköğretim Okulu,3,23
20421,Naldöken Yol Ayrımı,3,23
20417,Naldöken İtfaiye,3,23
20418,Naldöken İtfaiye,3,23
50692,Nar,3,23
50695,Nar,3,23
14989,Nar Ağacı,3,23
14990,Nar Ağacı,3,23
41297,Nazım Hikmet Parkı,3,23
41298,Nazım Hikmet Parkı,3,23
20551,Nergis,3,23
20552,Nergis,3,23
21691,Nergis,3,23
21692,Nergis,3,23
41203,Neşet Ertaş Parkı,3,23
41206,Neşet Ertaş Parkı,3,23
10287,Nokta,3,23
20572,Okul,3,23
20573,Okul,3,23
32378,Okul,3,23
32379,Okul,3,23
40934,Olduruk,3,23
10527,Orkide,3,23
10528,Orkide,3,23
15951,Ormancı Alt Yol,3,23
40365,Osman Bey Anadolu Lisesi,3,23
31553,Otogar Yeni,3,23
11220,Otoyol,3,23
11221,Otoyol,3,23
10966,Ova,3,23
10967,Ova,3,23
30189,PTT,3,23
31633,Pakmaya Ülkü Hızal Anadolu Lisesi,3,23
31656,Pakmaya Ülkü Hızal Anadolu Lisesi,3,23
11207,Pancar Cami,3,23
11212,Pancar Giriş,3,23
11213,Pancar Giriş,3,23
11209,Pancar Meydan,3,23
15608,Pancar Prefabrik,3,23
15609,Pancar Prefabrik,3,23
15610,Pancar Zeytin,3,23
15611,Pancar Zeytin,3,23
21695,Papatya,3,23
21696,Papatya,3,23
30627,Papatya,3,23
30628,Papatya,3,23
32333,Papatya,3,23
32334,Papatya,3,23
24171,Park,3,23
23592,Park Kozak,3,23
23593,Park Kozak,3,23
30185,Pazar Yeri,3,23
50328,Pazar Yeri,3,23
12724,Peker Mahallesi Eski Son Durak,3,23
12727,Peker Mahallesi Eski Son Durak,3,23
30955,Piyale,3,23
13584,Plastik Fabrikası,3,23
13585,Plastik Fabrikası,3,23
24042,Poliklinik,3,23
24043,Poliklinik,3,23
20574,Postacılar Muhtarlık,3,23
20575,Postacılar Muhtarlık,3,23
20576,Postacılar Trafo,3,23
20577,Postacılar Trafo,3,23
14689,Prof.Dr.Muzaffer Kula Anadolu Lisesi,3,23
14690,Prof.Dr.Muzaffer Kula Anadolu Lisesi,3,23
50690,Pura,3,23
50693,Pura,3,23
11478,Pınar,3,23
11479,Pınar,3,23
50676,Pınar,3,23
50677,Pınar,3,23
50688,Pınar Evleri,3,23
50691,Pınar Evleri,3,23
30649,Pınarbaşı Depolar,3,23
30650,Pınarbaşı Depolar,3,23
30643,Pınarbaşı Kavşak,3,23
30644,Pınarbaşı Kavşak,3,23
14647,Pınarlı,3,23
14648,Pınarlı,3,23
14649,Pınarlı Cami,3,23
14650,Pınarlı Cami,3,23
30219,Rafet Paşa,3,23
50635,Rektörlük,3,23
51505,Rektörlük,3,23
10519,Sadettin Tezcan Özel Eğitim Meslek Okulu,3,23
10520,Sadettin Tezcan Özel Eğitim Meslek Okulu,3,23
50662,Saha,3,23
50663,Saha,3,23
12714,Saka,3,23
12717,Saka,3,23
12989,Sanayi Caddesi,3,23
12990,Sanayi Caddesi,3,23
11222,Sanayi Sitesi,3,23
11223,Sanayi Sitesi,3,23
30212,Sanayi Sitesi,3,23
24252,Santorini Sitesi,3,23
24253,Santorini Sitesi,3,23
13000,Sarnıç,3,23
12971,Sarnıç Belediye Garajı,3,23
12972,Sarnıç Belediye Garajı,3,23
12985,Sarnıç Eski Son durak,3,23
12986,Sarnıç Eski Son durak,3,23
12957,Sarnıç Köprüsü,3,23
12967,Sarnıç Meydan,3,23
12968,Sarnıç Meydan,3,23
12991,Sarnıç Piknik Alanı,3,23
12992,Sarnıç Piknik Alanı,3,23
12975,Sarnıç Sağlık Ocağı,3,23
12976,Sarnıç Sağlık Ocağı,3,23
12977,Sarnıç Trafo,3,23
12978,Sarnıç Trafo,3,23
12987,Sarnıç Çamlık,3,23
12988,Sarnıç Çamlık,3,23
22985,Sarıdere,3,23
22986,Sarıdere,3,23
14985,Sarıkaya,3,23
14986,Sarıkaya,3,23
11989,Sarışın,3,23
11990,Sarışın,3,23
31850,Sağlık Müdürlüğü,3,23
31851,Sağlık Müdürlüğü,3,23
40588,Sağlık Ocağı,3,23
40589,Sağlık Ocağı,3,23
50684,Sağlık Ocağı,3,23
50685,Sağlık Ocağı,3,23
40457,Selviler,3,23
40458,Selviler,3,23
23442,Selçuk Mahallesi,3,23
23443,Selçuk Mahallesi,3,23
30561,Selçuk Yaşar Boyacılık EML,3,23
30562,Selçuk Yaşar Boyacılık EML,3,23
16217,Sempati,3,23
16218,Sempati,3,23
50205,Sera,3,23
30224,Sevgi,3,23
31121,Sevgi,3,23
31122,Sevgi,3,23
31385,Sevgi,3,23
31386,Sevgi,3,23
11486,Sevgi Yolu,3,23
11489,Sevgi Yolu,3,23
21355,Site 1,3,23
21356,Site 1,3,23
21357,Site 2,3,23
21358,Site 2,3,23
21414,Son Direk,3,23
21415,Son Direk,3,23
41227,Sosyal Yaşam Merkezi,3,23
41228,Sosyal Yaşam Merkezi,3,23
22050,Soyak,3,23
22051,Soyak,3,23
22141,Soyak,3,23
22426,Soyak İzsu,3,23
32332,Soğukpınar,3,23
23306,Spor Kondisyon Parkı,3,23
21600,Spor Sahası,3,23
21601,Spor Sahası,3,23
40592,Sultan Alparslan Anadolu Lisesi,3,23
40593,Sultan Alparslan Anadolu Lisesi,3,23
31281,Suphi Koyuncu,3,23
10273,Susuz Dede,3,23
50645,Süreyya Sultan Evleri,3,23
50646,Süreyya Sultan Evleri,3,23
23662,Sürgün Abidesi,3,23
41165,Süsen,3,23
41168,Süsen,3,23
11527,Süt Fabrikası,3,23
11528,Süt Fabrikası,3,23
31580,Sütçüler Köyü Girişi,3,23
31583,Sütçüler Köyü Girişi,3,23
30183,Sıdıka Rodop Lisesi,3,23
23429,Tabak Köprüsü,3,23
23430,Tabak Köprüsü,3,23
10110,Talatpaşa,3,23
10111,Talatpaşa,3,23
24022,Tariş,3,23
10909,Tasiş Ambar,3,23
16128,Taşkesik Benzinlik,3,23
10234,Tekeli İstasyon,3,23
11394,Tekeli İstasyon Yolu,3,23
11395,Tekeli İstasyon Yolu,3,23
23435,Tekkeboğazı Sokak,3,23
23436,Tekkeboğazı Sokak,3,23
22979,Tekkedere,3,23
22980,Tekkedere,3,23
41088,Telsizler,3,23
41089,Telsizler,3,23
31132,Tepe,3,23
51742,Tepe Kahve,3,23
51743,Tepe Kahve,3,23
50744,Teras Evler,3,23
50745,Teras Evler,3,23
21597,Teraslı Park,3,23
21598,Teraslı Park,3,23
30647,Termak,3,23
30648,Termak,3,23
24098,Terminal,3,23
24099,Terminal,3,23
20433,Terzi,3,23
20434,Terzi,3,23
15258,Tire Anadolu İmam Hatip Lisesi,3,23
15259,Tire Anadolu İmam Hatip Lisesi,3,23
15264,Tire Meydan,3,23
15265,Tire Meydan,3,23
15260,Tire Park,3,23
15261,Tire Park,3,23
15268,Tire Sanatkarlar,3,23
15269,Tire Sanatkarlar,3,23
15266,Tire Stadı,3,23
15267,Tire Stadı,3,23
15272,Tire Terminal,3,23
15273,Tire Terminal,3,23
15256,Tire Toplu Konutlar,3,23
15257,Tire Toplu Konutlar,3,23
16118,Tire Yolu,3,23
15270,Tire Zümrüt,3,23
15271,Tire Zümrüt,3,23
15262,Tire İstasyon,3,23
15263,Tire İstasyon,3,23
41219,Toki AVM,3,23
41222,Toki AVM,3,23
22516,Toki Okul,3,23
22539,Toki Okul,3,23
41217,Toki Okul,3,23
41220,Toki Okul,3,23
30373,Topçu Birliği,3,23
15955,Torbalı Devlet Hastanesi Kavşağı,3,23
15956,Torbalı Devlet Hastanesi Kavşağı,3,23
15665,Torbalı Diş Hastanesi,3,23
15666,Torbalı Diş Hastanesi,3,23
10864,Torbalı Galeri,3,23
11547,Torbalı Galeri,3,23
10860,Torbalı Garajı,3,23
10866,Torbalı Garajı,3,23
14320,Torbalı Konutlar,3,23
14321,Torbalı Konutlar,3,23
14324,Torbalı Stad,3,23
14325,Torbalı Stad,3,23
12624,Trafo,3,23
21743,Trafo,3,23
21744,Trafo,3,23
20989,Turan Çakın İlkokulu,3,23
20990,Turan Çakın İlkokulu,3,23
31391,Turgut Reis,3,23
31392,Turgut Reis,3,23
20553,Tünel,3,23
20554,Tünel,3,23
51200,Ulamış Cami,3,23
51201,Ulamış Cami,3,23
51202,Ulamış Kahveler,3,23
51203,Ulamış Kahveler,3,23
51198,Ulamış Mezarlık,3,23
51199,Ulamış Mezarlık,3,23
51206,Ulamış Çeşme,3,23
51207,Ulamış Çeşme,3,23
51196,Ulamış İlkokulu,3,23
51197,Ulamış İlkokulu,3,23
24040,Ulu Cami Muhtarlık,3,23
24041,Ulu Cami Muhtarlık,3,23
21538,Ulu-Koop,3,23
21509,Ulukent Ortaokulu,3,23
21510,Ulukent Ortaokulu,3,23
10426,Umur Bey,3,23
15898,Uzundere Kavşağı,3,23
15899,Uzundere Kavşağı,3,23
52037,Uğur Koleji,3,23
52038,Uğur Koleji,3,23
50337,Uğur Mumcu,3,23
50338,Uğur Mumcu,3,23
21646,Vali Kutlu Aktaş,3,23
21647,Vali Kutlu Aktaş,3,23
11895,Veterinerlik,3,23
11896,Veterinerlik,3,23
21615,Villakent Anadolu Lisesi,3,23
21616,Villakent Anadolu Lisesi,3,23
21595,Villakent Giriş,3,23
21596,Villakent Giriş,3,23
21607,Villakent Merkez,3,23
21610,Villakent Merkez,3,23
51507,Yabancı Diller,3,23
51510,Yabancı Diller,3,23
12431,Yadigar Cami,3,23
12432,Yadigar Cami,3,23
41215,Yahya Kemal Beyatlı,3,23
41218,Yahya Kemal Beyatlı,3,23
50331,Yaka Giriş,3,23
50332,Yaka Giriş,3,23
20549,Yamanlar Karakol,3,23
20550,Yamanlar Karakol,3,23
22540,Yamanlar Muradiye Cami,3,23
22541,Yamanlar Muradiye Cami,3,23
20543,Yamanlar PTT,3,23
20544,Yamanlar PTT,3,23
20548,Yamanlar Semt Kütüphanesi,3,23
22550,Yamanlar Yeni Son Durak,3,23
20545,Yamanlar Çeşme,3,23
20546,Yamanlar Çeşme,3,23
20720,Yamaç Parkı,3,23
11525,Yaren Dede,3,23
40613,Yavuz Sultan Selim Cami,3,23
40614,Yavuz Sultan Selim Cami,3,23
15131,Yağlar,3,23
15132,Yağlar,3,23
15121,Yağlar Çıkış,3,23
15122,Yağlar Çıkış,3,23
22061,Yaşam,3,23
10430,Yaşar Üniversitesi,3,23
50489,Yelki Saha,3,23
50490,Yelki Saha,3,23
15952,Yeni Mahalle Alt Yol,3,23
40932,Yeni Mezarlık,3,23
40933,Yeni Mezarlık,3,23
40966,Yeni Mezarlık İki,3,23
40967,Yeni Mezarlık İki,3,23
22784,Yeni Şakran  Merkez,3,23
22777,Yeni Şakran Giriş,3,23
22780,Yeni Şakran Giriş,3,23
22783,Yeni Şakran Yol Ayrımı,3,23
41295,Yenigün Muhtar,3,23
41296,Yenigün Muhtar,3,23
22981,Yenikent,3,23
22982,Yenikent,3,23
14671,Yeniköy Cami,3,23
14672,Yeniköy Cami,3,23
14673,Yeniköy Şehit Cengiz Topel İlkokulu,3,23
14674,Yeniköy Şehit Cengiz Topel İlkokulu,3,23
15876,Yenitepe Erguvan,3,23
15879,Yenitepe Erguvan,3,23
15880,Yenitepe Giriş,3,23
15881,Yenitepe Giriş,3,23
15877,Yenitepe Meydan,3,23
15878,Yenitepe Meydan,3,23
15537,Yeniçiftlik Benzinlik,3,23
15538,Yeniçiftlik Benzinlik,3,23
11698,Yeniçiftlik İlkokulu,3,23
11699,Yeniçiftlik İlkokulu,3,23
11897,Yenişehir Gıda Çarşısı İZSU Yanı,3,23
11898,Yenişehir Gıda Çarşısı İZSU Yanı,3,23
23525,Yerlitahtacı Yol Ayrımı,3,23
23526,Yerlitahtacı Yol Ayrımı,3,23
14983,Yeşil Ova,3,23
14984,Yeşil Ova,3,23
31137,Yeşil Ulu Cami,3,23
31138,Yeşil Ulu Cami,3,23
14981,Yeşilköy,3,23
14982,Yeşilköy,3,23
30222,Yeşilova,3,23
12323,Yeşilyurt Merkez Cami,3,23
12324,Yeşilyurt Merkez Cami,3,23
21729,Yol,3,23
21730,Yol,3,23
14940,Yolüstü Benzinlik,3,23
14942,Yolüstü Kahveler,3,23
14944,Yolüstü Meydan,3,23
14946,Yolüstü Seralar,3,23
23450,Yukarıbey Cami,3,23
23451,Yukarıbey Cami,3,23
23448,Yukarıbey Giriş,3,23
23449,Yukarıbey Giriş,3,23
30543,Yunus Emre,3,23
51513,Yurtlar,3,23
12797,Yurtoğlu Pazaryeri,3,23
12798,Yurtoğlu Pazaryeri,3,23
12796,Yurtoğlu Son Durak,3,23
24236,Yuvam 2,3,23
21325,Yörük,3,23
21326,Yörük,3,23
50654,Yüksek Teknoloji,3,23
50655,Yüksek Teknoloji,3,23
51824,Yüksek Teknoloji Giriş,3,23
51825,Yüksek Teknoloji Giriş,3,23
30214,Yıldırım,3,23
30206,Yıldırım Beyazıt Cami,3,23
20826,Yıldız,3,23
20827,Yıldız,3,23
41086,Yıldız,3,23
41087,Yıldız,3,23
31243,Zehra Hoca İlköğretim Okulu,3,23
31244,Zehra Hoca İlköğretim Okulu,3,23
21670,Zerdeçal,3,23
21671,Zerdeçal,3,23
14651,Zeybek,3,23
14652,Zeybek,3,23
10901,Zeytin Köy,3,23
10906,Zeytin Köy,3,23
23391,Zeytinli Parkı,3,23
11931,Zeytinlik,3,23
14641,Zeytinova,3,23
14642,Zeytinova,3,23
12562,Zincirlikuyu 2,3,23
12563,Zincirlikuyu 2,3,23
21521,Zirve,3,23
21522,Zirve,3,23
20419,Çam,3,23
20420,Çam,3,23
30416,Çamkule Pazar Yeri,3,23
11413,Çamlıca Kavşağı,3,23
22300,Çamlıkent,3,23
22301,Çamlıkent Giriş,3,23
22302,Çamlıkent Giriş,3,23
22303,Çamlıkent Meydan,3,23
22304,Çamlıkent Meydan,3,23
22305,Çamlıkent Çıkış,3,23
22306,Çamlıkent Çıkış,3,23
22793,Çandarlı Yol Ayrımı,3,23
22796,Çandarlı Yol Ayrımı,3,23
10215,Çankaya,3,23
50610,Çardak,3,23
50661,Çardak,3,23
50649,Çardak Kamp,3,23
50650,Çardak Kamp,3,23
12981,Çarşı,3,23
12982,Çarşı,3,23
13502,Çatalca Yol Ayrımı,3,23
23444,Çavuşali Sokak,3,23
23445,Çavuşali Sokak,3,23
41213,Çay  Bahçesi,3,23
41216,Çay  Bahçesi,3,23
14973,Çaylı Aydın,3,23
14974,Çaylı Aydın,3,23
14975,Çaylı Koşuyolu,3,23
14976,Çaylı Koşuyolu,3,23
40528,Çağdaş,3,23
40529,Çağdaş,3,23
10282,Çeşme,3,23
22849,Çeşme,3,23
22850,Çeşme,3,23
11218,Çiftlik,3,23
11219,Çiftlik,3,23
50647,Çiftlik,3,23
50648,Çiftlik,3,23
14991,Çiftlikköy,3,23
14992,Çiftlikköy,3,23
23253,Çilek Bahçesi,3,23
23254,Çilek Bahçesi,3,23
21727,Çileklik,3,23
21728,Çileklik,3,23
12118,Çimentepe Aile Sağlık Merkezi,3,23
12121,Çimentepe Aile Sağlık Merkezi,3,23
31308,Çiçekli,3,23
31309,Çiçekli,3,23
22145,Çiğli Aktarma Merkezi,3,23
22146,Çiğli Aktarma Merkezi,3,23
20751,Çiğli Emniyet Müdürlüğü,3,23
20752,Çiğli Emniyet Müdürlüğü,3,23
20927,Çiğli Kooperatif 1,3,23
20928,Çiğli Kooperatif 1,3,23
20931,Çiğli Kooperatif 2,3,23
20932,Çiğli Kooperatif 2,3,23
21051,Çiğli İMKB Mesleki ve Teknik Anadolu Lisesi,3,23
21052,Çiğli İMKB Mesleki ve Teknik Anadolu Lisesi,3,23
11701,Çocuk Parkı,3,23
11702,Çocuk Parkı,3,23
23390,Çocuk Parkı,3,23
10533,Çocuk parkı,3,23
10534,Çocuk parkı,3,23
31201,Çukurbahçe Cami,3,23
31202,Çukurbahçe Cami,3,23
11732,Çırpı Belediyesi,3,23
11733,Çırpı Belediyesi,3,23
10729,Çırpı Konutlar,3,23
10730,Çırpı Konutlar,3,23
11734,Çırpı Park,3,23
11735,Çırpı Park,3,23
14695,Ödemiş Belediye,3,23
14696,Ödemiş Belediye,3,23
14681,Ödemiş Giriş,3,23
14682,Ödemiş Giriş,3,23
14693,Ödemiş Hükümet Konağı,3,23
14694,Ödemiş Hükümet Konağı,3,23
14704,Ödemiş Yeni Garaj,3,23
14685,Ödemiş Çeşme,3,23
14686,Ödemiş Çeşme,3,23
14683,Ömür,3,23
14684,Ömür,3,23
13543,Ömür Beldesi,3,23
20657,Örnekköy,3,23
50668,Öğretmenler,3,23
50669,Öğretmenler,3,23
50370,Ünlü,3,23
13497,Üzüm Bağları,3,23
13498,Üzüm Bağları,3,23
50002,Üçkuyular İskele Son Durak,3,23
50003,Üçkuyular İskele Son Durak,3,23
40328,Üçyol,3,23
40329,Üçyol,3,23
10613,Üçyol Sevgi Yolu Parkı,3,23
51515,İYTE Kız Öğrenci Yurdu,3,23
52165,İYTE Kız Öğrenci Yurdu,3,23
51516,İYTE Sera,3,23
51518,İYTE Son Durak,3,23
51740,İYTE Yaşam Merkezi,3,23
51741,İYTE Yaşam Merkezi,3,23
52139,İYTE Öğrenci Yurdu,3,23
52140,İYTE Öğrenci Yurdu,3,23
31203,İbrahim Ethem,3,23
31204,İbrahim Ethem,3,23
41373,İde,3,23
21055,İlkevler,3,23
21056,İlkevler,3,23
21058,İlkevler 2,3,23
23514,İlkevler 2,3,23
14667,İlkkurşun,3,23
14668,İlkkurşun,3,23
16157,İlkkurşun Küme,3,23
16158,İlkkurşun Küme,3,23
16145,İlkkurşun Ova,3,23
16146,İlkkurşun Ova,3,23
23602,İncecikler,3,23
23603,İncecikler,3,23
22634,İncirlik,3,23
22635,İncirlik,3,23
40183,İnkılap,3,23
20578,İnönü Kültür Merkezi,3,23
20579,İnönü Kültür Merkezi,3,23
40273,İnönü Mahallesi Muhtarlık,3,23
40274,İnönü Mahallesi Muhtarlık,3,23
20716,İnönü Mahallesi Muhtarlığı,3,23
22427,İnönü Mahallesi Trafo,3,23
21526,İrem Sitesi,3,23
21527,İrem Sitesi,3,23
40186,İrfan Nadir İlkokulu,3,23
40363,İrfan Nadir İlkokulu,3,23
21993,İsmail Rahmi Karadavut İlkokulu,3,23
21994,İsmail Rahmi Karadavut İlkokulu,3,23
40289,İsmail Şekip Uyal İlköğretim Okulu,3,23
40290,İsmail Şekip Uyal İlköğretim Okulu,3,23
31223,İsmet Sezgin İlköğretim Okulu,3,23
31224,İsmet Sezgin İlköğretim Okulu,3,23
24456,İsmet İnönü,3,23
40486,İstiklal,3,23
40487,İstiklal,3,23
30345,İzbeton,3,23
30346,İzbeton,3,23
30546,İzeltaş,3,23
30547,İzeltaş,3,23
30545,İzeltaş Mağaza,3,23
30548,İzeltaş Mağaza,3,23
10254,İzmir Spor,3,23
40454,İşçievleri,3,23
40867,Şafak,3,23
40870,Şafak,3,23
21619,Şahin,3,23
21620,Şahin,3,23
24213,Şakran İncirlik 2,3,23
24214,Şakran İncirlik 2,3,23
50680,Şehit,3,23
50681,Şehit,3,23
52013,Şehit Abdullah Tayyip Olçok Anadolu İmam Hatip Lisesi,3,23
52014,Şehit Abdullah Tayyip Olçok Anadolu İmam Hatip Lisesi,3,23
31205,Şehit Asteğmen Ergin KAYA,3,23
31206,Şehit Asteğmen Ergin KAYA,3,23
21609,Şehit Astsubay Ümit İnce,3,23
21612,Şehit Astsubay Ümit İnce,3,23
12804,Şehit Egemen Öztürk Ortaokulu,3,23
20828,Şehit Jandarma Komando Fikri Koruer Parkı,3,23
20829,Şehit Jandarma Komando Fikri Koruer Parkı,3,23
31227,Şehit Kara Pilot Yüzbaşı Mehmet İlker Karaman,3,23
31228,Şehit Kara Pilot Yüzbaşı Mehmet İlker Karaman,3,23
50374,Şehit Kemal,3,23
12325,Şehit Muzaffer Erdönmez İlkokulu,3,23
12326,Şehit Muzaffer Erdönmez İlkokulu,3,23
30208,Şehit Piyade Ferhat Altın,3,23
31185,Şehit Polis Fethi Sekin İlköğretim Okulu,3,23
31186,Şehit Polis Fethi Sekin İlköğretim Okulu,3,23
22543,Şehit Yüzbaşı Ali Rıza Sadak İlkokulu,3,23
22544,Şehit Yüzbaşı Ali Rıza Sadak İlkokulu,3,23
16025,Şehit Öğretmen Ayhan Kökmen,3,23
16026,Şehit Öğretmen Ayhan Kökmen,3,23
21317,Şehit Üsteğmen İbrahim Fahri Efendi,3,23
21318,Şehit Üsteğmen İbrahim Fahri Efendi,3,23
50487,Şehit İlhami Yılmaz,3,23
50488,Şehit İlhami Yılmaz,3,23
51511,Şenlik Alanı,3,23
51514,Şenlik Alanı,3,23
10936,Şirince Yolu,3,23
10937,Şirince Yolu,3,23
14669,Şirinköy,3,23
14670,Şirinköy,3,23
41172,Şirinyer Aktarma,3,23
41177,Şirinyer Aktarma,3,23
41310,Şirinyer Aktarma,3,23
40159,Şirinyer Parkı,3,23
30330,112 Acil Çağrı Merkezi Müdürlüğü,2,24
10390,26 Ağustos Kapısı,2,24
23974,4. Cadde,2,24
23975,4. Cadde,2,24
32358,5. Etap Üst Yol,2,24
32359,5. Etap Üst Yol,2,24
32366,6. Etap,2,24
32367,6. Etap,2,24
32364,6. Etap Tepe,2,24
32365,6. Etap Tepe,2,24
11830,7 Nolu Sağlık Ocağı,2,24
11831,7 Nolu Sağlık Ocağı,2,24
32360,7. Etap,2,24
32361,7. Etap,2,24
32362,7. Etap Tepe,2,24
32363,7. Etap Tepe,2,24
32368,8. Etap,2,24
32369,8. Etap Alt Yol,2,24
41345,Ada,2,24
41346,Ada,2,24
12007,Adem Yavuz,2,24
12008,Adem Yavuz,2,24
12011,Adem Yavuz Parkı,2,24
12012,Adem Yavuz Parkı,2,24
40431,Adnan Kahveci Parkı,2,24
40432,Adnan Kahveci Parkı,2,24
22083,Ahmet Yesevi,2,24
22084,Ahmet Yesevi,2,24
21246,Ahmet Yesevi Cami,2,24
21247,Ahmet Yesevi Cami,2,24
40764,Ahmet Yesevi Öğrenci Yurdu,2,24
40765,Ahmet Yesevi Öğrenci Yurdu,2,24
21921,Ahşap Ev,2,24
21922,Ahşap Ev,2,24
31592,Akalan Park,2,24
31595,Akalan Park,2,24
31586,Akalan Sütçüler Okul,2,24
31589,Akalan Sütçüler Okul,2,24
32441,Akalan Yan Yol,2,24
32442,Akalan Yan Yol,2,24
32398,Akalan Çiftlik,2,24
32399,Akalan Çiftlik,2,24
40330,Akasma,2,24
40331,Akasma,2,24
20755,Akasya,2,24
20756,Akasya,2,24
32424,Akevler,2,24
32425,Akevler,2,24
50734,Akgün Sitesi,2,24
50735,Akgün Sitesi,2,24
24005,Akif Ersezgin Lisesi,2,24
21640,Aksu,2,24
21641,Aksu,2,24
14603,Aktepe Meşe,2,24
14604,Aktepe Meşe,2,24
12922,Akyüz,2,24
12923,Akyüz,2,24
20818,Akçaağaç,2,24
20819,Akçaağaç,2,24
13919,Akçaköy,2,24
13917,Akçaköy  İncir Fabrikası,2,24
13918,Akçaköy  İncir Fabrikası,2,24
16647,Akçaköy Yolu,2,24
16648,Akçaköy Yolu,2,24
40826,Alan,2,24
40828,Alan,2,24
51767,Alaçatı Atatürk,2,24
51768,Alaçatı Atatürk,2,24
51777,Alaçatı Dostluk,2,24
51778,Alaçatı Dostluk,2,24
51775,Alaçatı Güneş,2,24
51776,Alaçatı Güneş,2,24
51817,Alaçatı Mavi,2,24
51818,Alaçatı Mavi,2,24
51813,Alaçatı Sanayi,2,24
51814,Alaçatı Sanayi,2,24
51771,Alaçatı Stadı,2,24
51772,Alaçatı Stadı,2,24
51773,Alaçatı Çamlı,2,24
51774,Alaçatı Çamlı,2,24
51815,Alaçatı Çiçek,2,24
51816,Alaçatı Çiçek,2,24
12934,Albay İbrahim Karaoğlanoğlu,2,24
12935,Albay İbrahim Karaoğlanoğlu,2,24
41114,Ali Fuat Cebesoy İlkokulu,2,24
40243,Ali Kuşçu İlkokulu,2,24
40244,Ali Kuşçu İlkokulu,2,24
40757,Ali Rıza Efendi İlkokulu,2,24
40758,Ali Rıza Efendi İlkokulu,2,24
23920,Aliağa Balıkçı Barınağı,2,24
23921,Aliağa Balıkçı Barınağı,2,24
10413,Alsancak Gar,2,24
40267,Altınevler,2,24
40268,Altınevler,2,24
24014,Altınkent,2,24
24421,Alışveriş Merkezi,2,24
24422,Alışveriş Merkezi,2,24
31839,Alışveriş Merkezi,2,24
31840,Alışveriş Merkezi,2,24
51591,Ambarseki,2,24
51592,Ambarseki,2,24
51593,Ambarseki  Filiz,2,24
51594,Ambarseki  Filiz,2,24
10274,Amerikan Koleji,2,24
21147,Ana Jet Üssü,2,24
21148,Ana Jet Üssü,2,24
30745,Anıt,2,24
30746,Anıt,2,24
24304,Apan Çeşme,2,24
24305,Apan Çeşme,2,24
41343,Ardıç,2,24
41344,Ardıç,2,24
51857,Ardıç,2,24
51858,Ardıç,2,24
51008,Armola,2,24
51009,Armola,2,24
30802,Armutlu Merkez,2,24
30803,Armutlu Merkez,2,24
30800,Armutlu Mezarlık,2,24
30801,Armutlu Mezarlık,2,24
30804,Armutlu Ortaokulu,2,24
30805,Armutlu Ortaokulu,2,24
30862,Armutlu Park,2,24
32281,Armutlu Park,2,24
30860,Armutlu Sağlık Ocağı,2,24
30863,Armutlu Sağlık Ocağı,2,24
15567,Arıtma,2,24
15568,Arıtma,2,24
32205,Arıtma Tesisi,2,24
23541,Asarlık Polis Merkezi,2,24
21686,Asarlık Toki Evleri Son Durak,2,24
21684,Asarlık Toki Evleri Tepe,2,24
21685,Asarlık Toki Evleri Tepe,2,24
21680,Asarlık Toki Evleri Trafo,2,24
21681,Asarlık Toki Evleri Trafo,2,24
21682,Asarlık Toki Evleri Üçyol,2,24
21683,Asarlık Toki Evleri Üçyol,2,24
11370,Asfalt,2,24
11371,Asfalt,2,24
11443,Asmalı,2,24
20733,Ata,2,24
20734,Ata,2,24
22620,Ata,2,24
22621,Ata,2,24
50202,Ata Durağı,2,24
23368,Atatürk Caddesi,2,24
16368,Atatürk Ortaokulu,2,24
16369,Atatürk Ortaokulu,2,24
30510,Ayakkabıcılar Sitesi Son Durak,2,24
12049,Aydın,2,24
12050,Aydın,2,24
31187,Aydınkent,2,24
31188,Aydınkent,2,24
20759,Aydınlıkevler Cami,2,24
20760,Aydınlıkevler Cami,2,24
20757,Aydınlıkevler Muhtarlık,2,24
20758,Aydınlıkevler Muhtarlık,2,24
20763,Aydınlıkevler Park,2,24
20764,Aydınlıkevler Park,2,24
23661,Aygün,2,24
13911,Aynısefa,2,24
13912,Aynısefa,2,24
15894,Ayrancılar Sağlık Ocağı,2,24
11228,Ayrancılar Çıkış,2,24
11229,Ayrancılar Çıkış,2,24
12999,Açelya,2,24
52011,Ağalar Deresi,2,24
52012,Ağalar Deresi,2,24
50570,Ağaçlıyol,2,24
50571,Ağaçlıyol,2,24
31561,Aşağı Yenmiş Köyü Girişi,2,24
31578,Aşağı Yenmiş Köyü Girişi,2,24
23482,Aşağıcuma Okul,2,24
31860,Aşık Veysel Rekreasyon Alanı,2,24
30654,BMC 2,2,24
32222,Badem,2,24
32223,Badem,2,24
52050,Bademler Dere,2,24
52051,Bademler Dere,2,24
50491,Bademler Giriş,2,24
50492,Bademler Giriş,2,24
10007,Bahribaba,2,24
10021,Bahribaba,2,24
12511,Bahriye Üçok Mahallesi Köprü,2,24
15836,Bahriye Üçok Mahallesi Köprü,2,24
51470,Bahçe,2,24
51471,Bahçe,2,24
11224,Bahçeler,2,24
11225,Bahçeler,2,24
32370,Bahçeler,2,24
32371,Bahçeler,2,24
31841,Bahçeşehir Koleji,2,24
31842,Bahçeşehir Koleji,2,24
23769,Bakırçay  YDY,2,24
21594,Bakırçay  Üniversitesi,2,24
24126,Bakırçay Lisesi,2,24
11376,Balkan,2,24
11377,Balkan,2,24
11920,Ballıkuyu,2,24
11903,Ballıkuyu Eski Son Durak,2,24
11901,Ballıkuyu Çeşme,2,24
52184,Balıklıova Yolu,2,24
52185,Balıklıova Yolu,2,24
51573,Balıkçı Kulesi,2,24
51574,Balıkçı Kulesi,2,24
13640,Baraj Yolu,2,24
13641,Baraj Yolu,2,24
10781,Barbaros,2,24
10782,Barbaros,2,24
50568,Bardakçı,2,24
50569,Bardakçı,2,24
20609,Barış,2,24
20610,Barış,2,24
21887,Barış,2,24
21888,Barış,2,24
40241,Barış,2,24
40242,Barış,2,24
24003,Bayatlı,2,24
24009,Bayatlı Çıkış,2,24
24021,Bayrak,2,24
22139,Bayraklı Evleri,2,24
23304,Bayraklı Evleri,2,24
15931,Bayındır Giriş,2,24
15932,Bayındır Giriş,2,24
13998,Bayındır Sanayi,2,24
13999,Bayındır Sanayi,2,24
15154,Bayındır Tariş,2,24
15155,Bayındır Tariş,2,24
21855,Bağarası Atatürk Parkı,2,24
21856,Bağarası Atatürk Parkı,2,24
24392,Bağarası Atölye,2,24
24393,Bağarası Atölye,2,24
21843,Bağarası Buz,2,24
21844,Bağarası Buz,2,24
21841,Bağarası Giriş,2,24
21842,Bağarası Giriş,2,24
21845,Bağarası Küçük Sanayi,2,24
21846,Bağarası Küçük Sanayi,2,24
21849,Bağarası Mavi,2,24
21850,Bağarası Mavi,2,24
24622,Bağarası Çarşı,2,24
24623,Bağarası Çarşı,2,24
21853,Bağarası İlkokulu,2,24
21854,Bağarası İlköğretim Okulu,2,24
50190,Başak,2,24
31519,Begonya,2,24
31520,Begonya,2,24
41301,Belediye Ek Hizmet Binası,2,24
41302,Belediye Ek Hizmet Binası,2,24
31418,Belediye Evleri,2,24
31419,Belediye Evleri,2,24
24269,Belen Kümeevler,2,24
24270,Belen Kümeevler,2,24
23263,Belen Yayla,2,24
23264,Belen Yayla,2,24
15503,Belevi Depolar,2,24
15504,Belevi Depolar,2,24
10897,Belevi Kavşak,2,24
10902,Belevi Kavşak,2,24
15500,Belevi İstasyon,2,24
23132,Bergama Saklıbahçe,2,24
40449,Betonyol,2,24
15471,Beydağ Denizli Yolu,2,24
15472,Beydağ Denizli Yolu,2,24
15473,Beydağ Stadı,2,24
51977,Beylik Bağı,2,24
51978,Beylik Bağı,2,24
30056,Beşinci Sanayi,2,24
30061,Beşinci Sanayi,2,24
30082,Beşinci Sanayi Giriş,2,24
30083,Beşinci Sanayi Giriş,2,24
12510,Birinci Trafo,2,24
12513,Birinci Trafo,2,24
31495,Birlik,2,24
12979,Bisikletçi,2,24
30705,Bornova Doğanlar Stadyum,2,24
30706,Bornova Doğanlar Stadyum,2,24
30004,Bornova Metro,2,24
30014,Bornova Metro,2,24
30017,Bornova Metro,2,24
31867,Bornova Viyadüğü,2,24
20021,Bostanlı İskele,2,24
20023,Bostanlı İskele,2,24
20024,Bostanlı İskele,2,24
20025,Bostanlı İskele,2,24
20033,Bostanlı İskele,2,24
40759,Buca Doğum Evi,2,24
40760,Buca Doğum Evi,2,24
11859,Buca Köprüsü,2,24
11860,Buca Köprüsü,2,24
41305,Buca Oyak Sitesi,2,24
41307,Buca Oyak Sitesi,2,24
40024,Buca Sosyal Güvenlik Kurumu,2,24
40524,Buca Tütün İhracatçıları Birliği İlkokulu,2,24
41401,Buca Tütün İhracatçıları Birliği İlkokulu,2,24
40744,Buca Üçkuyular Meydan,2,24
22840,Burmalı Çeşme,2,24
23831,Buruncuk İ.Ö,2,24
32153,Bölge İstasyonu,2,24
22836,Bülent Ecevit Meydanı,2,24
20599,Camcı,2,24
20600,Camcı,2,24
30504,Caner,2,24
31487,Cem Bakioğlu Lisesi,2,24
31488,Cem Bakioğlu Lisesi,2,24
21824,Cemalettin Asku,2,24
13748,Cembekler,2,24
13749,Cembekler,2,24
24145,Cemsultan,2,24
13277,Cumaovası Aktarma Merkezi,2,24
13281,Cumaovası Aktarma Merkezi,2,24
11825,Cumhuriyet Mahallesi  Merkez,2,24
11826,Cumhuriyet Mahallesi Hastane,2,24
11827,Cumhuriyet Mahallesi Hastane,2,24
11824,Cumhuriyet Mahallesi Merkez,2,24
20681,Cumhuriyet Mahallesi Üçyol,2,24
11840,Cumhuriyet Sanayi,2,24
11843,Cumhuriyet Sanayi,2,24
31189,Dalgın,2,24
31190,Dalgın,2,24
13680,Dağ Evleri,2,24
13681,Dağ Evleri,2,24
20795,Dede,2,24
20796,Dede,2,24
21769,Defne,2,24
21770,Defne,2,24
30060,Defne,2,24
30067,Defne,2,24
30751,Demirci,2,24
30752,Demirci,2,24
41073,Demirci Köy,2,24
30791,Demirli Çay,2,24
30792,Demirli Çay,2,24
20749,Denge Koleji,2,24
12674,Dere,2,24
12677,Dere,2,24
10952,Dereköy Yolu,2,24
10953,Dereköy Yolu,2,24
10269,Develi,2,24
11301,Develi,2,24
10267,Develi Cami,2,24
10268,Develi Cami,2,24
52039,Değirmen,2,24
52040,Değirmen,2,24
22834,Dikili Hastane,2,24
23278,Dikili Liman,2,24
22838,Dikili Lise,2,24
22830,Dikili Sahil,2,24
22842,Dikili Terminal,2,24
22832,Dikili Çocuk Bahçesi,2,24
12488,Dilek,2,24
12489,Dilek,2,24
10386,Dispanser,2,24
20658,Dizdar Cami,2,24
20659,Dizdar Cami,2,24
12918,Doktorlar Sitesi,2,24
12919,Doktorlar Sitesi,2,24
10701,Dokuz Eylül,2,24
10704,Dokuz Eylül,2,24
50187,Dokuz Eylül Deniz Bilimleri,2,24
31493,Doruk,2,24
31494,Doruk,2,24
20660,Dostlar,2,24
20661,Dostlar,2,24
30725,Dostlar,2,24
30726,Dostlar,2,24
31932,Doğa,2,24
31933,Doğa,2,24
23695,Doğakan Güngör Parkı,2,24
23696,Doğakan Güngör Parkı,2,24
22074,Doğan Çingil,2,24
22075,Doğan Çingil,2,24
13836,Doğancılar,2,24
30619,Doğanlar Hurdacılar Sitesi Cami,2,24
30620,Doğanlar Hurdacılar Sitesi Cami,2,24
30630,Doğanlar Pazaryeri,2,24
30631,Doğanlar Pazaryeri,2,24
32279,Dr. Behçet Uz Rekreasyon Alanı,2,24
32280,Dr. Behçet Uz Rekreasyon Alanı,2,24
12676,Durallar İlkokulu,2,24
12679,Durallar İlkokulu,2,24
11947,Dörtyol,2,24
20729,Dörtyol,2,24
20730,Dörtyol,2,24
23133,Dündarlı,2,24
23134,Dündarlı,2,24
23798,Dündarlı Giriş,2,24
23799,Dündarlı Giriş,2,24
24211,Dündarlı Çiftlik,2,24
24212,Dündarlı Çiftlik,2,24
23901,Dündarlı Çıkış,2,24
23902,Dündarlı Çıkış,2,24
20895,Düzyol,2,24
20896,Düzyol,2,24
21256,Düğüm,2,24
21257,Düğüm,2,24
20779,Eczane,2,24
20780,Eczane,2,24
11643,Efeler,2,24
11648,Efeler,2,24
21632,Ege,2,24
21633,Ege,2,24
11313,Ege Koop. İş Merkezi,2,24
23255,Egekent 2 Koruluk,2,24
23256,Egekent 2 Koruluk,2,24
22524,Egekent 2 Sağlık Ocağı,2,24
22525,Egekent 2 Sağlık Ocağı,2,24
23257,Egekent 2 İstiklal,2,24
23258,Egekent 2 İstiklal,2,24
11319,Egekent 4,2,24
11316,Egekent 4 2 Nolu Sağlık Ocağı,2,24
11314,Egekent 4 Giriş,2,24
11367,Egekent 4 Işık,2,24
11369,Egekent 4 Mavi,2,24
22170,Egekent Aktarma Merkezi,2,24
22171,Egekent Aktarma Merkezi,2,24
22172,Egekent Aktarma Merkezi,2,24
20971,Egekent Üçyol,2,24
20972,Egekent Üçyol,2,24
50566,Egeli,2,24
50567,Egeli,2,24
30536,Egemenlik,2,24
30772,Elit Koleji,2,24
30773,Elit Koleji,2,24
20731,Elit Sitesi,2,24
20732,Elit Sitesi,2,24
31415,Emek Sitesi,2,24
31416,Emek Sitesi,2,24
31310,Emniyet Lojmanları,2,24
31311,Emniyet Lojmanları,2,24
50184,Engelliler Eğitim Merkezi,2,24
50185,Engelliler Eğitim Merkezi,2,24
14004,Ergenli Giriş,2,24
14005,Ergenli Giriş,2,24
14006,Ergenli Meydan,2,24
14007,Ergenli Meydan,2,24
14008,Ergenli Çıkış,2,24
14009,Ergenli Çıkış,2,24
16637,Ergenli Şantiye,2,24
16638,Ergenli Şantiye,2,24
13659,Erguvan,2,24
13660,Erguvan,2,24
40387,Erguvan,2,24
40388,Erguvan,2,24
30903,Erze,2,24
30904,Erze,2,24
13162,Esbaş Otopark,2,24
41102,Esentepe Gazi Engin Çiftçioğlu İlkokulu,2,24
41103,Esentepe Gazi Engin Çiftçioğlu İlkokulu,2,24
40309,Eshot Ağır Bakım Tesisleri,2,24
40310,Eshot Ağır Bakım Tesisleri,2,24
41156,Eski Bahçe,2,24
41157,Eski Bahçe,2,24
51569,Eski Mordoğan,2,24
51570,Eski Mordoğan,2,24
12408,Etiler,2,24
12411,Etiler,2,24
20797,Evka 2 Manzara,2,24
20798,Evka 2 Manzara,2,24
20789,Evka 2 Merkez Cami,2,24
20790,Evka 2 Merkez Cami,2,24
20785,Evka 2 Postane,2,24
20786,Evka 2 Postane,2,24
20799,Evka 2 Son Durak,2,24
20783,Evka 2 Telekom,2,24
20784,Evka 2 Telekom,2,24
31502,Evka 3,2,24
31770,Evka 3 Aktarma Merkezi,2,24
31774,Evka 3 Aktarma Merkezi,2,24
31775,Evka 3 Aktarma Merkezi,2,24
31776,Evka 3 Aktarma Merkezi,2,24
31777,Evka 3 Aktarma Merkezi,2,24
31779,Evka 3 Aktarma Merkezi,2,24
12926,Evka 7,2,24
12927,Evka 7,2,24
12928,Evka 7 Son Durak,2,24
31478,Evka-3 Parkı,2,24
31479,Evka-3 Parkı,2,24
12912,Evrensel Sitesi,2,24
12913,Evrensel Sitesi,2,24
40780,Eylül,2,24
40781,Eylül,2,24
11621,Eğerci Dörtyol,2,24
11626,Eğerci Dörtyol,2,24
11619,Eğerci Eski Okul,2,24
11624,Eğerci Eski Okul,2,24
11635,Eğerci Kabristan,2,24
11640,Eğerci Kabristan,2,24
11633,Eğerci Kahveler,2,24
11637,Eğerci Kara Selviler,2,24
11638,Eğerci Kara Selviler,2,24
11642,Eğerci Kara Selviler,2,24
11645,Eğerci Üçyol,2,24
11650,Eğerci Üçyol,2,24
11625,Eğerci İlkokulu,2,24
11630,Eğerci İlkokulu,2,24
51577,Eğlenhoca,2,24
51578,Eğlenhoca,2,24
23937,Fabrika,2,24
23938,Fabrika,2,24
24159,Fabrikalar,2,24
24160,Fabrikalar,2,24
24216,Fabrikalar,2,24
24217,Fabrikalar,2,24
24545,Fabrikalar 2,2,24
51933,Fahrettin Altay Aktarma Merkezi,2,24
51939,Fahrettin Altay Aktarma Merkezi,2,24
51951,Fahrettin Altay Aktarma Merkezi,2,24
20761,Fakir Baykurt Parkı,2,24
20762,Fakir Baykurt Parkı,2,24
40763,Fatih,2,24
12009,Fatih Cami,2,24
12010,Fatih Cami,2,24
32258,Fatih Cami,2,24
32259,Fatih Cami,2,24
11662,Fatih İlkokulu,2,24
24050,Fen İşleri,2,24
23982,Fener,2,24
23983,Fener,2,24
11949,Ferahlı,2,24
11364,Fesleğen,2,24
11365,Fesleğen,2,24
13938,Fesleğen,2,24
13939,Fesleğen,2,24
16470,Festival,2,24
16471,Festival,2,24
24054,Fevzipaşa Stadı,2,24
24055,Fevzipaşa Stadı,2,24
16170,Fidanlık,2,24
16171,Fidanlık,2,24
13940,Firuze,2,24
13941,Firuze,2,24
21889,Foça Stad,2,24
21890,Foça Stad,2,24
14601,Fuar İzmir,2,24
13656,Fulya,2,24
13671,Fulya,2,24
40263,Fırat,2,24
40264,Fırat,2,24
20701,Fırın,2,24
40177,Fırın,2,24
40178,Fırın,2,24
41162,Gardenya,2,24
41163,Gardenya,2,24
11911,Gayretiye Cami,2,24
11912,Gayretiye Cami,2,24
31306,Gayrettepe Cami,2,24
31307,Gayrettepe Cami,2,24
11953,Gazi Caddesi,2,24
11954,Gazi Caddesi,2,24
21655,Gazi Toki Yol Ayrımı,2,24
21656,Gazi Toki Yol Ayrımı,2,24
13009,Gaziemir Belediye Şantiye,2,24
13010,Gaziemir Belediye Şantiye,2,24
12947,Gaziemir İMKB Mesleki ve Teknik Anadolu Lisesi,2,24
16372,Gaziemir Şantiye,2,24
16373,Gaziemir Şantiye,2,24
11917,Gazozcu,2,24
11918,Gazozcu,2,24
23265,Gediz,2,24
23266,Gediz,2,24
14625,Genceroğlu Parkı,2,24
21678,Genç,2,24
21679,Genç,2,24
21801,Gerenköy Atatürk,2,24
21802,Gerenköy Atatürk,2,24
21721,Gerenköy Bahçe,2,24
21722,Gerenköy Bahçe,2,24
21799,Gerenköy Bakkal,2,24
21800,Gerenköy Bakkal,2,24
21838,Gerenköy Dörtyol,2,24
23969,Gerenköy Dörtyol,2,24
21493,Gerenköy Fabrika,2,24
21494,Gerenköy Fabrika,2,24
24620,Gerenköy Meydan,2,24
24621,Gerenköy Meydan,2,24
21793,Gerenköy Mezarlık,2,24
21794,Gerenköy Mezarlık,2,24
21778,Gerenköy Son Durak,2,24
24619,Gerenköy Son Durak,2,24
21805,Gerenköy Çam,2,24
21806,Gerenköy Çam,2,24
21803,Gerenköy Çeşme,2,24
21804,Gerenköy Çeşme,2,24
21795,Gerenköy Üçyol,2,24
21796,Gerenköy Üçyol,2,24
21797,Gerenköy İlkokulu,2,24
21798,Gerenköy İlkokulu,2,24
21565,Geri Gönderme Merkezi,2,24
51762,Germiyan,2,24
13634,Gonca,2,24
13635,Gonca,2,24
11020,Grand Efe,2,24
11023,Grand Efe,2,24
23349,Gurbet,2,24
23350,Gurbet,2,24
22366,Gökbaş,2,24
22367,Gökbaş,2,24
40366,Gökkuşağı,2,24
11032,Göksu,2,24
11037,Göksu,2,24
52041,Göksu,2,24
52042,Göksu,2,24
41372,Göksu Parkı,2,24
40361,Göksu Pazaryeri,2,24
40362,Göksu Pazaryeri,2,24
22387,Görece,2,24
22388,Görece,2,24
21771,Görece Eski Yol,2,24
21772,Görece Eski Yol,2,24
10695,Görece Fidanlık,2,24
23323,Görece Giriş,2,24
23324,Görece Giriş,2,24
23790,Görece Köprü,2,24
23791,Görece Köprü,2,24
24265,Görece Kümeevler,2,24
24266,Görece Kümeevler,2,24
22384,Görece Meydan,2,24
22385,Görece Meydan,2,24
23321,Görece Seralar,2,24
23322,Görece Seralar,2,24
21773,Görece Çocuk Parkı,2,24
21774,Görece Çocuk Parkı,2,24
23522,Görece Çıkış,2,24
23523,Görece Çıkış,2,24
23351,Göç İdaresi Yolu,2,24
23352,Göç İdaresi Yolu,2,24
51464,Göçmen Konutları Giriş,2,24
51465,Göçmen Konutları Giriş,2,24
21065,Gülen Kora Ortaokulu,2,24
21066,Gülen Kora Ortaokulu,2,24
11631,Güler,2,24
11636,Güler,2,24
11957,Gültepe Karakol,2,24
11958,Gültepe Karakol,2,24
16180,Gümüldür Bahçeler,2,24
30917,Güneş,2,24
30918,Güneş,2,24
40598,Güneş,2,24
40599,Güneş,2,24
23663,Güneş Panelleri,2,24
23664,Güneş Panelleri,2,24
11022,Güneş Sitesi,2,24
11027,Güneş Sitesi,2,24
12920,Güneş Sitesi,2,24
12921,Güneş Sitesi,2,24
20566,Gürgen,2,24
40107,Gürçeşme Huzurevi,2,24
10586,Gürçeşme Karakol,2,24
21638,Güvenel,2,24
21639,Güvenel,2,24
11163,Güverte,2,24
11164,Güverte,2,24
52047,Güzel Konak,2,24
52048,Güzel Konak,2,24
20956,Güzeltepe,2,24
20952,Güzeltepe Eski Son Durak,2,24
20951,Güzeltepe Eski son durak,2,24
20949,Güzeltepe Kahve,2,24
20950,Güzeltepe Kahve,2,24
20945,Güzeltepe Karakol,2,24
20946,Güzeltepe Karakol,2,24
20941,Güzeltepe Manzara,2,24
20942,Güzeltepe Manzara,2,24
20939,Güzeltepe Üçyol,2,24
20940,Güzeltepe Üçyol,2,24
20943,Güzeltepe İlkokulu,2,24
20944,Güzeltepe İlkokulu,2,24
15635,Gıda Sanayi,2,24
15636,Gıda Sanayi,2,24
40766,Hacı Bektaş Veli Parkı,2,24
10270,Hakimevleri,2,24
22031,Hakimevleri Giriş,2,24
22032,Hakimevleri Giriş,2,24
21851,Halim Foçalı Spor Salonu,2,24
21852,Halim Foçalı Spor Salonu,2,24
10496,Halkapınar 2,2,24
10454,Halkapınar Metro,2,24
10457,Halkapınar Metro,2,24
10459,Halkapınar Metro,2,24
10462,Halkapınar Metro,2,24
24300,Hamzalısüleymaniye,2,24
24301,Hamzalısüleymaniye,2,24
23659,Hancı,2,24
21151,Hanımeli,2,24
21152,Hanımeli,2,24
21767,Hanımeli,2,24
21768,Hanımeli,2,24
40796,Hanımeli,2,24
40797,Hanımeli,2,24
21377,Harmandalı Cumhuriyet,2,24
21378,Harmandalı Cumhuriyet,2,24
24249,Harmandalı Park,2,24
24250,Harmandalı Park,2,24
21367,Harmandalı Sağlık Ocağı,2,24
21368,Harmandalı Sağlık Ocağı,2,24
21373,Harmandalı İlköğretim Okulu,2,24
21374,Harmandalı İlköğretim Okulu,2,24
12931,Hasan Kara Parkı,2,24
12932,Hasan Kara Parkı,2,24
22382,Hasanlar,2,24
22383,Hasanlar,2,24
23308,Hasanlar Çıkış,2,24
11710,Hasköy Arıtma,2,24
11711,Hasköy Arıtma,2,24
11718,Hasköy Giriş,2,24
11719,Hasköy Giriş,2,24
11720,Hasköy Kahveler,2,24
11721,Hasköy Kahveler,2,24
11722,Hasköy Meydan,2,24
11723,Hasköy Meydan,2,24
11810,Hasköy Çiftlik,2,24
11811,Hasköy Çiftlik,2,24
11724,Hasköy Çıkış,2,24
11725,Hasköy Çıkış,2,24
32237,Hastane,2,24
32242,Hastane,2,24
13942,Hatmi,2,24
13943,Hatmi,2,24
22237,Hatundere İstasyon,2,24
11038,Havacılar Kampı,2,24
11043,Havacılar Kampı,2,24
10687,Havalimanı,2,24
20626,Havva Özişbakan Lisesi,2,24
20629,Havva Özişbakan Lisesi,2,24
40830,Hayat,2,24
40831,Hayat,2,24
40834,Hayat 2,2,24
22380,Haykıran Giriş,2,24
22381,Haykıran Giriş,2,24
22378,Haykıran Meydan,2,24
22379,Haykıran Meydan,2,24
22376,Haykıran Çıkış,2,24
22377,Haykıran Çıkış,2,24
12539,Hercai,2,24
12540,Hercai,2,24
41424,Hoca,2,24
41425,Hoca,2,24
10329,Hocazade Cami,2,24
10336,Hocazade Cami,2,24
14266,Hürriyet,2,24
14267,Hürriyet,2,24
32105,Hüsnü Bornovalı Ortaokulu,2,24
32106,Hüsnü Bornovalı Ortaokulu,2,24
24011,Ilıca,2,24
52151,Ilıca Benzinlik,2,24
52152,Ilıca Benzinlik,2,24
51786,Ilıca Hastane,2,24
51787,Ilıca Hastane,2,24
51781,Ilıca Köprü,2,24
51782,Ilıca Köprü,2,24
14010,Ilıca Meydan,2,24
14011,Ilıca Meydan,2,24
51784,Ilıca Terminal,2,24
32296,Işıkkent Kamyon Garajı,2,24
32297,Işıkkent Kamyon Garajı,2,24
41201,Işılay Saygın Lisesi,2,24
30058,Jandarma,2,24
30065,Jandarma,2,24
24612,Kahve Civarı,2,24
20601,Kahvehane,2,24
20602,Kahvehane,2,24
11955,Kahveler,2,24
11956,Kahveler,2,24
11030,Kalemlik,2,24
11035,Kalemlik,2,24
11362,Kamelya,2,24
11363,Kamelya,2,24
24624,Kanal,2,24
24625,Kanal,2,24
20297,Kanalboyu,2,24
20298,Kanalboyu,2,24
23679,Kantar,2,24
23680,Kantar,2,24
41116,Kaptan,2,24
12800,Karabaglar Nene Hatun Mesleki Ve Teknik Anadolu Lisesi,2,24
12520,Karabağlar Emir Sultan Ortaokulu,2,24
12523,Karabağlar Emir Sultan Ortaokulu,2,24
51635,Karaburun Azmak,2,24
51636,Karaburun Azmak,2,24
51633,Karaburun Devlet Hastanesi,2,24
51634,Karaburun Devlet Hastanesi,2,24
51589,Karaburun Esendere,2,24
51590,Karaburun Esendere,2,24
51601,Karaburun Güneş,2,24
51602,Karaburun Güneş,2,24
51832,Karaburun Hisarcık,2,24
51833,Karaburun Hisarcık,2,24
51637,Karaburun Liman,2,24
51638,Karaburun Liman,2,24
52143,Karaburun Market,2,24
52144,Karaburun Market,2,24
51599,Karaburun Mimoza,2,24
51600,Karaburun Mimoza,2,24
51641,Karaburun Mordoğan Fatma Emin Karaağaç Çok Programlı Anadolu Lisesi,2,24
51642,Karaburun Mordoğan Fatma Emin Karaağaç Çok Programlı Anadolu Lisesi,2,24
52159,Karaburun Müftülük,2,24
52160,Karaburun Müftülük,2,24
51631,Karaburun Nergis,2,24
51632,Karaburun Nergis,2,24
51604,Karaburun Son Durak,2,24
51597,Karaburun Stad,2,24
51598,Karaburun Stad,2,24
51834,Karaburun Zambak,2,24
51835,Karaburun Zambak,2,24
30501,Karacaoğlan,2,24
50188,Karakol,2,24
13669,Karakoç Dere,2,24
13670,Karakoç Dere,2,24
13636,Karakoç Kaplıcaları,2,24
13637,Karakoç Kaplıcaları,2,24
11440,Karakuyu Cami,2,24
11441,Karakuyu Cami,2,24
11444,Karakuyu Son Durak,2,24
11445,Karakuyu Son Durak,2,24
51010,Karakılçık,2,24
51011,Karakılçık,2,24
31489,Kardelen,2,24
31490,Kardelen,2,24
31930,Kardelen Sitesi,2,24
31931,Kardelen Sitesi,2,24
12514,Kardeşler,2,24
12517,Kardeşler,2,24
20002,Karşıyaka İskele,2,24
20003,Karşıyaka İskele,2,24
41135,Kasap,2,24
41161,Kasımpatı,2,24
41164,Kasımpatı,2,24
30404,Katip,2,24
30405,Katip,2,24
50564,Katip,2,24
50565,Katip,2,24
13630,Kavacık,2,24
13631,Kavacık,2,24
50722,Kavacık,2,24
13632,Kavak,2,24
13633,Kavak,2,24
12490,Kavaklı,2,24
12491,Kavaklı,2,24
30727,Kavaklıdere,2,24
30728,Kavaklıdere,2,24
30717,Kavaklıdere Köyü Cami,2,24
30718,Kavaklıdere Köyü Cami,2,24
30731,Kavaklıdere Mezarlık,2,24
30732,Kavaklıdere Mezarlık,2,24
32203,Kavaklıdere Çıkış,2,24
32204,Kavaklıdere Çıkış,2,24
23276,Kemal Atatürk Parkı,2,24
23277,Kemal Atatürk Parkı,2,24
30948,Kemalpaşa Koleji,2,24
30949,Kemalpaşa Koleji,2,24
13345,Kemer Aktarma Merkezi,2,24
13347,Kemer Aktarma Merkezi,2,24
13348,Kemer Aktarma Merkezi,2,24
13349,Kemer Aktarma Merkezi,2,24
24419,Kesik Fabrika,2,24
24420,Kesik Fabrika,2,24
23217,Kesik Fabrikalar,2,24
23218,Kesik Fabrikalar,2,24
23209,Kesik Kanal,2,24
23210,Kesik Kanal,2,24
23211,Kesik Mavi,2,24
23212,Kesik Mavi,2,24
23215,Kesik Meydan,2,24
23216,Kesik Meydan,2,24
24175,Kesik Ova,2,24
24176,Kesik Ova,2,24
23219,Kesik Saha,2,24
23220,Kesik Saha,2,24
23207,Kesik Tarla,2,24
23208,Kesik Tarla,2,24
23213,Kesik Çocuk Bahçesi,2,24
23214,Kesik Çocuk Bahçesi,2,24
21569,Keyifli Yaşam Evleri,2,24
21570,Keyifli Yaşam Evleri,2,24
15147,Kiraz Son Durak,2,24
23594,Koca Çeşme,2,24
23595,Koca Çeşme,2,24
11899,Kocakapı,2,24
10030,Konak,2,24
10037,Konak,2,24
10038,Konak,2,24
15531,Konak,2,24
15532,Konak,2,24
12827,Konut,2,24
23531,Konutlar,2,24
23532,Konutlar,2,24
21689,Koyundere Mera,2,24
21690,Koyundere Mera,2,24
21657,Koyundere Mezarlık,2,24
21688,Koyundere Mezarlık,2,24
23981,Kozak Maden,2,24
40256,Kozağaç,2,24
41428,Kozağaç,2,24
21933,Kozbeyli Meydan,2,24
21934,Kozbeyli Meydan,2,24
23895,Kozbeyli Ova,2,24
23896,Kozbeyli Ova,2,24
23891,Kozbeyli İlkokulu,2,24
23892,Kozbeyli İlkokulu,2,24
15501,Kozpınar,2,24
15502,Kozpınar,2,24
20597,Kurtuluş İpek İşeri İlköğretim Okulu,2,24
20598,Kurtuluş İpek İşeri İlköğretim Okulu,2,24
13620,Kuru Dere,2,24
13621,Kuru Dere,2,24
13907,Kurutaş,2,24
13908,Kurutaş,2,24
40835,Kuruçeşme Merkez Cami,2,24
21885,Kuşburnu,2,24
21886,Kuşburnu,2,24
50943,Kuşçular yol ayrımı,2,24
50944,Kuşçular yol ayrımı,2,24
21248,Kyk Çiğli Öğrenci Yurdu,2,24
21249,Kyk Çiğli Öğrenci Yurdu,2,24
13903,Köprü,2,24
13904,Köprü,2,24
22041,Körfez Evleri,2,24
22042,Körfez Evleri,2,24
22044,Körfez Evleri Son Durak,2,24
22039,Körfez Koru Evleri,2,24
22040,Körfez Koru Evleri,2,24
40778,Köşe,2,24
40779,Köşe,2,24
24162,Köşk Düzü Cami,2,24
24163,Köşk Düzü Cami,2,24
12406,Kültür,2,24
12409,Kültür,2,24
11024,Kültür Çarşısı,2,24
11029,Kültür Çarşısı,2,24
10353,Kültürpark,2,24
24164,Küme Evler,2,24
24165,Küme Evler,2,24
10899,Küçük Menderes Nehri,2,24
10904,Küçük Menderes Nehri,2,24
40794,Kıbrıs Sineması,2,24
40795,Kıbrıs Sineması,2,24
21636,Kılıçkent,2,24
21637,Kılıçkent,2,24
23681,Kınık Havuz,2,24
23682,Kınık Havuz,2,24
23153,Kınık Kaymakamlık,2,24
23154,Kınık Kaymakamlık,2,24
23767,Kınık Kız Yurdu,2,24
23768,Kınık Kız Yurdu,2,24
23365,Kınık Mesleki ve Teknik Anadolu Lisesi,2,24
23366,Kınık Mesleki ve Teknik Anadolu Lisesi,2,24
23135,Kınık Ocak,2,24
23136,Kınık Ocak,2,24
23996,Kınık Orman İşletme,2,24
23997,Kınık Orman İşletme,2,24
23151,Kınık Sanayi,2,24
23152,Kınık Sanayi,2,24
23147,Kınık Stad,2,24
23148,Kınık Stad,2,24
23149,Kınık Ulu Cami,2,24
23150,Kınık Ulu Cami,2,24
24390,Kınık Çok Programlı Anadolu Lisesi,2,24
24391,Kınık Çok Programlı Anadolu Lisesi,2,24
23667,Kır Mahalle Giriş,2,24
23668,Kır Mahalle Giriş,2,24
30747,Kızıl Üzüm,2,24
30748,Kızıl Üzüm,2,24
31536,Kızılay Kan Merkezi,2,24
31537,Kızılay Kan Merkezi,2,24
13721,Kızılcaova Merkez,2,24
15438,Kızıloba Ilıca Giriş,2,24
15439,Kızıloba Ilıca Giriş,2,24
14012,Kızıloba yol ayrımı,2,24
14013,Kızıloba yol ayrımı,2,24
10707,Kışlalı,2,24
10708,Kışlalı,2,24
12906,Lale,2,24
12907,Lale,2,24
40798,Lale,2,24
40799,Lale,2,24
12914,Leylak,2,24
12915,Leylak,2,24
20422,Leylak,2,24
20423,Leylak,2,24
13960,Lilyum,2,24
13961,Lilyum,2,24
12529,Limontepe,2,24
12512,Limontepe Cami,2,24
12515,Limontepe Cami,2,24
12518,Limontepe Pazar Yeri,2,24
12521,Limontepe Pazaryeri,2,24
23710,Lise,2,24
10327,Lozan,2,24
10332,Lozan,2,24
30402,MTK Giriş,2,24
30403,MTK Giriş,2,24
30406,MTK Trafo,2,24
30407,MTK Trafo,2,24
30413,MTK Çiçek,2,24
30414,MTK Çiçek,2,24
23785,Maarif Sokak,2,24
23786,Maarif Sokak,2,24
24198,Maden,2,24
51947,Makine,2,24
51948,Makine,2,24
21847,Malaçay,2,24
21848,Malaçay,2,24
15252,Maltepe,2,24
15253,Maltepe,2,24
50222,Maltepe,2,24
50223,Maltepe,2,24
22560,Maltepe Üçyol,2,24
22561,Maltepe Üçyol,2,24
51012,Mandalina,2,24
51013,Mandalina,2,24
21278,Manolya,2,24
21279,Manolya,2,24
31522,Manolya,2,24
31529,Manolya,2,24
40832,Manolya,2,24
40833,Manolya,2,24
20719,Marangoz,2,24
12779,Market,2,24
20603,Market,2,24
20604,Market,2,24
30491,Market,2,24
20735,Martı Parkı,2,24
20736,Martı Parkı,2,24
23780,Masal Evi,2,24
30749,Master,2,24
30750,Master,2,24
31316,Mavi Köşe,2,24
31317,Mavi Köşe,2,24
41138,Mavi Köşe,2,24
41139,Mavi Köşe,2,24
13576,Maviçiçek,2,24
13577,Maviçiçek,2,24
13676,Mehmetcik,2,24
13677,Mehmetcik,2,24
22137,Mehmetçik,2,24
22138,Mehmetçik,2,24
21869,Mehmetçik Parkı,2,24
21870,Mehmetçik Parkı,2,24
13274,Menderes Altgeçit,2,24
13275,Menderes Altgeçit,2,24
15572,Menderes Düğün Salonu,2,24
16194,Menderes Son Durak,2,24
24226,Menekşe Parkı Son Durak,2,24
22255,Menemen Aktarma Merkezi,2,24
22256,Menemen Aktarma Merkezi,2,24
23802,Menemen Aktarma Merkezi,2,24
23677,Menemen Cumhuriyet Ortaokulu,2,24
23678,Menemen Cumhuriyet Ortaokulu,2,24
21687,Menemen Devlet Hastanesi Acil,2,24
22458,Menemen Fidanlık,2,24
22459,Menemen Fidanlık,2,24
11041,Merkez Bankası Tesisleri,2,24
11098,Merkez Bankası Tesisleri,2,24
11382,Merkez Cami,2,24
11383,Merkez Cami,2,24
24007,Mert Öztüre İlkokulu,2,24
15622,Meslek Fabrikası,2,24
12425,Metin Oktay Mahallesi Muhtarlığı,2,24
12426,Metin Oktay Mahallesi Muhtarlığı,2,24
20737,Meydan,2,24
20738,Meydan,2,24
30054,Mezarlık,2,24
30063,Mezarlık,2,24
40640,Mimar Kemalettin İlkokulu,2,24
40641,Mimar Kemalettin İlkokulu,2,24
10388,Mimar Sinan,2,24
30739,Mopak Mesleki ve Teknik Anadolu Lisesi,2,24
30740,Mopak Mesleki ve Teknik Anadolu Lisesi,2,24
51571,Mordoğan Ardıç,2,24
51572,Mordoğan Ardıç,2,24
51563,Mordoğan Beyaz,2,24
51564,Mordoğan Beyaz,2,24
51567,Mordoğan Frezya,2,24
51568,Mordoğan Frezya,2,24
51575,Mordoğan Kayalık,2,24
51576,Mordoğan Kayalık,2,24
52346,Mordoğan Market,2,24
52347,Mordoğan Market,2,24
51562,Mordoğan Meydan,2,24
51561,Mordoğan Orkide,2,24
51566,Mordoğan Orkide,2,24
11915,Muradiye Cami,2,24
11916,Muradiye Cami,2,24
23237,Musabey Meydan,2,24
23238,Musabey Meydan,2,24
23957,Musabey Ova,2,24
23958,Musabey Ova,2,24
23247,Musabey Yol Ayrımı,2,24
23248,Musabey Yol Ayrımı,2,24
23239,Musabey Çamlar,2,24
23240,Musabey Çamlar,2,24
41140,Mustafa Kemal İlkokulu,2,24
41141,Mustafa Kemal İlkokulu,2,24
51807,Mustafa Yücel Özbilgin Parkı,2,24
51808,Mustafa Yücel Özbilgin Parkı,2,24
20607,Mutlu,2,24
20608,Mutlu,2,24
51961,Müjde,2,24
51962,Müjde,2,24
10350,Mürsel Paşa,2,24
20683,Mürşide Altınçubuk İlköğretim Okulu,2,24
30794,Nalbant,2,24
20251,Nalkesen,2,24
20256,Nalkesen,2,24
16172,Nar,2,24
16173,Nar,2,24
13667,Nar Çiçeği,2,24
13668,Nar Çiçeği,2,24
32246,Narova,2,24
31660,Nazar Köy,2,24
40814,Nergis,2,24
40815,Nergis,2,24
16371,Nevvar Salih İŞgören Devlet Hastanesi,2,24
12423,Nevvar Salih İşgören Anadolu Lisesi,2,24
12424,Nevvar Salih İşgören Anadolu Lisesi,2,24
16370,Nevvar Salih İşgören Devlet Hastanesi,2,24
23325,Nezahat Onbaşı,2,24
23326,Nezahat Onbaşı,2,24
21154,Neşeli,2,24
21161,Neşeli,2,24
51757,Nohutalan,2,24
51758,Nohutalan,2,24
51899,Nohutalan Taş Ocağı,2,24
51900,Nohutalan Taş Ocağı,2,24
51759,Nohutalan Zeytin,2,24
51760,Nohutalan Zeytin,2,24
10286,Nokta,2,24
23829,Novada,2,24
23830,Novada,2,24
20662,Nuri Vesugay Parkı,2,24
20663,Nuri Vesugay Parkı,2,24
32232,Okul,2,24
32233,Okul,2,24
32248,Okul,2,24
32337,Okul,2,24
32338,Okul,2,24
30489,Okçu,2,24
40935,Olduruk,2,24
11034,On Dört Evler,2,24
11039,On Dört Evler,2,24
40435,Onat,2,24
40436,Onat,2,24
20263,Onur,2,24
20264,Onur,2,24
20611,Onur Mahallesi,2,24
11216,Organize,2,24
11217,Organize,2,24
16807,Organize Sanayi,2,24
16808,Organize Sanayi,2,24
21139,Organize Sanayi Cami,2,24
21140,Organize Sanayi Cami,2,24
13520,Orhanlı,2,24
13521,Orhanlı,2,24
13909,Orhanlı Meydan,2,24
13910,Orhanlı Meydan,2,24
13618,Orhanlı Muhtarlık,2,24
13619,Orhanlı Muhtarlık,2,24
16416,Orkide,2,24
50708,Orkide,2,24
23319,Oruç Reis,2,24
23320,Oruç Reis,2,24
22072,Osman Gazi,2,24
22073,Osman Gazi,2,24
30334,Osman Kibar Kavşağı,2,24
31552,Otogar Yeni,2,24
24199,Ovacık,2,24
24200,Ovacık,2,24
30721,Oya,2,24
30722,Oya,2,24
22011,Oyak Blokları,2,24
22012,Oyak Blokları,2,24
13029,PTT,2,24
13030,PTT,2,24
11488,PTT 2,2,24
11491,PTT 2,2,24
30741,Pakmaya,2,24
30742,Pakmaya,2,24
24306,Palmiye,2,24
24307,Palmiye,2,24
12738,Palmiyeler,2,24
12739,Palmiyeler,2,24
11208,Pancar Meydan,2,24
11204,Pancar Muzaffer Hanım İlkokulu,2,24
11205,Pancar Muzaffer Hanım İlkokulu,2,24
11517,Pancar Pazaryeri,2,24
11226,Pancar Viraj,2,24
11227,Pancar Viraj,2,24
13622,Papatya,2,24
13623,Papatya,2,24
23899,Papatya,2,24
23900,Papatya,2,24
20893,Park,2,24
20894,Park,2,24
24172,Park,2,24
30339,Park,2,24
30354,Park,2,24
32303,Park,2,24
32304,Park,2,24
31696,Park Koza Evleri,2,24
31697,Park Koza Evleri,2,24
16099,Payamlı Mezarlık,2,24
16100,Payamlı Mezarlık,2,24
13638,Payamlı Yol ayrımı,2,24
13639,Payamlı Yol ayrımı,2,24
41426,Pazaryeri,2,24
41427,Pazaryeri,2,24
30743,Pepsi,2,24
30744,Pepsi,2,24
24229,Piriştina Parkı,2,24
24230,Piriştina Parkı,2,24
30696,Piyade Teğmen Mehmet Terzioğlu,2,24
30697,Piyade Teğmen Mehmet Terzioğlu,2,24
11345,Plastik Fabrikası,2,24
11346,Plastik Fabrikası,2,24
24247,Plastik Fabrikası,2,24
24248,Plastik Fabrikası,2,24
40108,Polis Okulu,2,24
40109,Polis Okulu,2,24
21280,Portakal,2,24
21281,Portakal,2,24
23143,Poyracık Anıt,2,24
23144,Poyracık Anıt,2,24
23137,Poyracık Beyaz Zambak,2,24
23138,Poyracık Beyaz Zambak,2,24
23141,Poyracık Meydan,2,24
23142,Poyracık Meydan,2,24
23145,Poyracık Park,2,24
23146,Poyracık Park,2,24
23139,Poyracık Zeytinlik,2,24
23140,Poyracık Zeytinlik,2,24
13905,Poyraz,2,24
13906,Poyraz,2,24
41092,Ptt,2,24
32234,Rafet Paşa,2,24
40359,Recep Ersayın İlkokulu,2,24
40360,Recep Ersayın İlkokulu,2,24
31279,Rektörlük,2,24
12781,Remzi Oğuz Arık İlkokulu,2,24
12782,Remzi Oğuz Arık İlkokulu,2,24
51779,Rıza Ertan,2,24
51780,Rıza Ertan,2,24
12524,Saadet Onart İlkokulu,2,24
12527,Saadet Onart İlkokulu,2,24
20295,Sadi Hoşses Parkı,2,24
20296,Sadi Hoşses Parkı,2,24
16155,Saha,2,24
16156,Saha,2,24
51595,Saip Köy,2,24
51596,Saip Köy,2,24
23131,Saklıbahçe,2,24
30719,Saliha Hüseyin Özyavuz Ortaokulu,2,24
30720,Saliha Hüseyin Özyavuz Ortaokulu,2,24
20595,Salkım Söğüt,2,24
20596,Salkım Söğüt,2,24
11790,Salça Fabrikası,2,24
11791,Salça Fabrikası,2,24
24047,Sanayi,2,24
24048,Sanayi,2,24
50939,Sanayi Kavşağı,2,24
50940,Sanayi Kavşağı,2,24
10974,Sancaklı Yol Ayrımı,2,24
10975,Sancaklı Yol Ayrımı,2,24
23303,Sancaklı Yolu Son Durak,2,24
12973,Sardunya,2,24
12974,Sardunya,2,24
13624,Sardunya,2,24
13625,Sardunya,2,24
32325,Sare,2,24
32326,Sare,2,24
13626,Sarmaşık,2,24
13627,Sarmaşık,2,24
21345,Sarmaşık,2,24
21346,Sarmaşık,2,24
13301,Sarnıç Aktarma Merkezi,2,24
14270,Sarnıç Gölet,2,24
14271,Sarnıç Gölet,2,24
14274,Sarnıç Yeşil,2,24
14275,Sarnıç Yeşil,2,24
14272,Sarnıç Yol Ayrımı,2,24
14273,Sarnıç Yol Ayrımı,2,24
30855,Sarı Gül,2,24
30872,Sarı Gül,2,24
22392,Sarıkaya Mevki,2,24
22393,Sarıkaya Mevki,2,24
13663,Sarısalkım,2,24
13664,Sarısalkım,2,24
21271,Sasalı Doğal Yaşam Parkı,2,24
21273,Sasalı Giriş,2,24
21274,Sasalı Meydan,2,24
21275,Sasalı Meydan,2,24
21145,Sasalı Piknik Alanı,2,24
21146,Sasalı Piknik Alanı,2,24
31154,Sayra&Çınar Parkı,2,24
23893,Sağlık Ocağı,2,24
23894,Sağlık Ocağı,2,24
40259,Selviler,2,24
40260,Selviler,2,24
12567,Seniha Mayda Ortaokulu,2,24
12568,Seniha Mayda Ortaokulu,2,24
11182,Sera,2,24
11183,Sera,2,24
50204,Sera,2,24
12564,Serdar,2,24
16865,Serdar,2,24
16466,Sevgi,2,24
16467,Sevgi,2,24
31500,Sevgi,2,24
41150,Sevgi Ferit Akın İlköğretim Okulu,2,24
41151,Sevgi Ferit Akın İlköğretim Okulu,2,24
20558,Seyir Tepe,2,24
20559,Seyir Tepe,2,24
20560,Seyit Onbaşı,2,24
20561,Seyit Onbaşı,2,24
23259,Seyrek Konutlar,2,24
23260,Seyrek Konutlar,2,24
22424,Siesta Konutları,2,24
22421,Siesta Konutları 2,2,24
22422,Siesta Konutları Yolu,2,24
20897,Site,2,24
20898,Site,2,24
51468,Site,2,24
51469,Site,2,24
21359,Site Son Durak,2,24
23269,Site Son Durak,2,24
24547,Siteler,2,24
52065,Siteler,2,24
52066,Siteler,2,24
30707,Sivil Savunma,2,24
30708,Sivil Savunma,2,24
22425,Soyak İzsu,2,24
51466,Soydaşlar,2,24
51467,Soydaşlar,2,24
12266,Spotçular,2,24
31837,Stad,2,24
31838,Stad,2,24
24056,Su Deposu,2,24
24057,Su Deposu,2,24
31635,Su Perisi,2,24
31658,Su Perisi,2,24
10272,Susuzdede,2,24
51394,Söğüt,2,24
21765,Süleymanlı,2,24
21766,Süleymanlı,2,24
23519,Süleymanlı Giriş,2,24
23520,Süleymanlı Giriş,2,24
23270,Süleymanlı Gölet yolu,2,24
23271,Süleymanlı Gölet yolu,2,24
22339,Süleymanlı Meydan,2,24
11025,Sümbül,2,24
12778,Sümbül,2,24
12908,Sümbül,2,24
12909,Sümbül,2,24
50941,Sümbül,2,24
50942,Sümbül,2,24
51769,Süren,2,24
51770,Süren,2,24
52646,Sığacık Tarla,2,24
52647,Sığacık Tarla,2,24
12740,Tahir Merzeci Ortaokulu,2,24
12741,Tahir Merzeci Ortaokulu,2,24
12410,Tahsin Yazıcı,2,24
12413,Tahsin Yazıcı,2,24
24023,Tariş,2,24
21137,Tariş İpek,2,24
21138,Tariş İpek,2,24
52157,Tarla,2,24
52158,Tarla,2,24
23607,Tarım Geliştirme Merkezi,2,24
23608,Tarım Geliştirme Merkezi,2,24
10681,Tarım Kooperatifi,2,24
10682,Tarım Kooperatifi,2,24
10751,Tarım Ürünleri Deposu,2,24
10752,Tarım Ürünleri Deposu,2,24
23245,Tarımsal Araştırma ve Eğitim Merkezi,2,24
23246,Tarımsal Araştırma ve Eğitim Merkezi,2,24
24302,Tavuk Çiftliği,2,24
24303,Tavuk Çiftliği,2,24
52045,Taşev,2,24
52046,Taşev,2,24
10333,Tekel,2,24
10338,Tekel,2,24
30774,Tekel,2,24
30775,Tekel,2,24
10221,Tekeli Efe,2,24
10222,Tekeli Efe,2,24
10236,Tekeli Esinti,2,24
10243,Tekeli Esinti,2,24
10244,Tekeli Tarım,2,24
10245,Tekeli Tarım,2,24
10223,Tekeli Yörük,2,24
10230,Tekeli Yörük,2,24
10219,Tekeli Çiftlik,2,24
10220,Tekeli Çiftlik,2,24
12793,Tekstil,2,24
12794,Tekstil,2,24
30408,Tekstilciler Cami,2,24
30409,Tekstilciler Cami,2,24
30410,Tekstilciler Çarşısı,2,24
30411,Tekstilciler Çarşısı,2,24
24227,Telli Bahçe,2,24
24228,Telli Bahçe,2,24
41104,Telsizler,2,24
41105,Telsizler,2,24
12828,Tepe,2,24
12829,Tepe,2,24
24234,Tepe,2,24
24235,Tepe,2,24
41142,Tepe,2,24
41143,Tepe,2,24
24090,Tepeköy Giriş,2,24
24000,Tepeköy Kavşak,2,24
16174,Tire ATATÜRK Std.,2,24
16175,Tire ATATÜRK Std.,2,24
15255,Tire Hastane,2,24
15254,Tire Hastanesi,2,24
15275,Tire Terminal İçi,2,24
16117,Tire Yolu,2,24
23787,Toki Konutları,2,24
24389,Toki Konutları,2,24
32341,Toki Yıldız,2,24
32342,Toki Yıldız,2,24
32339,Toki Çam,2,24
32340,Toki Çam,2,24
30703,Topçu Taburu,2,24
30704,Topçu Taburu,2,24
11511,Torbalı Aktarma,2,24
11513,Torbalı Aktarma,2,24
11492,Torbalı Askerlik Şubesi,2,24
11495,Torbalı Askerlik Şubesi,2,24
13871,Torbalı Havuz Park,2,24
13872,Torbalı Havuz Park,2,24
16452,Torbalı Mezarlık,2,24
16453,Torbalı Mezarlık,2,24
13838,Torbalı Muratbey Mahallesi,2,24
13839,Torbalı Muratbey Mahallesi,2,24
14312,Torbalı Ticaret Odası 80.Yıl İlkokulu,2,24
14313,Torbalı Ticaret Odası 80.Yıl İlkokulu,2,24
41106,Toros Pazaryeri,2,24
41107,Toros Pazaryeri,2,24
11028,Tosun Çeşmesi,2,24
11033,Tosun Çeşmesi,2,24
12846,Tulumba,2,24
12847,Tulumba,2,24
14000,Turanlı,2,24
14001,Turanlı,2,24
11040,Turizm Okulu,2,24
11045,Turizm Okulu,2,24
12404,Tüpçü,2,24
12407,Tüpçü,2,24
30522,Tır Garajı,2,24
30525,Tır Garajı,2,24
31312,Ufuk,2,24
31313,Ufuk,2,24
41096,Ufuk Cami,2,24
41097,Ufuk Cami,2,24
51943,Ulama,2,24
50429,Ulamış Merkez,2,24
50430,Ulamış Merkez,2,24
52009,Ulamış Ortaokulu,2,24
52010,Ulamış Ortaokulu,2,24
30701,Ulaştırma,2,24
30702,Ulaştırma,2,24
30901,Ulucak Cumhuriyet,2,24
30902,Ulucak Cumhuriyet,2,24
30913,Ulucak Giriş,2,24
30914,Ulucak Giriş,2,24
30915,Ulucak Spor Tesisleri,2,24
30916,Ulucak Spor Tesisleri,2,24
30919,Ulucak İlköğretim Okulu,2,24
30920,Ulucak İlköğretim Okulu,2,24
23309,Ulukent Aktarma Merkezi,2,24
23310,Ulukent Koop Giriş,2,24
23311,Ulukent Koop Giriş,2,24
22520,Ulukent Mezarlık,2,24
22521,Ulukent Mezarlık,2,24
23327,Ulukent Park,2,24
23328,Ulukent Park,2,24
11387,Uluğbey İlkokulu,2,24
11388,Uluğbey İlkokulu,2,24
11905,Umut,2,24
31498,Umut,2,24
31152,Umut Parkı,2,24
51220,Urla Stadı,2,24
51221,Urla Stadı,2,24
51753,Uzunkuyu,2,24
51754,Uzunkuyu,2,24
23669,Uğur Mumcu,2,24
23670,Uğur Mumcu,2,24
10276,Uğur Mumcu Parkı,2,24
23922,Uğur Mumcu Parkı,2,24
23923,Uğur Mumcu Parkı,2,24
32380,Vadi,2,24
31304,Vecihi Hürkuş,2,24
31305,Vecihi Hürkuş,2,24
20260,Velidedeoğlu,2,24
40257,Vicdan,2,24
40258,Vicdan,2,24
32440,Viyadük Köprüaltı,2,24
20899,Yakakent,2,24
23646,Yakakent,2,24
23645,Yakakent Son Durak,2,24
20781,Yamaç,2,24
20782,Yamaç,2,24
41225,Yamaç,2,24
41226,Yamaç,2,24
52043,Yamaç,2,24
52044,Yamaç,2,24
20721,Yamaç Parkı,2,24
12910,Yasemin,2,24
12911,Yasemin,2,24
31843,Yassıtepe Höyüğü,2,24
31844,Yassıtepe Höyüğü,2,24
23788,Yayakent,2,24
23789,Yayakent,2,24
23978,Yayakent Giriş,2,24
23979,Yayakent Giriş,2,24
23777,Yayakent Meydan,2,24
23778,Yayakent Mezarlık,2,24
23779,Yayakent Mezarlık,2,24
24599,Yayakent Sanayi,2,24
24600,Yayakent Sanayi,2,24
11384,Yazıbaşı Merkez,2,24
11385,Yazıbaşı Merkez,2,24
11378,Yazıbaşı Sağlık Ocağı,2,24
11379,Yazıbaşı Sağlık Ocağı,2,24
11389,Yazıbaşı Son Durak,2,24
11374,Yazıbaşı Tariş,2,24
11375,Yazıbaşı Tariş,2,24
11372,Yazıbaşı Tekel,2,24
11373,Yazıbaşı Tekel,2,24
13661,Yağmur,2,24
13662,Yağmur,2,24
51016,Yağmurcun,2,24
51017,Yağmurcun,2,24
40816,Yaşam,2,24
40817,Yaşam,2,24
11663,Yedi Eylül,2,24
11664,Yedi Eylül,2,24
11573,Yedi Eylül Mahallesi Mezarlık,2,24
11574,Yedi Eylül Mahallesi Mezarlık,2,24
40526,Yedi Göller,2,24
40527,Yedi Göller,2,24
40611,Yedi Göller İş Merkezi,2,24
40612,Yedi Göller İş Merkezi,2,24
21881,Yeldeğirmenleri,2,24
50486,Yelki Kavşak,2,24
10584,Yeni Cami,2,24
10585,Yeni Cami,2,24
13628,Yeni Orhanlı Küme Evleri,2,24
13629,Yeni Orhanlı Küme Evleri,2,24
13616,Yeni Orhanlı Ortaokulu,2,24
13617,Yeni Orhanlı Ortaokulu,2,24
12742,Yeni Çamlık,2,24
13750,Yeniay,2,24
13751,Yeniay,2,24
11862,Yenidoğan,2,24
41420,Yenidünya,2,24
41421,Yenidünya,2,24
11714,Yeniçiftlik Merkez,2,24
11715,Yeniçiftlik Merkez,2,24
11716,Yeniçiftlik Çıkış,2,24
11717,Yeniçiftlik Çıkış,2,24
11852,Yenişehir Pazar Yeri,2,24
15917,Yeşil Bahçe,2,24
15918,Yeşil Bahçe,2,24
11907,Yeşildere Cami,2,24
11908,Yeşildere Cami,2,24
40761,Yeşilkent,2,24
40762,Yeşilkent,2,24
30499,Yeşilova Höyüğü,2,24
11909,Yeşiltepe İlkokulu,2,24
11910,Yeşiltepe İlkokulu,2,24
12405,Yeşilyurt Türbe,2,24
30713,Yeşilçam Eczane,2,24
30716,Yeşilçam Eczane,2,24
30711,Yeşilçam Market,2,24
30712,Yeşilçam Market,2,24
30709,Yeşilçam Muhtarlık,2,24
30710,Yeşilçam Muhtarlık,2,24
30729,Yeşilçam Orman,2,24
30730,Yeşilçam Orman,2,24
31588,Yukarı Sütçüler Trafo,2,24
31591,Yukarı Sütçüler Trafo,2,24
21723,Yumurtacı,2,24
21724,Yumurtacı,2,24
31491,Yunus Emre Anadolu Lisesi,2,24
31492,Yunus Emre Anadolu Lisesi,2,24
12787,Yurtoğlu Muhtarlık,2,24
12788,Yurtoğlu Muhtarlık,2,24
12795,Yurtoğlu Son Durak,2,24
14002,Yusuflu Köyü Yol Ayrımı,2,24
14003,Yusuflu Köyü Yol Ayrımı,2,24
31314,Yüzüncü Yıl Karakolu,2,24
31315,Yüzüncü Yıl Karakolu,2,24
41094,Yıkık Kemer,2,24
21892,Yıldırım,2,24
21893,Yıldırım,2,24
11230,Yıldız,2,24
11231,Yıldız,2,24
40782,Yıldız,2,24
40783,Yıldız,2,24
12924,Zafer Mahallesi Muhtarlık,2,24
12925,Zafer Mahallesi Muhtarlık,2,24
12830,Zambak,2,24
12831,Zambak,2,24
13574,Zambak,2,24
13575,Zambak,2,24
20562,Zehra Semahat İlköğretim Okulu,2,24
20563,Zehra Semahat İlköğretim Okulu,2,24
31835,Zeybek,2,24
12824,Zeytin,2,24
12825,Zeytin,2,24
16688,Zeytin Ağacı,2,24
16689,Zeytin Ağacı,2,24
32445,Zeytin Dalı,2,24
32446,Zeytin Dalı,2,24
51755,Zeytineli,2,24
51756,Zeytineli,2,24
51751,Zeytinler Köyü,2,24
51752,Zeytinler Köyü,2,24
10700,Zeytinlik,2,24
41422,Zeytintepe,2,24
41423,Zeytintepe,2,24
23596,Zeytinyağ Fabrikası,2,24
23597,Zeytinyağ Fabrikası,2,24
23792,Zeytinyağı Fabrikası,2,24
23793,Zeytinyağı Fabrikası,2,24
50751,Zeytinyağı Müzesi,2,24
50752,Zeytinyağı Müzesi,2,24
12565,Zincirlikuyu Trafo,2,24
12566,Zincirlikuyu Trafo,2,24
21149,Çakabey,2,24
21150,Çakabey,2,24
20656,Çam,2,24
32396,Çambel Batı,2,24
32397,Çambel Batı,2,24
32335,Çambel Orman,2,24
32336,Çambel Orman,2,24
31600,Çambel Son Durak,2,24
32343,Çambel Toki,2,24
32393,Çambel Toki,2,24
32394,Çambel Toki 2,2,24
32395,Çambel Toki 2,2,24
31598,Çambel Şebnem Kardıcalı İlköğretim Okulu,2,24
31601,Çambel Şebnem Kardıcalı İlköğretim Okulu,2,24
30437,Çamkule Eski Son Durak,2,24
14268,Çamlar,2,24
14269,Çamlar,2,24
40403,Çamlı Pınar Muhtarlık,2,24
40404,Çamlı Pınar Muhtarlık,2,24
12822,Çamlık Cami,2,24
12823,Çamlık Cami,2,24
40800,Çamlıkule Park,2,24
40801,Çamlıkule Park,2,24
41441,Çamlıkule Pazaryeri,2,24
41442,Çamlıkule Pazaryeri,2,24
40407,Çamlıpınar Yeni Son Durak,2,24
10213,Çankaya,2,24
13505,Çatalca,2,24
13506,Çatalca,2,24
16429,Çatalca Bahçe,2,24
16430,Çatalca Bahçe,2,24
13516,Çatalca Meydan,2,24
13517,Çatalca Meydan,2,24
13021,Çatalca Mezarlık,2,24
13022,Çatalca Mezarlık,2,24
13503,Çatalca Seralar,2,24
13504,Çatalca Seralar,2,24
11627,Çatkın,2,24
11632,Çatkın,2,24
23241,Çavuş Köy Cami,2,24
23242,Çavuş Köy Cami,2,24
23243,Çavuş Köy Üçyol,2,24
23244,Çavuş Köy Üçyol,2,24
11617,Çaybaşı,2,24
11613,Çaybaşı Kahveler,2,24
50220,Çayırlı,2,24
50221,Çayırlı,2,24
10384,Çayırlı Bahçe,2,24
52211,Çayırpınar,2,24
52212,Çayırpınar,2,24
20969,Çağdaş Sitesi,2,24
20970,Çağdaş Sitesi,2,24
23284,Çağdaş Sitesi Çıkış,2,24
40433,Çağrı,2,24
40434,Çağrı,2,24
32107,Çelik,2,24
32108,Çelik,2,24
51855,Çevirlik,2,24
51856,Çevirlik,2,24
51587,Çevirlik Koyu,2,24
51588,Çevirlik Koyu,2,24
11913,Çeşme,2,24
11914,Çeşme,2,24
16838,Çeşme,2,24
16839,Çeşme,2,24
51801,Çeşme Adliye,2,24
51802,Çeşme Adliye,2,24
51805,Çeşme Anfi Tiyatro,2,24
51806,Çeşme Anfi Tiyatro,2,24
52135,Çeşme Boyalık,2,24
52136,Çeşme Boyalık,2,24
51792,Çeşme Devlet Hastanesi,2,24
51793,Çeşme Devlet Hastanesi,2,24
51785,Çeşme Emniyet Müdürlüğü,2,24
51812,Çeşme Emniyet Müdürlüğü,2,24
51797,Çeşme Kültür Merkezi,2,24
51798,Çeşme Kültür Merkezi,2,24
51803,Çeşme Lale,2,24
51804,Çeşme Lale,2,24
51790,Çeşme Mavi,2,24
51791,Çeşme Mavi,2,24
51794,Çeşme Sanayi Sitesi,2,24
51809,Çeşme Terminal,2,24
51810,Çeşme Terminal,2,24
51811,Çeşme Terminal İçi,2,24
51799,Çeşme Uğur Mumcu Parkı,2,24
51800,Çeşme Uğur Mumcu Parkı,2,24
51795,Çeşme Yakamoz,2,24
51788,Çeşme Yunus,2,24
51789,Çeşme Yunus,2,24
51783,Çeşme Üstgeçit,2,24
51796,Çeşme Üstgeçit,2,24
21719,Çiftlik,2,24
21720,Çiftlik,2,24
10207,Çileme Akar,2,24
10208,Çileme Akar,2,24
10217,Çileme Ekin,2,24
10218,Çileme Ekin,2,24
10209,Çileme Manav,2,24
10212,Çileme Manav,2,24
13075,Çileme Merkez,2,24
10214,Çileme Sera,2,24
10216,Çileme Sera,2,24
13934,Çingülü,2,24
13935,Çingülü,2,24
21276,Çiçek,2,24
21277,Çiçek,2,24
40326,Çiçek,2,24
40327,Çiçek,2,24
20564,Çiçek Parkı,2,24
20565,Çiçek Parkı,2,24
22144,Çiğli Aktarma Merkezi,2,24
21258,Çiğli Ege Sanayi Sitesi,2,24
21259,Çiğli Ege Sanayi Sitesi,2,24
21153,Çiğli Fen Lisesi,2,24
13936,Çoban Yastığı,2,24
13937,Çoban Yastığı,2,24
13665,Çoban Yıldızı,2,24
13666,Çoban Yıldızı,2,24
11959,Çobançeşme,2,24
22522,Çocuk Bahçesi,2,24
22523,Çocuk Bahçesi,2,24
11629,Çocuk Parkı,2,24
11634,Çocuk Parkı,2,24
21634,Çocuk Parkı,2,24
21635,Çocuk Parkı,2,24
31831,Çocuk Parkı,2,24
50224,Çocuk Parkı,2,24
50225,Çocuk Parkı,2,24
22374,Çukurköy Yolu,2,24
22375,Çukurköy Yolu,2,24
24222,Çınar,2,24
24223,Çınar,2,24
20568,Çınar Parkı,2,24
20569,Çınar Parkı,2,24
30754,Çınarköy Yolu,2,24
12054,Çınartepe,2,24
12051,Çınartepe Muhtarlık,2,24
12052,Çınartepe Muhtarlık,2,24
11730,Çırpı Akasya,2,24
11731,Çırpı Akasya,2,24
11728,Çırpı Cami,2,24
11729,Çırpı Cami,2,24
11726,Çırpı Giriş,2,24
11727,Çırpı Giriş,2,24
11740,Çırpı Köprü,2,24
11741,Çırpı Köprü,2,24
16097,Çırpı Çiftlik,2,24
16098,Çırpı Çiftlik,2,24
15250,Ödemiş Kavşağı,2,24
15251,Ödemiş Kavşağı,2,24
11623,Ödemişliler,2,24
11628,Ödemişliler,2,24
41152,Ömer Bilmen Cami,2,24
41153,Ömer Bilmen Cami,2,24
13685,Ömür Sitesi Güneş,2,24
13688,Ömür Sitesi Güneş,2,24
13682,Ömür Sitesi Mavi,2,24
13683,Ömür Sitesi Mavi,2,24
13686,Ömür Sitesi Merkez,2,24
13678,Ömür Sitesi Sahil Yolu,2,24
13679,Ömür Sitesi Sahil Yolu,2,24
13684,Ömür Sitesi Yağmur,2,24
13687,Ömür Sitesi Yağmur,2,24
31534,Önder,2,24
31535,Önder,2,24
30795,Örnekköy,2,24
30798,Örnekköy,2,24
20630,Örnekköy  Muhtarlık,2,24
30793,Örnekköy Girişi,2,24
30796,Örnekköy Girişi,2,24
20633,Örnekköy Pazaryeri,2,24
20632,Örnekköy Polis Merkezi,2,24
20635,Örnekköy Polis Merkezi,2,24
30797,Örnekköy Spor Tesisi,2,24
30799,Örnekköy Spor Tesisi,2,24
20628,Örnekköy İlköğretim Okulu,2,24
20631,Örnekköy İlköğretim Okulu,2,24
30910,Örnekköy Şehit İncekara İlkokulu,2,24
51014,Ötleğen,2,24
51015,Ötleğen,2,24
11240,Özdere Aile Sağlığı Merkezi,2,24
11241,Özdere Aile Sağlığı Merkezi,2,24
11828,Özdere Belediye Garajı,2,24
11829,Özdere Belediye Garajı,2,24
11026,Özdere Belediyesi,2,24
11031,Özdere Belediyesi,2,24
32400,Özdeşkent,2,24
32401,Özdeşkent,2,24
40357,Özel Sağlık,2,24
40358,Özel Sağlık,2,24
11162,Özkent,2,24
11249,Özkent,2,24
22368,Öğretmen Evi,2,24
22369,Öğretmen Evi,2,24
24081,Öğretmen Evi,2,24
14310,Öğretmenler Sitesi,2,24
14311,Öğretmenler Sitesi,2,24
10525,Öğretmenler ve Şeker Mevhibe Ortaokulu,2,24
10526,Öğretmenler ve Şeker Mevhibe Ortaokulu,2,24
20265,Ümit,2,24
20266,Ümit,2,24
31544,Ümit Mahallesi,2,24
32191,Ümit Mahallesi Giriş,2,24
13913,Ürkmez Kardelen,2,24
13914,Ürkmez Kardelen,2,24
13642,Ürkmez Pazaryeri,2,24
13643,Ürkmez Pazaryeri,2,24
13915,Ürkmez İpek,2,24
13916,Ürkmez İpek,2,24
13674,Ürkmez İstiklal,2,24
13675,Ürkmez İstiklal,2,24
24218,Üst Geçit,2,24
24219,Üst Geçit,2,24
31833,Üçgen Park,2,24
11386,Üçgöz,2,24
11391,Üçgöz,2,24
20891,Üçyol,2,24
20892,Üçyol,2,24
10298,Üçyol Aktarma,2,24
10300,Üçyol Aktarma,2,24
10306,Üçyol Aktarma,2,24
10308,Üçyol Aktarma,2,24
10310,Üçyol Aktarma,2,24
12522,Üçüncü Trafo,2,24
12525,Üçüncü Trafo,2,24
40565,İZUM,2,24
41361,İZUM,2,24
12516,İkinci Trafo,2,24
12519,İkinci Trafo,2,24
50226,İkinci İnönü Meydan,2,24
50227,İkinci İnönü Meydan,2,24
50562,İl Sağlık Müdürlüğü Ek Hizmet Binaları,2,24
50563,İl Sağlık Müdürlüğü Ek Hizmet Binaları,2,24
20289,İl Özel İdare Lojmanları,2,24
20290,İl Özel İdare Lojmanları,2,24
12805,İlkkent,2,24
15623,İlkkent,2,24
24012,İmam Hatip Lisesi,2,24
20627,İmbatlı Merkez Cami,2,24
20624,İmbatlı Muhtarlık Durağı,2,24
30733,İncir,2,24
30734,İncir,2,24
50193,İnciraltı Bakü Bulvarı,2,24
51851,İncirliboğaz,2,24
52049,İncirliboğaz,2,24
20717,İnönü Mahallesi Muhtarlığı,2,24
22428,İnönü Mahallesi Trafo,2,24
31542,İrem,2,24
31543,İrem,2,24
50561,İskele,2,24
23156,İsmet İnönü Parkı,2,24
23408,İsmet İnönü Parkı,2,24
14264,İstiklal,2,24
14265,İstiklal,2,24
40600,İzkent Depo,2,24
40601,İzkent Depo,2,24
30927,İzmir Demokrasi Üniversitesi,2,24
41354,İzmir Tınaztepe Üniversitesi Üst Giriş,2,24
15933,İzsu,2,24
15934,İzsu,2,24
52588,İçmekıyısı,2,24
52589,İçmekıyısı,2,24
31606,İğdecik Giriş,2,24
31607,İğdecik Giriş,2,24
30435,İğdeli,2,24
30436,İğdeli,2,24
10582,İğdeli Kahve,2,24
10583,İğdeli Kahve,2,24
11042,İş Bankası Evleri,2,24
11047,İş Bankası Evleri,2,24
31730,Şehit,2,24
31731,Şehit,2,24
20953,Şehit Ahmet Ay Parkı,2,24
20954,Şehit Ahmet Ay Parkı,2,24
12807,Şehit Egemen Öztürk Ortaokulu,2,24
30907,Şehit Er Bekir VARAL,2,24
30908,Şehit Er Bekir VARAL,2,24
23783,Şehit Er Hakan Sağınç Caddesi,2,24
23784,Şehit Er Hakan Sağınç Caddesi,2,24
21642,Şehit Er Serdar Amak Ortaokulu,2,24
21643,Şehit Er Serdar Amak Ortaokulu,2,24
20937,Şehit Erdal Kılıç,2,24
20938,Şehit Erdal Kılıç,2,24
10130,Şehit Fethibey,2,24
12368,Şehit Gazeteci Hasan Tahsin Ortaokulu,2,24
12369,Şehit Gazeteci Hasan Tahsin Ortaokulu,2,24
10691,Şehit Jandarma Uzman Çavuş Hüseyin Tosun,2,24
10692,Şehit Jandarma Uzman Çavuş Hüseyin Tosun,2,24
23267,Şehit Pilot Albay Gökselin Saylan,2,24
23268,Şehit Pilot Albay Gökselin Saylan,2,24
12945,Şehit Polis Ahmet Atilla Güneş İlkokulu,2,24
23363,Şehit Sezai Geçkin İlkokulu,2,24
23364,Şehit Sezai Geçkin İlkokulu,2,24
12736,Şehit Süleyman Ergin,2,24
12737,Şehit Süleyman Ergin,2,24
11571,Şehit Uzman Çavuş Harun Şenöz,2,24
11572,Şehit Uzman Çavuş Harun Şenöz,2,24
14322,Şehit Uzman Çavuş Harun Şenözüar Mesleki ve Teknik Anadolu Lisesi,2,24
14323,Şehit Uzman Çavuş Harun Şenözüar Mesleki ve Teknik Anadolu Lisesi,2,24
11380,Şehit Çağatay Necati Dinç İlkokulu,2,24
11381,Şehit Çağatay Necati Dinç İlkokulu,2,24
23897,Şehit Çeşmesi,2,24
23898,Şehit Çeşmesi,2,24
40625,Şehit Üst Teğmen Konuralp Özcan İlköğretim Okulu,2,24
13223,Şehit Üsteğmen Ahmet Konuksever,2,24
11655,Şehitler,2,24
11649,Şehitler Ağaç Kapı,2,24
11654,Şehitler Ağaç Kapı,2,24
11641,Şehitler Dörtyol,2,24
11646,Şehitler Dörtyol,2,24
11653,Şehitler Kahveler,2,24
11658,Şehitler Kahveler,2,24
11647,Şehitler Köşe,2,24
11652,Şehitler Köşe,2,24
11651,Şehitler Muhtarlık,2,24
11656,Şehitler Muhtarlık,2,24
11639,Şehitler Viraj,2,24
11644,Şehitler Viraj,2,24
20411,Şemikler Lisesi,2,24
20412,Şemikler Lisesi,2,24
20410,Şemikler Meydan,2,24
20605,Şirin Camii,2,24
20606,Şirin Camii,2,24
20947,Şirintepe Market,2,24
20948,Şirintepe Market,2,24
41175,Şirinyer Aktarma,2,24
41178,Şirinyer Aktarma,2,24
24331,100.Yıl İlkokulu,1,25
24332,100.Yıl İlkokulu,1,25
23841,112 Acil Yardım,1,25
23842,112 Acil Yardım,1,25
23388,13.Nis,1,25
23389,13.Nis,1,25
11242,23.Nis,1,25
11243,23.Nis,1,25
10391,26 Ağustos Kapısı,1,25
21489,35 Evleri,1,25
21490,35 Evleri,1,25
32143,4. Sanayi Ege,1,25
32144,4. Sanayi Ege,1,25
32140,4. Sanayi Güven,1,25
32147,4. Sanayi Güven,1,25
32141,4. Sanayi Trafo,1,25
32146,4. Sanayi Trafo,1,25
16787,7 Eylül,1,25
16788,7 Eylül,1,25
23803,95 Evler,1,25
23933,95 Evler,1,25
16801,Acarlar,1,25
16802,Acarlar,1,25
16791,Acil Servis,1,25
16792,Acil Servis,1,25
32323,Ada,1,25
32324,Ada,1,25
52076,Ada,1,25
52077,Ada,1,25
50542,Ada Hastanesi,1,25
50545,Ada Hastanesi Giriş,1,25
40579,Adatepe,1,25
40583,Adatepe Üçgen Park,1,25
24267,Adem Saatçi Ortaokulu,1,25
24268,Adem Saatçi Ortaokulu,1,25
13114,Adil İçel İlkokulu,1,25
13115,Adil İçel İlkokulu,1,25
40714,Adile Naşit Parkı,1,25
40715,Adile Naşit Parkı,1,25
41434,Adnan Kahveci,1,25
41435,Adnan Kahveci,1,25
16516,Adnan Menderes,1,25
20253,Adnan Menderes Anadolu Lisesi,1,25
20258,Adnan Menderes Anadolu Lisesi,1,25
10175,Adnan Saygun Sanat Merkezi,1,25
16517,Adnan menderes,1,25
40562,Afetevleri,1,25
40563,Afetevleri,1,25
30818,Ahmallı,1,25
30819,Ahmallı,1,25
11112,Ahmet Beyli Çiftlik,1,25
11113,Ahmet Beyli Çiftlik,1,25
15515,Ahmet Hamdi Tanpınar,1,25
15516,Ahmet Hamdi Tanpınar,1,25
10705,Ahmet Necdet Sezer,1,25
10706,Ahmet Necdet Sezer,1,25
24336,Ahmetbeyler,1,25
24337,Ahmetbeyler,1,25
24498,Ahmetbeyler Benzinlik,1,25
24499,Ahmetbeyler Cami,1,25
24500,Ahmetbeyler Cami,1,25
11000,Ahmetbeyli Cami,1,25
11001,Ahmetbeyli Cami,1,25
11158,Ahmetbeyli Jandarma,1,25
11159,Ahmetbeyli Jandarma,1,25
11165,Ahmetbeyli Kahveler,1,25
11328,Ahmetbeyli Kahveler,1,25
10998,Ahmetbeyli Market,1,25
10999,Ahmetbeyli Market,1,25
16407,Ahmetbeyli Yolayrımı,1,25
16408,Ahmetbeyli Yolayrımı,1,25
11002,Ahmetbeyli Çeşme,1,25
11003,Ahmetbeyli Çeşme,1,25
11673,Ahmetbeyli Çiftlik Evleri,1,25
11674,Ahmetbeyli Çiftlik Evleri,1,25
13846,Ahmetli,1,25
13847,Ahmetli,1,25
15458,Ahmetli Zeytinlik,1,25
15459,Ahmetli Zeytinlik,1,25
13894,Ahmetli Çamlık,1,25
13895,Ahmetli Çamlık,1,25
13861,Ahmetli Çıkış,1,25
13864,Ahmetli Çıkış,1,25
16708,Aile Sağlığı Merkezi,1,25
16709,Aile Sağlığı Merkezi,1,25
31559,Akalan Köy İçi,1,25
31560,Akalan Köy İçi,1,25
31590,Akalan Yol Ayrımı,1,25
31593,Akalan Yol Ayrımı,1,25
52400,Akarca Adakent Sitesi,1,25
52401,Akarca Adakent Sitesi,1,25
52430,Akarca Balköy,1,25
52431,Akarca Balköy,1,25
52404,Akarca Balıkçı Barınağı,1,25
52405,Akarca Balıkçı Barınağı,1,25
52445,Akarca Dörtyol,1,25
52446,Akarca Dörtyol,1,25
52398,Akarca Elitkent Sitesi,1,25
52399,Akarca Elitkent Sitesi,1,25
52418,Akarca Elmastaş Sitesi,1,25
52419,Akarca Elmastaş Sitesi,1,25
52432,Akarca Esenevler,1,25
52433,Akarca Esenevler,1,25
52410,Akarca Giriş,1,25
52411,Akarca Giriş,1,25
52422,Akarca Halk Plajı,1,25
52423,Akarca Halk Plajı,1,25
52406,Akarca Kervansaray,1,25
52407,Akarca Kervansaray,1,25
52416,Akarca Manzara,1,25
52417,Akarca Manzara,1,25
52408,Akarca Otel,1,25
52409,Akarca Otel,1,25
52414,Akarca Sahil,1,25
52415,Akarca Sahil,1,25
52420,Akarca Seyir,1,25
52421,Akarca Seyir,1,25
52412,Akarca Siteler,1,25
52413,Akarca Siteler,1,25
52436,Akarca Son Durak,1,25
52392,Akarca Tuzla,1,25
52393,Akarca Tuzla,1,25
52441,Akarca İltur Sitesi,1,25
52442,Akarca İltur Sitesi,1,25
52402,Akarca İşcan Sitesi,1,25
52403,Akarca İşcan Sitesi,1,25
13070,Akasya,1,25
13071,Akasya,1,25
16343,Akasya,1,25
41066,Akasya,1,25
41067,Akasya,1,25
51294,Akasya,1,25
51295,Akasya,1,25
40560,Akasyalar,1,25
40561,Akasyalar,1,25
51583,Akburun,1,25
51584,Akburun,1,25
31540,Akgül,1,25
31541,Akgül,1,25
15238,Akkoyunlu,1,25
15239,Akkoyunlu,1,25
15982,Akkoyunlu Mezarlık,1,25
15983,Akkoyunlu Mezarlık,1,25
51075,Akkum Yolu,1,25
51076,Akkum Yolu,1,25
13882,Akkız,1,25
13883,Akkız,1,25
12648,Aktaş Cami,1,25
12649,Aktaş Cami,1,25
16153,Akçaşehir,1,25
16154,Akçaşehir,1,25
30866,Akçeşme,1,25
30869,Akçeşme,1,25
24142,Akıncılar Bayır,1,25
21821,Alan Çiftliği,1,25
21822,Alan Çiftliği,1,25
24177,Alaniçi Giriş,1,25
24178,Alaniçi Giriş,1,25
23579,Alaniçi Meydan,1,25
23580,Alaniçi Meydan,1,25
23577,Alaniçi Yol Ayrımı,1,25
23578,Alaniçi Yol Ayrımı,1,25
23581,Alaniçi Çıkış,1,25
23582,Alaniçi Çıkış,1,25
16720,Alanköy,1,25
16721,Alanköy,1,25
16836,Alankıyı Bahçe,1,25
16837,Alankıyı Bahçe,1,25
16554,Alankıyı Dörtyol,1,25
16555,Alankıyı Dörtyol,1,25
16494,Alankıyı Giriş,1,25
16495,Alankıyı Giriş,1,25
16496,Alankıyı Meydan,1,25
14092,Alankıyı Yol Ayrımı,1,25
14093,Alankıyı Yol Ayrımı,1,25
16556,Alankıyı Yolu,1,25
16557,Alankıyı Yolu,1,25
16122,Alaylı Yolu,1,25
16123,Alaylı Yolu,1,25
16294,Alaşarlı Giriş,1,25
16299,Alaşarlı Meydan,1,25
15621,Albay Mustafa Mümin Aksoy,1,25
12705,Ali Akatlar,1,25
12712,Ali Akatlar,1,25
41115,Ali Fuat Cebesoy İlkokulu,1,25
12538,Ali Fuat Erdem,1,25
15624,Ali Fuat Erden,1,25
15615,Ali Fuat Erden Mahallesi,1,25
16086,Ali Fuat Erden Mahallesi,1,25
16085,Ali Fuat Erden Son Durak,1,25
24082,Ali Rıza İlkokulu,1,25
23845,Aliağa Cumhuriyet İ.Ö.,1,25
23378,Aliağa Devlet Hastanesi,1,25
23379,Aliağa Devlet Hastanesi,1,25
23903,Aliağa Kamyon Garajı,1,25
23904,Aliağa Kamyon Garajı,1,25
23911,Aliağa Mesleki ve Teknik Anadolu Lisesi,1,25
23912,Aliağa Mesleki ve Teknik Anadolu Lisesi,1,25
24461,Aliağa OSB Son Durak,1,25
23846,Aliağa Ortaokulu,1,25
23905,Aliağa Park,1,25
23906,Aliağa Park,1,25
24296,Alpaslan,1,25
24297,Alpaslan,1,25
32433,Alpaslan,1,25
32434,Alpaslan,1,25
31055,Alpaslan Mahallesi,1,25
50798,Altınevler,1,25
50799,Altınevler,1,25
24015,Altınkent,1,25
50981,Altınköy Sitesi,1,25
50982,Altınköy Sitesi,1,25
50979,Altınköy yolu,1,25
50980,Altınköy yolu,1,25
10753,Altınordu Tesisleri,1,25
10754,Altınordu Tesisleri,1,25
50875,Altınova Sitesi,1,25
50876,Altınova Sitesi,1,25
12173,Altıntaş,1,25
16201,Altıntepe Cami,1,25
16202,Altıntepe Cami,1,25
31052,Altıntepe Cami,1,25
31053,Altıntepe Cami,1,25
16221,Altıntepe Nefes,1,25
16222,Altıntepe Nefes,1,25
16197,Altıntepe Sera,1,25
16198,Altıntepe Sera,1,25
16225,Altıntepe Tarım,1,25
16226,Altıntepe Tarım,1,25
16223,Altıntepe Çiftçi,1,25
16224,Altıntepe Çiftçi,1,25
16199,Altıntepe İlkokulu,1,25
16200,Altıntepe İlkokulu,1,25
23994,Alıç,1,25
23995,Alıç,1,25
24073,Anafartalar,1,25
24294,Anafartalar,1,25
13922,Anemon,1,25
13923,Anemon,1,25
31744,Ansızca Cami,1,25
31745,Ansızca Cami,1,25
31742,Ansızca Giriş,1,25
31743,Ansızca Giriş,1,25
31747,Ansızca Son Durak,1,25
11094,Antik,1,25
11103,Antik,1,25
23748,Anıt,1,25
23749,Anıt,1,25
12832,Apdi İpekci Mahalle Muhtarlık,1,25
16812,Arap Mahallesi,1,25
16813,Arap Mahallesi,1,25
23764,Arap Seyit Parkı,1,25
30808,Arap Çeşmesi,1,25
30809,Arap Çeşmesi,1,25
13657,Ardıç,1,25
13658,Ardıç,1,25
31354,Ardıç,1,25
31355,Ardıç,1,25
51629,Arko Sitesi,1,25
51630,Arko Sitesi,1,25
16203,Armutlu 1 Küme,1,25
16204,Armutlu 1 Küme,1,25
32499,Armutlu Hürriyet,1,25
32199,Armutlu Mera,1,25
32200,Armutlu Mera,1,25
32179,Armutlu İnlik,1,25
32180,Armutlu İnlik,1,25
30865,Armutlu Şehitlik,1,25
21865,Arpa Deresi,1,25
21866,Arpa Deresi,1,25
15542,Arslanlar Trafo,1,25
15543,Arslanlar Trafo,1,25
16627,Arslanlar Trafo,1,25
16628,Arslanlar Trafo,1,25
16861,Arslanlar Zeytinlik,1,25
16147,Arslanlar Çıkış,1,25
16148,Arslanlar Çıkış,1,25
20291,Arya,1,25
20292,Arya,1,25
30059,Arçelik,1,25
14440,Arı Deresi,1,25
14441,Arı Deresi,1,25
50293,Arıkent,1,25
50317,Arıkent,1,25
23882,Arıtma Tesisi,1,25
23883,Arıtma Tesisi,1,25
10149,Asansör,1,25
10172,Asansör,1,25
12177,Asansör,1,25
23542,Asarlık Polis Merkezi,1,25
23686,Asarlık Su,1,25
12666,Asiler,1,25
12669,Asiler,1,25
50262,Askeri Birlik,1,25
50263,Askeri Birlik,1,25
21348,Askeri Havaalanı,1,25
23683,Aslan,1,25
23684,Aslan,1,25
13924,Aslanağazı,1,25
13925,Aslanağazı,1,25
13706,Aslanlar,1,25
13707,Aslanlar,1,25
16864,Aslanlar İlkokulu,1,25
24074,Aslı Garden,1,25
40548,Asma,1,25
40549,Asma,1,25
23854,Asmadere Koyu,1,25
23855,Asmadere Koyu,1,25
23852,Asmaderesi,1,25
23853,Asmaderesi,1,25
11442,Asmalı,1,25
30449,Asmalı,1,25
30450,Asmalı,1,25
51152,At Çiftliği,1,25
51153,At Çiftliği,1,25
23654,Ata,1,25
23655,Ata,1,25
10984,Ataköy Giriş,1,25
10985,Ataköy Giriş,1,25
10622,Ataköy Güven,1,25
10623,Ataköy Güven,1,25
14130,Ataköy Mezarlık,1,25
14131,Ataköy Mezarlık,1,25
10986,Ataköy Mina,1,25
10987,Ataköy Mina,1,25
14129,Ataköy Son durak,1,25
11116,Ataköy Çiftlik,1,25
11117,Ataköy Çiftlik,1,25
10988,Ataköy Çıkış,1,25
10989,Ataköy Çıkış,1,25
14390,Atalan,1,25
14391,Atalan,1,25
11168,Atatürk,1,25
11169,Atatürk,1,25
14126,Atatürk,1,25
14127,Atatürk,1,25
20225,Atatürk Bulvarı,1,25
20226,Atatürk Bulvarı,1,25
10293,Atatürk Eğtim ve Araştırma Hastanesi Hatay Ek Binası,1,25
50237,Atatürk Mahallesi,1,25
40971,Atatürk Spor Lisesi,1,25
40970,Atatürk Spor Lisesi Giriş,1,25
40972,Atatürk Spor Lisesi Giriş,1,25
20684,Atatürk İlköğretim Okulu,1,25
20685,Atatürk İlköğretim Okulu,1,25
24482,Atik,1,25
24483,Atik,1,25
10567,Atletizm,1,25
10568,Atletizm,1,25
40231,Atlı Spor Kulübü,1,25
40232,Atlı Spor Kulübü,1,25
32208,Atlı Vadi,1,25
24141,Atmaca,1,25
31050,Atmaca,1,25
31051,Atmaca,1,25
32488,Ayakkabıcılar Sitesi Cami,1,25
32489,Ayakkabıcılar Sitesi Cami,1,25
24346,Ayaskent Aile Sağlık Merkezi,1,25
24347,Ayaskent Aile Sağlık Merkezi,1,25
24344,Ayaskent Benzinlik,1,25
24345,Ayaskent Benzinlik,1,25
24516,Ayaskent Fırın,1,25
24514,Ayaskent Meydan,1,25
24515,Ayaskent Meydan,1,25
24342,Ayaskent Zeytinyağı Fabrikası,1,25
24343,Ayaskent Zeytinyağı Fabrikası,1,25
24340,Ayaskent İlyas Deresi,1,25
24341,Ayaskent İlyas Deresi,1,25
24512,Ayaskent İrfan Kırdar İlkokulu,1,25
24513,Ayaskent İrfan Kırdar İlkokulu,1,25
12573,Aydın,1,25
12574,Aydın,1,25
40373,Aydın,1,25
40374,Aydın,1,25
41326,Aydın,1,25
41327,Aydın,1,25
41432,Aydın Erten Parkı,1,25
41433,Aydın Erten Parkı,1,25
12733,Aydın Mahallesi,1,25
12710,Aydın Mahallesi Eski Son Durak,1,25
12713,Aydın Mahallesi Eski Son Durak,1,25
12702,Aydın Parkı,1,25
12703,Aydın Parkı,1,25
32289,Aydınlar Caddesi,1,25
32290,Aydınlar Caddesi,1,25
32305,Aydınlar Köşe,1,25
32306,Aydınlar Köşe,1,25
13102,Aydınoğlu Mehmetbey İlkokulu,1,25
13103,Aydınoğlu Mehmetbey İlkokulu,1,25
23660,Aygün,1,25
11172,Aykaş,1,25
11173,Aykaş,1,25
16023,Ayrancılar Anadolu Lisesi,1,25
16024,Ayrancılar Anadolu Lisesi,1,25
11533,Ayrancılar Barış,1,25
11534,Ayrancılar Barış,1,25
14232,Ayrancılar TOKİ,1,25
14233,Ayrancılar TOKİ,1,25
15533,Ayrancılar Toki Giriş,1,25
15534,Ayrancılar Toki Giriş,1,25
16021,Ayrancılar Yeni TOKİ,1,25
16022,Ayrancılar Yeni TOKİ,1,25
11326,Ayrancılar İlkokulu,1,25
11327,Ayrancılar İlkokulu,1,25
23569,Ayvacık Girişi,1,25
23570,Ayvacık Girişi,1,25
23571,Ayvacık Park,1,25
23572,Ayvacık Park,1,25
23575,Ayvacık Çıkış,1,25
23576,Ayvacık Çıkış,1,25
16679,Ayvalık Küme Evleri,1,25
16680,Ayvalık Küme Evleri,1,25
23510,Ayvatlar Giriş,1,25
23511,Ayvatlar Giriş,1,25
24260,Ayvatlar Köy İçi,1,25
24261,Ayvatlar Köy İçi,1,25
23508,Ayvatlar Merkez,1,25
23509,Ayvatlar Merkez,1,25
13926,Azelya,1,25
13927,Azelya,1,25
24518,Aziziye Atatürk Parkı,1,25
24519,Aziziye Atatürk Parkı,1,25
11886,Aziziye Parkı,1,25
51404,Azmak,1,25
51405,Azmak,1,25
51170,Azmak Yol Ayrımı,1,25
51171,Azmak Yol Ayrımı,1,25
13004,Açelya,1,25
51883,Açelya,1,25
51884,Açelya,1,25
16623,Ağaçlı Yol,1,25
16624,Ağaçlı Yol,1,25
52256,Ağaçlı Yol,1,25
52257,Ağaçlı Yol,1,25
52558,Ağaçlıyol,1,25
30229,Ağaçlıyol Benzinlik,1,25
30254,Ağaçlıyol Benzinlik,1,25
30256,Ağaçlıyol Üstgeçit,1,25
52519,Ağız ve Diş Sağlığı Fakültesi,1,25
52520,Ağız ve Diş Sağlığı Fakültesi,1,25
51625,Aşağı Boyabağ,1,25
51626,Aşağı Boyabağ,1,25
30899,Aşağı Kızılca,1,25
30900,Aşağı Kızılca,1,25
30856,Aşağı Kızılca Koruluk,1,25
30897,Aşağı Kızılca Muhtar,1,25
30898,Aşağı Kızılca Muhtarlık,1,25
30858,Aşağı Kızılca Yol Ayrımı,1,25
30861,Aşağı Kızılca Yol Ayrımı,1,25
30859,Aşağı Kızılca Çam,1,25
13064,Aşağı Sancaklı Giriş,1,25
13065,Aşağı Sancaklı Giriş,1,25
31681,Aşağı Vişneli,1,25
31682,Aşağı Vişneli,1,25
31691,Aşağı Vişneli Son Durak,1,25
23614,Aşağıbey,1,25
23615,Aşağıbey,1,25
23498,Aşağıbey Camii,1,25
23499,Aşağıbey Camii,1,25
23500,Aşağıbey Giriş,1,25
23501,Aşağıbey Giriş,1,25
23610,Aşağıbey Köy İçi Yolu,1,25
23611,Aşağıbey Köy İçi Yolu,1,25
23612,Aşağıbey Muhtarlık,1,25
23613,Aşağıbey Muhtarlık,1,25
23496,Aşağıbey Okul,1,25
23497,Aşağıbey Okul,1,25
23494,Aşağıbey Son Durak,1,25
23495,Aşağıbey Son Durak,1,25
23480,Aşağıcuma Giriş,1,25
23481,Aşağıcuma Giriş,1,25
23621,Aşağıcuma Meydan,1,25
23624,Aşağıcuma Meydan,1,25
23483,Aşağıcuma Okul,1,25
24628,Aşağıcuma Taş Ocağı,1,25
24629,Aşağıcuma Taş Ocağı,1,25
23765,Aşağıcuma Yolu,1,25
23766,Aşağıcuma Yolu,1,25
24440,Aşağıkırıklar Cami,1,25
24441,Aşağıkırıklar Cami,1,25
24436,Aşağıkırıklar Fabrika,1,25
24437,Aşağıkırıklar Fabrika,1,25
24438,Aşağıkırıklar Giriş,1,25
24439,Aşağıkırıklar Giriş,1,25
24434,Aşağıkırıklar Mezarlık Giriş,1,25
24435,Aşağıkırıklar Mezarlık Giriş,1,25
24432,Aşağıkırıklar Mezarlık Çıkış,1,25
24433,Aşağıkırıklar Mezarlık Çıkış,1,25
24446,Aşağıkırıklar Çiftlik,1,25
24447,Aşağıkırıklar Çiftlik,1,25
24444,Aşağıkırıklar Çıkış,1,25
24445,Aşağıkırıklar Çıkış,1,25
24442,Aşağıkırıklar İlkokulu,1,25
24443,Aşağıkırıklar İlkokulu,1,25
30714,Aşağıkızılca Fabrika,1,25
30715,Aşağıkızılca Fabrika,1,25
31861,Aşık Veysel Rekreasyon Alanı,1,25
23945,Aşık Veysel Şatıroğlu Parkı,1,25
23946,Aşık Veysel Şatıroğlu Parkı,1,25
30050,BMC,1,25
11178,Badem,1,25
11181,Badem,1,25
50955,Badem,1,25
50956,Badem,1,25
52563,Badem,1,25
52564,Badem,1,25
11144,Badem Ağacı,1,25
11145,Badem Ağacı,1,25
52267,Badembükü Yol Ayrımı,1,25
52268,Badembükü Yol Ayrımı,1,25
52513,Bademler Bozyer,1,25
52514,Bademler Bozyer,1,25
52511,Bademler Küçükevler,1,25
52512,Bademler Küçükevler,1,25
50495,Bademler Ortaokulu,1,25
50496,Bademler Ortaokulu,1,25
51148,Bademler Park,1,25
51149,Bademler Park,1,25
52126,Bademler Tarla,1,25
52127,Bademler Tarla,1,25
51150,Bademler Çıkış,1,25
51151,Bademler Çıkış,1,25
52628,Bademler Üçyol,1,25
22067,Bahar,1,25
22068,Bahar,1,25
41098,Bahar,1,25
41099,Bahar,1,25
15795,Bahar Yeli,1,25
15796,Bahar Yeli,1,25
23718,Bahri Yün Cami,1,25
10005,Bahribaba,1,25
10008,Bahribaba,1,25
10009,Bahribaba,1,25
10010,Bahribaba,1,25
10011,Bahribaba,1,25
10012,Bahribaba,1,25
10013,Bahribaba,1,25
10014,Bahribaba,1,25
10015,Bahribaba,1,25
10022,Bahribaba,1,25
20232,Bahriye Üçok,1,25
20233,Bahriye Üçok,1,25
20238,Bahriye Üçok,1,25
16035,Bahçe,1,25
16036,Bahçe,1,25
21775,Bahçe,1,25
21776,Bahçe,1,25
31976,Bahçe,1,25
31977,Bahçe,1,25
41370,Bahçe,1,25
41371,Bahçe,1,25
52537,Bahçe,1,25
52538,Bahçe,1,25
51240,Bahçe Arası,1,25
51241,Bahçe Arası,1,25
13590,Bahçecik,1,25
13591,Bahçecik,1,25
32010,Bahçeiçi,1,25
32011,Bahçeiçi,1,25
51337,Bahçeköy,1,25
51352,Bahçeköy,1,25
52543,Bahçelerarası,1,25
52544,Bahçelerarası,1,25
52545,Bahçelerarası Merkez,1,25
52546,Bahçelerarası Merkez,1,25
52547,Bahçelerarası Muhtarlık,1,25
52548,Bahçelerarası Muhtarlık,1,25
11306,Bahçeli,1,25
11309,Bahçeli,1,25
12258,Bahçelievler,1,25
24083,Bahçelievler Park,1,25
51063,Bakkal,1,25
51064,Bakkal,1,25
50274,Bakü Parkı,1,25
50275,Bakü Parkı,1,25
24066,Bakırçay,1,25
24129,Bakırçay,1,25
13745,Balcılar Son Durak,1,25
11904,Ballıkuyu Eski Son Durak,1,25
11902,Ballıkuyu Çeşme,1,25
52579,Balçova Fırın,1,25
50163,Balçova Mezarlık,1,25
40992,Balık Hali Son Durak,1,25
50698,Balıklıova,1,25
52186,Balıklıova Depo,1,25
52187,Balıklıova Depo,1,25
50728,Balıklıova Gökkuşağı,1,25
50729,Balıklıova Gökkuşağı,1,25
52182,Balıklıova Ortaokulu,1,25
52183,Balıklıova Ortaokulu,1,25
50706,Balıklıova İ.Ö.O,1,25
50707,Balıklıova İ.Ö.O,1,25
52254,Balıkçı,1,25
52255,Balıkçı,1,25
50830,Balıkçı Barınağı,1,25
50831,Balıkçı Barınağı,1,25
21208,Banka,1,25
21200,Bankalar,1,25
21215,Bankalar,1,25
11109,Baraj,1,25
11114,Baraj,1,25
51875,Baraj Yolu,1,25
51876,Baraj Yolu,1,25
24062,Barbaros,1,25
24063,Barbaros,1,25
31399,Barbaros Cami,1,25
31400,Barbaros Cami,1,25
52596,Barbaros Son Durak,1,25
52170,Barbaros Tarla,1,25
52171,Barbaros Tarla,1,25
16673,Barutçu Yol Ayrımı,1,25
16674,Barutçu Yol Ayrımı,1,25
12652,Barış,1,25
12653,Barış,1,25
31338,Barış,1,25
31339,Barış,1,25
41013,Barış,1,25
41014,Barış,1,25
50483,Barış Sitesi,1,25
50484,Barış Sitesi,1,25
23703,Barışkent,1,25
12379,Basket Sahası,1,25
40570,Basket Sahası,1,25
40571,Basket Sahası,1,25
50755,Basket Sahası,1,25
50756,Basket Sahası,1,25
52354,Basketbol Sahası,1,25
52355,Basketbol Sahası,1,25
10449,Basın,1,25
31035,Bayraklı Lisesi,1,25
31036,Bayraklı Lisesi,1,25
16706,Bayındır Anadolu Lisesi,1,25
16707,Bayındır Anadolu Lisesi,1,25
16277,Bayır,1,25
16278,Bayır,1,25
16356,Bayır,1,25
16357,Bayır,1,25
51863,Bağ Bozumu,1,25
51864,Bağ Bozumu,1,25
23567,Bağcılar Köprü,1,25
23568,Bağcılar Köprü,1,25
23565,Bağcılar Meydan,1,25
23566,Bağcılar Meydan,1,25
23563,Bağcılar Tepe,1,25
23564,Bağcılar Tepe,1,25
23561,Bağcılar Çeşme,1,25
23562,Bağcılar Çeşme,1,25
24237,Bağcılar Çeşme,1,25
30834,Bağyurdu Cami,1,25
30835,Bağyurdu Cami,1,25
30836,Bağyurdu Son Durak,1,25
30837,Bağyurdu Son Durak,1,25
30828,Bağyurdu Spor Tesisleri,1,25
30829,Bağyurdu Spor Tesisleri,1,25
30832,Bağyurdu Üçyol,1,25
30833,Bağyurdu Üçyol,1,25
16342,Başak,1,25
23673,Başak,1,25
23674,Başak,1,25
14216,Başakkent Sitesi,1,25
14217,Başakkent Sitesi,1,25
41040,Başpınar,1,25
41041,Başpınar,1,25
12708,Begonvil,1,25
12711,Begonvil,1,25
52078,Begonya,1,25
52079,Begonya,1,25
40395,Begovilya,1,25
40396,Begovilya,1,25
20703,Behçet Uz Anadolu Lisesi,1,25
20704,Behçet Uz Anadolu Lisesi,1,25
30052,Beko,1,25
21752,Belediye,1,25
21753,Belediye,1,25
22470,Belen Eski Okul,1,25
22471,Belen Eski Okul,1,25
41055,Belenbaşı,1,25
41057,Belenbaşı Meydan,1,25
41052,Belenbaşı Ortaokulu,1,25
41060,Belenbaşı Yol Ayrımı,1,25
41061,Belenbaşı Yol Ayrımı,1,25
16075,Belevi Karayolları Şantiye,1,25
16076,Belevi Karayolları Şantiye,1,25
15497,Belevi Çiftlik,1,25
15498,Belevi Çiftlik,1,25
15499,Belevi İstasyon,1,25
16087,Belevi İstasyon,1,25
13928,Benefşe,1,25
13929,Benefşe,1,25
23821,Benzin İstasyonu,1,25
23822,Benzin İstasyonu,1,25
15764,Benzinlik,1,25
15765,Benzinlik,1,25
21142,Benzinlik,1,25
30776,Benzinlik,1,25
30777,Benzinlik,1,25
30826,Benzinlik,1,25
30827,Benzinlik,1,25
12583,Berber,1,25
12584,Berber,1,25
24594,Bergama OSB Son Durak,1,25
40978,Besiciler,1,25
40979,Besiciler,1,25
31573,Beta Tarım,1,25
31574,Beta Tarım,1,25
15854,Beton Fabrikası,1,25
41436,Betonyol 2,1,25
50289,Beyaz Durak,1,25
50290,Beyaz Durak,1,25
13431,Beyaz Ev,1,25
13432,Beyaz Ev,1,25
21735,Beyaz Çeşme,1,25
21736,Beyaz Çeşme,1,25
16829,Beyazevler,1,25
16830,Beyazevler,1,25
16827,Beyazevler Köprü,1,25
16828,Beyazevler Köprü,1,25
15941,Beyazıt,1,25
15942,Beyazıt,1,25
16518,Beydağ Hastane,1,25
16519,Beydağ Hastane,1,25
15002,Beydağ Hükümet Konağı,1,25
15470,Beydağ Hükümet Konağı,1,25
15935,Beydağ Terminal,1,25
23711,Beyköy Küme Evleri,1,25
23712,Beyköy Küme Evleri,1,25
32317,Beyler,1,25
32318,Beyler,1,25
13608,Beyler Köyü Yol Ayrımı,1,25
13609,Beyler Köyü Yol Ayrımı,1,25
51357,Beyler Son Durak,1,25
51298,Beyler Yol ayrımı,1,25
51299,Beyler Yol ayrımı,1,25
51332,Beyler Üç Yol,1,25
51333,Beyler Üç Yol,1,25
51336,Beyler İlkokulu,1,25
51353,Beyler İlkokulu,1,25
24277,Beytullah Cami,1,25
24278,Beytullah Cami,1,25
15476,Beşevler,1,25
15477,Beşevler,1,25
30783,Beşevler,1,25
30784,Beşevler,1,25
31517,Beşpınar Meydan,1,25
12137,Beştepeler Lisesi,1,25
12138,Beştepeler Lisesi,1,25
12153,Beşyol,1,25
12154,Beşyol,1,25
31356,Beşyol,1,25
31357,Beşyol,1,25
32460,Beşyol Giriş,1,25
32461,Beşyol Giriş,1,25
32005,Beşyol son durak,1,25
13930,Biberiye,1,25
13931,Biberiye,1,25
51042,Bilge Ağaç,1,25
51043,Bilge Ağaç,1,25
51052,Bilimkent,1,25
51053,Bilimkent,1,25
16863,Binbaşı Reşatbey Mahallesi,1,25
52116,Birgi,1,25
52117,Birgi,1,25
52648,Birgi Bahçe,1,25
52649,Birgi Bahçe,1,25
52220,Birgi Cami,1,25
52221,Birgi Cami,1,25
52122,Birgi Dörtyol,1,25
52123,Birgi Dörtyol,1,25
52124,Birgi Kocagöl,1,25
52125,Birgi Kocagöl,1,25
52640,Birgi Yolu,1,25
52641,Birgi Yolu,1,25
52129,Birgi Çiftlik,1,25
52130,Birgi Çiftlik,1,25
20415,Birlik,1,25
20416,Birlik,1,25
31199,Birlik Sitesi,1,25
31200,Birlik Sitesi,1,25
13037,Birsan,1,25
13038,Birsan,1,25
12083,Bloklar,1,25
12084,Bloklar,1,25
40339,Bloklar,1,25
40340,Bloklar,1,25
10709,Boncuk,1,25
10710,Boncuk,1,25
51342,Borlu,1,25
51347,Borlu,1,25
30001,Bornova Metro,1,25
30002,Bornova Metro,1,25
30003,Bornova Metro,1,25
30005,Bornova Metro,1,25
30010,Bornova Metro,1,25
30011,Bornova Metro,1,25
30013,Bornova Metro,1,25
31862,Bornova Stadyum,1,25
31863,Bornova Stadyum,1,25
20020,Bostanlı İskele,1,25
20027,Bostanlı İskele,1,25
20028,Bostanlı İskele,1,25
20029,Bostanlı İskele,1,25
20030,Bostanlı İskele,1,25
20031,Bostanlı İskele,1,25
15752,Boynuyoğun Dörtyol,1,25
15753,Boynuyoğun Dörtyol,1,25
15754,Boynuyoğun Pazaryeri,1,25
15755,Boynuyoğun Pazaryeri,1,25
15747,Boynuyoğun Yağ Fabrikası,1,25
15748,Boynuyoğun Yağ Fabrikası,1,25
22350,Bozalan Düğün Salonu,1,25
22351,Bozalan Düğün Salonu,1,25
22348,Bozalan Giriş,1,25
22349,Bozalan Giriş,1,25
22346,Bozalan Keçi Çiftliği,1,25
22347,Bozalan Keçi Çiftliği,1,25
23972,Bozalan Kümeevler,1,25
23973,Bozalan Kümeevler,1,25
22353,Bozalan Meydan,1,25
13822,Bozköy,1,25
13823,Bozköy,1,25
13814,Bozköy Bahçe,1,25
13815,Bozköy Bahçe,1,25
13810,Bozköy Gelincik,1,25
13811,Bozköy Gelincik,1,25
15595,Bozköy Köşe,1,25
15596,Bozköy Köşe,1,25
13812,Bozköy Nar,1,25
13813,Bozköy Nar,1,25
13816,Bozköy Yukarı Mahalle,1,25
13817,Bozköy Yukarı Mahalle,1,25
23823,Bozköy-Ş.Kemal Üstgçt,1,25
23824,Bozköy-Ş.Kemal Üstgçt,1,25
12382,Bozyaka,1,25
12399,Bozyaka,1,25
51160,Bozyer,1,25
51161,Bozyer,1,25
41261,Buca Gazi Ortaokulu,1,25
41262,Buca Gazi Ortaokulu,1,25
40162,Buca Hipodrom,1,25
40163,Buca Hipodrom,1,25
40237,Buca Kaymakamlık,1,25
40238,Buca Kaymakamlık,1,25
40469,Buca Menderes Mahallesi Muhtarlığı,1,25
40470,Buca Menderes Mahallesi Muhtarlığı,1,25
40319,Buca Moda Konutları,1,25
40320,Buca Moda Konutları,1,25
41374,Buca Oyak  2.Etap,1,25
41375,Buca Oyak 2.Etap,1,25
41360,Buca Oyak Sitesi,1,25
40999,Buca Sebze ve Meyve Hali,1,25
41000,Buca Sebze ve Meyve Hali,1,25
40518,Buca Spor Salonu,1,25
40519,Buca Spor Salonu,1,25
11873,Buca Su Kemeri,1,25
40063,Buca Yeni Cami,1,25
40064,Buca Yeni Cami,1,25
40982,Buca spor tesisleri,1,25
40983,Buca spor tesisleri,1,25
40740,Buca Üçkuyular Meydan,1,25
41127,Bucalılar,1,25
41128,Bucalılar,1,25
14444,Bulanık Su,1,25
14445,Bulanık Su,1,25
51258,Bulgun,1,25
11338,Bulgurca Yolu,1,25
11339,Bulgurca Yolu,1,25
22281,Bulut,1,25
22282,Bulut,1,25
52336,Burcu Sitesi,1,25
52337,Burcu Sitesi,1,25
22839,Burmalı Çeşme,1,25
24634,Buruncuk,1,25
24635,Buruncuk,1,25
22005,Buruncuk Son Durak,1,25
23832,Buruncuk İ.Ö,1,25
32472,Buz Pisti,1,25
16413,Buğday,1,25
16414,Buğday,1,25
24360,Bölcek Giriş,1,25
24361,Bölcek Giriş,1,25
24528,Bölcek Kanarya,1,25
24529,Bölcek Kanarya,1,25
24522,Bölcek Meydan,1,25
24523,Bölcek Meydan,1,25
24520,Bölcek Ortaokulu,1,25
24521,Bölcek Ortaokulu,1,25
24526,Bölcek Parkı,1,25
24527,Bölcek Parkı,1,25
24524,Bölcek Tarım,1,25
24525,Bölcek Tarım,1,25
24530,Bölcek Zeyrinlik,1,25
24531,Bölcek Zeytinlik,1,25
24366,Bölcek Çıkış,1,25
24367,Bölcek Çıkış,1,25
30245,Bölge Metro İstasyonu,1,25
30270,Bölge Metro İstasyonu,1,25
24486,Bölge Müdürlüğü,1,25
24487,Bölge Müdürlüğü,1,25
14404,Bülbüldere Son Durak,1,25
14400,Bülbüldere Çıkış,1,25
14401,Bülbüldere Çıkış,1,25
22835,Bülent Ecevit Meydanı,1,25
51038,Büyük Akkum,1,25
51039,Büyük Akkum,1,25
16103,Büyükkale Bahçe,1,25
16104,Büyükkale Bahçe,1,25
16109,Büyükkale Cami,1,25
16110,Büyükkale Cami,1,25
16065,Büyükkale Giriş,1,25
16066,Büyükkale Giriş,1,25
16107,Büyükkale Meydan,1,25
16108,Büyükkale Meydan,1,25
16105,Büyükkale Sağlık Merkezi,1,25
16106,Büyükkale Sağlık Merkezi,1,25
16101,Büyükkale Villa,1,25
16102,Büyükkale Villa,1,25
16115,Büyükkale Zeytinlik,1,25
16116,Büyükkale Zeytinlik,1,25
16063,Büyükkale Çıkış,1,25
16064,Büyükkale Çıkış,1,25
15962,Cahit Sıtkı,1,25
15963,Cahit Sıtkı,1,25
40916,Cam Fabrikası,1,25
40917,Cam Fabrikası,1,25
23744,Cami,1,25
23745,Cami,1,25
24466,Cami,1,25
24467,Cami,1,25
52590,Camikebir Bahçe,1,25
52591,Camikebir Bahçe,1,25
52452,Camikebir Sitesi,1,25
52453,Camikebir Sitesi,1,25
52454,Camikebir Çiftlik,1,25
52455,Camikebir Çiftlik,1,25
24191,Can,1,25
14366,Canlı Merkez,1,25
14367,Canlı Merkez,1,25
21553,Celalettin Akar,1,25
15892,Cemal Parkı,1,25
15893,Cemal Parkı,1,25
31265,Cemal Reşit Rey,1,25
31266,Cemal Reşit Rey,1,25
15860,Cemal Süreya Parkı,1,25
15863,Cemal Süreya Parkı,1,25
20875,Cemil Meriç Parkı,1,25
20876,Cemil Meriç Parkı,1,25
20273,Cengiz Parkı,1,25
20274,Cengiz Parkı,1,25
23372,Cengiz Topel,1,25
23373,Cengiz Topel,1,25
31614,Cennet Bahçesi Mezarlığı,1,25
31615,Cennet Bahçesi Mezarlığı,1,25
12555,Cennetoğlu,1,25
12810,Cennetçeşme,1,25
12151,Cephanelik,1,25
12152,Cephanelik,1,25
31538,Cevher,1,25
31539,Cevher,1,25
12844,Ceviz,1,25
16398,Ceviz,1,25
16399,Ceviz,1,25
50957,Ceviz,1,25
50958,Ceviz,1,25
52565,Ceviz,1,25
52566,Ceviz,1,25
41042,Cevizlibağ,1,25
41043,Cevizlibağ,1,25
24102,Cezaevi,1,25
24100,Cezaevi Su Deposu,1,25
24101,Cezaevi Su Deposu,1,25
11004,Claros,1,25
11005,Claros,1,25
31653,Cumalı Mezarlık,1,25
31664,Cumalı Mezarlık,1,25
32198,Cumalı Yolu,1,25
32181,Cumalı Üçyol,1,25
32182,Cumalı Üçyol,1,25
13278,Cumaovası Aktarma Merkezi,1,25
13279,Cumaovası Aktarma Merkezi,1,25
13280,Cumaovası Aktarma Merkezi,1,25
14124,Cumhuriyet,1,25
14125,Cumhuriyet,1,25
16512,Cumhuriyet,1,25
16513,Cumhuriyet,1,25
20707,Cumhuriyet,1,25
24333,Cumhuriyet,1,25
51435,Cumhuriyet Mahallesi Meydan,1,25
22528,Cumhuriyet Mahallesi Son Durak,1,25
13727,Cumhuriyet Meydanı,1,25
13730,Cumhuriyet Meydanı,1,25
23717,Cumhuriyet Ortaokulu,1,25
11834,Cumhuriyet Park,1,25
11835,Cumhuriyet Park,1,25
16041,Cumhuriyet Sitesi,1,25
16042,Cumhuriyet Sitesi,1,25
52194,Cumhuriyet Sitesi,1,25
52195,Cumhuriyet Sitesi,1,25
11820,Cumhuriyet Sümbül,1,25
11821,Cumhuriyet Sümbül,1,25
11818,Cumhuriyet Çam,1,25
11819,Cumhuriyet Çam,1,25
15689,Cumhuriyet İlkokulu,1,25
15690,Cumhuriyet İlkokulu,1,25
30241,DYO Fabrikası,1,25
24293,Dadaş,1,25
52071,Dadaşkent,1,25
24492,Dalan,1,25
24493,Dalan,1,25
13648,Dalya,1,25
13649,Dalya,1,25
40110,Damatlar Mahallesi,1,25
41035,Damatlar Mahallesi,1,25
31007,Damla,1,25
31008,Damla,1,25
31728,Damlacık Giriş,1,25
31729,Damlacık Giriş,1,25
32478,Damlacık Halı Saha,1,25
32479,Damlacık Halı Saha,1,25
31734,Damlacık Köyü İlkokulu,1,25
31735,Damlacık Köyü İlkokulu,1,25
31736,Damlacık Meydan,1,25
31737,Damlacık Meydan,1,25
31726,Damlacık Yolu,1,25
31727,Damlacık Yolu,1,25
20687,Daryol,1,25
20688,Daryol,1,25
51850,Davulcu Deresi,1,25
52052,Davulcu Deresi,1,25
13827,Dağkızılca,1,25
13834,Dağkızılca,1,25
15441,Dağkızılca  Yol Ayrımı,1,25
13828,Dağkızılca Lale,1,25
13831,Dağkızılca Lale,1,25
13830,Dağkızılca Papatya,1,25
13835,Dağkızılca Papatya,1,25
15440,Dağkızılca Yol Ayrımı,1,25
13826,Dağkızılca Zeytin,1,25
13829,Dağkızılca Zeytin,1,25
16168,Dağkızılca Çiftlik,1,25
16169,Dağkızılca Çiftlik,1,25
13832,Dağkızılca Çıkış,1,25
13833,Dağkızılca Çıkış,1,25
13443,Dağtekke,1,25
16435,Dağtekke Yolu,1,25
16436,Dağtekke Yolu,1,25
12704,Dede,1,25
12707,Dede,1,25
14336,Dede,1,25
14337,Dede,1,25
40949,Dede Korkut,1,25
40950,Dede Korkut,1,25
11142,Dedealtı,1,25
11143,Dedealtı,1,25
31952,Defne,1,25
31953,Defne,1,25
52358,Defne,1,25
52359,Defne,1,25
11132,Deli Ömerli,1,25
11133,Deli Ömerli,1,25
22813,Deliktaş,1,25
22814,Deliktaş,1,25
23688,Deliktaş Bakkal,1,25
23689,Deliktaş Bakkal,1,25
23692,Deliktaş Dörtyol,1,25
23693,Deliktaş Dörtyol,1,25
24262,Deliktaş Göl,1,25
24263,Deliktaş Göl,1,25
23629,Deliktaş Meydan,1,25
23687,Deliktaş Meydan,1,25
23694,Deliktaş Son Durak,1,25
23690,Deliktaş Şehit Cengiz Topel Ortaokulu,1,25
23691,Deliktaş Şehit Cengiz Topel Ortaokulu,1,25
52027,Demaş Kooperatifi,1,25
52028,Demaş Kooperatifi,1,25
50291,Demet,1,25
50292,Demet,1,25
16037,Demir,1,25
16038,Demir,1,25
12850,Demirci,1,25
12851,Demirci,1,25
13035,Demirci,1,25
13036,Demirci,1,25
41074,Demirci Zambak,1,25
41075,Demirci Zambak,1,25
23488,Demircidere Son Durak,1,25
50993,Demircili,1,25
50994,Demircili,1,25
50995,Demircili Meydan,1,25
11044,Demirer,1,25
11049,Demirer,1,25
22817,Demirtaş,1,25
22818,Demirtaş,1,25
22815,Demirtaş Cami,1,25
22816,Demirtaş Cami,1,25
16077,Demokrasi Üniversitesi,1,25
20634,Deniz Baykal Kültür Merkezi,1,25
20637,Deniz Baykal Kültür Merkezi,1,25
52578,Deniz Hudut Kapısı,1,25
23760,Deniz Komutanlığı,1,25
23761,Deniz Komutanlığı,1,25
51406,Denizatı,1,25
51407,Denizatı,1,25
11961,Depo,1,25
11962,Depo,1,25
30635,Depo,1,25
30636,Depo,1,25
40988,Depo,1,25
40989,Depo,1,25
15849,Depolar,1,25
15850,Depolar,1,25
14416,Dere,1,25
14417,Dere,1,25
16305,Dere,1,25
16306,Dere,1,25
23966,Dere,1,25
23967,Dere,1,25
32097,Dere,1,25
32098,Dere,1,25
52057,Dere,1,25
52058,Dere,1,25
30806,Dere Ağızı,1,25
30807,Dere Ağızı,1,25
13735,Dere Balık,1,25
13736,Dere Balık,1,25
51334,Dere Çeşme,1,25
51355,Dere Çeşme,1,25
52584,Derebağ,1,25
52585,Derebağ,1,25
31826,Dereiçi,1,25
31827,Dereiçi,1,25
14014,Dereköy,1,25
14015,Dereköy,1,25
24330,Dereköy,1,25
24507,Dereköy Ebdo İlkokulu,1,25
24508,Dereköy Ebdo İlkokulu,1,25
24328,Dereköy Giriş,1,25
24329,Dereköy Giriş,1,25
31641,Dereköy Girişi,1,25
31676,Dereköy Girişi,1,25
24505,Dereköy Jandarma,1,25
24506,Dereköy Jandarma,1,25
31647,Dereköy Meydan,1,25
31670,Dereköy Meydan,1,25
24509,Dereköy Muhtarlık,1,25
24510,Dereköy Muhtarlık,1,25
24058,Derman Yolu,1,25
24059,Derman Yolu,1,25
13120,Dernek,1,25
13121,Dernek,1,25
13778,Dernekli,1,25
16692,Develi Bahçeler,1,25
16693,Develi Bahçeler,1,25
16690,Develi Demiryolu,1,25
16691,Develi Demiryolu,1,25
10260,Develi Mezarlık,1,25
10263,Develi Mezarlık,1,25
16694,Develi Seralar,1,25
16695,Develi Seralar,1,25
10749,Develi Çıkış,1,25
10750,Develi Çıkış,1,25
10264,Develi Üçyol,1,25
10265,Develi Üçyol,1,25
40520,Devlet Malzeme Ofisi Çok Programlı Anadolu Lisesi,1,25
40521,Devlet Malzeme Ofisi Çok Programlı Anadolu Lisesi,1,25
30239,Devlet Su İşleri,1,25
30844,Değirmen,1,25
30845,Değirmen,1,25
13700,Değirmenaltı,1,25
13701,Değirmenaltı,1,25
16448,Değirmenci,1,25
16449,Değirmenci,1,25
21754,Değirmendere,1,25
16272,Değirmendere Bahçe,1,25
16273,Değirmendere Bahçe,1,25
11166,Değirmendere Giriş,1,25
11167,Değirmendere Giriş,1,25
15683,Değirmendere Seralar,1,25
15684,Değirmendere Seralar,1,25
11177,Değirmendere Son Durak,1,25
11238,Değirmendere Son Durak,1,25
10976,Değirmendere Yol Ayrımı,1,25
10977,Değirmendere Yol Ayrımı,1,25
11175,Değirmendere İl Öğretim Okulu,1,25
11174,Değirmendere İlköğretim Okulu,1,25
14228,Dicle,1,25
14229,Dicle,1,25
23699,Dikili Belediyesi Sosyal Tesisleri,1,25
24677,Dikili Devlet Hastanesi,1,25
24678,Dikili Devlet Hastanesi,1,25
22833,Dikili Hastane,1,25
23543,Dikili Liman,1,25
22837,Dikili Lise,1,25
22823,Dikili Nergis,1,25
22824,Dikili Nergis,1,25
23707,Dikili Orman,1,25
23709,Dikili Pazaryeri,1,25
22829,Dikili Sahil,1,25
22825,Dikili Sarmaşık,1,25
22826,Dikili Sarmaşık,1,25
24139,Dikili Sultan,1,25
24140,Dikili Sultan Cami,1,25
23763,Dikili Tepe,1,25
23705,Dikili Trafo,1,25
23698,Dikili Yakamoz Spor Alanı,1,25
22827,Dikili Zeyrek,1,25
22828,Dikili Zeyrek,1,25
23420,Dikili Çandarlı Yolu Sokak,1,25
23421,Dikili Çandarlı Yolu Sokak,1,25
22831,Dikili Çocuk Bahçesi,1,25
16164,Dirmil Gazi,1,25
16165,Dirmil Gazi,1,25
13423,Dirmil Giriş,1,25
13424,Dirmil Giriş,1,25
13416,Dirmil Tarla,1,25
13417,Dirmil Tarla,1,25
15585,Dirmil Yol Ayrımı,1,25
15586,Dirmil Yol Ayrımı,1,25
13433,Dirmil Çıkış,1,25
13434,Dirmil Çıkış,1,25
13425,Dirmil İlkokulu,1,25
13426,Dirmil İlkokulu,1,25
12171,Doksan Beş,1,25
50272,Doktor Eroğlu Parkı,1,25
50273,Doktor Eroğlu Parkı,1,25
12045,Dokuz Eylül Anadolu Lisesi,1,25
52372,Dolaplı Kuyu Mezarlık,1,25
52373,Dolaplı Kuyu Mezarlık,1,25
20772,Dostlar,1,25
51973,Dostlar Sitesi,1,25
51996,Dostlar Sitesi,1,25
12384,Dostluk,1,25
12385,Dostluk,1,25
11170,Doğa,1,25
11171,Doğa,1,25
13031,Doğa,1,25
13032,Doğa,1,25
23984,Doğa,1,25
23985,Doğa,1,25
24472,Doğa,1,25
24473,Doğa,1,25
51005,Doğa,1,25
51006,Doğa,1,25
16462,Doğa Evi,1,25
16463,Doğa Evi,1,25
22469,Doğa köyü Meydan,1,25
24273,Doğaköy Giriş,1,25
21263,Doğal Yaşam Sitesi,1,25
15887,Doğalgaz Akım Tesisi,1,25
15888,Doğalgaz Akım Tesisi,1,25
11262,Doğan,1,25
11263,Doğan,1,25
12749,Doğan,1,25
12750,Doğan,1,25
52240,Doğanata Çiftlik,1,25
52241,Doğanata Çiftlik,1,25
13539,Doğanbey Payamlı Son Durak,1,25
41397,Doğancılar,1,25
15454,Doğancılar Mezarlık,1,25
15455,Doğancılar Mezarlık,1,25
41398,Doğancılar Yeşillik,1,25
41399,Doğancılar Yeşillik,1,25
41391,Doğancılar Yolu,1,25
41392,Doğancılar Yolu,1,25
41393,Doğancılar Zeytinlik,1,25
41394,Doğancılar Zeytinlik,1,25
30621,Doğanlar Dört Yol,1,25
30622,Doğanlar Dört Yol,1,25
30610,Doğanlar PTT,1,25
22298,Doğançay Mezarlık Üstü,1,25
22299,Doğançay Mezarlık Üstü,1,25
24189,Doğançay Yeni Mezarlığı,1,25
24190,Doğançay Yeni Mezarlığı,1,25
52082,Dr. Güngör Özbek A. L.,1,25
52083,Dr. Güngör Özbek A. L.,1,25
24338,Dul Deresi,1,25
24339,Dul Deresi,1,25
24070,Dumlupınar,1,25
11618,Durmaz,1,25
30838,Durmuşlar,1,25
30839,Durmuşlar,1,25
12575,Dutlu Kahve,1,25
12576,Dutlu Kahve,1,25
16360,Dutluk,1,25
16361,Dutluk,1,25
30531,Duyar,1,25
30532,Duyar,1,25
16136,Duğrallar ilkokulu,1,25
16137,Duğrallar ilkokulu,1,25
31525,Dökümcüler 1,1,25
31526,Dökümcüler 1,1,25
31527,Dökümcüler 2,1,25
31528,Dökümcüler 2,1,25
52088,Dört Mevsim,1,25
16316,Dörtyol,1,25
16317,Dörtyol,1,25
52362,Dörtyol,1,25
52363,Dörtyol,1,25
13885,Düverlik Meydan,1,25
13865,Düverlik Mezarlık,1,25
13890,Düverlik Mezarlık,1,25
51964,Düzce Köprü,1,25
51965,Düzce Köprü,1,25
51174,Düzce Yolu,1,25
51175,Düzce Yolu,1,25
12549,Düzlük,1,25
12550,Düzlük,1,25
40680,Düzlük,1,25
40681,Düzlük,1,25
40958,Düzlük,1,25
41355,Düzlük,1,25
15793,Düzyol,1,25
15794,Düzyol,1,25
12120,Düzyollar,1,25
12123,Düzyollar,1,25
30960,ESKİ ÇAMDİBİ MEZARLIĞI,1,25
30961,ESKİ ÇAMDİBİ MEZARLIĞI,1,25
31513,Ebruli,1,25
31514,Ebruli,1,25
14213,Ecir Sitesi,1,25
14214,Ecir Sitesi,1,25
12672,Eda,1,25
12675,Eda,1,25
16418,Efem Çukuru,1,25
50718,Efem Çukuru,1,25
13511,Efem Çukuru Hal,1,25
13512,Efem Çukuru Hal,1,25
13515,Efem Çukuru Son durak,1,25
16257,Efemçukuru Yolu,1,25
16258,Efemçukuru Yolu,1,25
13513,Efemçukuru İkokulu,1,25
13514,Efemçukuru İkokulu,1,25
20334,Efes Sitesi,1,25
20335,Efes Sitesi,1,25
15913,Ege,1,25
15914,Ege,1,25
31427,Ege Diyaliz,1,25
31428,Ege Diyaliz,1,25
13491,Ege Kar,1,25
13492,Ege Kar,1,25
23915,Ege Üniversitesi Aliağa Meslek Yüksekokulu,1,25
23916,Ege Üniversitesi Aliağa Meslek Yüksekokulu,1,25
10689,Egeay,1,25
10690,Egeay,1,25
11317,Egekent 4 Tepe,1,25
11320,Egekent 4 Tepe,1,25
20975,Egekent Devlet Hastanesi,1,25
20976,Egekent Devlet Hastanesi,1,25
20973,Egekent Köşe,1,25
20974,Egekent Köşe,1,25
52382,Egem Sahil Evleri,1,25
52383,Egem Sahil Evleri,1,25
32403,Egemen,1,25
30492,Egemenlik,1,25
15776,Eken,1,25
15828,Eken,1,25
15735,Ekin,1,25
15736,Ekin,1,25
15786,Ekin,1,25
15787,Ekin,1,25
23650,Ekin,1,25
23651,Ekin,1,25
41109,Ekin,1,25
41110,Ekin,1,25
15870,Ekinci,1,25
15871,Ekinci,1,25
21867,Ekiz,1,25
21868,Ekiz,1,25
51048,Ekmeksiz Plaj Yolu,1,25
51049,Ekmeksiz Plaj Yolu,1,25
15855,Ela,1,25
15856,Ela,1,25
21217,Elektral,1,25
21220,Elektral,1,25
52174,Elektrik,1,25
52175,Elektrik,1,25
16096,Elifli Meydan,1,25
21997,Elit,1,25
21998,Elit,1,25
22003,Elit Sitesi Yol Ayrımı,1,25
22004,Elit Sitesi Yol Ayrımı,1,25
16380,Elmalı,1,25
16381,Elmalı,1,25
16134,Emek,1,25
16135,Emek,1,25
24111,Emek,1,25
24112,Emek,1,25
23716,Emek Sitesi,1,25
23701,Emine Münevver Denizoğlu Anaokulu,1,25
21764,Emiralem,1,25
21746,Emiralem Dörtyol,1,25
21747,Emiralem Dörtyol,1,25
21748,Emiralem Jandarma,1,25
21749,Emiralem Jandarma,1,25
21731,Emiralem Kabristan,1,25
21732,Emiralem Kabristan,1,25
22048,Emiralem İlköğretim Okulu,1,25
21750,Emiralem İstasyon,1,25
21751,Emiralem İstasyon,1,25
12646,Emniyet,1,25
12647,Emniyet,1,25
24478,Enerji,1,25
24479,Enerji,1,25
32000,Enerji Sitesi,1,25
32001,Enerji Sitesi,1,25
13875,Enginar,1,25
13876,Enginar,1,25
40166,Enhoşlar,1,25
40167,Enhoşlar,1,25
23939,Enver Aktürk,1,25
23940,Enver Aktürk,1,25
31934,Eren,1,25
31935,Eren,1,25
32468,Ergene Deresi,1,25
24135,Ergenekon,1,25
31820,Erkal Sitesi,1,25
31821,Erkal Sitesi,1,25
15915,Ertuğrul Mahallesi,1,25
15916,Ertuğrul Mahallesi,1,25
16310,Ertuğrul Meydan,1,25
16311,Ertuğrul Meydan,1,25
23756,Esatpaşa,1,25
23757,Esatpaşa,1,25
23781,Esatpaşa Köşe,1,25
23782,Esatpaşa Köşe,1,25
13163,Esbaş,1,25
13165,Esbaş,1,25
13166,Esbaş,1,25
16489,Esbaş Otopark,1,25
16625,Esen,1,25
16626,Esen,1,25
50812,Esen Yelleri,1,25
50813,Esen Yelleri,1,25
12345,Esendere,1,25
12348,Esendere,1,25
12157,Esenlik,1,25
12158,Esenlik,1,25
21557,Esenlik,1,25
21558,Esenlik,1,25
31431,Esenlik,1,25
31432,Esenlik,1,25
41408,Esenlik,1,25
41409,Esenlik,1,25
22819,Esentepe,1,25
22820,Esentepe,1,25
16523,Eser,1,25
16524,Eser,1,25
12585,Eserkent,1,25
12586,Eserkent,1,25
12662,Eserkent Köşe,1,25
12665,Eserkent Köşe,1,25
12589,Eserkent Son Durak,1,25
31005,Eshot Evleri,1,25
31006,Eshot Evleri,1,25
11176,Eski Bulgurca Yolu,1,25
11179,Eski Bulgurca Yolu,1,25
21891,Eski Foça,1,25
23890,Eski Foça Otogar,1,25
21491,Eski Foça Çiftlik,1,25
21492,Eski Foça Çiftlik,1,25
24283,Eski Garaj,1,25
24284,Eski Garaj,1,25
52202,Eski Küçükbahçe,1,25
52203,Eski Küçükbahçe,1,25
52224,Eski Küçükbahçe,1,25
52225,Eski Küçükbahçe,1,25
24019,Eski Mezarlık,1,25
15224,Eski Minare,1,25
15225,Eski Minare,1,25
52576,Eski Mordoğan,1,25
52577,Eski Mordoğan,1,25
52571,Eski Mordoğan Meydan,1,25
52572,Eski Mordoğan Mezarlık,1,25
52573,Eski Mordoğan Mezarlık,1,25
52574,Eski Mordoğan İZSU,1,25
52575,Eski Mordoğan İZSU,1,25
41062,Eski Park,1,25
41063,Eski Park,1,25
52273,Eski Salman,1,25
52274,Eski Salman,1,25
52277,Eski Salman Bahçe,1,25
52278,Eski Salman Bahçe,1,25
52271,Eski Salman Cami,1,25
52272,Eski Salman Cami,1,25
52269,Eski Salman Giriş,1,25
52270,Eski Salman Giriş,1,25
52275,Eski Salman Çıkış,1,25
52276,Eski Salman Çıkış,1,25
40317,Eski Son Durak,1,25
40318,Eski Son Durak,1,25
10465,Eski Sümerbank,1,25
16696,Eskiizmir Anaokulu,1,25
16697,Eskiizmir Anaokulu,1,25
15230,Eskioba,1,25
15231,Eskioba,1,25
21883,Esnaf Sanatkarlar Odası,1,25
21884,Esnaf Sanatkarlar Odası,1,25
23715,Esnaflar Sitesi,1,25
31772,Evka 3 Aktarma Merkezi,1,25
12726,Eyüp El Ensari Cami,1,25
12729,Eyüp El Ensari Cami,1,25
31926,Ezgi,1,25
31927,Ezgi,1,25
16464,Eğerci,1,25
16465,Eğerci,1,25
24326,Eğiller,1,25
24327,Eğiller,1,25
52258,Eğlenhoca,1,25
52259,Eğlenhoca,1,25
52252,Eğlenhoca Balık Çiftliği,1,25
52253,Eğlenhoca Balık Çiftliği,1,25
52473,Eğlenhoca Fabrika,1,25
52474,Eğlenhoca Fabrika,1,25
52582,Eğlenhoca Giriş,1,25
52583,Eğlenhoca Giriş,1,25
52472,Eğlenhoca Son Durak,1,25
52569,Eğlenhoca Son Durak,1,25
52475,Eğlenhoca Tarla,1,25
52476,Eğlenhoca Tarla,1,25
52620,Eğlenhoca Zeytinyağı,1,25
52621,Eğlenhoca Zeytinyağı,1,25
52477,Eğlenhoca Çıkış,1,25
52478,Eğlenhoca Çıkış,1,25
52234,Eğri Liman,1,25
52235,Eğri Liman,1,25
52226,Eğri Liman Çiftlik,1,25
52227,Eğri Liman Çiftlik,1,25
31956,Eğridere Meydan,1,25
31957,Eğridere Meydan,1,25
32477,Eğridere Meydan,1,25
31950,Eğridere Meşe,1,25
31951,Eğridere Meşe,1,25
32327,Eğridere Çam,1,25
32328,Eğridere Çam,1,25
11140,Eşen Mahallesi,1,25
11141,Eşen Mahallesi,1,25
41019,F Tipi Ceza Evi,1,25
41020,F tipi Ceza Evi,1,25
21171,Fabrika,1,25
21172,Fabrika,1,25
32103,Fabrika,1,25
32104,Fabrika,1,25
51067,Fabrika,1,25
51068,Fabrika,1,25
10889,Fabrikalar,1,25
10894,Fabrikalar,1,25
51914,Fahrettin Altay Aktarma Merkezi,1,25
51916,Fahrettin Altay Aktarma Merkezi,1,25
51917,Fahrettin Altay Aktarma Merkezi,1,25
51918,Fahrettin Altay Aktarma Merkezi,1,25
51920,Fahrettin Altay Aktarma Merkezi,1,25
51921,Fahrettin Altay Aktarma Merkezi,1,25
51923,Fahrettin Altay Aktarma Merkezi,1,25
51925,Fahrettin Altay Aktarma Merkezi,1,25
51929,Fahrettin Altay Aktarma Merkezi,1,25
51931,Fahrettin Altay Aktarma Merkezi,1,25
51932,Fahrettin Altay Aktarma Merkezi,1,25
51934,Fahrettin Altay Aktarma Merkezi,1,25
51935,Fahrettin Altay Aktarma Merkezi,1,25
51937,Fahrettin Altay Aktarma Merkezi,1,25
51938,Fahrettin Altay Aktarma Merkezi,1,25
51940,Fahrettin Altay Aktarma Merkezi,1,25
10154,Faik Bey,1,25
10169,Faik Bey,1,25
20249,Faik Muhittin Adam İlkokulu,1,25
20250,Faik Muhittin Adam İlkokulu,1,25
10056,Fatih,1,25
10057,Fatih,1,25
12547,Fatih,1,25
12548,Fatih,1,25
21811,Fatih,1,25
21812,Fatih,1,25
23931,Fatih,1,25
23932,Fatih,1,25
23935,Fatih,1,25
23936,Fatih,1,25
24067,Fatih Cami,1,25
12759,Fatih Seylan Cami,1,25
12762,Fatih Seylan Cami,1,25
16546,Fatih Sultan Mehmet,1,25
16547,Fatih Sultan Mehmet,1,25
24295,Fatih İlkokulu,1,25
15964,Fazıl Hüsnü Dağlarca,1,25
15965,Fazıl Hüsnü Dağlarca,1,25
24106,Fen Lisesi,1,25
16704,Fen İşleri,1,25
16705,Fen İşleri,1,25
24049,Fen İşleri,1,25
24051,Fen İşleri,1,25
40117,Ferahlı Parkı,1,25
40118,Ferahlı Parkı,1,25
24316,Ferizler-Paşa Köy Girişi,1,25
24317,Ferizler-Paşa Köy Girişi,1,25
20243,Fevzi Paşa İlkokulu,1,25
20244,Fevzi Paşa İlkokulu,1,25
10543,Fevzi Çakmak,1,25
10544,Fevzi Çakmak,1,25
10733,Fevzi Çakmak,1,25
10734,Fevzi Çakmak,1,25
11334,Fevzi Çakmak,1,25
11335,Fevzi Çakmak,1,25
23414,Fevzi Çakmak,1,25
23416,Fevzi Çakmak,1,25
24053,Fevzipaşa Cami,1,25
24410,Fevzipaşa Cami,1,25
24052,Fevzipaşa İ.Ö.,1,25
24411,Fevzipaşa İ.Ö.O,1,25
51992,Fidan,1,25
51993,Fidan,1,25
51238,Fidanlık,1,25
51239,Fidanlık,1,25
16480,Fide,1,25
16481,Fide,1,25
14368,Filiz,1,25
14369,Filiz,1,25
13614,Firdem,1,25
13615,Firdem,1,25
21266,Flamingo Sitesi,1,25
23860,Fotaş,1,25
23861,Fotaş,1,25
21829,Foça Bahçelievler,1,25
21830,Foça Bahçelievler,1,25
23735,Foça Belediye Yerleşkesi,1,25
23736,Foça Belediye Yerleşkesi,1,25
21859,Foça Cezaevi,1,25
21860,Foça Cezaevi,1,25
23733,Foça Devlet Hastanesi,1,25
23734,Foça Devlet Hastanesi,1,25
23878,Foça Dinlenme Tesisleri,1,25
23879,Foça Dinlenme Tesisleri,1,25
23888,Foça Hükümet Konağı,1,25
23889,Foça Hükümet Konağı,1,25
23868,Foça Port,1,25
23869,Foça Port,1,25
21874,Foça Yolu,1,25
23274,Foça İlçe Terminali,1,25
21871,Foçaköy,1,25
21872,Foçaköy,1,25
31012,Fuat Edip Baksı Son Durak,1,25
13088,Fulden,1,25
13089,Fulden,1,25
40341,Fulya,1,25
40342,Fulya,1,25
13946,Furunlu Dörtyol,1,25
13947,Furunlu Dörtyol,1,25
13944,Furunlu Giriş,1,25
13945,Furunlu Giriş,1,25
13958,Furunlu Yenicekuyu,1,25
13959,Furunlu Yenicekuyu,1,25
13948,Furunlu Çamlık,1,25
13949,Furunlu Çamlık,1,25
12419,Fırın,1,25
12422,Fırın,1,25
24117,Fırın,1,25
24118,Fırın,1,25
24373,Gaffar Okkan,1,25
24374,Gaffar Okkan,1,25
24143,Galenos,1,25
32294,Galericiler,1,25
52003,Garahayıt,1,25
52004,Garahayıt,1,25
16878,Gazi Mahallesi,1,25
16879,Gazi Mahallesi,1,25
21516,Gazi Mahallesi Son Durak,1,25
32270,Gazi Meydanı Son Durak,1,25
15629,Gazi Umurbey Okul,1,25
15630,Gazi Umurbey Okul,1,25
21269,Gazi Çiçek,1,25
13475,Gazi İlkokulu,1,25
13476,Gazi İlkokulu,1,25
14384,Gaziemir Belediyesi,1,25
14385,Gaziemir Belediyesi,1,25
16821,Gaziemir İstasyon,1,25
16822,Gaziemir İstasyon,1,25
16718,Gaziler,1,25
16719,Gaziler,1,25
13477,Gazipaşa Mah Muhtarlık,1,25
13478,Gazipaşa Mah Muhtarlık,1,25
40379,Gediz Meydan,1,25
40380,Gediz Meydan,1,25
16281,Gelincik,1,25
16282,Gelincik,1,25
51276,Gelincik,1,25
51277,Gelincik,1,25
50800,Gelinkaya,1,25
50801,Gelinkaya,1,25
14626,Genceroğlu Parkı,1,25
52061,General Kazım Özalp Muhtarlık,1,25
52062,General Kazım Özalp Muhtarlık,1,25
24068,Genç Osman,1,25
11268,Gençlik Parkı,1,25
11269,Gençlik Parkı,1,25
32471,Gençlik ve Spor,1,25
16346,Gereli Cami,1,25
16347,Gereli Cami,1,25
16350,Gereli Mezarlık,1,25
16351,Gereli Mezarlık,1,25
16344,Gereli Sağlık Ocağı,1,25
16345,Gereli Sağlık Ocağı,1,25
52238,Gerence,1,25
52239,Gerence,1,25
21839,Gerenköy Dörtyol,1,25
21840,Gerenköy Dörtyol,1,25
51761,Germiyan,1,25
52388,Germiyan 8 Evler Sitesi,1,25
52389,Germiyan 8 Evler Sitesi,1,25
52376,Germiyan Atatürk Parkı,1,25
52377,Germiyan Atatürk Parkı,1,25
52390,Germiyan Burcu Sitesi,1,25
52391,Germiyan Burcu Sitesi,1,25
52340,Germiyan Cami,1,25
52341,Germiyan Cami,1,25
52386,Germiyan Deniz Sitesi,1,25
52387,Germiyan Deniz Sitesi,1,25
52437,Germiyan Evleri,1,25
52438,Germiyan Evleri,1,25
52462,Germiyan Fidanlık,1,25
52463,Germiyan Fidanlık,1,25
52338,Germiyan Köyiçi,1,25
52339,Germiyan Köyiçi,1,25
52380,Germiyan Manzara,1,25
52381,Germiyan Manzara,1,25
52378,Germiyan May Sitesi,1,25
52379,Germiyan May Sitesi,1,25
52342,Germiyan Meydan,1,25
52343,Germiyan Meydan,1,25
52176,Germiyan Restoran,1,25
52177,Germiyan Restoran,1,25
52344,Germiyan Restoran,1,25
52345,Germiyan Restoran,1,25
52325,Germiyan Yalı,1,25
52326,Germiyan Yalı,1,25
52464,Germiyan Ören,1,25
52465,Germiyan Ören,1,25
52374,Germiyan İştur Sitesi,1,25
52375,Germiyan İştur Sitesi,1,25
16354,Gerçekli,1,25
16355,Gerçekli,1,25
12135,Girgin,1,25
12136,Girgin,1,25
51985,Gizem,1,25
51986,Gizem,1,25
23512,Göbeller Merkez,1,25
51297,Gödence Meydan,1,25
52664,Gödence Yolu,1,25
52665,Gödence Yolu,1,25
12139,Gökalp,1,25
12140,Gökalp,1,25
40920,Gökdere 1,1,25
40921,Gökdere 1,1,25
40922,Gökdere 2,1,25
40923,Gökdere 2,1,25
40924,Gökdere 3,1,25
40925,Gökdere 3,1,25
31503,Gökdere Arıtma,1,25
31504,Gökdere Arıtma,1,25
31507,Gökdere Karaman,1,25
31508,Gökdere Karaman,1,25
40918,Gökdere Köy Mezarlığı,1,25
40919,Gökdere Köy Mezarlığı,1,25
40911,Gökdere Mezarlığı 1,1,25
40912,Gökdere Mezarlığı 1,1,25
40913,Gökdere Mezarlığı 2,1,25
40914,Gökdere Mezarlığı 2,1,25
31505,Gökdere Vadi,1,25
31506,Gökdere Vadi,1,25
15774,Gökkurt,1,25
15775,Gökkurt,1,25
52128,Gökkuşağı,1,25
11993,Göksel Yaman Parkı,1,25
50753,Göksu,1,25
50754,Göksu,1,25
41249,Göksu Muhtarlık,1,25
41250,Göksu Muhtarlık,1,25
23553,Göktepe,1,25
23554,Göktepe,1,25
23551,Göktepe Köy Girişi,1,25
23552,Göktepe Köy Girişi,1,25
23555,Göktepe Manzara,1,25
23556,Göktepe Manzara,1,25
23559,Göktepe Meydan,1,25
23557,Göktepe İlkokulu,1,25
23558,Göktepe İlkokulu,1,25
31692,Gökyaka Küme Evleri,1,25
31693,Gökyaka Küme Evleri,1,25
31651,Gökyaka Meydan,1,25
31666,Gökyaka Meydan,1,25
31649,Gökyaka Mezarlık,1,25
31668,Gökyaka Mezarlık,1,25
31698,Gökyaka Papatya,1,25
31699,Gökyaka Papatya,1,25
15783,Gökçen Anadolu Lisesi,1,25
15785,Gökçen Anadolu Lisesi,1,25
16126,Gökçen Bahçe,1,25
16127,Gökçen Bahçe,1,25
15792,Gökçen Efe İlkokulu,1,25
15829,Gökçen Efe İlkokulu,1,25
15781,Gökçen Mezarlık Yolu,1,25
15782,Gökçen Mezarlık Yolu,1,25
15802,Gökçen Yol Ayrımı,1,25
15803,Gökçen Yol Ayrımı,1,25
51280,Gölcük Giriş,1,25
51281,Gölcük Giriş,1,25
51285,Gölcük Meydan,1,25
51283,Gölcük Zeytinlik,1,25
51286,Gölcük Zeytinlik,1,25
15425,Gölcükler Bahçe,1,25
15426,Gölcükler Bahçe,1,25
13472,Gölcükler Cami,1,25
41001,Gölet,1,25
41002,Gölet,1,25
52104,Gölet,1,25
52105,Gölet,1,25
41119,Gölet Palmiye,1,25
41120,Gölet Palmiye,1,25
51316,Göller,1,25
51317,Göller,1,25
16183,Göllüce,1,25
16187,Göllüce,1,25
14399,Göllüce Cami,1,25
14166,Gölova,1,25
14167,Gölova,1,25
14169,Gölova Son Durak,1,25
14161,Gölova Yol Ayrımı,1,25
14162,Gölova Yol Ayrımı,1,25
12191,Gönül,1,25
12192,Gönül,1,25
21478,Gönül,1,25
21479,Gönül,1,25
21739,Gönül,1,25
21740,Gönül,1,25
50814,Gönül,1,25
50815,Gönül,1,25
10739,Görece Alışveriş Merkezi,1,25
10740,Görece Alışveriş Merkezi,1,25
10741,Görece Cami,1,25
10742,Görece Cami,1,25
10757,Görece Giriş,1,25
10758,Görece Giriş,1,25
10735,Görece Muhtarlık,1,25
10736,Görece Muhtarlık,1,25
10755,Görece Park,1,25
10756,Görece Park,1,25
10743,Görece Sağlık Ocağı,1,25
10744,Görece Sağlık Ocağı,1,25
10747,Görece Son Durak,1,25
10748,Görece Son Durak,1,25
10745,Görece Spor Salonu,1,25
10746,Görece Spor Salonu,1,25
10737,Görece Trafo,1,25
10738,Görece Trafo,1,25
16143,Görece Zeytinlik,1,25
16144,Görece Zeytinlik,1,25
10731,Görece Çıkış,1,25
10732,Görece Çıkış,1,25
32391,Göz,1,25
32392,Göz,1,25
11996,Gözemel,1,25
11997,Gözemel,1,25
16552,Gözlem,1,25
16553,Gözlem,1,25
10156,Göztepe,1,25
10167,Göztepe,1,25
10150,Göztepe Depo,1,25
10173,Göztepe Depo,1,25
50538,Göztepe Yelken Kulübü,1,25
50541,Göztepe Yelken Kulübü,1,25
24372,Göçbeyli,1,25
24536,Göçbeyli Ağaçlık,1,25
24537,Göçbeyli Ağaçlık,1,25
24532,Göçbeyli Benzinlik,1,25
24533,Göçbeyli Benzinlik,1,25
24538,Göçbeyli Meydan,1,25
24539,Göçbeyli Meydan,1,25
24368,Göçbeyli Yolu,1,25
24369,Göçbeyli Yolu,1,25
24534,Göçbeyli Çiftlik,1,25
24535,Göçbeyli Çiftlik,1,25
24540,Göçbeyli Çocuk Bahçesi,1,25
24541,Göçbeyli Çocuk Bahçesi,1,25
51472,Göçmen Konutları Çıkış,1,25
51473,Göçmen Konutları Çıkış,1,25
13073,Gül,1,25
13873,Güldeste,1,25
13874,Güldeste,1,25
23805,Güler,1,25
13644,Gülhatmi,1,25
13645,Gülhatmi,1,25
14230,Gülistan,1,25
14231,Gülistan,1,25
51091,Güllü Sitesi,1,25
51092,Güllü Sitesi,1,25
13962,Gülsümcük Mevki,1,25
13963,Gülsümcük Mevki,1,25
12000,Gültepe,1,25
11964,Gültepe Kültür MErkezi,1,25
11963,Gültepe Kültür Merkezi,1,25
41362,Gültepe Mezarlık 2,1,25
41365,Gültepe Mezarlık 2,1,25
41368,Gültepe Spor Kompleksi,1,25
41369,Gültepe Spor Kompleksi,1,25
16231,Gümüldür Atatürk,1,25
16232,Gümüldür Atatürk,1,25
16179,Gümüldür Bahçeler,1,25
15584,Gümüldür Stat,1,25
14442,Gümüldür Taşocağı,1,25
14443,Gümüldür Taşocağı,1,25
11136,Gümüldür Öğretmen Emine Yazlalı Ortaokulu,1,25
11137,Gümüldür Öğretmen Emine Yazlalı Ortaokulu,1,25
13606,Gümüşkent,1,25
13607,Gümüşkent,1,25
13568,Gümüşkent Yol Ayrımı,1,25
13573,Gümüşkent Yol Ayrımı,1,25
15788,Gün,1,25
15789,Gün,1,25
15851,Gün kurusu,1,25
15852,Gün kurusu,1,25
12696,Günaltay,1,25
16138,Günaltay,1,25
16139,Günaltay,1,25
12650,Günaltay Meydan,1,25
12651,Günaltay Meydan,1,25
12694,Günaltay Park,1,25
12695,Günaltay Park,1,25
15839,Gündoğdu,1,25
15840,Gündoğdu,1,25
15673,Güneybatı,1,25
15674,Güneybatı,1,25
51957,Güneş,1,25
51958,Güneş,1,25
24334,Güneş Tarlası,1,25
24335,Güneş Tarlası,1,25
52246,Güneş Tarlası,1,25
52247,Güneş Tarlası,1,25
23471,Güneşli,1,25
52428,Güneşlikent Sitesi,1,25
52429,Güneşlikent Sitesi,1,25
24256,Günhan Cami,1,25
24257,Günhan Cami,1,25
20567,Gürgen,1,25
30528,Gürpınar,1,25
30539,Gürpınar,1,25
11310,Gürsel,1,25
11311,Gürsel,1,25
21831,Güven,1,25
21832,Güven,1,25
13389,Güven Cami,1,25
13390,Güven Cami,1,25
11604,Güvercin,1,25
23864,Güvercin Adası,1,25
23865,Güvercin Adası,1,25
51881,Güzel Ova,1,25
51882,Güzel Ova,1,25
10934,Güzel Çam,1,25
10935,Güzel Çam,1,25
52084,Güzelbahçe Halk E.M.,1,25
52085,Güzelbahçe Halk E.M.,1,25
52178,Güzelbahçe Sanayi,1,25
52179,Güzelbahçe Sanayi,1,25
50969,Güzelbelde,1,25
50970,Güzelbelde,1,25
30952,Güzelcan Kardeşler İlköğretim Okulu,1,25
30953,Güzelcan Kardeşler İlköğretim Okulu,1,25
23534,Güzelhisar Caddesi,1,25
23535,Güzelhisar Caddesi,1,25
52242,Güzelkent Yolu,1,25
52243,Güzelkent Yolu,1,25
22029,Güzeltepe,1,25
22030,Güzeltepe,1,25
22027,Güzeltepe Bloklar,1,25
22028,Güzeltepe Bloklar,1,25
22025,Güzeltepe Parkı,1,25
22026,Güzeltepe Parkı,1,25
10152,Güzelyalı,1,25
10171,Güzelyalı,1,25
16000,Güzçiçek,1,25
15847,Gıda Fabrikası,1,25
15848,Gıda Fabrikası,1,25
32206,Habipler Cami,1,25
14334,Hacı Bayram Cami,1,25
14335,Hacı Bayram Cami,1,25
15691,Hacı Nurşen Hüsnü Ay Cami,1,25
15692,Hacı Nurşen Hüsnü Ay Cami,1,25
15814,Hacı Saim Mutlu Cami,1,25
15815,Hacı Saim Mutlu Cami,1,25
32099,Hacı Yaşar Kandur İlköğretim Okulu,1,25
32100,Hacı Yaşar Kandur İlköğretim Okulu,1,25
23478,Hacıhamzalar Meydan,1,25
12023,Hafize Beşikçioğlu Sağlık Ocağı,1,25
12024,Hafize Beşikçioğlu Sağlık Ocağı,1,25
16629,Hakkı Efendi,1,25
16630,Hakkı Efendi,1,25
15966,Haldun Taner,1,25
15967,Haldun Taner,1,25
15507,Halide Edib Adıvar,1,25
15508,Halide Edib Adıvar,1,25
16166,Halide Onbaşı,1,25
16167,Halide Onbaşı,1,25
51983,Halikarnas Balıkçısı,1,25
51984,Halikarnas Balıkçısı,1,25
12182,Halil Rıfat Paşa,1,25
32192,Halilbeyli Giriş,1,25
32193,Halilbeyli Giriş,1,25
30850,Halilbeyli Son Durak,1,25
30848,Halilbeyli İlkokulu,1,25
30849,Halilbeyli İlkokulu,1,25
23880,Halim Foçalı And. Lisesi,1,25
23881,Halim Foçalı And. Lisesi,1,25
20674,Halime Çavuş,1,25
20675,Halime Çavuş,1,25
24134,Halk,1,25
16073,Halkapınar,1,25
16074,Halkapınar,1,25
10493,Halkapınar 2,1,25
15605,Halkapınar 2,1,25
15606,Halkapınar 2,1,25
10455,Halkapınar Metro,1,25
10456,Halkapınar Metro,1,25
10463,Halkapınar Metro,1,25
10464,Halkapınar Metro,1,25
10469,Halkapınar Metro,1,25
10470,Halkapınar Metro,1,25
10471,Halkapınar Metro,1,25
10473,Halkapınar Metro,1,25
16243,Halkapınar Metro,1,25
16244,Halkapınar Metro,1,25
51869,Han Deresi,1,25
51870,Han Deresi,1,25
23658,Hancı,1,25
23874,Hanedan,1,25
23875,Hanedan,1,25
14170,Hanımeli,1,25
14171,Hanımeli,1,25
41317,Haralar,1,25
41318,Haralar,1,25
16241,Hardal Damları,1,25
16242,Hardal Damları,1,25
24215,Harmandalı,1,25
21476,Harmandalı Kuzey Kent,1,25
21477,Harmandalı Kuzey Kent,1,25
21474,Harmandalı Siteler,1,25
21475,Harmandalı Siteler,1,25
15544,Harmanlılar,1,25
15545,Harmanlılar,1,25
41017,Harmanyeri,1,25
41018,Harmanyeri,1,25
31263,Hasan Ferit Alnar,1,25
31264,Hasan Ferit Alnar,1,25
50244,Hasan İçyer Ortaokulu,1,25
50247,Hasan İçyer Ortaokulu,1,25
16378,Hasançavuşlar Yolu,1,25
16379,Hasançavuşlar Yolu,1,25
24046,Hastane,1,25
31567,Hastane,1,25
31568,Hastane,1,25
40710,Hat Boyu,1,25
40711,Hat Boyu,1,25
40703,Hat Boyu 2,1,25
40704,Hat Boyu 2,1,25
22278,Hatundere 2,1,25
22279,Hatundere 2,1,25
22126,Hatundere 3,1,25
22127,Hatundere 3,1,25
22280,Hatundere Meydan,1,25
32194,Hava Pilot Teğmen Ali Acar,1,25
32195,Hava Pilot Teğmen Ali Acar,1,25
21504,Hava Üssü Lojmanları Son Durak,1,25
12089,Hava Şehitliği,1,25
12100,Hava Şehitliği,1,25
16653,Havutçulu Giriş,1,25
16654,Havutçulu Giriş,1,25
16655,Havutçulu Meydan,1,25
41005,Havuz Başı,1,25
41006,Havuz Başı,1,25
16235,Havuzbaşı Mezarlık,1,25
16236,Havuzbaşı Mezarlık,1,25
13710,Havuzbaşı Son Durak,1,25
13709,Havuzbaşı Çıkış,1,25
13712,Havuzbaşı Çıkış,1,25
16237,Havuzbaşı İç Yolu,1,25
16238,Havuzbaşı İç Yolu,1,25
32463,Hayrat Çeşmesi,1,25
32464,Hayrat Çeşmesi,1,25
51999,Hayriye Öz Parkı,1,25
52000,Hayriye Öz Parkı,1,25
31530,Hayvan Barınağı,1,25
31531,Hayvan Barınağı,1,25
16113,Hayvan Çiftliği,1,25
16114,Hayvan Çiftliği,1,25
24488,Hedef,1,25
24489,Hedef,1,25
41313,Helimoğlu,1,25
41314,Helimoğlu,1,25
11256,Helvacı,1,25
11257,Helvacı,1,25
21911,Helvacı Belediye,1,25
21912,Helvacı Belediye,1,25
22276,Helvacı Cem Evi,1,25
22277,Helvacı Cem Evi,1,25
23827,Helvacı Giriş,1,25
23828,Helvacı Giriş,1,25
21917,Helvacı Hayratı,1,25
21918,Helvacı Hayratı,1,25
22129,Helvacı Jandarma,1,25
22130,Helvacı Jandarma,1,25
13439,Helvacı Köyü,1,25
13440,Helvacı Köyü,1,25
21907,Helvacı Meydan,1,25
21908,Helvacı Meydan,1,25
21909,Helvacı Muhtarlık,1,25
21910,Helvacı Muhtarlık,1,25
21827,Helvacı Ovası,1,25
21828,Helvacı Ovası,1,25
21903,Helvacı Tekel,1,25
21904,Helvacı Tekel,1,25
21915,Helvacı Tekstil,1,25
21916,Helvacı Tekstil,1,25
21913,Helvacı Çeşme,1,25
21914,Helvacı Çeşme,1,25
21919,Helvacı Çıkış,1,25
21920,Helvacı Çıkış,1,25
21905,Helvacı İlkokulu,1,25
21906,Helvacı İlkokulu,1,25
13646,Hercai,1,25
13647,Hercai,1,25
52204,Heykel,1,25
13950,Hezaren,1,25
13951,Hezaren,1,25
15749,Hilal,1,25
15750,Hilal,1,25
15900,Hilal,1,25
15901,Hilal,1,25
21863,Hilal,1,25
21864,Hilal,1,25
50804,Hilal,1,25
50805,Hilal,1,25
51274,Hisar Evleri,1,25
51275,Hisar Evleri,1,25
23506,Hisarköy Giriş,1,25
23507,Hisarköy Giriş,1,25
23503,Hisarköy Merkez,1,25
23504,Hisarköy Okul,1,25
23505,Hisarköy Okul,1,25
14018,Hisarlık,1,25
14020,Hisarlık Kestane,1,25
14021,Hisarlık Kestane,1,25
14016,Hisarlık giriş,1,25
14017,Hisarlık giriş,1,25
31970,Homeros Piknik Alanı,1,25
31971,Homeros Piknik Alanı,1,25
12221,Hulusi Kentmen 2,1,25
12754,Hulusi Kentmen 2,1,25
24173,Huriye Mehmet Akçasakız,1,25
24174,Huriye Mehmet Akçasakız,1,25
30881,Huzur,1,25
30882,Huzur,1,25
31799,Huzur,1,25
31800,Huzur,1,25
32175,Huzur,1,25
32176,Huzur,1,25
50315,Huzurevi Zeytinlik Kapısı,1,25
14218,Huzurkent Sitesi,1,25
14219,Huzurkent Sitesi,1,25
31320,Hürriyet,1,25
31321,Hürriyet,1,25
52517,Hürriyet,1,25
52518,Hürriyet,1,25
40712,Hüseyin Avni Ateşoğlu İlköğretim Okulu,1,25
40713,Hüseyin Avni Ateşoğlu İlköğretim Okulu,1,25
20689,Hüseyin Tokatlı Parkı,1,25
20696,Hüseyin Tokatlı Parkı,1,25
30633,Hüsnü Bornovalı İ.Ö.O,1,25
30634,Hüsnü Bornovalı İlköğretim Okulu,1,25
52369,Ildır,1,25
52449,Ildır Sahil,1,25
52450,Ildır Sahil,1,25
52370,Ildır Tatil Sitesi,1,25
52371,Ildır Tatil Sitesi,1,25
52447,Ildır İskele,1,25
52448,Ildır İskele,1,25
24107,Ilıca,1,25
51073,Ilıksu Yol ayrımı,1,25
51074,Ilıksu Yol ayrımı,1,25
21837,Ilıpınar Benzinlik,1,25
21968,Ilıpınar Benzinlik,1,25
21835,Ilıpınar Meydan,1,25
21836,Ilıpınar Meydan,1,25
23992,Ilıpınar Zeytinlik,1,25
23993,Ilıpınar Zeytinlik,1,25
16312,Irmak,1,25
16313,Irmak,1,25
15627,Irmak Mahallesi Park,1,25
15628,Irmak Mahallesi Park,1,25
32429,Issız,1,25
32430,Issız,1,25
30735,Istaş,1,25
30736,Istaş,1,25
13952,Itır,1,25
13953,Itır,1,25
31902,Işık,1,25
31903,Işık,1,25
52063,Işık,1,25
52064,Işık,1,25
15226,Işıklar,1,25
15227,Işıklar,1,25
32298,Işıklar,1,25
15220,Işıklar Kantar,1,25
15221,Işıklar Kantar,1,25
15756,Işıklı Köyü Giriş,1,25
15757,Işıklı Köyü Giriş,1,25
15758,Işıklı Mezarlık,1,25
15759,Işıklı Mezarlık,1,25
40915,Jandarma,1,25
40926,Jandarma,1,25
40939,Jandarma,1,25
40940,Jandarma,1,25
41224,Jandarma,1,25
41223,Jandarma Komutanlığı,1,25
23770,Jandarma Lojmanı,1,25
23771,Jandarma Lojmanı,1,25
30068,Jant Fabrikası,1,25
30069,Jant Fabrikası,1,25
15976,Kadifekale Son Durak,1,25
50160,Kadir Paşa,1,25
50161,Kadir Paşa,1,25
12129,Kadriye Mahallesi,1,25
12124,Kadriye Mahallesi Çeşme,1,25
12127,Kadriye Mahallesi Çeşme,1,25
24354,Kadıköy,1,25
24355,Kadıköy,1,25
24352,Kadıköy Girişi,1,25
24353,Kadıköy Girişi,1,25
24358,Kadıköy Mezarlığı,1,25
24359,Kadıköy Mezarlığı,1,25
24350,Kadıköy Yolu,1,25
24351,Kadıköy Yolu,1,25
24356,Kadıköy Çıkış,1,25
24357,Kadıköy Çıkış,1,25
51889,Kadıovacık,1,25
51887,Kadıovacık Giriş,1,25
51888,Kadıovacık Giriş,1,25
10387,Kahramanlar Dispanser,1,25
15797,Kahratlı,1,25
15798,Kahratlı,1,25
14402,Kahve,1,25
14403,Kahve,1,25
12551,Kahveler,1,25
12552,Kahveler,1,25
21181,Kaklıç,1,25
21177,Kaklıç Cami,1,25
21178,Kaklıç Cami,1,25
21173,Kaklıç Köprü,1,25
21174,Kaklıç Köprü,1,25
21175,Kaklıç Mezarlık,1,25
21176,Kaklıç Mezarlık,1,25
23285,Kaklıç muhtarlık,1,25
23286,Kaklıç muhtarlık,1,25
23287,Kaklıç Üçyol,1,25
23288,Kaklıç Üçyol,1,25
21179,Kaklıç İlkokulu,1,25
21180,Kaklıç İlkokulu,1,25
12079,Kako,1,25
12080,Kako,1,25
10926,Kalabak,1,25
10927,Kalabak,1,25
50526,Kalabak,1,25
50529,Kalabak,1,25
50530,Kalabak Cami,1,25
50533,Kalabak Cami,1,25
16858,Kale,1,25
16859,Kale,1,25
24636,Kale,1,25
24637,Kale,1,25
15974,Kaleiçi,1,25
15975,Kaleiçi,1,25
14328,Kalp Damar Hastanesi,1,25
14329,Kalp Damar Hastanesi,1,25
52653,Kampüs,1,25
52654,Kampüs,1,25
23590,Kamyoncular Kooperatifi,1,25
23591,Kamyoncular Kooperatifi,1,25
23353,Kanal,1,25
23354,Kanal,1,25
30454,Kandere,1,25
30451,Kandere Parkı,1,25
30452,Kandere Parkı,1,25
23843,Kapalı Katlı Pazaryeri,1,25
23844,Kapalı Katlı Pazaryeri,1,25
16874,Kapalıbağ,1,25
16875,Kapalıbağ,1,25
30905,Kapan Dere,1,25
30906,Kapan Dere,1,25
23490,Kaplan Son Durak,1,25
23492,Kaplanköy Giriş,1,25
23493,Kaplanköy Giriş,1,25
41117,Kaptan,1,25
41378,Kaptan2,1,25
51871,Kara Pınar,1,25
51872,Kara Pınar,1,25
12700,Karabağlar Polis Merkezi,1,25
12701,Karabağlar Polis Merkezi,1,25
12848,Karabağlar Sağlık Ocağı,1,25
12849,Karabağlar Sağlık Ocağı,1,25
12656,Karabağlar Trafo Merkezi,1,25
12657,Karabağlar Trafo Merkezi,1,25
31677,Karabel Orman Durağı,1,25
31678,Karabel Orman Durağı,1,25
31639,Karabel Piknik Yeri,1,25
31662,Karabel Piknik Yeri,1,25
52188,Karaburun TEİAŞ,1,25
52191,Karaburun TEİAŞ,1,25
41069,Karacaağaç Meydan,1,25
41070,Karacaağaç Meydan,1,25
41084,Karacaağaç Mezarlık,1,25
41085,Karacaağaç Mezarlık,1,25
41100,Karacaağaç Mezarlık 2,1,25
41101,Karacaağaç Mezarlık 2,1,25
30502,Karacaoğlan,1,25
40951,Karacaoğlan,1,25
40952,Karacaoğlan,1,25
51959,Karacasarı,1,25
51960,Karacasarı,1,25
11046,Karafırın,1,25
11051,Karafırın,1,25
51020,Karagöl,1,25
51021,Karagöl,1,25
24220,Karagöl Ayrımı,1,25
24221,Karagöl Ayrımı,1,25
16716,Karahayıt Yol Ayrım,1,25
16717,Karahayıt Yol Ayrımı,1,25
30693,Karakovan,1,25
30695,Karakovan,1,25
15646,Karakuyu Bahçe,1,25
15647,Karakuyu Bahçe,1,25
16550,Karakuyu Bahçeler,1,25
16551,Karakuyu Bahçeler,1,25
15643,Karakuyu Cami,1,25
16544,Karakuyu Meydan,1,25
16545,Karakuyu Meydan,1,25
15648,Karakuyu Mezarlık,1,25
15649,Karakuyu Mezarlık,1,25
15644,Karakuyu Okul,1,25
15645,Karakuyu Okul,1,25
16162,Karakuyu Tarım,1,25
16163,Karakuyu Tarım,1,25
10058,Karakuyu Yolu,1,25
10059,Karakuyu Yolu,1,25
15658,Karakuyu Yolu Köprü,1,25
15659,Karakuyu Yolu Köprü,1,25
15656,Karakuyu Yolu Lojman,1,25
15657,Karakuyu Yolu Lojman,1,25
15654,Karakuyu Yolu Sanayi,1,25
15655,Karakuyu Yolu Sanayi,1,25
15650,Karakuyu Yolu Silo,1,25
15651,Karakuyu Yolu Silo,1,25
15652,Karakuyu Yolu Tarım,1,25
15653,Karakuyu Yolu Tarım,1,25
15546,Karakuyu Zeytinlik,1,25
15547,Karakuyu Zeytinlik,1,25
16631,Karakuyu Zeytinlik,1,25
16632,Karakuyu Zeytinlik,1,25
15493,Karakuyu Çiftlik,1,25
15494,Karakuyu Çiftlik,1,25
13421,Karakuyu Çıkış,1,25
13422,Karakuyu Çıkış,1,25
13867,Karakuyu Çıkış,1,25
13868,Karakuyu Çıkış,1,25
51763,Karaköy,1,25
51764,Karaköy,1,25
15554,Karakızlar Arılık,1,25
15555,Karakızlar Arılık,1,25
15466,Karakızlar Dört Yol,1,25
15467,Karakızlar Dört Yol,1,25
13884,Karakızlar Giriş,1,25
13887,Karakızlar Giriş,1,25
13886,Karakızlar Meydan,1,25
13889,Karakızlar Meydan,1,25
15587,Karakızlar Yol Ayrımı,1,25
15588,Karakızlar Yol Ayrımı,1,25
15550,Karakızlar Zeytinlik,1,25
15552,Karakızlar Zeytinlik,1,25
15556,Karakızlar Çiftlik,1,25
15557,Karakızlar Çiftlik,1,25
15551,Karakızlar Çiftlik Evleri,1,25
15553,Karakızlar Çiftlik Evleri,1,25
13888,Karakızlar Çıkış,1,25
13891,Karakızlar Çıkış,1,25
12494,Karanfil,1,25
12495,Karanfil,1,25
13604,Karanfil,1,25
13605,Karanfil,1,25
16505,Karanfil,1,25
16506,Karanfil,1,25
22021,Karanfil Parkı,1,25
22022,Karanfil Parkı,1,25
10157,Karantina,1,25
10164,Karantina,1,25
23587,Karaorman Giriş,1,25
23588,Karaorman Giriş,1,25
23589,Karaorman Meydan,1,25
15591,Karaot Giriş,1,25
15592,Karaot Giriş,1,25
16233,Karaot Köşe,1,25
16234,Karaot Köşe,1,25
15589,Karaot Orman,1,25
15590,Karaot Orman,1,25
13893,Karaot Son Durak,1,25
16852,Karapınar,1,25
16853,Karapınar,1,25
16714,Karapınar Yol Ayrımı,1,25
16715,Karapınar Yol Ayrımı,1,25
52260,Karareis Barajı,1,25
52261,Karareis Barajı,1,25
52192,Karareis Market,1,25
52193,Karareis Market,1,25
52196,Karareis Tatil Sitesi,1,25
52197,Karareis Tatil Sitesi,1,25
13391,Karasu,1,25
13392,Karasu,1,25
41048,Karataş,1,25
41049,Karataş,1,25
15242,Karateke,1,25
15243,Karateke,1,25
16432,Karateke,1,25
16434,Karateke,1,25
15244,Karateke Orkide,1,25
15245,Karateke Orkide,1,25
23462,Karaveliler,1,25
23463,Karaveliler,1,25
23456,Karaveliler Giriş,1,25
23457,Karaveliler Giriş,1,25
23458,Karaveliler Köy İçi,1,25
23459,Karaveliler Köy İçi,1,25
23549,Karaveliler Meydan,1,25
23550,Karaveliler Meydan,1,25
23460,Karaveliler İlköğretim Okulu,1,25
23461,Karaveliler İlköğretim Okulu,1,25
11021,Karayel,1,25
11052,Karayel,1,25
30237,Karayolları,1,25
30262,Karayolları,1,25
23837,Karayolları Denetim İst.,1,25
23838,Karayolları Denetim İst.,1,25
15874,Karaçam,1,25
15875,Karaçam,1,25
30947,Karaçam,1,25
30384,Karaçam Giriş,1,25
30939,Karaçam Giriş,1,25
30950,Karaçam Havuz,1,25
30951,Karaçam Havuz,1,25
32385,Karaçam Park,1,25
32386,Karaçam Park,1,25
32383,Karaçam Santral,1,25
32384,Karaçam Santral,1,25
32381,Karaçam Çiftlik,1,25
32382,Karaçam Çiftlik,1,25
23850,Karaçukur Koyu,1,25
23851,Karaçukur Koyu,1,25
23573,Kardan,1,25
23574,Kardan,1,25
41247,Kardelen,1,25
41248,Kardelen,1,25
41337,Kardelen,1,25
41338,Kardelen,1,25
50313,Kardelen,1,25
31822,Kare Ev,1,25
31823,Kare Ev,1,25
11298,Kargacık Koyu,1,25
11299,Kargacık Koyu,1,25
52586,Karpusça Yolu,1,25
52587,Karpusça Yolu,1,25
16213,Karpuzlu İstasyon,1,25
16214,Karpuzlu İstasyon,1,25
13956,Kartopu,1,25
13957,Kartopu,1,25
50808,Karye Sitesi,1,25
50809,Karye Sitesi,1,25
20239,Karşıyaka Öğretmen Evi,1,25
20240,Karşıyaka Öğretmen Evi,1,25
40953,Kasap,1,25
40955,Kasap,1,25
41136,Kasap,1,25
41389,Kasap 1,1,25
23275,Katip Çelebi Üniversitesi Öğrenci Yurdu,1,25
52612,Kavacık Bahçe,1,25
52613,Kavacık Bahçe,1,25
52634,Kavacık Bağ,1,25
52635,Kavacık Bağ,1,25
52638,Kavacık Giriş,1,25
52639,Kavacık Giriş,1,25
52616,Kavacık Küme,1,25
52617,Kavacık Küme,1,25
52606,Kavacık Manzara,1,25
52607,Kavacık Manzara,1,25
52604,Kavacık Mezarlık,1,25
52605,Kavacık Mezarlık,1,25
52636,Kavacık Restoran,1,25
52637,Kavacık Restoran,1,25
52608,Kavacık Tarla,1,25
52609,Kavacık Tarla,1,25
16417,Kavacık Yol Ayrımı,1,25
50699,Kavacık Yol Ayrımı,1,25
52610,Kavacık Çardak,1,25
52611,Kavacık Çardak,1,25
16415,Kavacık Çıkış,1,25
50703,Kavacık Çıkış,1,25
52614,Kavacık Üzüm,1,25
52615,Kavacık Üzüm,1,25
32301,Kavak,1,25
32302,Kavak,1,25
50810,Kavak,1,25
50811,Kavak,1,25
51343,Kavak Çayı,1,25
51346,Kavak Çayı,1,25
52222,Kavakdere Mezarlık,1,25
52223,Kavakdere Mezarlık,1,25
51879,Kavakdere Okul,1,25
51880,Kavakdere Okul,1,25
51339,Kavakdere Üçyol,1,25
51350,Kavakdere Üçyol,1,25
41064,Kavun,1,25
41065,Kavun,1,25
32173,Kayabaşı Cami,1,25
32174,Kayabaşı Cami,1,25
31968,Kayadibi,1,25
31969,Kayadibi,1,25
31981,Kayadibi Doğa Park,1,25
31982,Kayadibi Doğa Park,1,25
32376,Kayadibi Giriş,1,25
32377,Kayadibi Giriş,1,25
31983,Kayadibi Köy Cami Yeni Son Durak,1,25
32481,Kayadibi Orman,1,25
32482,Kayadibi Orman,1,25
31984,Kayadibi Çevre,1,25
52019,Kayapınarı,1,25
52020,Kayapınarı,1,25
50311,Kaymakamlık İstasyon,1,25
50312,Kaymakamlık İstasyon,1,25
12623,Kaymakkuyu 2,1,25
16321,Kaymakçı Mezarlık,1,25
16322,Kaymakçı Mezarlık,1,25
12142,Kaynak,1,25
40116,Kaynak Parkı,1,25
40965,Kaynaklar Son Durak,1,25
40961,Kaynaklar İlköğretim Okulu,1,25
40962,Kaynaklar İlköğretim Okulu,1,25
51581,Kaynarpınar,1,25
51582,Kaynarpınar,1,25
51545,Kaynarpınar Huzur,1,25
51546,Kaynarpınar Huzur,1,25
16660,Kazangöl,1,25
16661,Kazangöl,1,25
30830,Kazım Dirik İlköğretim Okulu,1,25
30831,Kazım Dirik İlköğretim Okulu,1,25
23671,Kazım Karabekir Cami,1,25
23672,Kazım Karabekir Cami,1,25
12317,Kazım Karabekir Mahalle Muhtarlığı,1,25
12318,Kazım Karabekir Mahalle Muhtarlığı,1,25
50947,Kehribar,1,25
50948,Kehribar,1,25
11106,Kekliktepe,1,25
11115,Kekliktepe,1,25
16737,Keller Kırığı Küme Evleri,1,25
16738,Keller Kırığı Küme Evleri,1,25
12179,Kemal Reis,1,25
15521,Kemal Tahir,1,25
15522,Kemal Tahir,1,25
15968,Kemal Tahir,1,25
15969,Kemal Tahir,1,25
31575,Kemalpaşa Ara Yol,1,25
31576,Kemalpaşa Ara Yol,1,25
31616,Kemalpaşa Arıtma Tesisi,1,25
31617,Kemalpaşa Arıtma Tesisi,1,25
31626,Kemalpaşa Karakol,1,25
31627,Kemalpaşa Karakol,1,25
31624,Kemalpaşa Pazaryeri,1,25
31625,Kemalpaşa Pazaryeri,1,25
31622,Kemalpaşa Sevgi,1,25
31623,Kemalpaşa Sevgi,1,25
31612,Kemalpaşa Şantiye,1,25
31613,Kemalpaşa Şantiye,1,25
13340,Kemer Aktarma Merkezi,1,25
13341,Kemer Aktarma Merkezi,1,25
13343,Kemer Aktarma Merkezi,1,25
13344,Kemer Aktarma Merkezi,1,25
13346,Kemer Aktarma Merkezi,1,25
10716,Kereste Fabrikası,1,25
10725,Kereste Fabrikası,1,25
23928,Kestanepazarı,1,25
23929,Kestanepazarı,1,25
13039,Kip,1,25
13040,Kip,1,25
16487,Kiraz,1,25
16488,Kiraz,1,25
31954,Kiraz,1,25
31955,Kiraz,1,25
32006,Kiraz,1,25
32007,Kiraz,1,25
31618,Kiraz Ağacı,1,25
31619,Kiraz Ağacı,1,25
15936,Kiraz Devlet Hastanesi,1,25
15943,Kiraz Hükümet Konağı,1,25
15944,Kiraz Hükümet Konağı,1,25
32409,Kiraz Yolu,1,25
32410,Kiraz Yolu,1,25
15770,Kireli,1,25
15771,Kireli,1,25
15772,Kireli Giriş,1,25
15773,Kireli Giriş,1,25
41093,Koca Orman,1,25
41108,Koca Orman,1,25
51024,Koca Çınar,1,25
51025,Koca Çınar,1,25
11900,Kocakapı,1,25
23605,Kocamehmetler Yol Ayrımı,1,25
23606,Kocamehmetler Yol Ayrımı,1,25
24383,Kocaömerli Giriş,1,25
24384,Kocaömerli Giriş,1,25
24381,Kocaömerli Yol Ayrımı,1,25
24382,Kocaömerli Yol Ayrımı,1,25
24638,Kocaömerli Çınarağacı,1,25
24639,Kocaömerli Çınarağacı,1,25
24380,Kocaömerli İlkokulu,1,25
32454,Kodelya,1,25
32455,Kodelya,1,25
10727,Kolej,1,25
10728,Kolej,1,25
14114,Kolophon,1,25
14115,Kolophon,1,25
15886,Komutan,1,25
15889,Komutan,1,25
10039,Konak,1,25
10041,Konak,1,25
14374,Konak,1,25
14375,Konak,1,25
16484,Konak,1,25
15768,Konserve Fabrikası,1,25
15769,Konserve Fabrikası,1,25
12826,Konut,1,25
51989,Konutlar,1,25
51990,Konutlar,1,25
30879,Kooperatif,1,25
30880,Kooperatif,1,25
23336,Kooperatif Sitesi,1,25
23337,Kooperatif Sitesi,1,25
32417,Kordelya,1,25
32418,Kordelya,1,25
50276,Korsan Villa,1,25
50277,Korsan Villa,1,25
11016,Koru Sitesi,1,25
11017,Koru Sitesi,1,25
15548,Korucuk Yol Ayrımı,1,25
15549,Korucuk Yol Ayrımı,1,25
15681,Koruluk,1,25
15682,Koruluk,1,25
23866,Kosova,1,25
23867,Kosova,1,25
12098,Kosova Mahallesi,1,25
15973,Kosova Mahallesi,1,25
24187,Kovankayası,1,25
24188,Kovankayası,1,25
22529,Koyundere Muhtarlık,1,25
22530,Koyundere Muhtarlık,1,25
21264,Koza Sitesi,1,25
23980,Kozak Maden,1,25
32426,Kozalak,1,25
32427,Kozalak,1,25
40255,Kozağaç,1,25
41429,Kozağaç 2,1,25
23279,Kozbeyli At Çifliği,1,25
23280,Kozbeyli At Çifliği,1,25
21931,Kozbeyli Giriş,1,25
21932,Kozbeyli Giriş,1,25
22294,Kozbeyli Karanfil,1,25
22295,Kozbeyli Karanfil,1,25
22292,Kozbeyli Çamlık,1,25
22293,Kozbeyli Çamlık,1,25
40430,Kreş,1,25
24127,Kubilay,1,25
21487,Kule,1,25
21488,Kule,1,25
32404,Kumova,1,25
32405,Kumova,1,25
14392,Kurtuluş,1,25
14393,Kurtuluş,1,25
23386,Kurtuluş Camii,1,25
23387,Kurtuluş Camii,1,25
16326,Kurucuova Mezarlık,1,25
16327,Kurucuova Mezarlık,1,25
16336,Kurucuova Muhtarlık,1,25
16337,Kurucuova Muhtarlık,1,25
16323,Kurucuova Son Durak,1,25
16330,Kurucuova Trafo,1,25
16331,Kurucuova Trafo,1,25
16340,Kurucuova Üçyol,1,25
16341,Kurucuova Üçyol,1,25
16324,Kurucuova İlköğretim Okulu,1,25
16325,Kurucuova İlköğretim Okulu,1,25
14116,Kurudere,1,25
14117,Kurudere,1,25
40865,Kuruçeşme Merkez Cami,1,25
16120,Kurşak Yolu,1,25
16121,Kurşak Yolu,1,25
15804,Kutsan,1,25
15805,Kutsan,1,25
13602,Kuyucak,1,25
13603,Kuyucak,1,25
31740,Kuyucak Meydan,1,25
31741,Kuyucak Meydan,1,25
15980,Kuyucak Yolu,1,25
15981,Kuyucak Yolu,1,25
31738,Kuyucak İlkokulu,1,25
31739,Kuyucak İlkokulu,1,25
30508,Kuzey,1,25
23794,Kuzey Şehir,1,25
23795,Kuzey Şehir,1,25
23796,Kuzey Şehir Üst Yol,1,25
23797,Kuzey Şehir Üst Yol,1,25
51867,Kuzyaka,1,25
51868,Kuzyaka,1,25
11008,Kuşadası Yol Ayrımı,1,25
11009,Kuşadası Yol Ayrımı,1,25
11519,Kuşcuburun İp Fabrikası,1,25
11520,Kuşcuburun İp Fabrikası,1,25
41111,Kuşluk,1,25
41112,Kuşluk,1,25
15905,Kuşçu,1,25
15906,Kuşçu,1,25
11516,Kuşçuburun Aktarma,1,25
11521,Kuşçuburun Depolar,1,25
11522,Kuşçuburun Depolar,1,25
50973,Kuşçular Orman Yangın Ekibi,1,25
50974,Kuşçular Orman Yangın Ekibi,1,25
50971,Kuşçular Ova İlkokulu,1,25
50972,Kuşçular Ova İlkokulu,1,25
52110,Kuşçular Santral,1,25
52111,Kuşçular Santral,1,25
50953,Kuşçular Sera,1,25
50954,Kuşçular Sera,1,25
16285,Köfündere Giriş,1,25
16275,Köfündere Küme Evler,1,25
16276,Köfündere Küme Evler,1,25
16274,Köfündere Meydan,1,25
16387,Köfündere Mezarlık,1,25
16388,Köfündere Mezarlık,1,25
20873,Kömürcü,1,25
20874,Kömürcü,1,25
10161,Köprü,1,25
10162,Köprü,1,25
14406,Köprü,1,25
14407,Köprü,1,25
40947,Köprü,1,25
40948,Köprü,1,25
50232,Köprü,1,25
50233,Köprü,1,25
52549,Körfez,1,25
52550,Körfez,1,25
51585,Köseder Yol Ayrımı,1,25
51586,Köseder Yol Ayrımı,1,25
52483,Kösedere,1,25
52570,Kösedere,1,25
52559,Kösedere Ağaçlıyol,1,25
52560,Kösedere Ağaçlıyol,1,25
52527,Kösedere Manzara,1,25
52528,Kösedere Manzara,1,25
52481,Kösedere Mezarlık,1,25
52482,Kösedere Mezarlık,1,25
52521,Kösedere Muhtarlık,1,25
52522,Kösedere Muhtarlık,1,25
52525,Kösedere Restoran,1,25
52526,Kösedere Restoran,1,25
52531,Kösedere Tarla,1,25
52532,Kösedere Tarla,1,25
52535,Kösedere Yol Ayrımı,1,25
52536,Kösedere Yol Ayrımı,1,25
52529,Kösedere Zeytinlik,1,25
52530,Kösedere Zeytinlik,1,25
52479,Kösedere Çıkış,1,25
52480,Kösedere Çıkış,1,25
52523,Kösedere Çıkış,1,25
52524,Kösedere Çıkış,1,25
10990,Köseoğlu,1,25
10991,Köseoğlu,1,25
24091,Köy Yolu,1,25
24092,Köy Yolu,1,25
12496,Köşe,1,25
12497,Köşe,1,25
12545,Köşe,1,25
12546,Köşe,1,25
12761,Köşe,1,25
13041,Köşe,1,25
13042,Köşe,1,25
15907,Köşe,1,25
15908,Köşe,1,25
31328,Köşe,1,25
31329,Köşe,1,25
40322,Köşe,1,25
40323,Köşe,1,25
41028,Köşe,1,25
41029,Köşe,1,25
16482,Köşem Parkı,1,25
50258,Köşk,1,25
50259,Köşk,1,25
23738,Kübra,1,25
23739,Kübra,1,25
52555,Kültür Merkezi,1,25
52556,Kültür Merkezi,1,25
16702,Küme Evler,1,25
16703,Küme Evler,1,25
32235,Küme Evler,1,25
32236,Küme Evler,1,25
13743,Küme Evleri,1,25
13744,Küme Evleri,1,25
15729,Küner Kavşak,1,25
15730,Küner Kavşak,1,25
15725,Küner Küme Evler,1,25
15726,Küner Küme Evler,1,25
15723,Küner Yolu,1,25
15724,Küner Yolu,1,25
15766,Kürdüllü Giriş,1,25
15767,Kürdüllü Giriş,1,25
14152,Kürnek Mevki,1,25
14153,Kürnek Mevki,1,25
51553,Kütlücek,1,25
51554,Kütlücek,1,25
52108,Kütük Minare Cami,1,25
52109,Kütük Minare Cami,1,25
51036,Küçük Akkum,1,25
51037,Küçük Akkum,1,25
23870,Küçük Ayani Koyu,1,25
23871,Küçük Ayani Koyu,1,25
13737,Küçük Ev,1,25
13738,Küçük Ev,1,25
11288,Küçük Köprü,1,25
11289,Küçük Köprü,1,25
10559,Küçük Park,1,25
21741,Küçük Çay,1,25
21742,Küçük Çay,1,25
52205,Küçükbahçe,1,25
52206,Küçükbahçe,1,25
52287,Küçükbahçe Giriş,1,25
52288,Küçükbahçe Giriş,1,25
52207,Küçükbahçe Plajı,1,25
52228,Küçükbahçe Yol Ayrımı,1,25
52229,Küçükbahçe Yol Ayrımı,1,25
52236,Küçükbahçe Çiftlik,1,25
52237,Küçükbahçe Çiftlik,1,25
16067,Küçükkale,1,25
16068,Küçükkale,1,25
50701,Küçükkaya Köyü,1,25
50702,Küçükkaya Köyü,1,25
52180,Küçükkaya Manzara,1,25
52181,Küçükkaya Manzara,1,25
52600,Küçükkaya Pansiyon,1,25
52601,Küçükkaya Pansiyon,1,25
52598,Küçükkaya Yol Ayrımı,1,25
52599,Küçükkaya Yol Ayrımı,1,25
11975,Kıbrıs Şehitleri İlkokulu,1,25
11976,Kıbrıs Şehitleri İlkokulu,1,25
15660,Kılıç,1,25
15661,Kılıç,1,25
11247,Kınalıtaş,1,25
11248,Kınalıtaş,1,25
24387,Kınık K1 Tipi Cezaevi,1,25
24388,Kınık K1 Tipi Cezaevi,1,25
24385,Kınık Tavuk Çitliği,1,25
24386,Kınık Tavuk Çitliği,1,25
24494,Kınık Zeytinlik,1,25
24495,Kınık Zeytinlik,1,25
50528,Kıpkıp,1,25
50531,Kıpkıp,1,25
15738,Kır Düğün Salonu,1,25
15740,Kır Düğün Salonu,1,25
31571,Kır Düğün Salonu,1,25
31572,Kır Düğün Salonu,1,25
22336,Kır Mahalle Girişi,1,25
22337,Kır Mahalle Girişi,1,25
20869,Kıraathane,1,25
20870,Kıraathane,1,25
23515,Kıranlı Merkez,1,25
24146,Kıranlı Çıkış,1,25
24147,Kıranlı Çıkış,1,25
11703,Kırbaş Giriş,1,25
11704,Kırbaş Giriş,1,25
15490,Kırbaş Meydan,1,25
11707,Kırbaş Son Durak,1,25
15489,Kırbaş Üçyol,1,25
30875,Kırcanlar,1,25
30876,Kırcanlar,1,25
41032,Kırklar Meydan,1,25
41033,Kırklar Okul,1,25
13043,Kısık Köy,1,25
15432,Kısıkköy Altyol,1,25
52262,Kıyı Yolu,1,25
52263,Kıyı Yolu,1,25
32469,Kızılay Mahallesi,1,25
16528,Kızılcaağaç Giriş,1,25
16529,Kızılcaağaç Giriş,1,25
16526,Kızılcaağaç Kümeevler,1,25
16527,Kızılcaağaç Kümeevler,1,25
16525,Kızılcaağaç Meydan,1,25
16485,Kızılcaağaç Çıkış,1,25
16486,Kızılcaağaç Çıkış,1,25
13723,Kızılcaova Giriş,1,25
13726,Kızılcaova Giriş,1,25
13746,Kızılcaova Kurtuluş,1,25
13747,Kızılcaova Kurtuluş,1,25
13724,Kızılcaova Merkez,1,25
13768,Kızılcaova Yol Ayrımı,1,25
13769,Kızılcaova Yol Ayrımı,1,25
13770,Kızılcaova Yolu,1,25
13771,Kızılcaova Yolu,1,25
16793,Kızılcaova Çiftlik,1,25
16794,Kızılcaova Çiftlik,1,25
13719,Kızılcaova Çıkış,1,25
13722,Kızılcaova Çıkış,1,25
13772,Kızılcaova İstiklal,1,25
13773,Kızılcaova İstiklal,1,25
16726,Kızılkeçili Meydan,1,25
16497,Kızıloba Giriş,1,25
16498,Kızıloba Giriş,1,25
16499,Kızıloba Meydan,1,25
32139,Kızılüzüm,1,25
32137,Kızılüzüm Giriş,1,25
32138,Kızılüzüm Giriş,1,25
51396,Ladin,1,25
51397,Ladin,1,25
32089,Laka Cami,1,25
32090,Laka Cami,1,25
32084,Laka Eski Son Durak,1,25
32085,Laka Eski Son Durak,1,25
32082,Laka Köprü,1,25
32083,Laka Köprü,1,25
32091,Laka Yeni Son Durak,1,25
21939,Lale,1,25
21940,Lale,1,25
16045,Lale Park,1,25
16046,Lale Park,1,25
15505,Lavanta,1,25
15506,Lavanta,1,25
41076,Lavanta,1,25
41077,Lavanta,1,25
12147,Leventtepe Selamet Cami,1,25
12148,Leventtepe Selamet Cami,1,25
13610,Leylak,1,25
13611,Leylak,1,25
16400,Limon,1,25
16401,Limon,1,25
32431,Limon Servi,1,25
32432,Limon Servi,1,25
15662,Limontepe,1,25
15453,Limontepe Merkez Cami,1,25
24484,Lise,1,25
24485,Lise,1,25
24679,Lise,1,25
15671,Lodos,1,25
15672,Lodos,1,25
51974,Lodos,1,25
51997,Lodos,1,25
41021,Lojmanlar,1,25
41022,Lojmanlar,1,25
41347,Lojmanlar,1,25
41348,Lojmanlar,1,25
50260,Lojmanlar,1,25
50261,Lojmanlar,1,25
20223,Lunapark,1,25
20224,Lunapark,1,25
51018,LÖSEV Doğa Çiftliği,1,25
51019,LÖSEV Doğa Çiftliği,1,25
16722,Lütuflar Meydan,1,25
16723,Lütuflar Meydan,1,25
16181,M.Akif ERSOY İÖO,1,25
16182,M.Akif ERSOY İÖO,1,25
16140,M.Kemal Kürekçi Parkı,1,25
16141,M.Kemal Kürekçi Parkı,1,25
50532,Mab Sitesi,1,25
50535,Mab Sitesi,1,25
24197,Maden,1,25
52230,Maden,1,25
52231,Maden,1,25
52248,Maden,1,25
52251,Maden,1,25
11124,Mahkeme Tepesi,1,25
11125,Mahkeme Tepesi,1,25
15234,Mahmutlar,1,25
15235,Mahmutlar,1,25
32421,Makina,1,25
32422,Makina,1,25
41044,Malazgirt,1,25
41045,Malazgirt,1,25
12343,Maliyeciler,1,25
12346,Maliyeciler,1,25
15859,Maliyeciler Park,1,25
16010,Maliyeciler Park,1,25
16009,Maliyeciler Son Durak,1,25
20867,Maltepe,1,25
20868,Maltepe,1,25
22573,Maltepe Cami,1,25
22574,Maltepe Cami,1,25
22571,Maltepe Cumhuriyet,1,25
22572,Maltepe Cumhuriyet,1,25
22569,Maltepe Gediz,1,25
22570,Maltepe Gediz,1,25
20865,Maltepe Giriş,1,25
20866,Maltepe Giriş,1,25
21622,Maltepe Mezarlık,1,25
21623,Maltepe Mezarlık,1,25
21717,Maltepe Saha,1,25
21718,Maltepe Saha,1,25
22575,Maltepe Sevgi,1,25
22576,Maltepe Sevgi,1,25
50873,Maltepe Sitesi,1,25
50874,Maltepe Sitesi,1,25
23918,Maltepe Su,1,25
23919,Maltepe Su,1,25
51622,Manal,1,25
51623,Manal,1,25
16671,Mandalina Bahçesi,1,25
16672,Mandalina Bahçesi,1,25
13068,Mandıra,1,25
13069,Mandıra,1,25
20636,Mandıra,1,25
51246,Manolya,1,25
51247,Manolya,1,25
51335,Manolya,1,25
51354,Manolya,1,25
12380,Manolya Parkı,1,25
12383,Manolya Parkı,1,25
31334,Manzara,1,25
31335,Manzara,1,25
52017,Manzara,1,25
52018,Manzara,1,25
52074,Manzara,1,25
52075,Manzara,1,25
52618,Manzara,1,25
52619,Manzara,1,25
31814,Mapaz,1,25
31815,Mapaz,1,25
11234,Marangoz,1,25
11237,Marangoz,1,25
40179,Marangoz,1,25
12780,Market,1,25
12806,Market,1,25
12809,Market,1,25
16338,Market,1,25
16339,Market,1,25
23804,Market,1,25
24016,Market,1,25
24546,Market,1,25
32087,Market,1,25
32088,Market,1,25
52333,Martı Sitesi,1,25
52334,Martı Sitesi,1,25
14206,Masal Konutları,1,25
16872,Masal Konutları,1,25
32388,Mavi Boncuk,1,25
32389,Mavi Boncuk,1,25
13985,Mavi Deniz,1,25
13986,Mavi Deniz,1,25
51398,Mavi Deniz,1,25
51399,Mavi Deniz,1,25
50824,Mavi Plaj,1,25
50825,Mavi Plaj,1,25
11012,Maydanoz,1,25
11013,Maydanoz,1,25
11014,Maydanoz Çıkış,1,25
11015,Maydanoz Çıkış,1,25
23539,Mehmet Akif Ersoy,1,25
24193,Mehmet Akif Ersoy,1,25
24194,Mehmet Akif Ersoy,1,25
24549,Mehmet Akif Ersoy,1,25
16071,Mehmetler,1,25
16072,Mehmetler,1,25
16745,Mehmetler Mezarlığı,1,25
16746,Mehmetler Mezarlığı,1,25
40694,Mehtap Mahallesi Kahveler,1,25
40695,Mehtap Mahallesi Kahveler,1,25
10153,Mektupçu,1,25
10168,Mektupçu,1,25
12181,Mektupçu,1,25
23719,Melek,1,25
24413,Melikşah,1,25
16219,Menderes Damlar,1,25
16220,Menderes Damlar,1,25
16195,Menderes Devlet Hastanesi,1,25
16196,Menderes Devlet Hastanesi,1,25
16803,Menderes Devlet Hastanesi 2,1,25
16804,Menderes Devlet Hastanesi 2,1,25
16209,Menderes Jandarma,1,25
16210,Menderes Jandarma,1,25
16228,Menderes Meslek Lisesi,1,25
16227,Menderes Meslek lisesi,1,25
16229,Menderes Oto Sanayi,1,25
16230,Menderes Oto Sanayi,1,25
11236,Menekşe,1,25
11239,Menekşe,1,25
13124,Menekşe,1,25
13125,Menekşe,1,25
13598,Menekşe,1,25
13599,Menekşe,1,25
22125,Menemen Cezaevi,1,25
22128,Menemen Cezaevi,1,25
24412,Menemen Devlet Hastanesi,1,25
23758,Menemen Gençlik Eğitim,1,25
23759,Menemen Gençlik Eğitim,1,25
21608,Menemen Serbest Bölge,1,25
21621,Menemen Serbest Bölge,1,25
23750,Menemen Stadı,1,25
23751,Menemen Stadı,1,25
52198,Mercankoyu Sitesi Giriş,1,25
52199,Mercankoyu Sitesi Giriş,1,25
40684,Merdivenli Yol,1,25
40685,Merdivenli Yol,1,25
31661,Merkez Cumalı,1,25
16124,Mermer Fabrikası,1,25
16125,Mermer Fabrikası,1,25
40180,Mermerci,1,25
13964,Mersincik Mevki,1,25
13965,Mersincik Mevki,1,25
12036,Mersinpınar,1,25
12033,Mersinpınar Köşe,1,25
12034,Mersinpınar Köşe,1,25
32212,Merve Cami,1,25
32213,Merve Cami,1,25
30483,Mescid-i Aksa Cami,1,25
30484,Mescid-i Aksa Cami,1,25
16490,Mesire Alanı,1,25
16491,Mesire Alanı,1,25
11454,Meteroloji,1,25
11455,Meteroloji,1,25
21216,Metro,1,25
21221,Metro,1,25
32095,Mevlan Parkı,1,25
32096,Mevlan Parkı,1,25
41090,Mevlana,1,25
41091,Mevlana,1,25
23374,Mevlana Anaokulu,1,25
23375,Mevlana Anaokulu,1,25
31515,Mevlana Parkı,1,25
31516,Mevlana Parkı,1,25
13429,Meydan,1,25
13430,Meydan,1,25
15799,Meydan,1,25
32209,Meydan,1,25
11324,Mezarlık,1,25
11325,Mezarlık,1,25
11705,Mezarlık,1,25
11706,Mezarlık,1,25
13084,Mezarlık,1,25
13085,Mezarlık,1,25
14418,Mezarlık,1,25
14419,Mezarlık,1,25
15712,Mezarlık,1,25
15713,Mezarlık,1,25
15882,Mezarlık,1,25
15885,Mezarlık,1,25
30445,Mezarlık,1,25
30446,Mezarlık,1,25
30623,Mezarlık,1,25
30624,Mezarlık,1,25
31643,Mezarlık,1,25
31674,Mezarlık,1,25
31972,Mezarlık,1,25
31973,Mezarlık,1,25
41015,Mezarlık,1,25
41016,Mezarlık,1,25
24017,Mezarlık 1,1,25
24018,Mezarlık 2,1,25
20650,Mezbaha,1,25
20651,Mezbaha,1,25
15700,Meşe,1,25
15701,Meşe,1,25
51288,Meşe,1,25
51289,Meşe,1,25
41050,Meşelik,1,25
41051,Meşelik,1,25
51837,Meşelik,1,25
51838,Meşelik,1,25
41363,Millet,1,25
41364,Millet,1,25
11984,Millet Mahallesi,1,25
10467,Milli Eğitim Lojmanları,1,25
15911,Mimar Kemaleddin,1,25
15912,Mimar Kemaleddin,1,25
10389,Mimar Sinan,1,25
15909,Mimar Sinan,1,25
15910,Mimar Sinan,1,25
52059,Mimkent,1,25
52060,Mimkent,1,25
13652,Mimoza,1,25
13653,Mimoza,1,25
10155,Mithatpaşa Mesleki ve Teknik Anadolu Lisesi,1,25
10166,Mithatpaşa Mesleki ve Teknik Anadolu Lisesi,1,25
40706,Mobilyacılar,1,25
40707,Mobilyacılar,1,25
50959,Mola,1,25
50960,Mola,1,25
16402,Montrö,1,25
51614,Mordoğan Günbatımı,1,25
51615,Mordoğan Günbatımı,1,25
51547,Mordoğan Kayacık,1,25
51548,Mordoğan Kayacık,1,25
51616,Mordoğan Körfez,1,25
51617,Mordoğan Körfez,1,25
51627,Mordoğan Nergis,1,25
51628,Mordoğan Nergis,1,25
51639,Mordoğan Saklı Köy,1,25
51640,Mordoğan Saklı Köy,1,25
51555,Mordoğan Stad,1,25
51556,Mordoğan Stad,1,25
51618,Mordoğan Sümbül,1,25
51619,Mordoğan Sümbül,1,25
51620,Mordoğan Yarımada,1,25
51621,Mordoğan Yarımada,1,25
51559,Mordoğan Zeytin,1,25
51560,Mordoğan Zeytin,1,25
51549,Mordoğan Çakıl,1,25
51550,Mordoğan Çakıl,1,25
51557,Mordoğan İğdealtı,1,25
51558,Mordoğan İğdealtı,1,25
50540,Muhtarlık,1,25
50543,Muhtarlık,1,25
12021,Murat Mahallesi Muhtarlık,1,25
12022,Murat Mahallesi Muhtarlık,1,25
10295,Murat Reis Cami,1,25
40467,Mustafa Eren Parkı,1,25
23926,Mustafa Güngör Çolakoğlu Anadolu Lisesi,1,25
23927,Mustafa Güngör Çolakoğlu Anadolu Lisesi,1,25
40980,Muzaffer Ersezgin,1,25
40981,Muzaffer Ersezgin,1,25
13090,Müjde,1,25
13091,Müjde,1,25
13387,Münevver Teyze Parkı,1,25
13388,Münevver Teyze Parkı,1,25
10349,Mürsel Paşa,1,25
22001,Müyesser Turfan Güçsüzler Evi,1,25
22002,Müyesser Turfan Güçsüzler Evi,1,25
15868,Naci Tuncel Caddesi,1,25
15869,Naci Tuncel Caddesi,1,25
13974,Naime Meydan,1,25
13975,Naime Meydan,1,25
13981,Naime Yolu,1,25
13982,Naime Yolu,1,25
15491,Naime Çiftlik,1,25
15492,Naime Çiftlik,1,25
30853,Nalbant,1,25
30932,Naldöken,1,25
30933,Naldöken,1,25
30931,Naldöken Kültür Merkezi,1,25
30934,Naldöken Kültür Merkezi,1,25
30937,Naldöken Meydan,1,25
30938,Naldöken Meydan,1,25
30936,Naldöken Mezarlık,1,25
31277,Naldöken Mezarlık,1,25
31278,Naldöken Yeni Son Durak,1,25
50967,Nar,1,25
50968,Nar,1,25
16663,Nar Ağacı,1,25
16664,Nar Ağacı,1,25
16111,Nar Çiçeği,1,25
16112,Nar Çiçeği,1,25
50877,Narbel Son Durak,1,25
50238,Narbel Çeşme,1,25
50239,Narbel Çeşme,1,25
16039,Narenciye,1,25
16040,Narenciye,1,25
24566,Narlıca,1,25
24567,Narlıca,1,25
24562,Narlıca Giriş,1,25
24563,Narlıca Giriş,1,25
24564,Narlıca Köy İçi,1,25
24565,Narlıca Köy İçi,1,25
24570,Narlıca Çıkış,1,25
24571,Narlıca Çıkış,1,25
24568,Narlıca İlkokulu,1,25
24569,Narlıca İlkokulu,1,25
50326,Narlıdere,1,25
51839,Narlıdere Huzur,1,25
50294,Narlıdere Piknik Yeri,1,25
50295,Narlıdere Piknik Yeri,1,25
50242,Narlıdere İzmir Evleri,1,25
50243,Narlıdere İzmir Evleri,1,25
15495,Narlık,1,25
15496,Narlık,1,25
32245,Narova,1,25
15450,Nasrettin Hoca Parkı,1,25
15451,Nasrettin Hoca Parkı,1,25
32390,Nazar Boncuğu,1,25
31637,Nazar Köy,1,25
16825,Nazım Hikmet Parkı,1,25
16826,Nazım Hikmet Parkı,1,25
16394,Nehir,1,25
16395,Nehir,1,25
24464,Nemrut,1,25
24465,Nemrut,1,25
14022,Nene Hatun,1,25
14023,Nene Hatun,1,25
12013,Nenehatun Çok Programlı Anadolu Lisesi,1,25
12014,Nenehatun Çok Programlı Anadolu Lisesi,1,25
13612,Nergis,1,25
13613,Nergis,1,25
20261,Nergiz Sağlık Ocağı,1,25
20262,Nergiz Sağlık Ocağı,1,25
21254,Neyhan,1,25
21255,Neyhan,1,25
13800,Nezahat Onbaşı,1,25
13801,Nezahat Onbaşı,1,25
12757,Neşe,1,25
12760,Neşe,1,25
31906,Ni KA,1,25
31907,Ni KA,1,25
40337,Nilüfer,1,25
40338,Nilüfer,1,25
14174,Nohut Gölü,1,25
14175,Nohut Gölü,1,25
52504,Nohutalan Merkez,1,25
52505,Nohutalan Merkez,1,25
15945,Okul,1,25
15946,Okul,1,25
23740,Okul,1,25
23741,Okul,1,25
23812,Okul,1,25
23813,Okul,1,25
24125,Okul,1,25
31003,Okul,1,25
31004,Okul,1,25
31569,Okul,1,25
31570,Okul,1,25
32247,Okul,1,25
30490,Okçu,1,25
23484,Okçular Meydan,1,25
23485,Okçular Meydan,1,25
23486,Okçular Son Durak,1,25
24224,Okçular Yolu,1,25
24225,Okçular Yolu,1,25
40986,Olduruk 2,1,25
40987,Olduruk 2,1,25
10569,Olimpiyat Köy Havuzu,1,25
10570,Olimpiyat Köy Havuzu,1,25
10571,Olimpiyat Köyü,1,25
10563,Olimpiyat Köyü Giriş,1,25
10564,Olimpiyat Köyü Giriş,1,25
10565,Olimpiyat Köyü Çarşı,1,25
10566,Olimpiyat Köyü Çarşı,1,25
23814,Onay,1,25
23815,Onay,1,25
13479,Ondokuz Mayıs,1,25
13480,Ondokuz Mayıs,1,25
13418,Ongül,1,25
13419,Ongül,1,25
23742,Onmaz,1,25
23743,Onmaz,1,25
23737,Organize Sanayi,1,25
15525,Orhan Kemal,1,25
15526,Orhan Kemal,1,25
15960,Orhan Veli Kanık,1,25
15961,Orhan Veli Kanık,1,25
51402,Orhan Veli Parkı,1,25
51403,Orhan Veli Parkı,1,25
13672,Orhanlı Gündoğdu,1,25
13673,Orhanlı Gündoğdu,1,25
51340,Orhanlı Yol Ayrımı,1,25
51349,Orhanlı Yol Ayrımı,1,25
13592,Orkide,1,25
13593,Orkide,1,25
22274,Orkide,1,25
22275,Orkide,1,25
51244,Orkide,1,25
51245,Orkide,1,25
14420,Orman,1,25
14421,Orman,1,25
23746,Orman,1,25
23747,Orman,1,25
32238,Orman,1,25
32239,Orman,1,25
41007,Orman,1,25
41008,Orman,1,25
50493,Orman,1,25
50494,Orman,1,25
16789,Orman Fidanlığı,1,25
16790,Orman Fidanlığı,1,25
32214,Orman Okulu,1,25
32215,Orman Okulu,1,25
32207,Orman İçi,1,25
16724,Orman İşletme,1,25
16725,Orman İşletme,1,25
16492,Orman İşletme Şefliği,1,25
16493,Orman İşletme Şefliği,1,25
13518,Orman İşletmesi,1,25
13519,Orman İşletmesi,1,25
15574,Ormancı,1,25
15575,Ormancı,1,25
15430,Ormancı Altyol,1,25
22065,Ormancı Sitesi 2,1,25
22066,Ormancı Sitesi 2,1,25
13435,Ormanköy,1,25
13436,Ormanköy,1,25
15633,Ormanköy Giriş,1,25
15634,Ormanköy Giriş,1,25
13444,Ormanköy Meydan,1,25
13445,Ormanköy Meydan,1,25
15837,Ormanköy Çıkış,1,25
15838,Ormanköy Çıkış,1,25
12755,Orta,1,25
12758,Orta,1,25
14370,Orta,1,25
14371,Orta,1,25
24096,Orta Mahalle,1,25
51418,Orta Mahalle Plaj,1,25
51419,Orta Mahalle Plaj,1,25
52468,Ortadoğulular Sitesi,1,25
52469,Ortadoğulular Sitesi,1,25
15733,Ortaköy Merkez Cami,1,25
15734,Ortaköy Merkez Cami,1,25
52023,Oruç Reis,1,25
52024,Oruç Reis,1,25
40364,Osman Bey Anadolu Lisesi,1,25
31259,Osman Zeki Üngör,1,25
31260,Osman Zeki Üngör,1,25
31195,Osmangazi Köprü,1,25
31196,Osmangazi Köprü,1,25
13739,Osmanlar Köyü Giriş,1,25
13740,Osmanlar Köyü Giriş,1,25
13788,Osmanlar Son Durak,1,25
16132,Osmanlar Yolu,1,25
16133,Osmanlar Yolu,1,25
31554,Otogar Yeni,1,25
40297,Otokent C Kapısı,1,25
40298,Otokent C Kapısı,1,25
21555,Otuz Ağustos,1,25
21556,Otuz Ağustos,1,25
16530,Otuzbirler Kümeevler,1,25
16531,Otuzbirler Kümeevler,1,25
16534,Otuzbirler Mezarlık,1,25
16535,Otuzbirler Mezarlık,1,25
16532,Otuzbirler Üçyol,1,25
16533,Otuzbirler Üçyol,1,25
16279,Ova,1,25
16280,Ova,1,25
16314,Ova,1,25
16315,Ova,1,25
24195,Ova,1,25
24196,Ova,1,25
50965,Ova,1,25
50966,Ova,1,25
32483,Ova Evleri,1,25
32484,Ova Evleri,1,25
32344,Ovacık,1,25
32345,Ovacık,1,25
51142,Ovacık,1,25
51143,Ovacık,1,25
52218,Ovacık Giriş,1,25
52219,Ovacık Giriş,1,25
24554,Ovacık Madeni,1,25
24555,Ovacık Madeni,1,25
52466,Ovacık Samyeli,1,25
52467,Ovacık Samyeli,1,25
52216,Ovacık Çıkış,1,25
52217,Ovacık Çıkış,1,25
10545,Oyak Sitesi Son Durak,1,25
30288,Ozan Abay,1,25
16033,Oğlananası Bahçe,1,25
16034,Oğlananası Bahçe,1,25
11390,Oğlananası Giriş,1,25
11509,Oğlananası Giriş,1,25
11282,Oğlananası Karaselvi,1,25
11283,Oğlananası Karaselvi,1,25
11450,Oğlananası Köprü,1,25
11451,Oğlananası Köprü,1,25
11280,Oğlananası Mezarlık,1,25
11281,Oğlananası Mezarlık,1,25
11448,Oğlananası Sevgi,1,25
11449,Oğlananası Sevgi,1,25
11284,Oğlananası Yeni Cami,1,25
11285,Oğlananası Yeni Cami,1,25
11446,Oğlananası Zafer,1,25
11447,Oğlananası Zafer,1,25
11452,Oğlananası Zeytinlik,1,25
11453,Oğlananası Zeytinlik,1,25
11290,Oğlananası Üçyol,1,25
11291,Oğlananası Üçyol,1,25
11286,Oğlananası İlkokulu,1,25
11287,Oğlananası İlkokulu,1,25
31958,Palamut,1,25
31959,Palamut,1,25
10278,Palamutarası Giriş,1,25
10291,Palamutarası Giriş,1,25
14159,Palamutarası Meydan,1,25
14160,Palamutarası Meydan,1,25
14157,Palamutarası Yolu,1,25
14158,Palamutarası Yolu,1,25
12842,Palmiye,1,25
21069,Palmiye,1,25
21070,Palmiye,1,25
30873,Palmiye,1,25
30874,Palmiye,1,25
40253,Palmiye,1,25
40254,Palmiye,1,25
51140,Palmiye,1,25
51141,Palmiye,1,25
20382,Pamukkale Sitesi 2,1,25
20383,Pamukkale Sitesi 2,1,25
15539,Pamukyazı Ova,1,25
15540,Pamukyazı Ova,1,25
52602,Panaroma Evleri,1,25
52603,Panaroma Evleri,1,25
11206,Pancar Cami,1,25
11202,Pancar Köprü,1,25
11203,Pancar Köprü,1,25
11198,Pancar Mezarlık,1,25
11199,Pancar Mezarlık,1,25
16190,Pancar OSB Trafo,1,25
16191,Pancar OSB Trafo,1,25
15958,Pancar Tekstil,1,25
15959,Pancar Tekstil,1,25
11200,Pancar Çıkış,1,25
11201,Pancar Çıkış,1,25
31978,Papatya,1,25
31979,Papatya,1,25
15790,Park,1,25
15791,Park,1,25
21995,Park,1,25
21996,Park,1,25
23754,Park,1,25
23755,Park,1,25
23847,Park,1,25
24064,Park,1,25
24065,Park,1,25
24375,Park,1,25
24376,Park,1,25
24474,Park,1,25
24475,Park,1,25
31267,Park,1,25
31268,Park,1,25
32260,Park,1,25
32435,Park,1,25
40468,Park,1,25
52352,Park,1,25
52353,Park,1,25
32413,Park Orman,1,25
32414,Park Orman,1,25
24457,Parklar,1,25
24458,Parklar,1,25
52265,Parlak Giriş,1,25
52266,Parlak Giriş,1,25
52264,Parlak Muhtarlık,1,25
16382,Patlak Mevki,1,25
16383,Patlak Mevki,1,25
50700,Payamlı,1,25
51898,Payamlı,1,25
52663,Payamlı,1,25
52632,Payamlı Bağ,1,25
51896,Payamlı Giriş,1,25
51897,Payamlı Giriş,1,25
52015,Payamlı Giriş,1,25
52016,Payamlı Giriş,1,25
52630,Payamlı Kısıklar,1,25
52631,Payamlı Kısıklar,1,25
52213,Payamlı Manzara,1,25
52214,Payamlı Manzara,1,25
52661,Payamlı Orman,1,25
52662,Payamlı Orman,1,25
52659,Payamlı Restoran,1,25
52660,Payamlı Restoran,1,25
52021,Payamlı Vadi,1,25
52022,Payamlı Vadi,1,25
51890,Payamlı Yolu,1,25
51891,Payamlı Yolu,1,25
52657,Payamlı Zeytinlik,1,25
52658,Payamlı Zeytinlik,1,25
52655,Payamlı Çam,1,25
52656,Payamlı Çam,1,25
15845,Payidar,1,25
40963,Pazar Yeri,1,25
40964,Pazar Yeri,1,25
50479,Pazar Yeri,1,25
23382,Pazaryeri,1,25
23383,Pazaryeri,1,25
31563,Pazaryeri,1,25
31564,Pazaryeri,1,25
41437,Pazaryeri,1,25
41438,Pazaryeri,1,25
16440,Peker,1,25
16441,Peker,1,25
50818,Perihan Mahmut Celalettin Demirgüreş İlkokulu,1,25
50819,Perihan Mahmut Celalettin Demirgüreş İlkokulu,1,25
16641,Permakültür,1,25
16642,Permakültür,1,25
24650,Petkim Arıtma,1,25
24651,Petkim Arıtma,1,25
24615,Petrol,1,25
24616,Petrol,1,25
51892,Petunya,1,25
51893,Petunya,1,25
15511,Peyami Safa,1,25
15512,Peyami Safa,1,25
15777,Peşrefli,1,25
15778,Peşrefli,1,25
15988,Peşrefli Çiftlik,1,25
15989,Peşrefli Çiftlik,1,25
15582,Pirenlik Depo,1,25
15583,Pirenlik Depo,1,25
15578,Pirenlik Orman,1,25
15579,Pirenlik Orman,1,25
16856,Pirenlik Park,1,25
16857,Pirenlik Park,1,25
15580,Pirenlik Tepe,1,25
15581,Pirenlik Tepe,1,25
15576,Pirenlik Çayır,1,25
15577,Pirenlik Çayır,1,25
15727,Pirentepe,1,25
15728,Pirentepe,1,25
51981,Piri Reis,1,25
51982,Piri Reis,1,25
31401,Piriştina,1,25
31402,Piriştina,1,25
23858,Polen Tatil Köyü,1,25
23859,Polen Tatil Köyü,1,25
41380,Portakal,1,25
41386,Portakal,1,25
22079,Prim Konutları,1,25
22080,Prim Konutları,1,25
50314,Profesör Doktor Aziz Sancar Ortaokulu,1,25
31231,Profesör Doktor Taner Kışlalı Parkı,1,25
31232,Profesör Doktor Taner Kışlalı Parkı,1,25
40702,Ptt Karabağlar Dağıtım Toplama Merkezi,1,25
40705,Ptt Karabağlar Dağıtım Toplama Merkezi,1,25
20241,Ptt Santral,1,25
20242,Ptt Santral,1,25
31928,Pınar,1,25
31929,Pınar,1,25
13437,Pınar Mevkii,1,25
13438,Pınar Mevkii,1,25
31812,Pınar Sokak,1,25
31813,Pınar Sokak,1,25
30966,Pınarbaşı Ayçiçeği,1,25
30958,Pınarbaşı Gökkuşağı,1,25
30959,Pınarbaşı Gökkuşağı,1,25
30964,Pınarbaşı Güldefne,1,25
30549,Pınarbaşı Kara Ali Camii,1,25
30526,Pınarbaşı Mezarlığı,1,25
30529,Pınarbaşı Mezarlığı,1,25
30954,Pınarbaşı Yarış Pisti,1,25
30957,Pınarbaşı Yarış Pisti,1,25
24580,Pınarköy,1,25
24581,Pınarköy,1,25
24576,Pınarköy Cami,1,25
24577,Pınarköy Cami,1,25
24574,Pınarköy Giriş,1,25
24575,Pınarköy Giriş,1,25
24578,Pınarköy Köy İçi,1,25
24579,Pınarköy Köy İçi,1,25
24572,Pınarköy Küme Evleri,1,25
24573,Pınarköy Küme Evleri,1,25
24582,Pınarköy Çıkış,1,25
24583,Pınarköy Çıkış,1,25
50246,Radar,1,25
50249,Radar,1,25
23713,Raks Evleri,1,25
23941,Recep Kerman Lisesi,1,25
23942,Recep Kerman Lisesi,1,25
13098,Refet Bele Mahalle Muhtarlığı,1,25
13099,Refet Bele Mahalle Muhtarlığı,1,25
24239,Reha Midilli Ortaokulu,1,25
24240,Reha Midilli Ortaokulu,1,25
23884,Reha Necla Midilli İ.Ö,1,25
23885,Reha Necla Midilli İ.Ö,1,25
52313,Reisdere Market,1,25
52314,Reisdere Market,1,25
52309,Reisdere Siteler,1,25
52310,Reisdere Siteler,1,25
52315,Reisdere Taşevler,1,25
52316,Reisdere Taşevler,1,25
52317,Reisdere Özkanlar Sitesi,1,25
52318,Reisdere Özkanlar Sitesi,1,25
20230,Remzi Bey,1,25
20231,Remzi Bey,1,25
30893,Restoran,1,25
30894,Restoran,1,25
51894,Reyhan,1,25
51895,Reyhan,1,25
51885,Rezene,1,25
51886,Rezene,1,25
15513,Reşat Nuri Güntekin,1,25
15514,Reşat Nuri Güntekin,1,25
41412,Rüzgarlıtepe,1,25
41413,Rüzgarlıtepe,1,25
41124,Rıdvan Nafiz Edgüer Ortaokulu,1,25
41125,Rıdvan Nafiz Edgüer Ortaokulu,1,25
15523,Rıfat Ilgaz,1,25
15524,Rıfat Ilgaz,1,25
15519,Sabahattin Ali,1,25
15520,Sabahattin Ali,1,25
23410,Sadullah Sever,1,25
23411,Sadullah Sever,1,25
23412,Sadullah Sever Kümesi,1,25
23413,Sadullah Sever Kümesi,1,25
10160,Sadık Bey,1,25
10163,Sadık Bey,1,25
16318,Saha,1,25
16319,Saha,1,25
16468,Saha,1,25
16469,Saha,1,25
16389,Sahil,1,25
16390,Sahil,1,25
24417,Sahil,1,25
52005,Sahil,1,25
52006,Sahil,1,25
11006,Sahil Evleri,1,25
11007,Sahil Evleri,1,25
50270,Sahil Evleri,1,25
50271,Sahil Evleri,1,25
50280,Sahil Evleri,1,25
13820,Saipler,1,25
13821,Saipler,1,25
16007,Saipler Kavşak,1,25
16008,Saipler Kavşak,1,25
13818,Saipler Meydan,1,25
13819,Saipler Meydan,1,25
16090,Saipler Tarla,1,25
16091,Saipler Tarla,1,25
16092,Saipler Yol Ayrımı,1,25
16093,Saipler Yol Ayrımı,1,25
16094,Saipler Yolu,1,25
16095,Saipler Yolu,1,25
16088,Saipler Zeytinlik,1,25
16089,Saipler Zeytinlik,1,25
15593,Saipler Çiftlik,1,25
15594,Saipler Çiftlik,1,25
15685,Saipler Çıkış,1,25
15686,Saipler Çıkış,1,25
15517,Sait Faik Abasıyanık,1,25
15518,Sait Faik Abasıyanık,1,25
15761,Saka,1,25
15763,Saka,1,25
41315,Sakin,1,25
41316,Sakin,1,25
11832,Saklıbahçe,1,25
11833,Saklıbahçe,1,25
12501,Salih Omurtak,1,25
13123,Salih Omurtak 2 Son Durak,1,25
13116,Salih Omurtak Üst Yol,1,25
13117,Salih Omurtak Üst Yol,1,25
52281,Salman Cami,1,25
52282,Salman Cami,1,25
52279,Salman Giriş,1,25
52280,Salman Giriş,1,25
52285,Salman Köprü,1,25
52286,Salman Köprü,1,25
52283,Salman Market,1,25
52284,Salman Market,1,25
23720,Samyeli,1,25
23721,Samyeli,1,25
51341,Samyeli,1,25
51348,Samyeli,1,25
23407,Sanayi,1,25
30524,Sanayi,1,25
30527,Sanayi,1,25
30824,Sanayi,1,25
30825,Sanayi,1,25
52360,Sanayi,1,25
52361,Sanayi,1,25
30260,Sanayi Metro İstasyonu,1,25
32485,Sancaklı,1,25
32486,Sancaklı,1,25
22311,Sancaklı Giriş,1,25
22312,Sancaklı Giriş,1,25
13056,Sancaklı Küme Evleri,1,25
13057,Sancaklı Küme Evleri,1,25
13062,Sancaklı Meydan,1,25
13063,Sancaklı Meydan,1,25
22313,Sancaklı Meydan,1,25
13066,Sancaklı Muhtarlık,1,25
13067,Sancaklı Muhtarlık,1,25
13078,Sancaklı Saha,1,25
13083,Sancaklı Saha,1,25
13060,Sancaklı Tepe,1,25
13061,Sancaklı Tepe,1,25
24550,Sancaklı Çeşme,1,25
24551,Sancaklı Çeşme,1,25
11134,Santral,1,25
11135,Santral,1,25
50945,Santral,1,25
50946,Santral,1,25
51829,Saray,1,25
51830,Saray,1,25
31433,Saraykent 1,1,25
31434,Saraykent 1,1,25
13654,Saraypatı,1,25
13655,Saraypatı,1,25
13702,Saraç,1,25
13703,Saraç,1,25
20705,Saraç,1,25
20706,Saraç,1,25
40391,Sardunya,1,25
40392,Sardunya,1,25
41382,Sardunya,1,25
41383,Sardunya,1,25
31960,Sarmaşık,1,25
31961,Sarmaşık,1,25
51991,Sarmaşık,1,25
52553,Sarmaşık,1,25
52554,Sarmaşık,1,25
13300,Sarnıç Aktarma Merkezi,1,25
13302,Sarnıç Aktarma Merkezi,1,25
13303,Sarnıç Aktarma Merkezi,1,25
13304,Sarnıç Aktarma Merkezi,1,25
16840,Sarnıç Aktarma Merkezi,1,25
16868,Sarnıç Kızılçam,1,25
16869,Sarnıç Kızılçam,1,25
16866,Sarnıç Mezarlık,1,25
16867,Sarnıç Mezarlık,1,25
32453,Sarnıçköy,1,25
32456,Sarnıçköy Giriş,1,25
32457,Sarnıçköy Giriş,1,25
32451,Sarnıçköy Ladin,1,25
32452,Sarnıçköy Ladin,1,25
32458,Sarnıçköy Çamlık,1,25
32459,Sarnıçköy Çamlık,1,25
21985,Sarı Evler,1,25
21986,Sarı Evler,1,25
22344,Sarı Nasuhlar Yolu,1,25
22345,Sarı Nasuhlar Yolu,1,25
15808,Sarı Zeybek,1,25
15809,Sarı Zeybek,1,25
51218,Sarı Zeybek,1,25
51219,Sarı Zeybek,1,25
12169,Sarıkamış İlkokulu,1,25
32321,Sarılar,1,25
32322,Sarılar,1,25
32319,Sarılar İlkokulu,1,25
32320,Sarılar İlkokulu,1,25
12840,Sarısalkım,1,25
16500,Sarıyurt Giriş,1,25
16501,Sarıyurt Giriş,1,25
16502,Sarıyurt Meydan,1,25
21272,Sasalı Giriş,1,25
31153,Sayra&Çınar Parkı,1,25
52396,Sazlı Göl,1,25
52397,Sazlı Göl,1,25
23856,Sazlıca Koyu,1,25
23857,Sazlıca Koyu,1,25
24586,Sağancı,1,25
24587,Sağancı,1,25
24584,Sağancı Giriş,1,25
24585,Sağancı Giriş,1,25
24588,Sağancı Meydan,1,25
24589,Sağancı Meydan,1,25
24592,Sağancı Çıkış,1,25
24593,Sağancı Çıkış,1,25
24590,Sağancı İlkokulu,1,25
24591,Sağancı İlkokulu,1,25
10891,Sağlık,1,25
10896,Sağlık,1,25
12155,Sağlık,1,25
12156,Sağlık,1,25
40471,Sağlık,1,25
40472,Sağlık,1,25
13863,Sağlık Giriş,1,25
13866,Sağlık Giriş,1,25
12577,Sağlık Ocağı,1,25
12578,Sağlık Ocağı,1,25
12856,Sağlık Ocağı,1,25
24115,Sağlık Ocağı,1,25
24116,Sağlık Ocağı,1,25
40959,Sağlık Ocağı,1,25
40960,Sağlık Ocağı,1,25
41299,Sağlık Ocağı,1,25
41300,Sağlık Ocağı,1,25
13849,Sağlık Son Durak,1,25
16477,Sağlık Son Durak,1,25
21760,Sebahat Akşıray Otistik Eğitim Merkezi,1,25
21761,Sebahat Akşıray Otistik Eğitim Merkezi,1,25
40937,Sebze Hali,1,25
40938,Sebze Hali,1,25
30243,Sedir,1,25
30268,Sedir,1,25
30852,Sedir,1,25
30857,Sedir,1,25
31966,Sedir,1,25
31967,Sedir,1,25
51040,Seferihisar Değirmen,1,25
51041,Seferihisar Değirmen,1,25
52394,Seferihisar Su Arıtma Tesisi,1,25
52395,Seferihisar Su Arıtma Tesisi,1,25
52509,Seferihisar TOKİ Sitesi,1,25
52510,Seferihisar TOKİ Sitesi,1,25
52451,Seferihisar TOKİ Son Durak,1,25
52456,Seferihisar Çiftlik,1,25
52457,Seferihisar Çiftlik,1,25
16255,Segen Göleti,1,25
16256,Segen Göleti,1,25
24285,Sekiz Evler,1,25
21676,Sekseninci Yıl İlköğretim Okulu,1,25
21677,Sekseninci Yıl İlköğretim Okulu,1,25
21861,Selvi,1,25
21862,Selvi,1,25
40181,Selvi,1,25
40182,Selvi,1,25
51054,Selvi,1,25
51055,Selvi,1,25
51290,Selvi,1,25
51291,Selvi,1,25
15240,Selvili,1,25
15241,Selvili,1,25
12654,Selvili Cami,1,25
12655,Selvili Cami,1,25
10887,Selçuk Kavşağı,1,25
10892,Selçuk Kavşağı,1,25
23806,Sempati,1,25
13106,Semral Gülcemal Parkı,1,25
13107,Semral Gülcemal Parkı,1,25
16352,Sera,1,25
16353,Sera,1,25
21755,Sera,1,25
52541,Sera,1,25
52542,Sera,1,25
10970,Sera Sokak,1,25
10971,Sera Sokak,1,25
14164,Seralar,1,25
14165,Seralar,1,25
51065,Seralar,1,25
51066,Seralar,1,25
51987,Seralar,1,25
51988,Seralar,1,25
21201,Serbay,1,25
21214,Serbay,1,25
50806,Seren,1,25
50807,Seren,1,25
14172,Serköy Çiftlik Evleri,1,25
14173,Serköy Çiftlik Evleri Giriş,1,25
15625,Serköy Çiftlik Evleri Giriş,1,25
52592,Serçe,1,25
52593,Serçe,1,25
13086,Sevda,1,25
13087,Sevda,1,25
13571,Seven,1,25
13572,Seven,1,25
11977,Sevgi,1,25
11978,Sevgi,1,25
12498,Sevgi,1,25
12499,Sevgi,1,25
13970,Sevgi,1,25
13971,Sevgi,1,25
16348,Sevgi,1,25
16349,Sevgi,1,25
31039,Sevgi,1,25
31040,Sevgi,1,25
31336,Sevgi,1,25
31337,Sevgi,1,25
52091,Seyir,1,25
52092,Seyir,1,25
14024,Seyit Onbaşı,1,25
14025,Seyit Onbaşı,1,25
50234,Seyran,1,25
50235,Seyran,1,25
52424,Seçkin Evler Sitesi,1,25
52425,Seçkin Evler Sitesi,1,25
23714,Seçkinler Sitesi,1,25
24110,Sgk,1,25
22423,Siesta Konutları Yolu,1,25
21559,Simge Sitesi,1,25
21560,Simge Sitesi,1,25
32329,Sinancılar,1,25
32330,Sinancılar,1,25
21204,Sistaş,1,25
21205,Sistaş,1,25
12149,Site,1,25
12150,Site,1,25
52112,Site,1,25
52113,Site,1,25
15679,Siteler,1,25
15680,Siteler,1,25
15861,Siteler,1,25
15862,Siteler,1,25
23380,Siteler,1,25
23381,Siteler,1,25
23839,Siteler,1,25
23840,Siteler,1,25
24548,Siteler,1,25
30296,Slovakya Konsolosluğu,1,25
15612,Sosyal Konutlar,1,25
32466,Sosyete Parkı,1,25
32467,Sosyete Parkı,1,25
31332,Soylu,1,25
31333,Soylu,1,25
32415,Soğuk Depolar,1,25
32416,Soğuk Depolar,1,25
40990,Soğuk Hava,1,25
40991,Soğuk Hava,1,25
15844,Soğuk Hava Deposu,1,25
20330,Spor Kompleksi,1,25
20331,Spor Kompleksi,1,25
31420,Spor Kompleksi,1,25
31421,Spor Kompleksi,1,25
16205,Spor Sahası,1,25
16206,Spor Sahası,1,25
23722,Spor Salonu,1,25
23723,Spor Salonu,1,25
15800,Stad,1,25
15801,Stad,1,25
20773,Su Deposu,1,25
20774,Su Deposu,1,25
21502,Subay Lojmanları 1,1,25
21503,Subay Lojmanları 1,1,25
21500,Subay Lojmanları 2,1,25
21501,Subay Lojmanları 2,1,25
21498,Subay Lojmanları 3,1,25
21499,Subay Lojmanları 3,1,25
21496,Subay Lojmanları 4,1,25
21497,Subay Lojmanları 4,1,25
15558,Subaşı Ova,1,25
15559,Subaşı Ova,1,25
24642,Sucahlı Meydan,1,25
12706,Sucu,1,25
12709,Sucu,1,25
11352,Sultan Abdülhamit İlkokulu,1,25
16862,Sultan Abdülhamit İlkokulu,1,25
30864,Sulu Dere Yol Ayrımı,1,25
30867,Sulu Dere Yol Ayrımı,1,25
32135,Sulu Kız,1,25
32136,Sulu Kız,1,25
31287,Suphi Koyuncu,1,25
31864,Suphi Parkı,1,25
31865,Suphi Parkı,1,25
12092,Surlar,1,25
12093,Surlar,1,25
20695,Surlar,1,25
20698,Surlar,1,25
11838,Sönmez,1,25
11839,Sönmez,1,25
51395,Söğüt,1,25
52348,Söğüt,1,25
52349,Söğüt,1,25
14084,Söğütören Giriş,1,25
14082,Söğütören Mavi,1,25
14083,Söğütören Mavi,1,25
14081,Söğütören Meydan,1,25
14094,Söğütören Yol Ayrımı,1,25
14095,Söğütören Yol Ayrımı,1,25
14077,Söğütören Çıkış,1,25
31009,Süleyman Eczacıbaşı İlköğretim Okulu,1,25
31010,Süleyman Eczacıbaşı İlköğretim Okulu,1,25
31330,Süleymaniye,1,25
31331,Süleymaniye,1,25
24448,Süleymanlı Giriş,1,25
24449,Süleymanlı Giriş,1,25
24595,Süleymanlı Kalarga Tepesi,1,25
24596,Süleymanlı Kalarga Tepesi,1,25
22338,Süleymanlı Meydan,1,25
24450,Süleymanlı Muhtarlık,1,25
24451,Süleymanlı Muhtarlık,1,25
22332,Süleymanlı Tavuk Çiftliği,1,25
22333,Süleymanlı Tavuk Çiftliği,1,25
24454,Süleymanlı Yolu,1,25
24455,Süleymanlı Yolu,1,25
24452,Süleymanlı Çıkış,1,25
24453,Süleymanlı Çıkış,1,25
22334,Süleymanlı Üst Yol,1,25
22335,Süleymanlı Üst Yol,1,25
22340,Süleymanlı İlköğretim Okulu,1,25
22341,Süleymanlı İlköğretim Okulu,1,25
12777,Sümbül,1,25
13600,Sümbül,1,25
13601,Sümbül,1,25
41366,Sümbül,1,25
41367,Sümbül,1,25
41026,Sürücü Kursu,1,25
41027,Sürücü Kursu,1,25
16027,Süt Toplama Merkezi,1,25
16028,Süt Toplama Merkezi,1,25
31610,Sütçüler Kavşağı,1,25
31611,Sütçüler Kavşağı,1,25
31620,Sütçüler Yol Ayrımı,1,25
31621,Sütçüler Yol Ayrımı,1,25
51030,Sığacık Aile Sağlığı,1,25
51031,Sığacık Aile Sağlığı,1,25
52458,Sığacık Konakları,1,25
52459,Sığacık Konakları,1,25
51034,Sığacık Manzara,1,25
51035,Sığacık Manzara,1,25
51026,Sığacık Pazarı,1,25
51027,Sığacık Pazarı,1,25
52515,Sığacık Sazlıgöl,1,25
52516,Sığacık Sazlıgöl,1,25
52133,Sığacık Siteler,1,25
52134,Sığacık Siteler,1,25
51056,Sığacık Son Durak,1,25
52580,Sığacık Zeytinlik,1,25
52581,Sığacık Zeytinlik,1,25
31900,TEİAŞ,1,25
31901,TEİAŞ,1,25
16019,TOKİ Yolu,1,25
16020,TOKİ Yolu,1,25
16507,Tahtalı,1,25
16508,Tahtalı,1,25
22023,Tarihi Su Kemeri,1,25
22024,Tarihi Su Kemeri,1,25
16059,Tarihi Çavuş Çeşmesi,1,25
16060,Tarihi Çavuş Çeşmesi,1,25
16677,Tariş Arkası,1,25
16678,Tariş Arkası,1,25
16681,Tariş Küme Evleri,1,25
16682,Tariş Küme Evleri,1,25
21135,Tariş depoları,1,25
21136,Tariş depoları,1,25
15706,Tarla,1,25
15707,Tarla,1,25
15998,Tarla,1,25
15999,Tarla,1,25
16450,Tarla,1,25
16451,Tarla,1,25
16686,Tarla,1,25
16687,Tarla,1,25
32101,Tarla,1,25
32102,Tarla,1,25
32315,Tarla,1,25
32316,Tarla,1,25
41011,Tarla,1,25
41012,Tarla,1,25
51994,Tarla,1,25
52002,Tarla,1,25
52093,Tarla,1,25
52094,Tarla,1,25
52208,Tarla,1,25
52209,Tarla,1,25
15527,Tarık Buğra,1,25
15528,Tarık Buğra,1,25
51168,Tarım  Koop,1,25
51169,Tarım  Koop,1,25
30264,Tarım İl Müdürlüğü,1,25
13694,Taskesik İlkokulu,1,25
13695,Taskesik İlkokulu,1,25
51827,Tatil Köyü,1,25
51828,Tatil Köyü,1,25
16422,Taziye Evi,1,25
16423,Taziye Evi,1,25
11180,Taş Villa,1,25
11235,Taş Villa,1,25
16658,Taşduvar,1,25
16659,Taşduvar,1,25
23656,Taşkent,1,25
23657,Taşkent,1,25
13690,Taşkesik Camii,1,25
13691,Taşkesik Camii,1,25
13708,Taşkesik Son Durak,1,25
13692,Taşkesik Zeytinlik,1,25
13693,Taşkesik Zeytinlik,1,25
15687,Taştepe Caddesi,1,25
15688,Taştepe Caddesi,1,25
30231,Tedaş,1,25
30258,Tedaş,1,25
11190,Tekeli Belediyesi,1,25
11191,Tekeli Belediyesi,1,25
15462,Tekeli Beton Santrali,1,25
15463,Tekeli Beton Santrali,1,25
11192,Tekeli Park,1,25
11193,Tekeli Park,1,25
11194,Tekeli Sağlık Ocağı,1,25
11195,Tekeli Sağlık Ocağı,1,25
11535,Tekke Mezarlığı,1,25
11536,Tekke Mezarlığı,1,25
51144,Tekkebaşı,1,25
51145,Tekkebaşı,1,25
51236,Tekne Atölyesi,1,25
51237,Tekne Atölyesi,1,25
31342,Teksif,1,25
31343,Teksif,1,25
21169,Tel Örgü,1,25
21170,Tel Örgü,1,25
22342,Telekler Köyü,1,25
22343,Telekler Köyü,1,25
22354,Telekler Çeşme,1,25
22355,Telekler Çeşme,1,25
51046,Teos Antik Kenti,1,25
51047,Teos Antik Kenti,1,25
51032,Teos Marina,1,25
51033,Teos Marina,1,25
51028,Teos Parkı,1,25
51029,Teos Parkı,1,25
51044,Teos Piknik Alanı,1,25
51045,Teos Piknik Alanı,1,25
51050,Teos Villaları,1,25
51051,Teos Villaları,1,25
21207,Tepaş,1,25
21210,Tepaş,1,25
12763,Tepe,1,25
12766,Tepe,1,25
12854,Tepe,1,25
12855,Tepe,1,25
52114,Tepe,1,25
52115,Tepe,1,25
52289,Tepe,1,25
52597,Tepe,1,25
52502,Tepecik Giriş,1,25
52503,Tepecik Ortaokulu,1,25
16833,Tepecik Otopark,1,25
24001,Tepeköy Kavşak,1,25
24093,Tepeköy Meydan,1,25
24095,Tepeköy Ortaokulu,1,25
24094,Tepeköy İçyol,1,25
16017,Tepeli,1,25
16870,Tepeli,1,25
22990,Terminal,1,25
23811,Terminal,1,25
23476,Terzihaliler Camii,1,25
23477,Terzihaliler Camii,1,25
23474,Terzihaliler Son Durak,1,25
23475,Terzihaliler Son Durak,1,25
24258,Terzihaliller Mermer,1,25
24259,Terzihaliller Mermer,1,25
20871,Teğmen Ali Rıza Akıncı Anadolu Lisesi,1,25
20872,Teğmen Ali Rıza Akıncı Anadolu Lisesi,1,25
15990,Tire Fabrika,1,25
15991,Tire Fabrika,1,25
16057,Tire Fabrika,1,25
16058,Tire Fabrika,1,25
15779,Tire Gökçen Mezbaha,1,25
15780,Tire Gökçen Mezbaha,1,25
16043,Tire Hemzemin Geçit,1,25
16044,Tire Hemzemin Geçit,1,25
15741,Tire Küçük Sanayi Sitesi,1,25
15742,Tire Küçük Sanayi Sitesi,1,25
15743,Tire Küçük Sanayi Sitesi-2,1,25
15744,Tire Küçük Sanayi Sitesi-2,1,25
16049,Tire Linyit,1,25
16050,Tire Linyit,1,25
15737,Tire Mezarlık,1,25
15739,Tire Mezarlık,1,25
15246,Tire Organize 1,1,25
15247,Tire Organize 1,1,25
15248,Tire Organize 2,1,25
15249,Tire Organize 2,1,25
15810,Tire Toki Şehit Mehmet Çağlar Bölük İlkokulu,1,25
15811,Tire Toki Şehit Mehmet Çağlar Bölük İlkokulu,1,25
15222,Tire Çiftlik,1,25
15223,Tire Çiftlik,1,25
50985,Titus,1,25
50986,Titus,1,25
15232,Tokatbaşı,1,25
15233,Tokatbaşı,1,25
14710,Tokatbaşı Arıtma,1,25
14711,Tokatbaşı Arıtma,1,25
14706,Tokatbaşı Giriş,1,25
14707,Tokatbaşı Giriş,1,25
14714,Tokatbaşı Köşe,1,25
14715,Tokatbaşı Köşe,1,25
14705,Tokatbaşı Meydan,1,25
16884,Tokatbaşı Meydan,1,25
14708,Tokatbaşı Mezarlık,1,25
14709,Tokatbaşı Mezarlık,1,25
14720,Tokatbaşı Yol Ayrımı,1,25
14712,Tokatbaşı Çiftlik,1,25
14713,Tokatbaşı Çiftlik,1,25
50477,Tokatlı,1,25
50478,Tokatlı,1,25
24105,Toki,1,25
24287,Toki Alt Yol,1,25
15812,Toki Konutlar,1,25
15813,Toki Konutlar,1,25
15816,Toki Son Durak,1,25
24286,Toki Yamaç Evler,1,25
15806,Toki Yol Ayrımı,1,25
15807,Toki Yol Ayrımı,1,25
30785,Tokmakalan,1,25
30786,Tokmakalan,1,25
21561,Top Sahası,1,25
16053,Topalak,1,25
16054,Topalak,1,25
16245,Toprak,1,25
16246,Toprak,1,25
16405,Topçu Kuyu,1,25
16406,Topçu Kuyu,1,25
32473,Topçu Tugayı,1,25
32474,Topçu Tugayı,1,25
16362,Topçukuyu,1,25
16363,Topçukuyu,1,25
52001,Torasan,1,25
11515,Torbalı Aktarma,1,25
11546,Torbalı Aktarma,1,25
11548,Torbalı Aktarma,1,25
11549,Torbalı Aktarma,1,25
11550,Torbalı Aktarma,1,25
15669,Torbalı Altgeçit,1,25
15670,Torbalı Altgeçit,1,25
16188,Torbalı Anadolu İmam-Hatip Lisesi,1,25
16189,Torbalı Anadolu İmam-Hatip Lisesi,1,25
15866,Torbalı Caddesi,1,25
15867,Torbalı Caddesi,1,25
11523,Torbalı Depolar,1,25
11524,Torbalı Depolar,1,25
15720,Torbalı Fatih Cami,1,25
15721,Torbalı Fatih Cami,1,25
16247,Torbalı Huzurevi,1,25
16248,Torbalı Huzurevi,1,25
15714,Torbalı Kabristan,1,25
15715,Torbalı Kabristan,1,25
15607,Torbalı OSB,1,25
16384,Torbalı OSB,1,25
16385,Torbalı OSB 2,1,25
16386,Torbalı OSB 2,1,25
16431,Torbalı OSB Yolu,1,25
16433,Torbalı OSB Yolu,1,25
15718,Torbalı Sanayi Sitesi,1,25
15719,Torbalı Sanayi Sitesi,1,25
15704,Torbalı Spor Salonu,1,25
15705,Torbalı Spor Salonu,1,25
16013,Torbalı Tren Yolu,1,25
16014,Torbalı Tren Yolu,1,25
16011,Torbalı İZSU,1,25
16012,Torbalı İZSU,1,25
16193,Torbalı Şantiye,1,25
16871,Torbalı Şantiye,1,25
51976,Torosan,1,25
52007,Torosan Orman,1,25
52008,Torosan Orman,1,25
41410,Torunlar,1,25
41411,Torunlar,1,25
32224,Trafik Tescil,1,25
12852,Trafo,1,25
12853,Trafo,1,25
16082,Trafo,1,25
16083,Trafo,1,25
16366,Trafo,1,25
16367,Trafo,1,25
24060,Trafo,1,25
24061,Trafo,1,25
24476,Trafo,1,25
24477,Trafo,1,25
30891,Trafo,1,25
30892,Trafo,1,25
30945,Trafo,1,25
30946,Trafo,1,25
50248,Trafo,1,25
50251,Trafo,1,25
52364,Trafo,1,25
52365,Trafo,1,25
24542,Trafolar,1,25
24543,Trafolar,1,25
16675,Transfer Merkezi,1,25
16676,Transfer Merkezi,1,25
20283,Tren Yolu 1,1,25
20284,Tren Yolu 1,1,25
20281,Tren Yolu 2,1,25
20282,Tren Yolu 2,1,25
15710,Tren Yolu Geçidi,1,25
15711,Tren Yolu Geçidi,1,25
30781,Tropikal Sitesi,1,25
30782,Tropikal Sitesi,1,25
10893,Tulum,1,25
10898,Tulum,1,25
13978,Tulum Giriş,1,25
13979,Tulum Giriş,1,25
13976,Tulum Okul,1,25
13977,Tulum Okul,1,25
13980,Tulum Son Durak,1,25
16290,Tulum Son Durak,1,25
16289,Tulum Çıkış,1,25
30073,Tulumba Mevki,1,25
30074,Tulumba Mevki,1,25
24113,Tuna,1,25
24114,Tuna,1,25
50285,Tuna,1,25
50288,Tuna,1,25
52460,Turgut Dörtyol,1,25
52461,Turgut Dörtyol,1,25
51166,Turgut Meydan,1,25
51167,Turgut Meydan,1,25
51164,Turgut Mezarlık,1,25
51165,Turgut Mezarlık,1,25
12175,Turgut Reis,1,25
11998,Turgut Reis İlköğretim Okulu,1,25
11999,Turgut Reis İlköğretim Okulu,1,25
52301,Turgut Restoran,1,25
52302,Turgut Restoran,1,25
52303,Turgut Tarla,1,25
52304,Turgut Tarla,1,25
52299,Turgut Çiftlik,1,25
52300,Turgut Çiftlik,1,25
16047,Turgut Özal Bulvarı,1,25
16048,Turgut Özal Bulvarı,1,25
15236,Turgutlu,1,25
15237,Turgutlu,1,25
41395,Turizm Fakültesi,1,25
16478,Turkuaz,1,25
16479,Turkuaz,1,25
15872,Turkuaz Sitesi,1,25
15873,Turkuaz Sitesi,1,25
12751,Turna,1,25
12752,Turna,1,25
52100,Turna,1,25
52101,Turna,1,25
30233,Tuz Fabrikası,1,25
21296,Tuz İşletmesi Lokali,1,25
21297,Tuz İşletmesi Lokali,1,25
52249,Tuzla Koyu Burun,1,25
52250,Tuzla Koyu Burun,1,25
22140,Tuzçullu,1,25
24243,Tuzçullu Giriş,1,25
31801,Töev,1,25
31802,Töev,1,25
51208,Tümerk,1,25
51209,Tümerk,1,25
11358,Türk Telekom Mesleki ve Teknik Anadolu Lisesi,1,25
11359,Türk Telekom Mesleki ve Teknik Anadolu Lisesi,1,25
21877,Türkelli Belediye,1,25
21900,Türkelli Belediye,1,25
21898,Türkelli Düğün Salonu,1,25
21899,Türkelli Düğün Salonu,1,25
21894,Türkelli Giriş,1,25
21895,Türkelli Giriş,1,25
21825,Türkelli Karakol,1,25
21826,Türkelli Karakol,1,25
22122,Türkelli Katı Atık,1,25
22123,Türkelli Katı Atık,1,25
21901,Türkelli Çıkış,1,25
21902,Türkelli Çıkış,1,25
21875,Türkelli Üçyol,1,25
21876,Türkelli Üçyol,1,25
11348,Türkmen Köy Girişi,1,25
11350,Türkmen Köy Muhtarlık,1,25
12189,Türkoğlu,1,25
12190,Türkoğlu,1,25
40893,Tınaztepe,1,25
41376,Tınaztepe Üniversitesi Yan Giriş,1,25
41377,Tınaztepe Üniversitesi Yan Giriş,1,25
23825,Tır Deposu,1,25
23826,Tır Deposu,1,25
24462,Tır Parkı,1,25
24463,Tır Parkı,1,25
50714,Tırazlı,1,25
50715,Tırazlı,1,25
52149,Tırazlı Kümeevler,1,25
52150,Tırazlı Kümeevler,1,25
16419,Tırazlı Mezarlık,1,25
50710,Tırazlı Mezarlık,1,25
13509,Tırazlı Yol Ayrımı,1,25
13510,Tırazlı Yol Ayrımı,1,25
50716,Tırazlı Çıkış,1,25
50717,Tırazlı Çıkış,1,25
24322,Tırmanlar Yol Ayrımı,1,25
24323,Tırmanlar Yol Ayrımı,1,25
50977,Ulu Çam,1,25
50978,Ulu Çam,1,25
32265,Ulucak Ardıç,1,25
32266,Ulucak Ardıç,1,25
32261,Ulucak Ayşe-Hasan Türkmen Ortaokulu,1,25
32262,Ulucak Ayşe-Hasan Türkmen Ortaokulu,1,25
21513,Ulucak Cami,1,25
32263,Ulucak Jandarma,1,25
32264,Ulucak Jandarma,1,25
30928,Ulucak Meydan,1,25
30930,Ulucak Meydan,1,25
30921,Ulucak Mezarlık,1,25
30922,Ulucak Mezarlık,1,25
32437,Ulucak Park,1,25
30923,Ulucak Pazar Yeri,1,25
30924,Ulucak Pazar Yeri,1,25
30925,Ulucak Trafo,1,25
30926,Ulucak Trafo,1,25
21515,Ulukent Meydan,1,25
23312,Ulukent Siteler,1,25
23313,Ulukent Siteler,1,25
21517,Ulukent Çıkış,1,25
21470,Ulukent İlköğretim Okulu,1,25
21471,Ulukent İlköğretim Okulu,1,25
21511,Ulukent İlköğretim Okulu,1,25
10451,Umurbey Depolar,1,25
11906,Umut,1,25
12668,Umut,1,25
12671,Umut,1,25
31037,Umut,1,25
31038,Umut,1,25
40371,Umut,1,25
40372,Umut,1,25
31151,Umut parkı,1,25
15745,Urgancı,1,25
15746,Urgancı,1,25
50802,Urla Devlet Demiryolları Kampı,1,25
50803,Urla Devlet Demiryolları Kampı,1,25
52106,Urla Egiad Ortaokulu,1,25
52107,Urla Egiad Ortaokulu,1,25
50792,Urla Emniyet,1,25
50793,Urla Emniyet,1,25
23848,Uslu,1,25
23849,Uslu,1,25
15677,Uygar,1,25
15678,Uygar,1,25
15832,Uygur,1,25
15833,Uygur,1,25
32171,Uysal,1,25
32172,Uysal,1,25
51849,Uysal,1,25
52053,Uysal,1,25
13487,Uzlar,1,25
13488,Uzlar,1,25
23249,Uzman Çavuş Asım Türkel,1,25
23250,Uzman Çavuş Asım Türkel,1,25
23251,Uzman Çavuş Ferruh Dikmen,1,25
23252,Uzman Çavuş Ferruh Dikmen,1,25
22821,Uzunburun,1,25
22822,Uzunburun,1,25
15448,Uzundere Mezarlığı,1,25
15449,Uzundere Mezarlığı,1,25
16080,Uzundere Yol Ayrımı,1,25
16081,Uzundere Yol Ayrımı,1,25
52624,Uzunkuyu Meydan,1,25
52625,Uzunkuyu Meydan,1,25
52098,Uzunkuyu Ortaokulu,1,25
52099,Uzunkuyu Ortaokulu,1,25
52155,Uzunkuyu Yolayrımı,1,25
52156,Uzunkuyu Yolayrımı,1,25
52096,Uzunkuyu İnönü,1,25
52097,Uzunkuyu İnönü,1,25
31904,Uğur,1,25
31905,Uğur,1,25
12581,Uğur Mumcu,1,25
12582,Uğur Mumcu,1,25
23807,Uğur Mumcu,1,25
52089,Uğur Mumcu,1,25
52090,Uğur Mumcu,1,25
23675,Uğur Mumcu Muhtarlık,1,25
23676,Uğur Mumcu Muhtarlık,1,25
50250,Vadi,1,25
50253,Vadi,1,25
52072,Vadi,1,25
52073,Vadi,1,25
51344,Vakıf Kuyu,1,25
51345,Vakıf Kuyu,1,25
10158,Vali Konağı,1,25
10165,Vali Konağı,1,25
12378,Vali Nevzat Ayaz Lisesi,1,25
12381,Vali Nevzat Ayaz Lisesi,1,25
13104,Vatan,1,25
13105,Vatan,1,25
41113,Vatan,1,25
41118,Vatan,1,25
16078,Veteriner İşleri Müdürlüğü,1,25
16079,Veteriner İşleri Müdürlüğü,1,25
40343,Veysel Karani Cami,1,25
40344,Veysel Karani Cami,1,25
12543,Vicdan,1,25
12544,Vicdan,1,25
30883,Villa,1,25
30884,Villa,1,25
30940,Villa,1,25
30941,Villa,1,25
31435,Villa 1,1,25
31436,Villa 1,1,25
31437,Villa 2,1,25
31438,Villa 2,1,25
31439,Villa 3,1,25
31440,Villa 3,1,25
32407,Villa Ağaçlık,1,25
32408,Villa Ağaçlık,1,25
41388,Villalar,1,25
24470,Vizyon,1,25
24471,Vizyon,1,25
32277,Vişneli Bahçe,1,25
32278,Vişneli Bahçe,1,25
31679,Vişneli Girişi,1,25
31680,Vişneli Girişi,1,25
32271,Vişneli Köyü Yol Ayrımı,1,25
32272,Vişneli Köyü Yol Ayrımı,1,25
31687,Vişneli Küme Evleri,1,25
31688,Vişneli Küme Evleri,1,25
32447,Vişneli Yolu,1,25
32448,Vişneli Yolu,1,25
32273,Vişneli Zeytinlik,1,25
32274,Vişneli Zeytinlik,1,25
31685,Vişneli Çıkış,1,25
31686,Vişneli Çıkış,1,25
31694,Vişneli Üçyol,1,25
31695,Vişneli Üçyol,1,25
32275,Vişneli İlkokulu,1,25
32276,Vişneli İlkokulu,1,25
32293,Yabancılar Şube Müdürlüğü,1,25
32295,Yabancılar Şube Müdürlüğü,1,25
52069,Yaka,1,25
52070,Yaka,1,25
50347,Yaka Muhtarlık,1,25
50348,Yaka Muhtarlık,1,25
50345,Yaka Üçyol,1,25
50346,Yaka Üçyol,1,25
23998,Yakakent Ahlat,1,25
23999,Yakakent Ahlat,1,25
31816,Yakaköy Girişi,1,25
31817,Yakaköy Girişi,1,25
31824,Yakaköy Mezarlık,1,25
31825,Yakaköy Mezarlık,1,25
31828,Yakaköy Son Durak,1,25
15857,Yakamoz,1,25
15858,Yakamoz,1,25
51408,Yakamoz,1,25
51409,Yakamoz,1,25
16503,Yakamoz 2,1,25
16504,Yakamoz 2,1,25
16411,Yakapınar,1,25
16412,Yakapınar,1,25
13733,Yakapınar Mezarlık,1,25
13734,Yakapınar Mezarlık,1,25
16797,Yakapınar Çayırı,1,25
16798,Yakapınar Çayırı,1,25
13731,Yakapınar Çıkış,1,25
13732,Yakapınar Çıkış,1,25
51278,Yakınca,1,25
51279,Yakınca,1,25
24087,Yalnızev Arayol,1,25
24291,Yalnızev Arayol,1,25
24089,Yalnızev Meydan,1,25
24290,Yalnızev Meydan,1,25
11010,Yalçındağ,1,25
11011,Yalçındağ,1,25
10151,Yalı,1,25
10170,Yalı,1,25
50796,Yalı,1,25
50797,Yalı,1,25
52321,Yalı Manzara,1,25
52322,Yalı Manzara,1,25
52327,Yalı Market,1,25
52328,Yalı Market,1,25
52323,Yalı Siteler,1,25
52324,Yalı Siteler,1,25
52331,Yalı Tatil Sitesi,1,25
52332,Yalı Tatil Sitesi,1,25
52319,Yalı Villalar,1,25
52320,Yalı Villalar,1,25
52329,Yalı Çiçekevler,1,25
52330,Yalı Çiçekevler,1,25
24298,Yalın Ayak Dede Türbesi,1,25
24299,Yalın Ayak Dede Türbesi,1,25
24183,Yamanlar Köyü Cami,1,25
24184,Yamanlar Köyü Cami,1,25
22327,Yamanlar Köyü Son Durak,1,25
24185,Yamanlar Küme Evleri,1,25
24186,Yamanlar Küme Evleri,1,25
22324,Yamanlar Mesire Yeri,1,25
22325,Yamanlar Mesire Yeri,1,25
20771,Yamanlar Sitesi,1,25
31974,Yamaç,1,25
31975,Yamaç,1,25
21472,Yamaçevler,1,25
21473,Yamaçevler,1,25
50742,Yamaçevler,1,25
50743,Yamaçevler,1,25
13901,Yangın Havuzu,1,25
13902,Yangın Havuzu,1,25
22464,Yanık köy Mezarlık,1,25
22465,Yanık köy Mezarlık,1,25
22467,Yanıkköy,1,25
16051,Yapı Market,1,25
16052,Yapı Market,1,25
16817,Yapı Market,1,25
16818,Yapı Market,1,25
50820,Yaren,1,25
50821,Yaren,1,25
31898,Yasemin,1,25
31899,Yasemin,1,25
24128,Yavuz Selim,1,25
21737,Yayla,1,25
21738,Yayla,1,25
12122,Yayla Kahvesi,1,25
12125,Yayla Kahvesi,1,25
23516,Yayla Mevkii,1,25
23517,Yayla Mevkii,1,25
21733,Yayla Muhtarlık,1,25
21734,Yayla Muhtarlık,1,25
21762,Yağ Fabrikası,1,25
21763,Yağ Fabrikası,1,25
51001,Yağcılar Giriş,1,25
51004,Yağcılar Giriş,1,25
52141,Yağcılar Orman,1,25
52142,Yağcılar Orman,1,25
50999,Yağcılar Sera,1,25
51002,Yağcılar Sera,1,25
51003,Yağcılar Son durak,1,25
52642,Yağcılar Tarla,1,25
52643,Yağcılar Tarla,1,25
51007,Yağcılar Yeni Son Durak,1,25
50989,Yağcılar yol ayrımı,1,25
50990,Yağcılar yol ayrımı,1,25
22272,Yağmur,1,25
22273,Yağmur,1,25
50245,Yaşar Kemal Kültür Merkezi,1,25
50252,Yaşar Kemal Kültür Merkezi,1,25
16149,Yel Değirmeni,1,25
16150,Yel Değirmeni,1,25
23934,Yel Değirmenleri,1,25
21882,Yeldeğirmenleri,1,25
50480,Yelki Pazar Yeri,1,25
52145,Yelki Yeldeğirmeni,1,25
52146,Yelki Yeldeğirmeni,1,25
21857,Yeni Bağarası,1,25
21858,Yeni Bağarası,1,25
21816,Yeni Bağarası Giriş,1,25
21817,Yeni Bağarası Giriş,1,25
23423,Yeni Bağarası Yol Ayrımı,1,25
23424,Yeni Bağarası Yol Ayrımı,1,25
23415,Yeni Bağarası Çıkış,1,25
23417,Yeni Bağarası Çıkış,1,25
21819,Yeni Bağarası İlkokulu,1,25
23524,Yeni Bağarası İlkokulu,1,25
11304,Yeni Bulgurca Cami,1,25
11305,Yeni Bulgurca Cami,1,25
11302,Yeni Bulgurca Giriş,1,25
11303,Yeni Bulgurca Giriş,1,25
11307,Yeni Bulgurca Son Durağı,1,25
11308,Yeni Bulgurca Son Durağı,1,25
52384,Yeni Dostlar Sitesi,1,25
52385,Yeni Dostlar Sitesi,1,25
11620,Yeni Dünya,1,25
24416,Yeni Foça Anaokulu,1,25
23409,Yeni Foça Jandarma,1,25
23647,Yeni Foça Jandarma,1,25
23808,Yeni Foça Stadı,1,25
15428,Yeni Mahalle Altyol,1,25
23384,Yeni Mahalle Muhtarlık,1,25
23385,Yeni Mahalle Muhtarlık,1,25
30075,Yeni Mezarlık,1,25
51146,Yeni Orman,1,25
51147,Yeni Orman,1,25
23924,Yenibahar,1,25
23925,Yenibahar,1,25
23418,Yenifoça Caddesi,1,25
23419,Yenifoça Caddesi,1,25
24424,Yenikent Aile Sağlığı,1,25
24425,Yenikent Aile Sağlığı,1,25
24428,Yenikent Köprü,1,25
24429,Yenikent Köprü,1,25
24423,Yenikent Meydan,1,25
24426,Yenikent Tariş,1,25
24427,Yenikent Tariş,1,25
24430,Yenikent Zeytinlik,1,25
24431,Yenikent Zeytinlik,1,25
21929,Yeniköy,1,25
21930,Yeniköy,1,25
13569,Yeniköy Atış Poligonu,1,25
13570,Yeniköy Atış Poligonu,1,25
13594,Yeniköy Giriş,1,25
13595,Yeniköy Giriş,1,25
13857,Yeniköy Giriş,1,25
13860,Yeniköy Giriş,1,25
13578,Yeniköy Kahveler,1,25
13579,Yeniköy Kahveler,1,25
16850,Yeniköy Küme Evleri,1,25
16851,Yeniköy Küme Evleri,1,25
21923,Yeniköy Küme Evleri,1,25
21924,Yeniköy Küme evleri,1,25
13586,Yeniköy Lale,1,25
13587,Yeniköy Lale,1,25
13580,Yeniköy Menekşe,1,25
13581,Yeniköy Menekşe,1,25
13859,Yeniköy Muhtarlık,1,25
13862,Yeniköy Muhtarlık,1,25
13596,Yeniköy Ortaokulu,1,25
13597,Yeniköy Ortaokulu,1,25
22288,Yeniköy Türktelekom,1,25
22289,Yeniköy Türktelekom,1,25
16249,Yeniköy Yolu,1,25
16250,Yeniköy Yolu,1,25
23626,Yeniköy Yolu,1,25
23968,Yeniköy Yolu,1,25
13582,Yeniköy Zambak,1,25
13583,Yeniköy Zambak,1,25
24279,Yeniköy Zeytin,1,25
24280,Yeniköy Zeytin,1,25
22290,Yeniköy Çiftlik,1,25
22291,Yeniköy Çiftlik,1,25
13844,Yeniköy Çıkış,1,25
13845,Yeniköy Çıkış,1,25
15228,Yenioba,1,25
15229,Yenioba,1,25
11712,Yeniçiftlik Cami,1,25
11713,Yeniçiftlik Cami,1,25
15214,Yeniçiftlik Ekin,1,25
15215,Yeniçiftlik Ekin,1,25
15210,Yeniçiftlik Nar,1,25
15211,Yeniçiftlik Nar,1,25
15212,Yeniçiftlik Tavuk Çiftliği,1,25
15213,Yeniçiftlik Tavuk Çiftliği,1,25
12728,Yentur,1,25
12731,Yentur,1,25
21987,Yetmiş Beşinci Yıl Lisesi,1,25
21988,Yetmiş Beşinci Yıl Lisesi,1,25
40887,Yetmiş Beşinci Yıl İlköğretim Okulu,1,25
40888,Yetmiş Beşinci Yıl İlköğretim Okulu,1,25
51212,Yeşil Urla,1,25
51213,Yeşil Urla,1,25
16834,Yeşildere Mahalle Muhtarlığı,1,25
12579,Yeşilkaya,1,25
12580,Yeşilkaya,1,25
31657,Yeşilköy Girişi,1,25
31655,Yeşilköy Küme Evleri,1,25
31659,Yeşilköy Meydan,1,25
24108,Yeşillik,1,25
24109,Yeşillik,1,25
14377,Yeşilova Gönül,1,25
14378,Yeşilova Gönül,1,25
30500,Yeşilova Höyüğü,1,25
14372,Yeşilova Mezarlık,1,25
14373,Yeşilova Mezarlık,1,25
14376,Yeşilova Son Durak,1,25
16309,Yeşilpınar,1,25
23964,Yeşilpınar Meydan,1,25
23965,Yeşilpınar Meydan,1,25
23970,Yeşilpınar Muhtarlık,1,25
23971,Yeşilpınar Muhtarlık,1,25
30846,Yeşilyurt,1,25
30847,Yeşilyurt,1,25
13385,Yeşilyurt Pazaryeri,1,25
13386,Yeşilyurt Pazaryeri,1,25
24292,Yeşilırmak,1,25
30822,Yiğitler,1,25
30823,Yiğitler,1,25
30911,Yiğitler Bahçeler,1,25
30912,Yiğitler Bahçeler,1,25
30870,Yiğitler Demirci,1,25
30871,Yiğitler Demirci,1,25
30820,Yiğitler Giriş,1,25
30821,Yiğitler Giriş,1,25
12420,Yokuş,1,25
52168,Yol,1,25
52169,Yol,1,25
14396,Yol Ayrımı,1,25
14397,Yol Ayrımı,1,25
14422,Yol Ayrımı,1,25
14423,Yol Ayrımı,1,25
16392,Yolüstü Meydan,1,25
16393,Yolüstü Seralar,1,25
13473,Yonca,1,25
13474,Yonca,1,25
31197,Yonca,1,25
31198,Yonca,1,25
51873,Yonca,1,25
51874,Yonca,1,25
24320,Yortanlı,1,25
24321,Yortanlı,1,25
16239,Yoğurtçular Giriş,1,25
16240,Yoğurtçular Giriş,1,25
41078,Yoğurtçular Meydan,1,25
41079,Yoğurtçular Meydan,1,25
41080,Yoğurtçular Papatya,1,25
41081,Yoğurtçular Papatya,1,25
41083,Yoğurtçular Yol Ayrımı,1,25
16454,Yoğurtçular Çıkış,1,25
16455,Yoğurtçular Çıkış,1,25
30877,Yukarı Kızılca,1,25
30878,Yukarı Kızılca,1,25
30889,Yukarı Kızılca Belediye,1,25
30890,Yukarı Kızılca Belediye,1,25
30887,Yukarı Kızılca Jandarma,1,25
30888,Yukarı Kızılca Jandarma,1,25
32189,Yukarı Kızılca Orman,1,25
32190,Yukarı Kızılca Orman,1,25
30885,Yukarı Kızılca Ortaokulu,1,25
30886,Yukarı Kızılca Ortaokulu,1,25
32201,Yukarı Kızılca Çamlık,1,25
32202,Yukarı Kızılca Çamlık,1,25
23622,Yukarı Mahalle,1,25
23623,Yukarı Mahalle,1,25
31980,Yukarı Mahalle Cami,1,25
13058,Yukarı Sancaklı,1,25
13059,Yukarı Sancaklı,1,25
13054,Yukarı Sancaklı Çıkış,1,25
13055,Yukarı Sancaklı Çıkış,1,25
31549,Yukarı Sütçüler Çeşme,1,25
31550,Yukarı Sütçüler Çeşme,1,25
31683,Yukarı Vişneli Meydan,1,25
31684,Yukarı Vişneli Meydan,1,25
16259,Yukarı Çakaltepe,1,25
16260,Yukarı Çakaltepe,1,25
23452,Yukarıbey,1,25
23453,Yukarıbey,1,25
23547,Yukarıbey İlkokulu,1,25
23548,Yukarıbey İlkokulu,1,25
23472,Yukarıcuma Giriş,1,25
24633,Yukarıcuma Giriş,1,25
24632,Yukarıcuma Meydan,1,25
13446,Yukarıcık,1,25
13447,Yukarıcık,1,25
24308,Yukarıkırıklar,1,25
24309,Yukarıkırıklar,1,25
12386,Yunus Emre,1,25
12387,Yunus Emre,1,25
41046,Yunus Emre,1,25
41047,Yunus Emre,1,25
15529,Yusuf Atılgan,1,25
15530,Yusuf Atılgan,1,25
14026,Yusuflu Köyü Giriş,1,25
14027,Yusuflu Köyü Giriş,1,25
14028,Yusuflu Son Durak,1,25
16055,Yuvalı,1,25
16056,Yuvalı,1,25
50983,Yörük,1,25
50984,Yörük,1,25
12765,Yüzbaşı Şerafettin,1,25
12768,Yüzbaşı Şerafettin,1,25
12767,Yüzbaşı Şerafettin Muhtarlık,1,25
16473,Yüzbaşı Şerafettin Muhtarlık,1,25
16835,Yüzbaşı Şerafettin Muhtarlık 2,1,25
24084,Yılan Yokuşu,1,25
11622,Yıldırım,1,25
12492,Yıldırım,1,25
12493,Yıldırım,1,25
16297,Yıldırım,1,25
16298,Yıldırım,1,25
21809,Yıldırım,1,25
21810,Yıldırım,1,25
15560,Yıldırım Beyazıt,1,25
15561,Yıldırım Beyazıt,1,25
15708,Yıldırım Beyazıt Cami,1,25
15709,Yıldırım Beyazıt Cami,1,25
23518,Yıldırım Mahalle Muhtarlığı,1,25
23521,Yıldırım Mahalle Muhtarlığı,1,25
23872,Yıldız,1,25
23873,Yıldız,1,25
31908,Yıldız,1,25
31909,Yıldız,1,25
41003,Yıldız,1,25
41004,Yıldız,1,25
50822,Yıldız,1,25
50823,Yıldız,1,25
51975,Yıldız,1,25
51998,Yıldız,1,25
52539,Yıldız,1,25
52540,Yıldız,1,25
24072,Yıldız Cami,1,25
16743,Yıldız Kenter Kültür Merkezi,1,25
16744,Yıldız Kenter Kültür Merkezi,1,25
21073,Yıldız Tınas İzmiroğlu Anadolu Lisesi,1,25
21074,Yıldız Tınas İzmiroğlu Anadolu Lisesi,1,25
31352,Yıldıztepe,1,25
31353,Yıldıztepe,1,25
11994,Zafer,1,25
11995,Zafer,1,25
14446,Zafer,1,25
14447,Zafer,1,25
15784,Zafer Meydanı,1,25
12081,Zafer Ortaokulu,1,25
12082,Zafer Ortaokulu,1,25
21212,Zakkum,1,25
16514,Zambak,1,25
16515,Zambak,1,25
23752,Zambak,1,25
23753,Zambak,1,25
41439,Zambak,1,25
41440,Zambak,1,25
50975,Zambak,1,25
50976,Zambak,1,25
24348,Zağnos,1,25
24349,Zağnos,1,25
32286,Zeki Müren Parkı,1,25
32287,Zeki Müren Parkı,1,25
51216,Zeren,1,25
51217,Zeren,1,25
31834,Zeybek,1,25
51877,Zeybek,1,25
51878,Zeybek,1,25
11126,Zeytin,1,25
11127,Zeytin,1,25
13489,Zeytin,1,25
13490,Zeytin,1,25
15702,Zeytin,1,25
15703,Zeytin,1,25
16332,Zeytin,1,25
16333,Zeytin,1,25
16358,Zeytin,1,25
16359,Zeytin,1,25
16847,Zeytin,1,25
16854,Zeytin,1,25
16855,Zeytin,1,25
31604,Zeytin,1,25
31605,Zeytin,1,25
41384,Zeytin,1,25
41385,Zeytin,1,25
50963,Zeytin,1,25
50964,Zeytin,1,25
50816,Zeytin Ağacı,1,25
50817,Zeytin Ağacı,1,25
32438,Zeytin Bağı,1,25
16251,Zeytin Dalı,1,25
16252,Zeytin Dalı,1,25
24275,Zeytin Çiçeği,1,25
24276,Zeytin Çiçeği,1,25
50727,Zeytinalanı,1,25
50723,Zeytinalanı Kreş,1,25
50724,Zeytinalanı Kreş,1,25
50725,Zeytinalanı Meydan,1,25
50726,Zeytinalanı Meydan,1,25
30266,Zeytincilik,1,25
23774,Zeytindağ Fabrika,1,25
23775,Zeytindağ Fabrika,1,25
23772,Zeytindağ Giriş,1,25
23773,Zeytindağ Giriş,1,25
23776,Zeytindağ Meydan,1,25
16667,Zeytinköy,1,25
16668,Zeytinköy,1,25
16656,Zeytinköy Bakkal,1,25
16657,Zeytinköy Bakkal,1,25
16683,Zeytinköy Fabrika,1,25
16684,Zeytinköy Fabrika,1,25
16799,Zeytinköy Giriş,1,25
16800,Zeytinköy Giriş,1,25
16665,Zeytinköy Mezarlık,1,25
16666,Zeytinköy Mezarlık,1,25
23537,Zeytinköy Yol Ayrımı,1,25
23538,Zeytinköy Yol Ayrımı,1,25
16669,Zeytinköy Çiftlik,1,25
16670,Zeytinköy Çiftlik,1,25
16685,Zeytinköy Çıkış,1,25
16427,Zeytinler,1,25
16428,Zeytinler,1,25
52102,Zeytinler,1,25
52103,Zeytinler,1,25
52166,Zeytinler Mezarlık,1,25
52167,Zeytinler Mezarlık,1,25
24097,Zeytinli Mahalle,1,25
11322,Zeytinlik,1,25
11323,Zeytinlik,1,25
13899,Zeytinlik,1,25
13900,Zeytinlik,1,25
14414,Zeytinlik,1,25
14415,Zeytinlik,1,25
23876,Zeytinlik,1,25
23877,Zeytinlik,1,25
24617,Zeytinlik,1,25
24618,Zeytinlik,1,25
40941,Zeytinlik,1,25
40942,Zeytinlik,1,25
41023,Zeytinlik,1,25
41024,Zeytinlik,1,25
16831,Zeytinlik Ek Hizmet Binası,1,25
16710,Zeytinova Meydan,1,25
16711,Zeytinova Meydan,1,25
16700,Zeytinova Yol Ayrımı,1,25
16701,Zeytinova Yol Ayrımı,1,25
16712,Zeytinova Çıkış,1,25
16713,Zeytinova Çıkış,1,25
31645,Zeytinyağı Fabrikası,1,25
31672,Zeytinyağı Fabrikası,1,25
51069,Zeytinyağı Fabrikası,1,25
51070,Zeytinyağı Fabrikası,1,25
15631,Zihni Dağlı,1,25
15632,Zihni Dağlı,1,25
11018,Zindancık Trafo,1,25
11019,Zindancık Trafo,1,25
30943,Zirve Kent,1,25
30944,Zirve Kent,1,25
15939,Ziya Gökalp,1,25
15940,Ziya Gökalp,1,25
20652,Zübeyde Hanım Huzurevi,1,25
20653,Zübeyde Hanım Huzurevi,1,25
20332,Zübeyde Hanım Sağlık Merkezi,1,25
20333,Zübeyde Hanım Sağlık Merkezi,1,25
52426,Zümrüt Evler Sitesi,1,25
52427,Zümrüt Evler Sitesi,1,25
31261,Zümrüt Evleri,1,25
31262,Zümrüt Evleri,1,25
50720,Çadır,1,25
50721,Çadır,1,25
15698,Çakabey Anaokulu,1,25
15699,Çakabey Anaokulu,1,25
14154,Çakaltepe Giriş,1,25
14155,Çakaltepe Giriş,1,25
16437,Çakaltepe Köprü,1,25
16438,Çakaltepe Köprü,1,25
14163,Çakaltepe Meydan,1,25
10992,Çakaltepe Yolu,1,25
10993,Çakaltepe Yolu,1,25
11354,Çakarlar,1,25
11355,Çakarlar,1,25
23955,Çakmaklı Benzinlik,1,25
23956,Çakmaklı Benzinlik,1,25
23953,Çakmaklı Cami,1,25
23954,Çakmaklı Cami,1,25
23728,Çakmaklı Liman,1,25
23729,Çakmaklı Liman,1,25
23947,Çakmaklı Sahil,1,25
23948,Çakmaklı Sahil,1,25
23951,Çakmaklı Sahil Yolu,1,25
23952,Çakmaklı Sahil Yolu,1,25
23949,Çakmaklı Sezer Erşan Spor Tesisi,1,25
23950,Çakmaklı Sezer Erşan Spor Tesisi,1,25
23730,Çakmaklı Son Durak,1,25
23726,Çakmaklı Çiftlik,1,25
23727,Çakmaklı Çiftlik,1,25
24468,Çakmaktepe,1,25
24469,Çakmaktepe,1,25
23334,Çakır,1,25
23335,Çakır,1,25
13824,Çakırbeyli,1,25
13825,Çakırbeyli,1,25
13802,Çakırbeyli Giriş,1,25
13803,Çakırbeyli Giriş,1,25
13990,Çakırbeyli Mezarlık,1,25
13991,Çakırbeyli Mezarlık,1,25
13804,Çakırbeyli Sağlık Ocağı,1,25
13805,Çakırbeyli Sağlık Ocağı,1,25
15597,Çakırbeyli Viraj,1,25
15598,Çakırbeyli Viraj,1,25
13808,Çakırbeyli Yol Ayrımı,1,25
13809,Çakırbeyli Yol Ayrımı,1,25
13806,Çakırbeyli Çıkış,1,25
13807,Çakırbeyli Çıkış,1,25
13988,Çakırbeylı Gündoğumu,1,25
13989,Çakırbeylı Gündoğumu,1,25
13966,Çakırtepe,1,25
13967,Çakırtepe,1,25
13932,Çalba,1,25
13933,Çalba,1,25
23583,Çaltı Giriş,1,25
23584,Çaltı Giriş,1,25
23585,Çaltı Meydan,1,25
23586,Çaltı Meydan,1,25
11146,Çam,1,25
11147,Çam,1,25
13033,Çam,1,25
13034,Çam,1,25
15996,Çam,1,25
15997,Çam,1,25
52350,Çam,1,25
52351,Çam,1,25
31806,Çamaltı,1,25
31807,Çamaltı,1,25
23466,Çamavlu,1,25
23467,Çamavlu,1,25
23464,Çamavlu Giriş,1,25
23465,Çamavlu Giriş,1,25
24630,Çamavlu Güneşli Yolu,1,25
24631,Çamavlu Güneşli Yolu,1,25
23454,Çamavlu Köyü Yolu,1,25
23455,Çamavlu Köyü Yolu,1,25
23545,Çamavlu Meydan,1,25
23546,Çamavlu Meydan,1,25
23468,Çamavlu Çıkış,1,25
31964,Çamiçi Meydan,1,25
31965,Çamiçi Meydan,1,25
30438,Çamkule Eski Son Durak,1,25
30440,Çamkule Son Durak,1,25
24558,Çamköy,1,25
24559,Çamköy,1,25
24556,Çamköy Giriş,1,25
24557,Çamköy Giriş,1,25
24560,Çamköy Mahalle Cami,1,25
24561,Çamköy Mahalle Cami,1,25
24552,Çamköy Yolu,1,25
24553,Çamköy Yolu,1,25
41418,Çamlar,1,25
41419,Çamlar,1,25
50401,Çamlı Muhtarlık,1,25
51831,Çamlı Son Durak,1,25
14086,Çamlıbel Giriş,1,25
14087,Çamlıbel Giriş,1,25
14089,Çamlıbel Orta Durak,1,25
14091,Çamlıbel Son Durak,1,25
14088,Çamlıbel orta durak,1,25
13878,Çamlıca Giriş,1,25
13879,Çamlıca Giriş,1,25
13880,Çamlıca Meydan,1,25
13881,Çamlıca Meydan,1,25
13983,Çamlıca Mezarlık,1,25
13984,Çamlıca Mezarlık,1,25
10922,Çamlık,1,25
10923,Çamlık,1,25
12028,Çamlık,1,25
13441,Çamlık,1,25
13442,Çamlık,1,25
41058,Çamlık,1,25
41059,Çamlık,1,25
11973,Çamlık Cami,1,25
11974,Çamlık Cami,1,25
40437,Çamlık Cami,1,25
40438,Çamlık Cami,1,25
16651,Çamlık Market,1,25
16652,Çamlık Market,1,25
16649,Çamlık Müze,1,25
16650,Çamlık Müze,1,25
40791,Çamlıkule Muhtarlık,1,25
40792,Çamlıkule Muhtarlık,1,25
50991,Çamlıtepe,1,25
50992,Çamlıtepe,1,25
50286,Çamtepe,1,25
50287,Çamtepe,1,25
51393,Çamtepe,1,25
52067,Çamtepe,1,25
52068,Çamtepe,1,25
52622,Çamtepe Tepe,1,25
52623,Çamtepe Tepe,1,25
10982,Çamönü,1,25
10983,Çamönü,1,25
16646,Çamönü Güven,1,25
14120,Çamönü Naile Karadeniz İlkokulu,1,25
14121,Çamönü Naile Karadeniz İlkokulu,1,25
10930,Çamönü Orman,1,25
10931,Çamönü Orman,1,25
14122,Çamönü Orman,1,25
14123,Çamönü Orman,1,25
10928,Çamönü Seralar,1,25
10929,Çamönü Seralar,1,25
14118,Çamönü Vatan,1,25
14119,Çamönü Vatan,1,25
10980,Çamönü Yolu,1,25
10981,Çamönü Yolu,1,25
23862,Çanak Koyu,1,25
23863,Çanak Koyu,1,25
23962,Çandarlı Atabey,1,25
23963,Çandarlı Atabey,1,25
22799,Çandarlı Bahçe,1,25
22802,Çandarlı Bahçe,1,25
22811,Çandarlı Dörtyol,1,25
22812,Çandarlı Dörtyol,1,25
24179,Çandarlı Hilal,1,25
24180,Çandarlı Hilal,1,25
22803,Çandarlı Mezarlık,1,25
22806,Çandarlı Mezarlık,1,25
24610,Çandarlı Nilüfer,1,25
24611,Çandarlı Nilüfer,1,25
24613,Çandarlı Plaj,1,25
24614,Çandarlı Plaj,1,25
22807,Çandarlı Sahil,1,25
22810,Çandarlı Sahil,1,25
22801,Çandarlı Sevgi,1,25
22804,Çandarlı Sevgi,1,25
22809,Çandarlı Terminal,1,25
22805,Çandarlı Yakamoz,1,25
22808,Çandarlı Yakamoz,1,25
22797,Çandarlı Zeytin,1,25
22800,Çandarlı Zeytin,1,25
23960,Çandarlı Zeytinlik,1,25
23961,Çandarlı Zeytinlik,1,25
24232,Çandarlı Çiftlik,1,25
24233,Çandarlı Çiftlik,1,25
23598,Çandarlı Üçyol,1,25
23599,Çandarlı Üçyol,1,25
15883,Çapak Girişi,1,25
15884,Çapak Girişi,1,25
15817,Çapak Meydan,1,25
13798,Çapak Yol Ayrımı,1,25
13799,Çapak Yol Ayrımı,1,25
16635,Çatal,1,25
16636,Çatal,1,25
13507,Çatalca Köprü,1,25
13508,Çatalca Köprü,1,25
16211,Çatalca Köşe,1,25
16212,Çatalca Köşe,1,25
16540,Çatalca Manzara,1,25
16541,Çatalca Manzara,1,25
13501,Çatalca Yol Ayrımı,1,25
16538,Çatalca Çiftlik,1,25
16539,Çatalca Çiftlik,1,25
16253,Çatalca Üzüm,1,25
16254,Çatalca Üzüm,1,25
24071,Çatalhöyük,1,25
51551,Çatalkaya,1,25
51552,Çatalkaya,1,25
16300,Çaylı Giriş,1,25
16303,Çaylı Meydan,1,25
16304,Çaylı Meydan,1,25
16301,Çaylı Ortaokulu,1,25
16302,Çaylı Ortaokulu,1,25
16307,Çaylı Sağlık Ocağı,1,25
16308,Çaylı Sağlık Ocağı,1,25
16334,Çayır Mahalle İlkokulu,1,25
16335,Çayır Mahalle İlkokulu,1,25
16061,Çayırlı,1,25
16062,Çayırlı,1,25
16185,Çayırlı,1,25
16186,Çayırlı,1,25
10385,Çayırlı Bahçe,1,25
12664,Çağdaş,1,25
12667,Çağdaş,1,25
52557,Çağdaş,1,25
52200,Çağlar,1,25
52201,Çağlar,1,25
11128,Çağlayan,1,25
11129,Çağlayan,1,25
12769,Çağlayan,1,25
16472,Çağlayan,1,25
22152,Çağlayan,1,25
22153,Çağlayan,1,25
41122,Çağrı,1,25
41123,Çağrı,1,25
52086,Çelik,1,25
52087,Çelik,1,25
24324,Çeltikçi,1,25
24325,Çeltikçi,1,25
12260,Çevik Kuvvet,1,25
24480,Çevre,1,25
24481,Çevre,1,25
12085,Çeşme,1,25
12086,Çeşme,1,25
24418,Çeşme,1,25
41053,Çeşme,1,25
41068,Çeşme,1,25
41405,Çeşme,1,25
41406,Çeşme,1,25
51861,Çeşme,1,25
51862,Çeşme,1,25
51765,Çeşme Su Arıtma,1,25
51766,Çeşme Su Arıtma,1,25
51745,Çeşme Tedaş,1,25
51746,Çeşme Tedaş,1,25
50829,Çeşmealtı,1,25
50826,Çeşmealtı Limanı,1,25
50827,Çeşmealtı Limanı,1,25
50833,Çeşmealtı Lojmanları,1,25
50834,Çeşmealtı Zeytinlik,1,25
50835,Çeşmealtı Zeytinlik,1,25
20769,Çifte Havuzlar,1,25
20770,Çifte Havuzlar,1,25
11100,Çiftlik,1,25
11107,Çiftlik,1,25
11318,Çiftlik,1,25
11321,Çiftlik,1,25
14394,Çiftlik,1,25
14395,Çiftlik,1,25
16328,Çiftlik,1,25
16329,Çiftlik,1,25
16364,Çiftlik,1,25
16365,Çiftlik,1,25
21604,Çiftlik,1,25
21605,Çiftlik,1,25
24626,Çiftlik,1,25
24627,Çiftlik,1,25
31798,Çiftlik,1,25
31803,Çiftlik,1,25
40324,Çiftlik,1,25
40325,Çiftlik,1,25
41009,Çiftlik,1,25
41010,Çiftlik,1,25
41036,Çiftlik,1,25
41037,Çiftlik,1,25
51162,Çiftlik,1,25
51163,Çiftlik,1,25
52025,Çiftlik,1,25
52026,Çiftlik,1,25
52147,Çiftlik,1,25
52148,Çiftlik,1,25
13717,Çiftçi Gediği Giriş,1,25
13720,Çiftçi Gediği Giriş,1,25
13713,Çiftçi Gediği Köy Yolu,1,25
13716,Çiftçi Gediği Köy Yolu,1,25
16643,Çiftçi Gediği Mezarlık,1,25
16644,Çiftçi Gediği Mezarlık,1,25
13715,Çiftçi Gediği Çıkış,1,25
13718,Çiftçi Gediği Çıkış,1,25
10994,Çile Giriş,1,25
10995,Çile Giriş,1,25
10996,Çile Çıkış,1,25
10997,Çile Çıkış,1,25
20666,Çilek,1,25
20667,Çilek,1,25
31962,Çilek,1,25
31963,Çilek,1,25
15986,Çileme Açelya,1,25
15987,Çileme Açelya,1,25
13079,Çileme Bahçe,1,25
13074,Çileme Merkez,1,25
10033,Çileme Mezarlığı,1,25
10034,Çileme Mezarlığı,1,25
10083,Çileme Tepe Sokak,1,25
10084,Çileme Tepe Sokak,1,25
10085,Çileme Yolu,1,25
10086,Çileme Yolu,1,25
10972,Çileme Yolu,1,25
10973,Çileme Yolu,1,25
40686,Çimenli Cami,1,25
40687,Çimenli Cami,1,25
12159,Çimentepe,1,25
24501,Çitköy Ahmetbeyler Ortaokulu,1,25
24502,Çitköy Ahmetbeyler Ortaokulu,1,25
24310,Çitköy Giriş,1,25
24311,Çitköy Giriş,1,25
24314,Çitköy Orman Deposu,1,25
24315,Çitköy Orman Deposu,1,25
24503,Çitköy Yeşillik,1,25
24504,Çitköy Yeşllik,1,25
40351,Çitlenbik,1,25
40352,Çitlenbik,1,25
12553,Çiçek,1,25
12554,Çiçek,1,25
14326,Çiçek,1,25
14327,Çiçek,1,25
31689,Çiçek,1,25
31690,Çiçek,1,25
32210,Çiçek,1,25
32211,Çiçek,1,25
40692,Çiçek,1,25
40693,Çiçek,1,25
40943,Çiçek,1,25
40944,Çiçek,1,25
41379,Çiçek,1,25
41381,Çiçek,1,25
52120,Çiçek,1,25
52121,Çiçek,1,25
31041,Çiçek Mahallesi Son Durak,1,25
31810,Çiçekli Köprü,1,25
31811,Çiçekli Köprü,1,25
32443,Çiçekli Köy,1,25
32444,Çiçekli Köy,1,25
31804,Çiçekli Mesire Alanı,1,25
31805,Çiçekli Mesire Alanı,1,25
50949,Çiçekçi,1,25
50950,Çiçekçi,1,25
52551,Çiçekçiler,1,25
52552,Çiçekçiler,1,25
40369,Çiğdem,1,25
40370,Çiğdem,1,25
24645,Çiğli Erkek KYK Yurdu,1,25
24646,Çiğli Erkek KYK Yurdu,1,25
11456,Çoban,1,25
11457,Çoban,1,25
10924,Çobankızı,1,25
10925,Çobankızı,1,25
11960,Çobançeşme,1,25
11982,Çobançeşme,1,25
11979,Çobançeşme Eski Son Durak,1,25
11980,Çobançeşme Eski Son Durak,1,25
31441,Çocuk Parkı,1,25
31442,Çocuk Parkı,1,25
31830,Çocuk Parkı,1,25
32285,Çocuk Parkı,1,25
32288,Çocuk Parkı,1,25
32218,Çocuk Trafik Eğitim Parkı,1,25
32219,Çocuk Trafik Eğitim Parkı,1,25
32220,Çocuk Trafik Eğitim Parkı 2,1,25
32221,Çocuk Trafik Eğitim Parkı 2,1,25
16460,Çukur,1,25
16461,Çukur,1,25
24271,Çukurköy Afetevler,1,25
24272,Çukurköy Afetevler,1,25
22506,Çukurköy Meydan,1,25
22511,Çukurköy Çınaraltı,1,25
22512,Çukurköy Çınaraltı,1,25
15751,Çukuryer,1,25
15830,Çukuryer,1,25
51022,Çıkrıkçın,1,25
51023,Çıkrıkçın,1,25
31453,Çıkış,1,25
31454,Çıkış,1,25
40954,Çıkış,1,25
13481,Çınar,1,25
13482,Çınar,1,25
32240,Çınar,1,25
32241,Çınar,1,25
50987,Çınar,1,25
50988,Çınar,1,25
51292,Çınar,1,25
51293,Çınar,1,25
52080,Çınar,1,25
52081,Çınar,1,25
52567,Çınar,1,25
52568,Çınar,1,25
15693,Çınar Evleri,1,25
15694,Çınar Evleri,1,25
52335,Çınar Sitesi,1,25
52366,Çınar Sitesi,1,25
16015,Çınaraltı Evleri,1,25
16016,Çınaraltı Evleri,1,25
13782,Çınardibi Giriş,1,25
13783,Çınardibi Giriş,1,25
13784,Çınardibi Merkez,1,25
13785,Çınardibi Merkez,1,25
13776,Çınardibi Papatya,1,25
13777,Çınardibi Papatya,1,25
13780,Çınardibi Yolu,1,25
13781,Çınardibi Yolu,1,25
13786,Çınardibi Çıkış,1,25
13787,Çınardibi Çıkış,1,25
15994,Çırpı Pazar,1,25
15995,Çırpı Pazar,1,25
12753,Ödemiş,1,25
12756,Ödemiş,1,25
16320,Ödemiş Cezaevi,1,25
12747,Öksüz,1,25
12748,Öksüz,1,25
13968,Öksüz Dere Mevki,1,25
13969,Öksüz Dere Mevki,1,25
15509,Ömer Seyfettin,1,25
15510,Ömer Seyfettin,1,25
51088,Ömür Yapı Sitesi,1,25
21071,Önder,1,25
21072,Önder,1,25
30812,Ören,1,25
30813,Ören,1,25
30814,Ören Belediye,1,25
30815,Ören Belediye,1,25
30816,Ören İlkokulu,1,25
30817,Ören İlkokulu,1,25
24318,Örenli,1,25
24319,Örenli,1,25
22322,Örnekköy Mezarlık,1,25
22323,Örnekköy Mezarlık,1,25
20664,Örnekköy Saha,1,25
20665,Örnekköy Saha,1,25
30309,Örnekköy Şehit İncekara İlkokulu,1,25
32419,Öteyaka,1,25
32420,Öteyaka,1,25
51259,Öz Zümrütevleri,1,25
51242,Öz Zümrütevleri Giriş,1,25
51243,Öz Zümrütevleri Giriş,1,25
32002,Özbek,1,25
32003,Özbek,1,25
52652,Özbek Akkum,1,25
52650,Özbek Bahçe,1,25
51095,Özbek Esentepe,1,25
51096,Özbek Esentepe,1,25
51058,Özbek Eski Son Durak,1,25
51089,Özbek Günbatımı,1,25
51090,Özbek Günbatımı,1,25
51077,Özbek Kabristan,1,25
51078,Özbek Kabristan,1,25
52172,Özbek Konak,1,25
52173,Özbek Konak,1,25
51081,Özbek Liman,1,25
51071,Özbek Meydan,1,25
51072,Özbek Meydan,1,25
51093,Özbek Park,1,25
51083,Özbek Plaj,1,25
52651,Özbek Tarla,1,25
51061,Özbek Toki,1,25
51062,Özbek Toki,1,25
51908,Özbek Çamlı,1,25
51909,Özbek Çamlı,1,25
51086,Özbek Çamlık,1,25
51087,Özbek Çamlık,1,25
51079,Özbek Üçyol,1,25
51080,Özbek Üçyol,1,25
13853,Özbey Giriş,1,25
13854,Özbey Giriş,1,25
13840,Özbey Meydan,1,25
13841,Özbey Meydan,1,25
13855,Özbey Çıkış,1,25
13856,Özbey Çıkış,1,25
13741,Özcan,1,25
13742,Özcan,1,25
15731,Özdere Mezarlığı,1,25
15732,Özdere Mezarlığı,1,25
11841,Özdere Son Durak,1,25
11160,Özdere Spor Salonu,1,25
11161,Özdere Spor Salonu,1,25
50536,Özevler,1,25
50539,Özevler,1,25
12764,Özgür Mahallesi Köşe,1,25
51210,Özgürkent,1,25
51211,Özgürkent,1,25
15937,Özkan,1,25
15938,Özkan,1,25
12502,Özlem Sitesi,1,25
12503,Özlem Sitesi,1,25
15760,Öztürk,1,25
15762,Öztürk,1,25
16207,Öztürkler,1,25
16208,Öztürkler,1,25
31509,Öğrenci Yurdu,1,25
31510,Öğrenci Yurdu,1,25
31565,Öğrenci Yurdu,1,25
31566,Öğrenci Yurdu,1,25
41263,Öğrenci Yurdu,1,25
41264,Öğrenci Yurdu,1,25
41038,Öğretmen,1,25
41039,Öğretmen,1,25
31532,Öğretmen Evi,1,25
31533,Öğretmen Evi,1,25
31429,Öğretmen Evleri,1,25
31430,Öğretmen Evleri,1,25
16815,Üst Geçit,1,25
12376,Üzümcü Parkı,1,25
16069,Üzümler,1,25
16070,Üzümler,1,25
13588,Üzümlü,1,25
13589,Üzümlü,1,25
31818,Üçevler,1,25
31819,Üçevler,1,25
31832,Üçgen Park,1,25
24130,Üçkemer,1,25
24131,Üçkemer,1,25
52137,Üçkuyular İskele,1,25
16295,Üçmezar,1,25
16296,Üçmezar,1,25
41071,Üçyol,1,25
41072,Üçyol,1,25
10304,Üçyol Aktarma,1,25
52594,Üçyol Ayrımı,1,25
52595,Üçyol Ayrımı,1,25
16843,Üçyol Sevgi Yolu Parkı,1,25
15903,İPOSB Mesleki ve Teknik A.L.,1,25
15904,İPOSB Mesleki ve Teknik A.L.,1,25
11196,İTOB,1,25
11197,İTOB,1,25
16699,İZTAŞIT Garaj,1,25
51338,İbrahim Alanı,1,25
51351,İbrahim Alanı,1,25
10978,İbrahim Fatih Cami,1,25
10979,İbrahim Fatih Cami,1,25
15675,İbrahim Kesici,1,25
15676,İbrahim Kesici,1,25
50266,İhsan Alyanak Parkı,1,25
50267,İhsan Alyanak Parkı,1,25
51156,İhsaniye,1,25
51154,İhsaniye yolu,1,25
51155,İhsaniye yolu,1,25
30235,İkinci Sanayi,1,25
50240,İkinci İnönü Mahalle Muhtarlığı,1,25
50241,İkinci İnönü Muhtarlık,1,25
24490,İkmal,1,25
24491,İkmal,1,25
31628,İlk Evler,1,25
31629,İlk Evler,1,25
52161,İlke,1,25
52162,İlke,1,25
52189,İltur,1,25
52190,İltur,1,25
15667,İmam Hatip 2,1,25
15668,İmam Hatip 2,1,25
24013,İmam Hatip Lisesi,1,25
51847,İmamlar,1,25
51848,İmamlar,1,25
15841,İmbat,1,25
15842,İmbat,1,25
11330,İnci,1,25
11331,İnci,1,25
13650,İnci,1,25
13651,İnci,1,25
50278,İnci,1,25
50279,İnci,1,25
50481,İnci,1,25
50482,İnci,1,25
51214,İncikent,1,25
51215,İncikent,1,25
13972,İncir,1,25
13973,İncir,1,25
16283,İncir,1,25
16284,İncir,1,25
30447,İncir,1,25
30448,İncir,1,25
50961,İncir,1,25
50962,İncir,1,25
52356,İncir,1,25
52357,İncir,1,25
52561,İncir,1,25
52562,İncir,1,25
50192,İnciraltı Bakü Bulvarı,1,25
50189,İnciraltı Karakolu,1,25
13427,İncirağa,1,25
13428,İncirağa,1,25
51865,İncircik,1,25
51866,İncircik,1,25
52486,İnecik Giriş,1,25
52487,İnecik Giriş,1,25
52490,İnecik Merkez,1,25
52488,İnecik Tarla,1,25
52489,İnecik Tarla,1,25
51579,İnecik Yol Ayrımı,1,25
51580,İnecik Yol Ayrımı,1,25
52484,İnecik Yolayrımı,1,25
52485,İnecik Yolayrımı,1,25
22531,İnkılap,1,25
22532,İnkılap,1,25
40184,İnkılap,1,25
30779,İnlik,1,25
30780,İnlik,1,25
16809,İntepe,1,25
16810,İntepe,1,25
12193,İnönü,1,25
31350,İnönü,1,25
31351,İnönü,1,25
31732,İnönü,1,25
31733,İnönü,1,25
40295,İnönü Mahallesi,1,25
40296,İnönü Mahallesi,1,25
21896,İrem,1,25
21897,İrem,1,25
13954,İris,1,25
13955,İris,1,25
52244,İris Gölü,1,25
52245,İris Gölü,1,25
50268,İskele,1,25
50269,İskele,1,25
50560,İskele,1,25
50794,İskele,1,25
50795,İskele,1,25
21999,İsmail Cem Kültür Merkezi,1,25
22000,İsmail Cem Kültür Merkezi,1,25
23886,İsmet Paşa,1,25
23887,İsmet Paşa,1,25
41126,İsmet Paşa,1,25
40682,İsmet Paşa Muhtarlık,1,25
40683,İsmet Paşa Muhtarlık,1,25
30253,İstasyon,1,25
16819,İstasyon Alt Geçidi,1,25
16820,İstasyon Alt Geçidi,1,25
21991,İstasyon Altı 1,1,25
21992,İstasyon Altı 1,1,25
16823,İstasyon Üst Geçit,1,25
16824,İstasyon Üst Geçit,1,25
16510,İstiklal,1,25
16511,İstiklal,1,25
12087,İtfaiye,1,25
12088,İtfaiye,1,25
12670,İyiburnaz Ortaokulu,1,25
12673,İyiburnaz Ortaokulu,1,25
32216,İzbeton Tesisleri,1,25
32217,İzbeton Tesisleri,1,25
10453,İzelman,1,25
40608,İzkent 1,1,25
41400,İzkent 1,1,25
40602,İzkent Mahalle Muhtarlığı,1,25
40603,İzkent Mahalle Muhtarlığı,1,25
22081,İzkent Su Deposu,1,25
22082,İzkent Su Deposu,1,25
23283,İzkent mahalle muhtarlığı,1,25
51845,İzli Kuyu,1,25
51846,İzli Kuyu,1,25
32267,İzmir Demokrasi Üniversitesi,1,25
10210,İzmir Mesleki ve Teknik Anadolu Lisesi,1,25
41353,İzmir Tınaztepe Üniversitesi Üst Giriş,1,25
50951,İzmir Yardımsevenler Derneği Kuşçular İlkokulu,1,25
50952,İzmir Yardımsevenler Derneği Kuşçular İlkokulu,1,25
24597,İzsu,1,25
24598,İzsu,1,25
23332,İzsu Hizmet Binası,1,25
23333,İzsu Hizmet Binası,1,25
51474,İzsu Siteler,1,25
51475,İzsu Siteler,1,25
31457,İzyuva,1,25
31458,İzyuva,1,25
31460,İzyuva Son Durak,1,25
51980,İçmeler Son Durak,1,25
51972,İçmeler Stad,1,25
51995,İçmeler Stad,1,25
40945,İğde,1,25
40946,İğde,1,25
41025,İğde,1,25
41034,İğde,1,25
50497,İğde,1,25
23281,İğnedere Giriş,1,25
23282,İğnedere Giriş,1,25
22389,İğnedere Meydan,1,25
16814,İşciler,1,25
16409,Şahin,1,25
16410,Şahin,1,25
51400,Şahin,1,25
51401,Şahin,1,25
31455,Şahin Tepesi,1,25
31456,Şahin Tepesi,1,25
32436,Şahin Tepesi,1,25
20697,Şair Eşref İlköğretim Okulu,1,25
20699,Şair Eşref İlköğretim Okulu,1,25
21507,Şair Namık Kemal,1,25
21508,Şair Namık Kemal,1,25
23930,Şakran Cezaevi,1,25
12167,Şato,1,25
30810,Şato,1,25
30811,Şato,1,25
32142,Şavkar Spor Tesisleri,1,25
32145,Şavkar Spor Tesisleri,1,25
11105,Şaşal Köprü,1,25
11110,Şaşal Köprü,1,25
11130,Şaşal Market,1,25
11131,Şaşal Market,1,25
11138,Şaşal Çıkış,1,25
11139,Şaşal Çıkış,1,25
13118,Şehit Astsubay Yahya Efiloğlu,1,25
13119,Şehit Astsubay Yahya Efiloğlu,1,25
23907,Şehit Bahattin Elden Anadolu İmam Hatip Lisesi,1,25
23908,Şehit Bahattin Elden Anadolu İmam Hatip Lisesi,1,25
15722,Şehit Binbaşı Ercan Ortaokulu,1,25
31486,Şehit Erkan Er Ortaokulu,1,25
10131,Şehit Fethibey,1,25
10132,Şehit Fethibey,1,25
10133,Şehit Fethibey,1,25
10136,Şehit Fethibey,1,25
16876,Şehit Fethibey,1,25
16887,Şehit Fethibey,1,25
23370,Şehit Gökhan Çakır Anadolu Lisesi,1,25
23371,Şehit Gökhan Çakır Anadolu Lisesi,1,25
20275,Şehit Hikmet Ayerdem Parkı,1,25
20276,Şehit Hikmet Ayerdem Parkı,1,25
14716,Şehit Jandarma Er Önder Turgay,1,25
14717,Şehit Jandarma Er Önder Turgay,1,25
14333,Şehit Jandarma Uzman Çavuş Süleyman Güneri,1,25
40558,Şehit Jandarma Çadırcı,1,25
40559,Şehit Jandarma Çadırcı,1,25
11529,Şehit Komando Çavuş Sinan Hamza,1,25
11530,Şehit Komando Çavuş Sinan Hamza,1,25
41031,Şehit Mehmet Güleç,1,25
15864,Şehit Mehmet Kıvık,1,25
15865,Şehit Mehmet Kıvık,1,25
13725,Şehit Murat Cerit,1,25
13728,Şehit Murat Cerit,1,25
23913,Şehit Murat Çoşkun Ortaokulu,1,25
23914,Şehit Murat Çoşkun Ortaokulu,1,25
15626,Şehit Mustafa Yaman Anadolu İmam Hatip Lisesi,1,25
12365,Şehit Muzaffer Erdönmez İlkokulu,1,25
12366,Şehit Muzaffer Erdönmez İlkokulu,1,25
51172,Şehit Piyade Çavuş Ceysu Ceylan,1,25
51173,Şehit Piyade Çavuş Ceysu Ceylan,1,25
14212,Şehit Polis Cemil Koç,1,25
14215,Şehit Polis Cemil Koç,1,25
20638,Şehit Profesör Doktor İlhan Varank İmam Hatip Lisesi,1,25
20641,Şehit Profesör Doktor İlhan Varank İmam Hatip Lisesi,1,25
23338,Şehit Uzman Onbaşı Ahmet Alpaslan,1,25
23339,Şehit Uzman Onbaşı Ahmet Alpaslan,1,25
23340,Şehit Uzman Onbaşı Emre Baysal,1,25
23341,Şehit Uzman Onbaşı Emre Baysal,1,25
32185,Şehit Uzman Çavuş Ali Akdoğan,1,25
31233,Şehit Uzman Çavuş Ali Akdoğan İlkokulu,1,25
31234,Şehit Uzman Çavuş Ali Akdoğan İlkokulu,1,25
14176,Şehit Uzman Çavuş Harun Şenözüar,1,25
14177,Şehit Uzman Çavuş Harun Şenözüar,1,25
15613,Şehit Uzman Çavuş Muhammed Mustafa Ak,1,25
15614,Şehit Uzman Çavuş Muhammed Mustafa Ak,1,25
13897,Şehit Uzman Çavuş Tolga Sağlam,1,25
13898,Şehit Uzman Çavuş Tolga Sağlam,1,25
23762,Şehit Uğur Yıldız Ortaokulu,1,25
20622,Şehit Yarbay Songül Yakut,1,25
20623,Şehit Yarbay Songül Yakut,1,25
10895,Şehit Yüzbaşı Cengiz Topel,1,25
10900,Şehit Yüzbaşı Cengiz Topel,1,25
14718,Şehit Yüzbaşı Halil Özdemir,1,25
14719,Şehit Yüzbaşı Halil Özdemir,1,25
23376,Şehit Çavuş Bülent Kula İlköğretim Okulu,1,25
23377,Şehit Çavuş Bülent Kula İlköğretim Okulu,1,25
15696,Şehit Çavuş Haydar Arda Erertingi Ortaokulu,1,25
15697,Şehit Çavuş Haydar Arda Erertingi Ortaokulu,1,25
32255,Şehit Öğretmen Aybuke Yalçın,1,25
32256,Şehit Öğretmen Aybuke Yalçın,1,25
52311,Şehit Öğretmen Necmettin Yılmaz İlkokulu,1,25
52312,Şehit Öğretmen Necmettin Yılmaz İlkokulu,1,25
12347,Şehit Üsteğmen Sadullah Sever İlkokulu,1,25
12350,Şehit Üsteğmen Sadullah Sever İlkokulu,1,25
14210,Şehit Üstğm İsmail Cazgır,1,25
14211,Şehit Üstğm İsmail Cazgır,1,25
13992,Şehit Şerife Bacı,1,25
13993,Şehit Şerife Bacı,1,25
32291,Şehit. Jnd. Onbaşı Uğur Demirkan,1,25
32292,Şehit. Jnd. Onbaşı Uğur Demirkan,1,25
12421,Şehitler,1,25
16639,Şehitler Giriş,1,25
16640,Şehitler Giriş,1,25
13704,Şehitler Çıkış,1,25
13705,Şehitler Çıkış,1,25
50349,Şemikler,1,25
50350,Şemikler,1,25
30895,Şen,1,25
30896,Şen,1,25
15890,Şenyüz,1,25
15891,Şenyüz,1,25
21252,Şerbetçi,1,25
21253,Şerbetçi,1,25
23909,Şht. Binbaşı Yavuz Başayar,1,25
23910,Şht. Binbaşı Yavuz Başayar,1,25
22069,Şirinevler Giriş,1,25
22070,Şirinevler Giriş,1,25
22071,Şirinevler Son Durak,1,25
32008,Şirintepe,1,25
32009,Şirintepe,1,25
40553,Şirintepe,1,25
40572,Şirintepe,1,25
40550,Şirintepe Parkı,1,25
40551,Şirintepe Parkı,1,25
41309,Şirinyer Aktarma,1,25
11822,Şükrü Özkan,1,25
11823,Şükrü Özkan,1,25
23943,Şıra Mevki,1,25
23944,Şıra Mevki,1,25
