stop_id,stop_name,route_count
11464,1 Nolu Sağlık Ocağı,11
11465,1 Nolu Sağlık Ocağı,11
30330,112 Acil Çağrı Merkezi Müdürlüğü,2
20079,15 Temmuz Şehitler Anadolu Lisesi,9
20080,15 Temmuz Şehitler Anadolu Lisesi,8
12633,2 Nolu Çağdaş Kahraman Sağlık Ocağı,3
12634,2 Nolu Çağdaş Kahraman Sağlık Ocağı,3
32309,2. Etap,3
32310,2. Etap,3
10390,26 Ağustos Kapısı,2
40219,30 Ağustos İlköğretim Okulu,3
40220,30 Ağustos İlköğretim Okulu,3
23974,4. Cadde,2
23975,4. Cadde,2
32354,4. Etap,4
32355,4. Etap,4
32356,5. Etap,4
32357,5. Etap,4
32373,5. Etap Alt Yol,4
32358,5. Etap Üst Yol,2
32359,5. Etap Üst Yol,2
32366,6. Etap,2
32367,6. Etap,2
32364,6. Etap Tepe,2
32365,6. Etap Tepe,2
11691,7 Nolu Sağlık Ocağı,4
11692,7 Nolu Sağlık Ocağı,4
11830,7 Nolu Sağlık Ocağı,2
11831,7 Nolu Sağlık Ocağı,2
32360,7. Etap,2
32361,7. Etap,2
32362,7. Etap Tepe,2
32363,7. Etap Tepe,2
23987,8. Etap,4
32368,8. Etap,2
32369,8. Etap Alt Yol,2
21059,9 Eylül,3
21062,9 Eylül,3
21519,9 Eylül Muhtarlık,4
21520,9 Eylül Muhtarlık,4
20820,Acer,3
20821,Acer,3
32348,Acil,10
23301,Ada,4
23302,Ada,4
41345,Ada,2
41346,Ada,2
30299,Adalet Mahallesi,6
30300,Adalet Mahallesi,6
40574,Adatepe,4
41205,Adatepe Park,3
41208,Adatepe Park,3
40581,Adatepe Son Durak,3
41387,Adatepe Son Durak,3
41207,Adatepe Villaları,3
41210,Adatepe Villaları,3
40582,Adatepe Üçgen Park,4
12007,Adem Yavuz,2
12008,Adem Yavuz,2
12011,Adem Yavuz Parkı,2
12012,Adem Yavuz Parkı,2
30991,Adil Akçamlı,6
30992,Adil Akçamlı,5
31474,Adil Demir Sitesi,6
31475,Adil Demir Sitesi,6
30279,Adliye,17
30280,Adliye,16
30595,Adliye Lojmanları,4
30596,Adliye Lojmanları,4
20993,Adliyeciler Sitesi,3
20994,Adliyeciler Sitesi,3
40431,Adnan Kahveci Parkı,2
40432,Adnan Kahveci Parkı,2
12965,Adnan Menderes İlkokulu,3
12966,Adnan Menderes İlkokulu,3
10178,Adnan Saygun Sanat Merkezi,14
10199,Adnan Saygun Sanat Merkezi,15
32307,Afet Haberleşme,3
32308,Afet Haberleşme,3
52627,Ahmet Hakkı Balcıoğlu Mesleki Anadolu Lises,3
52626,Ahmet Hakkı Balcıoğlu Mesleki Anadolu Lisesi,3
12315,Ahmet Ragıp Üzümcü İlkokulu,4
12316,Ahmet Ragıp Üzümcü İlkokulu,4
22547,Ahmet Taner Kışlalı,3
22548,Ahmet Taner Kışlalı,3
23395,Ahmet Taner Kışlalı Parkı,4
22083,Ahmet Yesevi,2
22084,Ahmet Yesevi,2
21246,Ahmet Yesevi Cami,2
21247,Ahmet Yesevi Cami,2
40764,Ahmet Yesevi Öğrenci Yurdu,2
40765,Ahmet Yesevi Öğrenci Yurdu,2
22509,Ahıska,3
22510,Ahıska,3
23666,Ahıskakent ilkokulu,3
23665,Ahıskakent İlkokulu,3
21921,Ahşap Ev,2
21922,Ahşap Ev,2
31592,Akalan Park,2
31595,Akalan Park,2
31586,Akalan Sütçüler Okul,2
31589,Akalan Sütçüler Okul,2
32441,Akalan Yan Yol,2
32442,Akalan Yan Yol,2
32398,Akalan Çiftlik,2
32399,Akalan Çiftlik,2
13554,Akarca,4
13557,Akarca,4
40330,Akasma,2
40331,Akasma,2
20755,Akasya,2
20756,Akasya,2
24036,Akasya,3
24037,Akasya,3
30046,Akasya,3
31387,Akdemir Parkı,3
31388,Akdemir Parkı,3
32424,Akevler,2
32425,Akevler,2
50734,Akgün Sitesi,2
50735,Akgün Sitesi,2
24004,Akif Ersezgin Lisesi,3
24005,Akif Ersezgin Lisesi,2
20985,Akiş Öğütçü İlköğretim Okulu,3
20986,Akiş Öğütçü İlköğretim Okulu,3
11693,Akkoca Tavuk Çiftliği,4
11694,Akkoca Tavuk Çiftliği,4
23261,Akkoç,4
23262,Akkoç,4
40824,Akmeşe,4
40825,Akmeşe,4
10822,Aksan,6
10823,Aksan,6
21640,Aksu,2
21641,Aksu,2
30613,Aktar,3
30614,Aktar,3
21658,Aktaşlar,3
21659,Aktaşlar,3
10656,Aktepe,14
10657,Aktepe,14
12718,Aktepe Cami,4
12721,Aktepe Cami,4
13338,Aktepe Giriş,3
13339,Aktepe Giriş,3
14603,Aktepe Meşe,2
14604,Aktepe Meşe,2
12722,Aktepe Polis Lojmanları,3
12725,Aktepe Polis Lojmanları,3
12922,Akyüz,2
12923,Akyüz,2
50629,Akça,3
50634,Akça,3
11104,Akçaalan,5
11123,Akçaalan,5
20818,Akçaağaç,2
20819,Akçaağaç,2
13919,Akçaköy,2
13917,Akçaköy  İncir Fabrikası,2
13918,Akçaköy  İncir Fabrikası,2
13499,Akçaköy Yol Ayrımı,3
13500,Akçaköy Yol Ayrımı,3
16647,Akçaköy Yolu,2
16648,Akçaköy Yolu,2
10679,Akçay,9
40142,Akıncılar Cami,6
40143,Akıncılar Cami,6
40145,Akıncılar Merkez,6
40146,Akıncılar Merkez,6
40586,Akşemsettin İlkokulu,3
40587,Akşemsettin İlkokulu,3
40826,Alan,2
40828,Alan,2
51767,Alaçatı Atatürk,2
51768,Alaçatı Atatürk,2
51777,Alaçatı Dostluk,2
51778,Alaçatı Dostluk,2
51775,Alaçatı Güneş,2
51776,Alaçatı Güneş,2
51817,Alaçatı Mavi,2
51818,Alaçatı Mavi,2
51813,Alaçatı Sanayi,2
51814,Alaçatı Sanayi,2
51771,Alaçatı Stadı,2
51772,Alaçatı Stadı,2
51773,Alaçatı Çamlı,2
51774,Alaçatı Çamlı,2
51815,Alaçatı Çiçek,2
51816,Alaçatı Çiçek,2
14977,Alaşarlı,4
14978,Alaşarlı,4
20360,Albatros,3
20361,Albatros,3
12934,Albay İbrahim Karaoğlanoğlu,2
12935,Albay İbrahim Karaoğlanoğlu,2
22049,Albayrak Mavişehir Evleri,3
22058,Albayrak Mavişehir Evleri,3
41114,Ali Fuat Cebesoy İlkokulu,2
12468,Ali Fuat Erden Mahallesi Muhtarlığı,5
12469,Ali Fuat Erden Mahallesi Muhtarlığı,6
40243,Ali Kuşçu İlkokulu,2
40244,Ali Kuşçu İlkokulu,2
40757,Ali Rıza Efendi İlkokulu,2
40758,Ali Rıza Efendi İlkokulu,2
31423,Ali Rıza Güven Cami,4
31424,Ali Rıza Güven Cami,4
31241,Ali İhsan Bey,3
31242,Ali İhsan Bey,3
23393,Aliağa 80. Yıl Lisesi,4
23920,Aliağa Balıkçı Barınağı,2
23921,Aliağa Balıkçı Barınağı,2
22743,Aliağa Liman,3
22746,Aliağa Liman,3
22843,Aliağa Organize Sanayi Yol Ayrımı,4
22844,Aliağa Organize Sanayi Yol Ayrımı,4
22747,Aliağa Sahil,5
22750,Aliağa Sahil,5
21442,Aliağa Sanayi,3
21445,Aliağa Sanayi,3
21444,Aliağa Sanayi Çıkış,3
22741,Aliağa Santral,3
22738,Aliağa Terminal İçi,3
24251,Aliağa Terminal İçi,3
22744,Aliağa santral,3
22737,Aliağa İlçe Emniyet Müdürlüğü,6
22740,Aliağa İlçe Emniyet Müdürlüğü,6
22753,Aliağa İskele,5
22756,Aliağa İskele,5
21943,Alize,4
21944,Alize,4
40632,Alkent,4
40633,Alkent,4
51953,Alp,4
52056,Alp,4
24649,Alp Oğuz Anadolu Lisesi,3
31046,Alparslan Mahallesi Muhtarlık,5
31047,Alparslan Mahallesi Muhtarlık,5
31062,Alpaslan,4
31063,Alpaslan,4
10108,Alsancak Devlet Hastanesi,3
10109,Alsancak Devlet Hastanesi,3
10413,Alsancak Gar,2
10415,Alsancak Gar,5
10418,Alsancak Gar,5
30605,Alt Geçit,3
30606,Alt Geçit,3
50089,Altmışıncı Yıl Anadolu Lisesi,10
50092,Altmışıncı Yıl Anadolu Lisesi,10
52443,Altyüz Köprüsü,3
52444,Altyüz Köprüsü,3
10958,Altın,5
10959,Altın,5
40299,Altıncı Sanayi,4
40300,Altıncı Sanayi,4
10659,Altıncı Sanayi Kavşağı,9
30472,Altındağ,4
30163,Altındağ Atatürk Kültür Merkezi STK Yerleşke,5
30164,Altındağ Atatürk Kültür Merkezi STK Yerleşke,5
30030,Altındağ Belediyesi,7
30031,Altındağ Belediyesi,7
30477,Altındağ İlkokulu,4
40267,Altınevler,2
40268,Altınevler,2
24014,Altınkent,2
10248,Altıntaş,14
10251,Altıntaş,16
11889,Altınyağ,12
11890,Altınyağ,12
24421,Alışveriş Merkezi,2
24422,Alışveriş Merkezi,2
31839,Alışveriş Merkezi,2
31840,Alışveriş Merkezi,2
51591,Ambarseki,2
51592,Ambarseki,2
51593,Ambarseki  Filiz,2
51594,Ambarseki  Filiz,2
11266,Amber,12
11267,Amber,12
10274,Amerikan Koleji,2
10275,Amerikan Koleji,3
21147,Ana Jet Üssü,2
21148,Ana Jet Üssü,2
12818,Ana Sağlığı,4
12819,Ana Sağlığı,4
40495,Ana Sağlığı,3
40496,Ana Sağlığı,3
20501,Anadolu Cami,4
20502,Anadolu Cami,4
21699,Anadolu Lisesi,3
21702,Anadolu Lisesi,3
11480,Anaokulu,3
11481,Anaokulu,3
32151,Ankara Caddesi,5
32152,Ankara Caddesi,5
30745,Anıt,2
30746,Anıt,2
50081,Anıt,11
50084,Anıt,11
22545,Anıt Park,3
22546,Anıt Park,3
24304,Apan Çeşme,2
24305,Apan Çeşme,2
11088,Ar Konutları,4
11095,Ar Konutları,4
12066,Arap Cami,13
12429,Arap Deresi,5
12430,Arap Deresi,5
41343,Ardıç,2
41344,Ardıç,2
51857,Ardıç,2
51858,Ardıç,2
15135,Arkacılar,3
15136,Arkacılar,3
15137,Arkacılar Bulut,3
15138,Arkacılar Bulut,3
51008,Armola,2
51009,Armola,2
30802,Armutlu Merkez,2
30803,Armutlu Merkez,2
30800,Armutlu Mezarlık,2
30801,Armutlu Mezarlık,2
30804,Armutlu Ortaokulu,2
30805,Armutlu Ortaokulu,2
30862,Armutlu Park,2
32281,Armutlu Park,2
30860,Armutlu Sağlık Ocağı,2
30863,Armutlu Sağlık Ocağı,2
16741,Armutluk,3
16742,Armutluk,3
32406,Arslan,4
11750,Arıkbaşı Akçam,6
11751,Arıkbaşı Akçam,6
11738,Arıkbaşı Kahveler,3
11739,Arıkbaşı Kahveler,3
11746,Arıkbaşı Okul Yolu,3
11749,Arıkbaşı Okul Yolu,3
11743,Arıkbaşı İstasyon,3
11742,Arıkbaşıı İstasyon,3
15567,Arıtma,2
15568,Arıtma,2
32205,Arıtma Tesisi,2
21412,Asarlık Esat Paşa Mahallesi,3
21406,Asarlık Giriş,5
21407,Asarlık Giriş,5
21568,Asarlık Köprü,4
22017,Asarlık Köprü,3
21410,Asarlık Mezarlık,3
21411,Asarlık Mezarlık,4
21666,Asarlık Park,4
21667,Asarlık Park,3
21664,Asarlık Pazar Yeri,4
21665,Asarlık Pazar Yeri,3
23541,Asarlık Polis Merkezi,2
21652,Asarlık Toki Evleri,4
21653,Asarlık Toki Evleri,4
21686,Asarlık Toki Evleri Son Durak,2
21684,Asarlık Toki Evleri Tepe,2
21685,Asarlık Toki Evleri Tepe,2
21680,Asarlık Toki Evleri Trafo,2
21681,Asarlık Toki Evleri Trafo,2
21682,Asarlık Toki Evleri Üçyol,2
21683,Asarlık Toki Evleri Üçyol,2
21413,Asarlık İnönü Mahallesi,3
11370,Asfalt,2
11371,Asfalt,2
10666,Askeri Lojmanlar,10
15157,Aslanlar  Yol Ayrımı,3
15156,Aslanlar Yol Ayrımı,3
50165,Asmaaltı,5
11443,Asmalı,2
12234,Asmalı,6
12235,Asmalı,6
21385,Astsubay Lojmanları,5
21420,Astsubay Lojmanları,5
50367,Asır,3
50368,Asır,3
20093,Ata,12
20094,Ata,12
20733,Ata,2
20734,Ata,2
22620,Ata,2
22621,Ata,2
31289,Ata,15
40215,Ata,3
40216,Ata,3
52035,Ata,3
52036,Ata,3
50202,Ata Durağı,2
50203,Ata Durağı,3
31425,Ataberk,4
31426,Ataberk,4
20395,Atakent Anadolu Lisesi,14
20396,Atakent Anadolu Lisesi,14
11697,Atalan Aile Sağlığı Merkezi,4
11700,Atalan Aile Sağlığı Merkezi,4
21057,Atatürk,3
21060,Atatürk,3
23368,Atatürk Caddesi,2
31582,Atatürk Caddesi,3
31585,Atatürk Caddesi,3
15482,Atatürk Kültür Merkezi,7
21031,Atatürk Mahallesi Doğan,5
21029,Atatürk Mahallesi Gezer,5
23533,Atatürk Mahallesi Gezer,5
22090,Atatürk Mahallesi Nergis,4
23422,Atatürk Mahallesi Nergis,4
22077,Atatürk Mahallesi TOKİ İlkokulu,5
22078,Atatürk Mahallesi TOKİ İlkokulu,5
22085,Atatürk Mahallesi Toki Evleri 1,5
22086,Atatürk Mahallesi Toki Evleri 1,5
22087,Atatürk Mahallesi Toki Evleri 2,5
22088,Atatürk Mahallesi Toki Evleri 2,5
21027,Atatürk Mahallesi Zirve,8
21035,Atatürk Mahallesi Zirve,7
16368,Atatürk Ortaokulu,2
16369,Atatürk Ortaokulu,2
23398,Atatürk Parkı,3
11878,Atatürk Stadı,9
11805,Atatürk İlkokulu,9
15143,Atatürk İlkokulu,3
15144,Atatürk İlkokulu,3
23392,Atatürk İlkokulu,3
24150,Ataşehir Köprü,9
24151,Ataşehir Köprü,9
24152,Ataşehir Mahallesi Parkı,9
24153,Ataşehir Mahallesi Parkı,9
30337,Atölye,5
30338,Atölye,5
32411,Avcı,3
32412,Avcı,3
40626,Avşar Sitesi,4
40627,Avşar Sitesi,4
31854,Ay,4
31855,Ay,4
30551,Ayakkabıcılar Sitesi,4
30552,Ayakkabıcılar Sitesi,4
30510,Ayakkabıcılar Sitesi Son Durak,2
40881,Aybers Hikmet Karabacak Anadolu Lisesi,3
10428,Aydibi,3
50167,Aydibi,4
12049,Aydın,2
12050,Aydın,2
15925,Aydın,3
15926,Aydın,3
31217,Aydın,4
31218,Aydın,4
31187,Aydınkent,2
31188,Aydınkent,2
20759,Aydınlıkevler Cami,2
20760,Aydınlıkevler Cami,2
20757,Aydınlıkevler Muhtarlık,2
20758,Aydınlıkevler Muhtarlık,2
20763,Aydınlıkevler Park,2
20764,Aydınlıkevler Park,2
23661,Aygün,2
50611,Aygün,3
50612,Aygün,3
13911,Aynısefa,2
13912,Aynısefa,2
10792,Ayrancılar Gölet,4
10793,Ayrancılar Gölet,4
10905,Ayrancılar Hastane,5
10802,Ayrancılar Mezarlık,6
10803,Ayrancılar Mezarlık,6
10808,Ayrancılar Petrol Ofisi,6
10809,Ayrancılar Petrol Ofisi,6
15894,Ayrancılar Sağlık Ocağı,2
10814,Ayrancılar Un Fabrikası,5
10815,Ayrancılar Un Fabrikası,5
11228,Ayrancılar Çıkış,2
11229,Ayrancılar Çıkış,2
20077,Ayyıldız,9
20078,Ayyıldız,8
10780,Ayçiçeği,5
10783,Ayçiçeği,5
40646,Azerbaycan,4
40647,Azerbaycan,4
30671,Aziz Erol Güzelcan Mesleki ve Teknik Anadolu Lisesi,4
30672,Aziz Erol Güzelcan Mesleki ve Teknik Anadolu Lisesi,5
12999,Açelya,2
52011,Ağalar Deresi,2
52012,Ağalar Deresi,2
50570,Ağaçlıyol,2
50571,Ağaçlıyol,2
32243,Ağır Bakım,15
32244,Ağır Bakım,15
31561,Aşağı Yenmiş Köyü Girişi,2
31578,Aşağı Yenmiş Köyü Girişi,2
21591,Aşağı Çeşme,5
21592,Aşağı Çeşme,5
23482,Aşağıcuma Okul,2
31860,Aşık Veysel Rekreasyon Alanı,2
50109,Aşıklar Çeşmesi,4
30057,BMC,3
30654,BMC 2,2
32222,Badem,2
32223,Badem,2
50419,Bademler,5
50420,Bademler,5
50421,Bademler Benzin İstasyonu,5
50422,Bademler Benzin İstasyonu,5
52050,Bademler Dere,2
52051,Bademler Dere,2
50491,Bademler Giriş,2
50492,Bademler Giriş,2
50423,Bademler Gödence,5
50424,Bademler Gödence,5
50417,Bademler Kooperatif,5
50418,Bademler Kooperatif,5
12600,Bademlik,5
12603,Bademlik,5
14987,Bahar,3
14988,Bahar,3
12629,Bahar Yıldırım İlkokulu,3
12630,Bahar Yıldırım İlkokulu,3
10007,Bahribaba,2
10016,Bahribaba,6
10019,Bahribaba,3
10021,Bahribaba,2
12511,Bahriye Üçok Mahallesi Köprü,2
15836,Bahriye Üçok Mahallesi Köprü,2
12458,Bahçe,4
12459,Bahçe,4
15133,Bahçe,3
15134,Bahçe,3
20429,Bahçe,3
20430,Bahçe,3
51470,Bahçe,2
51471,Bahçe,2
11057,Bahçecik,4
11096,Bahçecik,4
11224,Bahçeler,2
11225,Bahçeler,2
32370,Bahçeler,2
32371,Bahçeler,2
10812,Bahçelievler,6
10813,Bahçelievler,4
12259,Bahçelievler,9
31841,Bahçeşehir Koleji,2
31842,Bahçeşehir Koleji,2
20499,Bakkal,4
50113,Bakkal,4
50118,Bakkal,4
21398,Bakım Merkezi,6
23769,Bakırçay  YDY,2
21594,Bakırçay  Üniversitesi,2
24126,Bakırçay Lisesi,2
21593,Bakırçay Üniversitesi,6
20095,Balatçık Kahveler,13
20096,Balatçık Kahveler,19
50029,Balcı,16
50030,Balcı,18
11376,Balkan,2
11377,Balkan,2
41335,Balkan,3
11920,Ballıkuyu,2
11903,Ballıkuyu Eski Son Durak,2
11901,Ballıkuyu Çeşme,2
31584,Baltaalanı,3
31587,Baltaalanı,3
50149,Balçova Anadolu Lisesi,5
50153,Balçova Belediyesi,5
50176,Balçova Son Durak,4
50010,Balçova İstasyon,20
50011,Balçova İstasyon,21
50147,Balçova İstasyon,5
50686,Balıklıova,3
50687,Balıklıova,3
50694,Balıklıova Merkez,3
50697,Balıklıova Merkez,3
52184,Balıklıova Yolu,2
52185,Balıklıova Yolu,2
50656,Balıkçı,3
50657,Balıkçı,3
50069,Balıkçı Kahvesi,11
50072,Balıkçı Kahvesi,11
51573,Balıkçı Kulesi,2
51574,Balıkçı Kulesi,2
24031,Banka,4
50369,Bankacılar Sitesi,3
13640,Baraj Yolu,2
13641,Baraj Yolu,2
10781,Barbaros,2
10782,Barbaros,2
23625,Barbaros,4
11937,Barbaros Hayrettin İlkokulu,3
11938,Barbaros Hayrettin İlkokulu,3
51747,Barbaros Yol ayrımı,3
51748,Barbaros Yol ayrımı,3
50568,Bardakçı,2
50569,Bardakçı,2
11438,Bardakçılar,3
11439,Bardakçılar,3
20609,Barış,2
20610,Barış,2
21887,Barış,2
21888,Barış,2
40241,Barış,2
40242,Barış,2
50140,Barış,5
41235,Barış Manço,3
41236,Barış Manço,3
24024,Barış Merdivenleri,3
24025,Barış Merdivenleri,4
50506,Barış Selçuk Parkı,6
50507,Barış Selçuk Parkı,6
11484,Barış Sitesi,3
11485,Barış Sitesi,3
24254,Basketbol Sahası,4
24255,Basketbol Sahası,4
10356,Basmane Gar,13
10357,Basmane Gar,13
10123,Basmane Ptt,7
12277,Basın Sitesi,6
12278,Basın Sitesi,6
24002,Bayatlı,3
24003,Bayatlı,2
24008,Bayatlı Çıkış,3
24009,Bayatlı Çıkış,2
50073,Baydar,11
50074,Baydar,11
12969,Bayrak,3
12970,Bayrak,3
22054,Bayrak,3
22055,Bayrak,3
24020,Bayrak,3
24021,Bayrak,2
30283,Bayraklı Depo,14
30284,Bayraklı Depo,14
22139,Bayraklı Evleri,2
23304,Bayraklı Evleri,2
20056,Bayraklı Park,12
31013,Bayraklı Siteler,3
31014,Bayraklı Siteler,3
20055,Bayraklı Çamlık,18
20058,Bayraklı Çamlık,12
30970,Bayraklı Çocuk Parkı,5
30971,Bayraklı Çocuk Parkı,6
20134,Bayraklı Üst Geçit,18
20135,Bayraklı Üst Geçit,12
20053,Bayraklı İstasyon,12
20054,Bayraklı İstasyon,13
10907,Bayraktar,6
10908,Bayraktar,6
21096,Bayraktar Sitesi,5
21097,Bayraktar Sitesi,5
14657,Bayraktepe,3
14658,Bayraktepe,3
12213,Bayram Kahya,6
12214,Bayram Kahya,6
10246,Bayramyeri,14
10247,Bayramyeri,16
11809,Bayındır,10
11807,Bayındır Devlet Hastanesi,10
11800,Bayındır Fatih İlkokulu,7
11801,Bayındır Fatih İlkokulu,7
15931,Bayındır Giriş,2
15932,Bayındır Giriş,2
15641,Bayındır Gül,7
15642,Bayındır Gül,7
11803,Bayındır Jandarma,9
14645,Bayındır Leylak,3
14646,Bayındır Leylak,3
14631,Bayındır Meslek Yüksek Okulu,4
14632,Bayındır Meslek Yüksek Okulu,4
14643,Bayındır Meşe,3
14644,Bayındır Meşe,3
11798,Bayındır Sadık Susamcıoğlu Anadolu Lisesi,7
11799,Bayındır Sadık Susamcıoğlu Anadolu Lisesi,7
13998,Bayındır Sanayi,2
13999,Bayındır Sanayi,2
13995,Bayındır Son Durak,10
15154,Bayındır Tariş,2
15155,Bayındır Tariş,2
14629,Bayındır Yağcı,4
15571,Bayındır Yağcı,4
15639,Bayındır Zeytin,7
15640,Bayındır Zeytin,7
11780,Bayındır Çınar,7
11781,Bayındır Çınar,7
11736,Bayındır Çırpı İlkokulu,3
11737,Bayındır Çırpı İlkokulu,3
16003,Bayır,9
16004,Bayır,9
20934,Bayır,3
20935,Bayır,3
24034,Bazilika,3
24035,Bazilika,3
40930,Bağ Arası,3
40931,Bağ Arası,3
21855,Bağarası Atatürk Parkı,2
21856,Bağarası Atatürk Parkı,2
24392,Bağarası Atölye,2
24393,Bağarası Atölye,2
21843,Bağarası Buz,2
21844,Bağarası Buz,2
21841,Bağarası Giriş,2
21842,Bağarası Giriş,2
21845,Bağarası Küçük Sanayi,2
21846,Bağarası Küçük Sanayi,2
21849,Bağarası Mavi,2
21850,Bağarası Mavi,2
24622,Bağarası Çarşı,2
24623,Bağarası Çarşı,2
21853,Bağarası İlkokulu,2
21854,Bağarası İlköğretim Okulu,2
31858,Başak,3
31859,Başak,3
50190,Başak,2
50207,Başak,4
31123,Başaran,3
31124,Başaran,3
11072,Begonya,6
11077,Begonya,6
31519,Begonya,2
31520,Begonya,2
50117,Begonya,4
50120,Begonya,4
40071,Begos,11
40088,Begos,11
50355,Belediye,3
50356,Belediye,3
50473,Belediye,4
41301,Belediye Ek Hizmet Binası,2
41302,Belediye Ek Hizmet Binası,2
31418,Belediye Evleri,2
31419,Belediye Evleri,2
10103,Belediye Sarayı,17
24269,Belen Kümeevler,2
24270,Belen Kümeevler,2
22372,Belen Meydan,3
22373,Belen Meydan,3
23263,Belen Yayla,2
23264,Belen Yayla,2
10940,Belevi,3
16119,Belevi,3
15503,Belevi Depolar,2
15504,Belevi Depolar,2
10897,Belevi Kavşak,2
10902,Belevi Kavşak,2
16176,Belevi Meydan,3
16177,Belevi Meydan,3
15500,Belevi İstasyon,2
30348,Belkahve Çay Bahçesi,3
30351,Belkahve Çay Bahçesi,3
50386,Benzin İstasyonu,6
50387,Benzin İstasyonu,6
11784,Benzinlik,6
11785,Benzinlik,6
15953,Benzinlik,3
15954,Benzinlik,3
16396,Benzinlik,7
16397,Benzinlik,6
16420,Benzinlik,3
16421,Benzinlik,3
30108,Benzinlik,6
32149,Benzinlik,5
50627,Benzinlik,9
23009,Bergama Begonya,6
23012,Bergama Begonya,5
23129,Bergama Hastane,4
23130,Bergama Hastane,4
23355,Bergama Höyük,8
23356,Bergama Höyük,8
23800,Bergama Kantar,5
23801,Bergama Kantar,6
23295,Bergama Meslek Yüksek Okulu,11
23296,Bergama Meslek Yüksek Okulu,10
22989,Bergama Park,8
22992,Bergama Park,8
23132,Bergama Saklıbahçe,2
23011,Bergama Salkım,6
23014,Bergama Salkım,5
23127,Bergama Sanayi,8
23128,Bergama Sanayi,6
23007,Bergama Sardunya,5
23010,Bergama Sardunya,5
23016,Bergama Son Durak,10
22998,Bergama Termal,8
23003,Bergama Tuna,5
23006,Bergama Tuna,5
23289,Bergama Zeytinlik,9
23290,Bergama Zeytinlik,7
15716,Beton Santrali,5
15717,Beton Santrali,5
40412,Betonyol,4
40413,Betonyol,4
40449,Betonyol,2
50008,Beyaz,24
21660,Beyaz Ev,3
21661,Beyaz Ev,3
10597,Beyazevler Sağlık Ocağı,5
10598,Beyazevler Sağlık Ocağı,5
15471,Beydağ Denizli Yolu,2
15472,Beydağ Denizli Yolu,2
14922,Beydağ Değirmen,3
15001,Beydağ Değirmen,3
14995,Beydağ Giriş,3
14996,Beydağ Giriş,3
14999,Beydağ Köşe,3
15000,Beydağ Köşe,3
15473,Beydağ Stadı,2
14997,Beydağ Yağmur,3
14998,Beydağ Yağmur,3
15977,Beydağ Yol Ayrımı,4
15978,Beydağ Yol Ayrımı,4
51977,Beylik Bağı,2
51978,Beylik Bağı,2
30637,Bezirgan,3
30638,Bezirgan,3
22402,Beş Kardeşler,3
22403,Beş Kardeşler,4
40085,Beş Selviler,12
40092,Beş Selviler,12
10838,Beşevler Çeşme,6
10839,Beşevler Çeşme,6
14927,Beşgöz,9
14928,Beşgöz,9
20191,Beşikçioğlu Cami,18
20196,Beşikçioğlu Cami,18
30056,Beşinci Sanayi,2
30061,Beşinci Sanayi,2
30082,Beşinci Sanayi Giriş,2
30083,Beşinci Sanayi Giriş,2
30690,Beşinci Sanayi Sitesi,5
10828,Beşyol,6
10829,Beşyol,6
50206,Beşyol,3
50215,Beşyol,3
12942,Birinci Nizamiye,5
11893,Birinci Sanayi Sitesi,3
11894,Birinci Sanayi Sitesi,3
30127,Birinci Sanayi Sitesi,7
30128,Birinci Sanayi Sitesi,7
12510,Birinci Trafo,2
12513,Birinci Trafo,2
31066,Birkent,4
31067,Birkent,4
31072,Birkent 2,4
32480,Birkent 2,4
30225,Birlik,4
30226,Birlik,4
31495,Birlik,2
30210,Birlik Cami,3
40623,Birlikcan,4
40624,Birlikcan,4
12979,Bisikletçi,2
12980,Bisikletçi,3
22244,Biçerova İstasyon,3
40497,Bloklar,3
40498,Bloklar,3
30557,Bornova Anadolu Lisesi,3
30558,Bornova Anadolu Lisesi,3
30705,Bornova Doğanlar Stadyum,2
30706,Bornova Doğanlar Stadyum,2
31476,Bornova Kooperatif,6
31477,Bornova Kooperatif,6
30323,Bornova Kültür Merkezi,10
30324,Bornova Kültür Merkezi,9
30004,Bornova Metro,2
30014,Bornova Metro,2
30015,Bornova Metro,3
30017,Bornova Metro,2
30321,Bornova Stadı,10
30322,Bornova Stadı,9
31481,Bornova Tenis Kulübü,6
31482,Bornova Tenis Kulübü,6
31867,Bornova Viyadüğü,2
30325,Bornova İzsu,10
30326,Bornova İzsu,9
10126,Borsa,7
31139,Borsa Okulu Eski Sondurak,3
31140,Borsa Okulu Eski Sondurak,3
20197,Bostanlı Market,18
20198,Bostanlı Market,18
20189,Bostanlı Pazaryeri,18
20194,Bostanlı Pazaryeri,18
20021,Bostanlı İskele,2
20022,Bostanlı İskele,3
20023,Bostanlı İskele,2
20024,Bostanlı İskele,2
20025,Bostanlı İskele,2
20026,Bostanlı İskele,3
20033,Bostanlı İskele,2
20172,Bostanlı İskele,3
23685,Bostanlı İskele,3
16542,Botanik,3
16543,Botanik,3
23403,Bozköy,3
23404,Bozköy,3
12207,Bozyaka Cami,7
12208,Bozyaka Cami,7
12255,Bozyaka Devlet Hastanesi,6
12256,Bozyaka Devlet Hastanesi,6
12460,Briketçi,5
12461,Briketçi,5
50088,Briketçi,10
40271,Buca Anadolu Lisesi,3
40272,Buca Anadolu Lisesi,3
40015,Buca Belediye Sarayı,17
40016,Buca Belediye Sarayı,17
40087,Buca Belediye Şantiye,7
40094,Buca Belediye Şantiye,5
40037,Buca Devlet Hastanesi,11
40038,Buca Devlet Hastanesi,7
40040,Buca Devlet Hastanesi,4
40733,Buca Devlet Hastanesi,7
40734,Buca Devlet Hastanesi,7
40077,Buca Diyaliz Merkezi,4
40759,Buca Doğum Evi,2
40760,Buca Doğum Evi,2
40067,Buca Eski Mezarlık,7
40080,Buca Eski Mezarlık,5
40025,Buca Heykel,12
40851,Buca Kooperatif Meydan,4
40852,Buca Kooperatif Meydan,4
11859,Buca Köprüsü,2
11860,Buca Köprüsü,2
41305,Buca Oyak Sitesi,2
41307,Buca Oyak Sitesi,2
40737,Buca Sağlık Ocağı,17
40738,Buca Sağlık Ocağı,17
40022,Buca Sosyal Güvenlik Kurumu,11
40024,Buca Sosyal Güvenlik Kurumu,2
40508,Buca Tenis Kulübü,3
40509,Buca Tenis Kulübü,3
41311,Buca Toki Girişi,6
41312,Buca Toki Girişi,6
40524,Buca Tütün İhracatçıları Birliği İlkokulu,2
41401,Buca Tütün İhracatçıları Birliği İlkokulu,2
40013,Buca Vergi Dairesi,17
40014,Buca Vergi Dairesi,17
40739,Buca Üçkuyular Meydan,15
40742,Buca Üçkuyular Meydan,12
40744,Buca Üçkuyular Meydan,2
40644,Buca İlçe Halk Kütüphanesi,6
40645,Buca İlçe Halk Kütüphanesi,6
30165,Bulvar,5
30166,Bulvar,5
30179,Burak Reis,3
22840,Burmalı Çeşme,2
14639,Buruncuk,4
14640,Buruncuk,4
15152,Buruncuk Kirazlar,4
15153,Buruncuk Kirazlar,4
23831,Buruncuk İ.Ö,2
10875,Bölge Trafik,6
10880,Bölge Trafik,6
30335,Bölge Trafik,5
30336,Bölge Trafik,5
30137,Bölge İdare Mahkemesi,16
30138,Bölge İdare Mahkemesi,9
32150,Bölge İstasyonu,5
32153,Bölge İstasyonu,2
31245,Bülbül,4
31246,Bülbül,4
11708,Bülbüldere Yol Ayrımı,3
11709,Bülbüldere Yol Ayrımı,3
22836,Bülent Ecevit Meydanı,2
31276,Büyük Park,4
20977,Büyük Çiğli Anadolu Lisesi,6
20978,Büyük Çiğli Anadolu Lisesi,6
21122,Büyük Çiğli Mezarlık,10
21123,Büyük Çiğli Mezarlık,10
14937,Büyükavulcuk,9
14938,Büyükavulcuk,9
12877,Büyükşehir Kurs Merkezi,7
12878,Büyükşehir Kurs Merkezi,7
20599,Camcı,2
20600,Camcı,2
50071,Camcı,11
50126,Camcı,11
10842,Camel,6
10843,Camel,6
31125,Cami,3
31126,Cami,3
32352,Cami,4
32353,Cami,4
23431,Camikebir Caddesi,3
23432,Camikebir Caddesi,3
30504,Caner,2
11752,Canlı Kahveler,7
11761,Canlı Kahveler,7
11753,Canlı Park,7
11760,Canlı Park,7
11764,Canlı Çıkış,8
11765,Canlı Çıkış,8
11788,Canlı Çınar,8
11789,Canlı Çınar,8
21530,Cansu Sitesi,5
21531,Cansu Sitesi,5
31487,Cem Bakioğlu Lisesi,2
31488,Cem Bakioğlu Lisesi,2
20547,Cemal Gürsel İlköğretim Okulu,3
21824,Cemalettin Asku,2
13748,Cembekler,2
13749,Cembekler,2
50101,Cemevi,5
50104,Cemevi,5
20457,Cemil Atlas İlköğretim Okulu,3
20458,Cemil Atlas İlköğretim Okulu,3
24144,Cemsultan,3
24145,Cemsultan,2
31082,Cengizhan Son Durak,8
31070,Cengizhan Yetmiş Beşinci Yıl Lisesi,4
31071,Cengizhan Yetmiş Beşinci Yıl Lisesi,4
12789,Cennetçeşme Beyazıt Cami,4
12790,Cennetçeşme Beyazıt Cami,5
21532,Centaş,4
21534,Centaş 2 Sitesi,4
21535,Centaş 2 Sitesi,4
21533,Centaş Sitesi,4
12605,Cevdet Güçlüer İlkokulu,5
13276,Cumaovası Aktarma Merkezi,4
13277,Cumaovası Aktarma Merkezi,2
13281,Cumaovası Aktarma Merkezi,2
30761,Cumhuriyet,8
30762,Cumhuriyet,8
24038,Cumhuriyet Lisesi,3
24039,Cumhuriyet Lisesi,3
11825,Cumhuriyet Mahallesi  Merkez,2
11826,Cumhuriyet Mahallesi Hastane,2
11827,Cumhuriyet Mahallesi Hastane,2
11824,Cumhuriyet Mahallesi Merkez,2
21353,Cumhuriyet Mahallesi Muhtarlığı,3
21354,Cumhuriyet Mahallesi Muhtarlığı,3
20678,Cumhuriyet Mahallesi Trafo,4
20679,Cumhuriyet Mahallesi Trafo,3
20680,Cumhuriyet Mahallesi Üçyol,3
20681,Cumhuriyet Mahallesi Üçyol,2
14687,Cumhuriyet Ortaokulu,3
14688,Cumhuriyet Ortaokulu,3
40619,Cumhuriyet Parkı,4
40620,Cumhuriyet Parkı,4
11840,Cumhuriyet Sanayi,2
11843,Cumhuriyet Sanayi,2
40822,Cumhuriyet Sitesi,4
40827,Cumhuriyet Sitesi,4
10722,Cüneytbey Cami,8
11368,DEÜ Torbalı Meslek Yüksekokulu,3
11056,DSİ Kamp,4
11061,DSİ Kamp,4
31189,Dalgın,2
31190,Dalgın,2
50103,Damlar,5
50106,Damlar,5
20672,Daryol,3
20673,Daryol,3
13680,Dağ Evleri,2
13681,Dağ Evleri,2
20795,Dede,2
20796,Dede,2
11747,Dede Dağı,6
11748,Dede Dağı,6
30974,Dede Fırını,6
30983,Dede Fırını,6
20065,Dedebaşı,12
20068,Dedebaşı,12
11210,Defne,3
11211,Defne,3
12305,Defne,4
12306,Defne,4
21769,Defne,2
21770,Defne,2
30060,Defne,2
30067,Defne,2
12863,Demirci,3
12864,Demirci,3
20428,Demirci,7
30751,Demirci,2
30752,Demirci,2
41073,Demirci Köy,2
14677,Demircili,3
14678,Demircili,3
14721,Demircili Giriş,3
14722,Demircili Giriş,3
14679,Demircili Trafo,3
14680,Demircili Trafo,3
14675,Demircili Yol Ayrımı,3
14676,Demircili Yol Ayrımı,3
14723,Demircili Çiftlik,3
14724,Demircili Çiftlik,3
14725,Demircili Çıkış,3
14726,Demircili Çıkış,3
22785,Demirkent,3
22788,Demirkent,3
12720,Demirkıran,4
12723,Demirkıran,4
30678,Demirler,5
30679,Demirler,5
30791,Demirli Çay,2
30792,Demirli Çay,2
16458,Demiryolu,3
16459,Demiryolu,3
23394,Demokrasi Meydanı,3
40735,Demokrasi Meydanı,7
40736,Demokrasi Meydanı,7
10517,Demokrasi Üniversitesi,3
10518,Demokrasi Üniversitesi,3
20749,Denge Koleji,2
50210,Deniz Müzesi,4
10281,Denizmen,5
10290,Denizmen,4
31360,Depo,6
12674,Dere,2
12677,Dere,2
14659,Derebaşı,3
14660,Derebaşı,3
14661,Derebaşı Zeytin,3
14662,Derebaşı Zeytin,3
13130,Dereköy,3
13331,Dereköy,3
13334,Dereköy Kavşak,4
13335,Dereköy Kavşak,4
10948,Dereköy Yol Ayrımı,5
10949,Dereköy Yol Ayrımı,5
10952,Dereköy Yolu,2
10953,Dereköy Yolu,2
13329,Dereköy İlkokulu,3
13330,Dereköy İlkokulu,3
20887,Dereyolu,4
22975,Desen,3
22976,Desen,3
12808,Destan Aksoy Parkı,3
12811,Destan Aksoy Parkı,3
10269,Develi,2
11301,Develi,2
10267,Develi Cami,2
10268,Develi Cami,2
10968,Develi Yolu,3
10969,Develi Yolu,3
52039,Değirmen,2
52040,Değirmen,2
16005,Değirmenönü,3
16006,Değirmenönü,3
22834,Dikili Hastane,2
23278,Dikili Liman,2
22838,Dikili Lise,2
22830,Dikili Sahil,2
22842,Dikili Terminal,2
22832,Dikili Çocuk Bahçesi,2
12488,Dilek,2
12489,Dilek,2
41154,Dilek,4
41155,Dilek,4
50639,Dilek,9
50640,Dilek,9
40418,Dirayet Süren İlkokulu,4
40419,Dirayet Süren İlkokulu,4
10386,Dispanser,2
30187,Dispanser,3
30204,Dispanser,3
20658,Dizdar Cami,2
20659,Dizdar Cami,2
10776,Dizdarlar,5
10777,Dizdarlar,5
12918,Doktorlar Sitesi,2
12919,Doktorlar Sitesi,2
10701,Dokuz Eylül,2
10704,Dokuz Eylül,2
13234,Dokuz Eylül,5
50022,Dokuz Eylül,18
50023,Dokuz Eylül,18
50186,Dokuz Eylül Deniz Bilimleri,3
50187,Dokuz Eylül Deniz Bilimleri,2
20157,Dokuz Eylül Dispanser,21
40035,Dokuz Eylül Eğitim Fakültesi,10
40036,Dokuz Eylül Eğitim Fakültesi,10
50020,Dokuz Eylül Hastanesi İstasyon,21
50021,Dokuz Eylül Hastanesi İstasyon,19
10106,Dokuz Eylül Rektörlük,7
10107,Dokuz Eylül Rektörlük,3
40522,Dokuz Eylül Öğrenci Yurdu,3
40523,Dokuz Eylül Öğrenci Yurdu,3
30789,Dolmuş Garajı,3
30790,Dolmuş Garajı,4
12997,Dolmuşçular,3
22407,Donat Kent,4
31493,Doruk,2
31494,Doruk,2
20660,Dostlar,2
20661,Dostlar,2
30725,Dostlar,2
30726,Dostlar,2
30378,Dostlar Sitesi,3
30379,Dostlar Sitesi,3
20494,Dostluk,5
20495,Dostluk,5
14663,Doyranlı,3
14664,Doyranlı,3
15148,Doyranlı Fidanlık,3
15149,Doyranlı Fidanlık,3
15150,Doyranlı Lale Bahçesi,3
15151,Doyranlı Lale Bahçesi,3
31932,Doğa,2
31933,Doğa,2
22047,Doğa Koleji,3
23695,Doğakan Güngör Parkı,2
23696,Doğakan Güngör Parkı,2
21941,Doğakent,4
21942,Doğakent,4
21961,Doğal Kent,4
21962,Doğal Kent,4
51952,Doğan,4
22074,Doğan Çingil,2
22075,Doğan Çingil,2
10879,Doğanay,6
10884,Doğanay,6
11101,Doğanbey,4
11102,Doğanbey,4
11560,Doğanbey Muhtarlık,4
11561,Doğanbey Muhtarlık,4
13542,Doğanbey Payamlı,4
13545,Doğanbey Payamlı,4
11092,Doğanbey Çıkış,4
11099,Doğanbey Çıkış,4
13836,Doğancılar,2
30619,Doğanlar Hurdacılar Sitesi Cami,2
30620,Doğanlar Hurdacılar Sitesi Cami,2
30630,Doğanlar Pazaryeri,2
30631,Doğanlar Pazaryeri,2
20469,Doğançay,3
20470,Doğançay,3
23618,Doğançay Aile Sağlığı Merkezi,3
23619,Doğançay Aile Sağlığı Merkezi,3
24647,Doğançay Köprü,4
24648,Doğançay Köprü,4
20467,Doğançay Meydan,4
20468,Doğançay Meydan,4
20463,Doğançay Mezarlık,3
20464,Doğançay Mezarlık,3
20459,Doğançay Viyadüğü,3
20460,Doğançay Viyadüğü,3
32279,Dr. Behçet Uz Rekreasyon Alanı,2
32280,Dr. Behçet Uz Rekreasyon Alanı,2
21662,Duman,3
21663,Duman,3
10232,Dumlupınar,3
11251,Dumlupınar,3
32428,Dumlupınar,6
12676,Durallar İlkokulu,2
12679,Durallar İlkokulu,2
31064,Durmuş Yaşar İlköğretim Okulu,4
31065,Durmuş Yaşar İlköğretim Okulu,4
50152,Duygu,5
50651,Dyo Kampı,3
50660,Dyo Kampı,3
31471,Dördüncü Sanayi,5
30340,Dördüncü Sanayi Kavşağı,5
30341,Dördüncü Sanayi Kavşağı,5
11947,Dörtyol,2
20729,Dörtyol,2
20730,Dörtyol,2
31239,Dörtyol,3
31240,Dörtyol,3
40530,Dörtyol,3
40531,Dörtyol,3
50616,Dörtyol,4
50617,Dörtyol,4
31101,Dümbüllü,5
31102,Dümbüllü,5
23133,Dündarlı,2
23134,Dündarlı,2
23798,Dündarlı Giriş,2
23799,Dündarlı Giriş,2
24211,Dündarlı Çiftlik,2
24212,Dündarlı Çiftlik,2
23901,Dündarlı Çıkış,2
23902,Dündarlı Çıkış,2
20895,Düzyol,2
20896,Düzyol,2
21256,Düğüm,2
21257,Düğüm,2
12042,Düğün Salonu,3
12043,Düğün Salonu,3
23616,Düğün Salonu,4
23617,Düğün Salonu,4
24264,Düğün Salonu,5
24379,Düğün Salonu,5
21552,EGEKENT-2-SON DURAK,4
20779,Eczane,2
20780,Eczane,2
50083,Eczane,10
50086,Eczane,10
11643,Efeler,2
11648,Efeler,2
30042,Efes,4
10956,Ege,5
10957,Ege,5
21528,Ege,4
21529,Ege,4
21632,Ege,2
21633,Ege,2
30048,Ege Endüstri,3
30055,Ege Endüstri,3
11313,Ege Koop. İş Merkezi,2
10660,Ege Serbest Bölge,17
10661,Ege Serbest Bölge,16
30255,Ege Üniversitesi Hastanesi,7
30272,Ege Üniversitesi Hastanesi,3
20067,Ege Üniversitesi Karşıyaka Sağlık Yerleşkesi,12
32475,Ege Üniversitesi Öğrenci Köyü,8
32476,Ege Üniversitesi Öğrenci Köyü,8
21399,Egekent 2,7
23255,Egekent 2 Koruluk,2
23256,Egekent 2 Koruluk,2
22537,Egekent 2 Pazaryeri,3
22538,Egekent 2 Pazaryeri,3
22524,Egekent 2 Sağlık Ocağı,2
22525,Egekent 2 Sağlık Ocağı,2
23257,Egekent 2 İstiklal,2
23258,Egekent 2 İstiklal,2
11319,Egekent 4,2
11316,Egekent 4 2 Nolu Sağlık Ocağı,2
11314,Egekent 4 Giriş,2
11367,Egekent 4 Işık,2
10800,Egekent 4 Kavşak,5
10801,Egekent 4 Kavşak,6
11369,Egekent 4 Mavi,2
22170,Egekent Aktarma Merkezi,2
22171,Egekent Aktarma Merkezi,2
22172,Egekent Aktarma Merkezi,2
22173,Egekent Aktarma Merkezi,3
22174,Egekent Aktarma Merkezi,3
20999,Egekent Cami,3
21000,Egekent Cami,4
20965,Egekent Dispanser,6
20966,Egekent Dispanser,6
20997,Egekent Park,3
20998,Egekent Park,3
20987,Egekent Postane,3
20988,Egekent Postane,3
20991,Egekent Trafo,3
20992,Egekent Trafo,3
20971,Egekent Üçyol,2
20972,Egekent Üçyol,2
50566,Egeli,2
50567,Egeli,2
20042,Egem,12
20043,Egem,7
30036,Egemenlik,8
30041,Egemenlik,9
30536,Egemenlik,2
12433,Egzozcu,6
12434,Egzozcu,6
21581,Ekin Koleji,5
21582,Ekin Koleji,5
14691,Ekin Pazarı,3
14692,Ekin Pazarı,3
51979,Ekoköy,6
50172,Ekonomi Üniversitesi,4
11744,Ekoten,3
11745,Ekoten,3
13535,Eksen Deresi,4
13536,Eksen Deresi,4
10862,Elif,3
11545,Elif,3
30607,Elif,3
30608,Elif,3
50093,Elif,7
50096,Elif,7
11768,Elifli,8
11769,Elifli,8
15456,Elifli Sera,8
15457,Elifli Sera,8
30772,Elit Koleji,2
30773,Elit Koleji,2
20731,Elit Sitesi,2
20732,Elit Sitesi,2
10617,Elka,11
10618,Elka,10
20439,Ellinci Yıl İlkokulu,3
20440,Ellinci Yıl İlkokulu,3
20451,Emek,6
20452,Emek,6
40853,Emek,3
40854,Emek,3
41402,Emek,3
41403,Emek,3
12293,Emek Sitesi,3
12294,Emek Sitesi,3
31415,Emek Sitesi,2
31416,Emek Sitesi,2
21758,Emiralem Üçyol,3
21759,Emiralem Üçyol,3
10674,Emlak Bankası Evleri,9
10675,Emlak Bankası Evleri,9
10798,Emlakçılar,6
10799,Emlakçılar,6
50591,Emniyet,12
50592,Emniyet,12
31310,Emniyet Lojmanları,2
31311,Emniyet Lojmanları,2
10655,Emrez,14
50184,Engelliler Eğitim Merkezi,2
50185,Engelliler Eğitim Merkezi,2
11602,Engelsiz Yaşam Parkı,16
11603,Engelsiz Yaşam Parkı,16
40217,Ensar Cami,3
40218,Ensar Cami,3
31472,Erez,5
14004,Ergenli Giriş,2
14005,Ergenli Giriş,2
14006,Ergenli Meydan,2
14007,Ergenli Meydan,2
14008,Ergenli Çıkış,2
14009,Ergenli Çıkış,2
16637,Ergenli Şantiye,2
16638,Ergenli Şantiye,2
13659,Erguvan,2
13660,Erguvan,2
40387,Erguvan,2
40388,Erguvan,2
12939,Erol Özdil,5
22999,Eroğlu,6
23002,Eroğlu,7
11539,Ertuğrul Cami,4
11540,Ertuğrul Cami,4
14953,Ertuğrulköy,8
14954,Ertuğrulköy,8
30903,Erze,2
30904,Erze,2
31292,Erzene Muhtarlık,5
13164,Esbaş,4
13162,Esbaş Otopark,2
50441,Esentepe,6
50442,Esentepe,6
10521,Esentepe Aile Hekimliği,3
10522,Esentepe Aile Hekimliği,3
10531,Esentepe Basket Sahası,3
10532,Esentepe Basket Sahası,3
41102,Esentepe Gazi Engin Çiftçioğlu İlkokulu,2
41103,Esentepe Gazi Engin Çiftçioğlu İlkokulu,2
10523,Esentepe Kültür Merkezi,3
10524,Esentepe Kültür Merkezi,3
30559,Eser,3
30560,Eser,3
40309,Eshot Ağır Bakım Tesisleri,2
40310,Eshot Ağır Bakım Tesisleri,2
20995,Eshotçular Sitesi,3
20996,Eshotçular Sitesi,3
21129,Eshotçular Sitesi,10
21130,Eshotçular Sitesi,10
41156,Eski Bahçe,2
41157,Eski Bahçe,2
24076,Eski Belediye,4
40070,Eski Mezarlık,12
40081,Eski Mezarlık,3
51569,Eski Mordoğan,2
51570,Eski Mordoğan,2
50590,Eski Pazar Yeri,12
20097,Eski Sinema,14
20098,Eski Sinema,14
40252,Eski Sinema,5
40251,Eski Sinema 2,5
20793,Eski Son Durak,3
20794,Eski Son Durak,3
40877,Eski Son Durak,3
40878,Eski Son Durak,3
21388,Eski Yol,9
21389,Eski Yol,9
12226,Eskiizmir İlkokulu,4
12227,Eskiizmir İlkokulu,4
30053,Etap,3
32311,Etap 1,3
32312,Etap 1,3
12408,Etiler,2
12411,Etiler,2
10242,Etnografya Müzesi,6
40505,Evka 1 Ceşme,5
40652,Evka 1 Pazaryeri,4
40504,Evka 1 Çeşme,5
40488,Evka 1 İtfaiye,5
40503,Evka 1 İtfaiye,5
20797,Evka 2 Manzara,2
20798,Evka 2 Manzara,2
20789,Evka 2 Merkez Cami,2
20790,Evka 2 Merkez Cami,2
20785,Evka 2 Postane,2
20786,Evka 2 Postane,2
20799,Evka 2 Son Durak,2
20783,Evka 2 Telekom,2
20784,Evka 2 Telekom,2
31502,Evka 3,2
31770,Evka 3 Aktarma Merkezi,2
31771,Evka 3 Aktarma Merkezi,4
31773,Evka 3 Aktarma Merkezi,4
31774,Evka 3 Aktarma Merkezi,2
31775,Evka 3 Aktarma Merkezi,2
31776,Evka 3 Aktarma Merkezi,2
31777,Evka 3 Aktarma Merkezi,2
31778,Evka 3 Aktarma Merkezi,7
31779,Evka 3 Aktarma Merkezi,2
31361,Evka 4 Depo,6
31364,Evka 4 Muhtarlık,7
31365,Evka 4 Muhtarlık,6
31370,Evka 4 Son Durak,6
32372,Evka 4 İş Merkezi,6
21063,Evka 5 Cumhuriyet,3
21064,Evka 5 Cumhuriyet,3
21053,Evka 5 Park,3
21054,Evka 5 Park,3
21061,Evka 5 İş Merkezi,3
20836,Evka 6,7
12926,Evka 7,2
12927,Evka 7,2
12928,Evka 7 Son Durak,2
40653,Evka-1 Pazaryeri,4
31478,Evka-3 Parkı,2
31479,Evka-3 Parkı,2
31368,Evka-4 Anaokulu,6
31369,Evka-4 Anaokulu,6
11671,Evliya Çelebi,5
11672,Evliya Çelebi,5
30022,Evrenesoğlu Ortaokulu,8
30023,Evrenesoğlu Ortaokulu,8
12912,Evrensel Sitesi,2
12913,Evrensel Sitesi,2
14300,Eylül,16
14301,Eylül,16
32462,Eylül,5
40780,Eylül,2
40781,Eylül,2
21193,Eyüp Sitesi,4
21194,Eyüp Sitesi,4
40512,Eyüp Sultan Cami,3
40513,Eyüp Sultan Cami,3
11621,Eğerci Dörtyol,2
11626,Eğerci Dörtyol,2
11619,Eğerci Eski Okul,2
11624,Eğerci Eski Okul,2
11635,Eğerci Kabristan,2
11640,Eğerci Kabristan,2
11633,Eğerci Kahveler,2
11637,Eğerci Kara Selviler,2
11638,Eğerci Kara Selviler,2
11642,Eğerci Kara Selviler,2
11645,Eğerci Üçyol,2
11650,Eğerci Üçyol,2
11625,Eğerci İlkokulu,2
11630,Eğerci İlkokulu,2
20083,Eğitim Gönüllüleri,20
20084,Eğitim Gönüllüleri,20
51577,Eğlenhoca,2
51578,Eğlenhoca,2
22987,Eğrigöl,3
22988,Eğrigöl,3
10363,Eşref Paşa Hastanesi,18
12057,Eşrefpaşa,14
12058,Eşrefpaşa,20
12059,Eşrefpaşa,4
12060,Eşrefpaşa,5
12061,Eşrefpaşa,5
22759,Fabrika,5
22762,Fabrika,5
23937,Fabrika,2
23938,Fabrika,2
30352,Fabrika,3
30641,Fabrika,3
30642,Fabrika,3
40103,Fabrika,5
40104,Fabrika,5
50333,Fabrika,3
50334,Fabrika,3
21711,Fabrikalar,3
21714,Fabrikalar,3
24159,Fabrikalar,2
24160,Fabrikalar,2
24216,Fabrikalar,2
24217,Fabrikalar,2
41209,Fabrikalar 1,3
41212,Fabrikalar 1,3
24545,Fabrikalar 2,2
41211,Fabrikalar 2,3
41214,Fabrikalar 2,3
41229,Fabrikalar 3,3
41230,Fabrikalar 3,3
10504,Fahrettin Altay,7
51933,Fahrettin Altay Aktarma Merkezi,2
51939,Fahrettin Altay Aktarma Merkezi,2
51951,Fahrettin Altay Aktarma Merkezi,2
50007,Fahrettin Altay Meydan 2,14
51826,Fahrettin Altay Meydan 3,7
10182,Fahrettin Altay Meydan 5,13
10135,Fahrettin Altay Meydan 6,5
10134,Fahrettin Altay Meydan 7,4
10502,Fahrettin Altay Meydan 8,4
50004,Fahrettin Altay Meydan 9,31
20761,Fakir Baykurt Parkı,2
20762,Fakir Baykurt Parkı,2
40577,Fakülte,4
40578,Fakülte,4
21971,Fatih,4
21972,Fatih,4
40763,Fatih,2
12009,Fatih Cami,2
12010,Fatih Cami,2
31015,Fatih Cami,3
31016,Fatih Cami,3
32258,Fatih Cami,2
32259,Fatih Cami,2
13250,Fatih Sultan Mehmet Teknik ve Endüstri Meslek Lisesi,4
13251,Fatih Sultan Mehmet Teknik ve Endüstri Meslek Lisesi,4
11662,Fatih İlkokulu,2
21650,Fatma Koşay İlköğretim Okulu,3
21651,Fatma Koşay İlköğretim Okulu,3
40057,Fatma Saygın Anadolu Lisesi,5
40058,Fatma Saygın Anadolu Lisesi,5
40898,Fen Edebiyat,6
51821,Fen Fakültesi,3
51822,Fen Fakültesi,3
24050,Fen İşleri,2
23982,Fener,2
23983,Fener,2
11949,Ferahlı,2
11364,Fesleğen,2
11365,Fesleğen,2
13938,Fesleğen,2
13939,Fesleğen,2
15535,Fesleğen,11
15536,Fesleğen,11
16470,Festival,2
16471,Festival,2
21370,Fevzi Çakmak,3
21371,Fevzi Çakmak,3
24054,Fevzipaşa Stadı,2
24055,Fevzipaşa Stadı,2
11476,Fidan,4
11477,Fidan,4
12331,Fidan,4
12334,Fidan,4
16170,Fidanlık,2
16171,Fidanlık,2
50091,Fidanlık,7
50094,Fidanlık,7
50852,Fidanlık,10
50853,Fidanlık,10
22624,Fidelya,4
22625,Fidelya,4
30645,Fincancılar,3
30646,Fincancılar,3
13940,Firuze,2
13941,Firuze,2
32346,Fizik Tedavi ve Rehabilitasyon,10
20368,Flamingo Sitesi,3
20369,Flamingo Sitesi,3
20366,Flamingo Sitesi 2,3
20367,Flamingo Sitesi 2,3
21617,Florya,3
21618,Florya,3
52439,Florya,8
52440,Florya,8
22052,Fotoğraf Müzesi,3
22053,Fotoğraf Müzesi,3
21889,Foça Stad,2
21890,Foça Stad,2
21947,Foça Şahin Tepesi,4
21948,Foça Şahin Tepesi,4
14655,Frezya,3
14656,Frezya,3
14601,Fuar İzmir,2
14602,Fuar İzmir,3
11594,Fulya,16
11595,Fulya,16
13656,Fulya,2
13671,Fulya,2
15435,Fulya,9
11770,Furunlu Tulumba,8
11771,Furunlu Tulumba,8
11774,Furunlu Yedikavak,8
11775,Furunlu Yedikavak,8
11772,Furunlu Yolu,7
11773,Furunlu Yolu,7
40263,Fırat,2
40264,Fırat,2
11078,Fırın,4
11085,Fırın,4
20701,Fırın,2
20702,Fırın,3
21668,Fırın,3
21669,Fırın,3
40177,Fırın,2
40178,Fırın,2
50335,Fırın,3
50336,Fırın,3
40301,Galericiler Sitesi,4
40302,Galericiler Sitesi,4
41162,Gardenya,2
41163,Gardenya,2
11911,Gayretiye Cami,2
11912,Gayretiye Cami,2
31306,Gayrettepe Cami,2
31307,Gayrettepe Cami,2
22739,Gazeteci Hasan Tahsin,3
22742,Gazeteci Hasan Tahsin,3
22230,Gazeteci Çetin Altan Anadolu Ticaret Lisesi,7
12995,Gazeteler,3
12996,Gazeteler,3
31389,Gazi,3
31390,Gazi,3
11953,Gazi Caddesi,2
11954,Gazi Caddesi,2
22513,Gazi Mah  Toki Evleri,3
22514,Gazi Mah  Toki Evleri,3
21955,Gazi Mustafa Kemal,4
21956,Gazi Mustafa Kemal,4
21655,Gazi Toki Yol Ayrımı,2
21656,Gazi Toki Yol Ayrımı,2
10678,Gaziemir Aktarma Merkezi,8
10667,Gaziemir Alt Geçidi,10
13009,Gaziemir Belediye Şantiye,2
13010,Gaziemir Belediye Şantiye,2
12881,Gaziemir Belediyesi,7
12882,Gaziemir Belediyesi,7
12893,Gaziemir Belediyesi Spor Tesisi,5
12883,Gaziemir Merkez Cami,7
12884,Gaziemir Merkez Cami,7
12879,Gaziemir PTT,8
12880,Gaziemir PTT,8
10653,Gaziemir Semt Garajı,14
10654,Gaziemir Semt Garajı,7
12886,Gaziemir Trafo,7
12891,Gaziemir Trafo,7
12946,Gaziemir İMKB Mesleki ve Teknik Anadolu Lisesi,7
12947,Gaziemir İMKB Mesleki ve Teknik Anadolu Lisesi,2
10670,Gaziemir İlçe Emniyet,10
10671,Gaziemir İlçe Emniyet,10
16372,Gaziemir Şantiye,2
16373,Gaziemir Şantiye,2
12889,Gazikent Muhtarlık,5
11917,Gazozcu,2
11918,Gazozcu,2
23265,Gediz,2
23266,Gediz,2
10529,Gelinler,3
10530,Gelinler,3
22404,Gencelli,4
23977,Gencelli,4
14625,Genceroğlu Parkı,2
21678,Genç,2
21679,Genç,2
14949,Gereli,9
14950,Gereli,9
21801,Gerenköy Atatürk,2
21802,Gerenköy Atatürk,2
21721,Gerenköy Bahçe,2
21722,Gerenköy Bahçe,2
21799,Gerenköy Bakkal,2
21800,Gerenköy Bakkal,2
21838,Gerenköy Dörtyol,2
23969,Gerenköy Dörtyol,2
21493,Gerenköy Fabrika,2
21494,Gerenköy Fabrika,2
24620,Gerenköy Meydan,2
24621,Gerenköy Meydan,2
21793,Gerenköy Mezarlık,2
21794,Gerenköy Mezarlık,2
21778,Gerenköy Son Durak,2
24619,Gerenköy Son Durak,2
21805,Gerenköy Çam,2
21806,Gerenköy Çam,2
21803,Gerenköy Çeşme,2
21804,Gerenköy Çeşme,2
21795,Gerenköy Üçyol,2
21796,Gerenköy Üçyol,2
21797,Gerenköy İlkokulu,2
21798,Gerenköy İlkokulu,2
21565,Geri Gönderme Merkezi,2
51762,Germiyan,2
14947,Gerçekli,9
14948,Gerçekli,9
20676,Geçit,4
20677,Geçit,3
20205,Geçit 1,18
20206,Geçit 1,18
20203,Geçit 2,18
20204,Geçit 2,18
20207,Girne Bulvarı,18
20208,Girne Bulvarı,18
20482,Girne Konutları,14
20483,Girne Konutları,20
20486,Girne Pazaryeri,8
20487,Girne Pazaryeri,8
10779,Gişeler,5
10784,Gişeler,5
50601,Golf,4
50602,Golf,4
13634,Gonca,2
13635,Gonca,2
11020,Grand Efe,2
11023,Grand Efe,2
23349,Gurbet,2
23350,Gurbet,2
11214,Gurbet Tepe,3
11215,Gurbet Tepe,3
22366,Gökbaş,2
22367,Gökbaş,2
40366,Gökkuşağı,2
20753,Göknar,3
20754,Göknar,3
11032,Göksu,2
11037,Göksu,2
40355,Göksu,3
40356,Göksu,3
52041,Göksu,2
52042,Göksu,2
41372,Göksu Parkı,2
40361,Göksu Pazaryeri,2
40362,Göksu Pazaryeri,2
14665,Gökçen,3
14666,Gökçen,3
11260,Gölcükler  Adnan Ocay Ortaokulu,11
11261,Gölcükler Adnan Ocay Ortaokulu,11
11264,Gölcükler Sera,12
11265,Gölcükler Sera,12
15927,Gölcükler Yol Ayrımı,3
15928,Gölcükler Yol Ayrımı,3
50433,Gölet Ata,6
50434,Gölet Ata,6
22387,Görece,2
22388,Görece,2
21771,Görece Eski Yol,2
21772,Görece Eski Yol,2
10695,Görece Fidanlık,2
23323,Görece Giriş,2
23324,Görece Giriş,2
23790,Görece Köprü,2
23791,Görece Köprü,2
24265,Görece Kümeevler,2
24266,Görece Kümeevler,2
22384,Görece Meydan,2
22385,Görece Meydan,2
23321,Görece Seralar,2
23322,Görece Seralar,2
21773,Görece Çocuk Parkı,2
21774,Görece Çocuk Parkı,2
23522,Görece Çıkış,2
23523,Görece Çıkış,2
30588,Görme Engelliler Okulu,5
30592,Görme Engelliler Okulu,5
50672,Göztepe,3
50673,Göztepe,3
10283,Göztepe Stadı,5
10292,Göztepe Stadı,4
23351,Göç İdaresi Yolu,2
23352,Göç İdaresi Yolu,2
30686,Göçmen,5
30687,Göçmen,5
11058,Göçmen Konutları,4
11063,Göçmen Konutları,4
51464,Göçmen Konutları Giriş,2
51465,Göçmen Konutları Giriş,2
40414,Gül,4
40415,Gül,4
22398,Gül Körfezi,4
22399,Gül Körfezi,4
50658,Gülbahçe,3
50659,Gülbahçe,3
50704,Gülbahçe Pazaryeri,3
50705,Gülbahçe Pazaryeri,3
21065,Gülen Kora Ortaokulu,2
21066,Gülen Kora Ortaokulu,2
11631,Güler,2
11636,Güler,2
11957,Gültepe Karakol,2
11958,Gültepe Karakol,2
41148,Gültepe Mezarlık,4
41149,Gültepe Mezarlık,4
12289,Gülyaka,4
12290,Gülyaka,4
16180,Gümüldür Bahçeler,2
11156,Gümüldür Kavşak,4
11157,Gümüldür Kavşak,4
11054,Gümüldür Lisesi,4
11059,Gümüldür Lisesi,4
11152,Gümüldür Meydan 2,4
11153,Gümüldür Meydan 2,4
11150,Gümüldür Muhtar,4
11151,Gümüldür Muhtar,4
11154,Gümüldür Pazaryeri,4
11155,Gümüldür Pazaryeri,4
50166,Gümüş,4
50169,Gümüş,4
50664,Gümüşkoy,3
50665,Gümüşkoy,3
20441,Gümüşpala Dört Yol,3
20442,Gümüşpala Dört Yol,3
20447,Gümüşpala Kahveler,3
20448,Gümüşpala Kahveler,3
20443,Gümüşpala Karakol,3
20444,Gümüşpala Karakol,3
20523,Gümüşpala Lisesi,5
20524,Gümüşpala Lisesi,5
20453,Gümüşpala Merkez,6
20454,Gümüşpala Merkez,6
20455,Gümüşpala Su Deposu,8
20456,Gümüşpala Su Deposu,8
20515,Gümüşpala Ticaret Lisesi,5
20516,Gümüşpala Ticaret Lisesi,5
20431,Gümüşpala Çamlık,3
20432,Gümüşpala Çamlık,3
10693,Gümüşsuyu Orman Kampı,4
10694,Gümüşsuyu Orman Kampı,4
23643,Günerli Cami,3
23644,Günerli Cami,3
21579,Günerli Dörtyol,5
21580,Günerli Dörtyol,5
23641,Günerli Çeşme,3
23642,Günerli Çeşme,3
21577,Günerli Üçyol,5
21578,Günerli Üçyol,5
30917,Güneş,2
30918,Güneş,2
40598,Güneş,2
40599,Güneş,2
23663,Güneş Panelleri,2
23664,Güneş Panelleri,2
11022,Güneş Sitesi,2
11027,Güneş Sitesi,2
12920,Güneş Sitesi,2
12921,Güneş Sitesi,2
13546,Güneşlikent,4
13549,Güneşlikent,4
30151,Gürbüz,4
30152,Gürbüz,4
20566,Gürgen,2
20834,Gürgen,4
20835,Gürgen,4
12230,Gürsel,4
12231,Gürsel,4
10576,Gürçeşme,5
10577,Gürçeşme,5
10578,Gürçeşme Cami,5
10579,Gürçeşme Cami,5
40107,Gürçeşme Huzurevi,2
10586,Gürçeşme Karakol,2
11802,Güven,7
21638,Güvenel,2
21639,Güvenel,2
11163,Güverte,2
11164,Güverte,2
52047,Güzel Konak,2
52048,Güzel Konak,2
50027,Güzel Sanatlar Fakültesi,18
50028,Güzel Sanatlar Fakültesi,7
12472,Güzel İzmir Cami,6
12473,Güzel İzmir Cami,5
50371,Güzelbahçe,6
50329,Güzelbahçe Kaymakamlık,3
50330,Güzelbahçe Kaymakamlık,3
52054,Güzelbahçe Kolej,4
52055,Güzelbahçe Kolej,3
50362,Güzelbahçe Meydan,5
50327,Güzelbahçe Pazar Yeri,3
50363,Güzelbahçe Sağlık Ocağı,5
51954,Güzelbahçe Vali Kazım Paşa Ortaokulu,4
50740,Güzelbahçe İMKB Mesleki ve Teknik Anadolu Lisesi,3
50741,Güzelbahçe İMKB Mesleki ve Teknik Anadolu Lisesi,3
30676,Güzeller,5
30677,Güzeller,5
20956,Güzeltepe,2
52033,Güzeltepe,3
52034,Güzeltepe,3
20906,Güzeltepe Dört Yol,4
20907,Güzeltepe Dört Yol,4
20910,Güzeltepe Esentepe Cami,4
20911,Güzeltepe Esentepe Cami,4
20952,Güzeltepe Eski Son Durak,2
20951,Güzeltepe Eski son durak,2
20923,Güzeltepe Futbol Sahası,3
20924,Güzeltepe Futbol Sahası,3
20949,Güzeltepe Kahve,2
20950,Güzeltepe Kahve,2
20945,Güzeltepe Karakol,2
20946,Güzeltepe Karakol,2
20941,Güzeltepe Manzara,2
20942,Güzeltepe Manzara,2
20908,Güzeltepe Muhtarlık,4
20909,Güzeltepe Muhtarlık,4
20939,Güzeltepe Üçyol,2
20940,Güzeltepe Üçyol,2
20943,Güzeltepe İlkokulu,2
20944,Güzeltepe İlkokulu,2
15635,Gıda Sanayi,2
15636,Gıda Sanayi,2
11929,Hacı Bayram Cami,3
11930,Hacı Bayram Cami,4
40766,Hacı Bektaş Veli Parkı,2
11060,Hacı Sadık Cami,4
11065,Hacı Sadık Cami,4
11436,Hacı Tahsin Irmak İlkokulu,3
11437,Hacı Tahsin Irmak İlkokulu,3
22775,Hacı Ömerli Muhtarlık,4
22778,Hacı Ömerli Muhtarlık,4
22771,Hacıömerli Jandarma,4
22774,Hacıömerli Jandarma,4
10270,Hakimevleri,2
10271,Hakimevleri,3
22031,Hakimevleri Giriş,2
22032,Hakimevleri Giriş,2
50360,Hakkı Oğuz Tabaoğlu İlkokulu,4
50361,Hakkı Oğuz Tabaoğlu İlkokulu,4
21408,Haldun Koşay Lisesi,5
21409,Haldun Koşay Lisesi,5
30281,Halide Edip Adıvar,18
30282,Halide Edip Adıvar,17
12876,Halil Tan Parkı,7
12895,Halil Tan Parkı,7
21851,Halim Foçalı Spor Salonu,2
21852,Halim Foçalı Spor Salonu,2
10112,Halit Ziya,7
20581,Halit Özpirinç Lisesi,3
20582,Halit Özpirinç Lisesi,3
11482,Halk,3
11483,Halk,3
50060,Halk Plajı,11
10491,Halkapınar 2,3
10492,Halkapınar 2,3
10494,Halkapınar 2,3
10496,Halkapınar 2,2
10454,Halkapınar Metro,2
10457,Halkapınar Metro,2
10459,Halkapınar Metro,2
10460,Halkapınar Metro,3
10462,Halkapınar Metro,2
31545,Halkapınar Spor Salonu,9
12874,Halkapınar Tramvay,22
10370,Halkapınar İZSU,15
10371,Halkapınar İZSU,15
11474,Haluk Alpsu Bulvarı,4
11475,Haluk Alpsu Bulvarı,4
24300,Hamzalısüleymaniye,2
24301,Hamzalısüleymaniye,2
23659,Hancı,2
21151,Hanımeli,2
21152,Hanımeli,2
21767,Hanımeli,2
21768,Hanımeli,2
40796,Hanımeli,2
40797,Hanımeli,2
13544,Haritacılar Sitesi,4
13547,Haritacılar Sitesi,4
21372,Harmandalı,3
21377,Harmandalı Cumhuriyet,2
21378,Harmandalı Cumhuriyet,2
21375,Harmandalı Eski Belediye,4
21376,Harmandalı Eski Belediye,4
21351,Harmandalı Mezarlık,3
21352,Harmandalı Mezarlık,3
24249,Harmandalı Park,2
24250,Harmandalı Park,2
21367,Harmandalı Sağlık Ocağı,2
21368,Harmandalı Sağlık Ocağı,2
21373,Harmandalı İlköğretim Okulu,2
21374,Harmandalı İlköğretim Okulu,2
40221,Harp İş Sitesi,3
40222,Harp İş Sitesi,3
12638,Hasan Ali Yücel Parkı,4
12639,Hasan Ali Yücel Parkı,4
40079,Hasan Ağa Bahçesi,7
41200,Hasan Ağa Bahçesi,5
23437,Hasan Dede Turbesi,3
23439,Hasan Dede Turbesi,3
10625,Hasan Hüseyinler,12
10626,Hasan Hüseyinler,10
12931,Hasan Kara Parkı,2
12932,Hasan Kara Parkı,2
12337,Hasan Tahsin,7
12340,Hasan Tahsin,7
30586,Hasan Tahsin Özel Eğitim Okulu,5
30591,Hasan Tahsin Özel Eğitim Okulu,5
14920,Hasan Çavuş,3
14921,Hasan Çavuş,3
14965,Hasan Çavuş,7
14966,Hasan Çavuş,7
30611,Hasanağa Camii,4
30612,Hasanağa Camii,4
22382,Hasanlar,2
22383,Hasanlar,2
23308,Hasanlar Çıkış,2
11710,Hasköy Arıtma,2
11711,Hasköy Arıtma,2
11718,Hasköy Giriş,2
11719,Hasköy Giriş,2
11720,Hasköy Kahveler,2
11721,Hasköy Kahveler,2
11722,Hasköy Meydan,2
11723,Hasköy Meydan,2
11810,Hasköy Çiftlik,2
11811,Hasköy Çiftlik,2
11724,Hasköy Çıkış,2
11725,Hasköy Çıkış,2
24044,Hastane,3
24045,Hastane,4
32237,Hastane,2
32242,Hastane,2
10285,Hatay Çeşme,4
30518,Hatice Güzelcan Anadolu Lisesi,4
30521,Hatice Güzelcan Anadolu Lisesi,4
13942,Hatmi,2
13943,Hatmi,2
22237,Hatundere İstasyon,2
24077,Hatuniye,4
10177,Hava Hastanesi,16
32196,Hava Pilot Teğmen Erdoğan Çallı,3
32197,Hava Pilot Teğmen Erdoğan Çallı,3
12960,Hava Teknik Okulu,3
13007,Hava Teknik Okulu,3
11038,Havacılar Kampı,2
11043,Havacılar Kampı,2
23988,Havacılık Lisesi,5
23989,Havacılık Lisesi,5
12963,Havacılık Meslek Yüksek Okulu,3
12964,Havacılık Meslek Yüksek Okulu,3
10687,Havalimanı,2
10762,Havalimanı,5
15919,Havalimanı,3
13016,Havalimanı Dış Hatlar Geliş,4
13018,Havalimanı İç Hatlar Geliş,4
16560,Havuzbaşı Seralar,4
16561,Havuzbaşı Seralar,4
13698,Havuzbaşı Zeytinlik,4
15541,Havuzbaşı Zeytinlik,3
10804,Havuzlu,6
10825,Havuzlu,6
30028,Havuzlu Kahve,7
30029,Havuzlu Kahve,6
30181,Havuzlu Kahve,3
30202,Havuzlu Kahve,3
20626,Havva Özişbakan Lisesi,2
20629,Havva Özişbakan Lisesi,2
40830,Hayat,2
40831,Hayat,2
40834,Hayat 2,2
30110,Hayat Ağacı,6
20336,Haydar Aliyev Parkı,14
20337,Haydar Aliyev Parkı,15
22380,Haykıran Giriş,2
22381,Haykıran Giriş,2
22378,Haykıran Meydan,2
22379,Haykıran Meydan,2
22376,Haykıran Çıkış,2
22377,Haykıran Çıkış,2
50415,Hekim Köy,5
50416,Hekim Köy,5
12539,Hercai,2
12540,Hercai,2
30979,Heykel,6
30980,Heykel,6
52153,Hisar,9
52154,Hisar,9
10117,Hisarönü,6
21575,Hobi Park,5
21576,Hobi Park,5
41424,Hoca,2
41425,Hoca,2
50018,Hoca,20
50019,Hoca,20
10329,Hocazade Cami,2
10336,Hocazade Cami,2
21977,Horozgediği,4
21978,Horozgediği,4
12222,Hulusi Kentmen Parkı,4
12223,Hulusi Kentmen Parkı,4
41231,Huzur,4
41232,Huzur,4
11079,Huzur Sitesi,4
11108,Huzur Sitesi,4
40464,Hüdaverdi Cami,5
40475,Hüdaverdi Cami,5
24029,Hükümet Konağı,3
31274,Hükümet Konağı,9
31291,Hükümet Konağı,11
31295,Hükümet Konağı,6
13996,Hükümet Önü,4
13997,Hükümet önü,3
14266,Hürriyet,2
14267,Hürriyet,2
21599,Hüseyin Baradan Parkı,3
21602,Hüseyin Baradan Parkı,3
32105,Hüsnü Bornovalı Ortaokulu,2
32106,Hüsnü Bornovalı Ortaokulu,2
13556,Hıdırlık,4
13559,Hıdırlık,4
10280,Hıfzıssıhha,4
10289,Hıfzıssıhha,5
13920,Ilgın,3
13921,Ilgın,3
22787,Ilıca,3
22790,Ilıca,3
24010,Ilıca,3
24011,Ilıca,2
52151,Ilıca Benzinlik,2
52152,Ilıca Benzinlik,2
51786,Ilıca Hastane,2
51787,Ilıca Hastane,2
51781,Ilıca Köprü,2
51782,Ilıca Köprü,2
14010,Ilıca Meydan,2
14011,Ilıca Meydan,2
51784,Ilıca Terminal,2
30516,Işıkkent,4
30519,Işıkkent,4
30040,Işıkkent Benzinlik,9
30043,Işıkkent Benzinlik,9
32296,Işıkkent Kamyon Garajı,2
32297,Işıkkent Kamyon Garajı,2
30047,Işıkkent Mezarlık,5
30512,Işıkkent Mezarlık,4
30515,Işıkkent Mezarlık,4
40493,Işıklı Parkı,3
40494,Işıklı Parkı,3
40584,Işılay Saygın Güzel Sanatlar Lisesi,4
41201,Işılay Saygın Lisesi,2
41204,Işılay Saygın Lisesi,5
21343,Jandarma,14
21344,Jandarma,14
30058,Jandarma,2
30065,Jandarma,2
50508,Jandarma,6
50509,Jandarma,6
50581,Jandarma,6
50848,Jandarma 2,10
50849,Jandarma 2,10
21393,Jandarma Ormanı,7
50154,Kabristan,5
24154,Kadriye,8
24155,Kadriye,8
20496,Kadızade Zühtü Işıl,5
20497,Kadızade Zühtü Işıl,5
40879,Kahve,3
40880,Kahve,3
24612,Kahve Civarı,2
20601,Kahvehane,2
20602,Kahvehane,2
11955,Kahveler,2
11956,Kahveler,2
11991,Kahveler,3
11992,Kahveler,3
30159,Kahveler,4
30160,Kahveler,4
31127,Kahveler,3
31128,Kahveler,3
50105,Kahveler,6
50108,Kahveler,6
21157,Kaklıç Kavşağı,3
21158,Kaklıç Kavşağı,3
22769,Kalabak,4
22772,Kalabak,4
11030,Kalemlik,2
11035,Kalemlik,2
11362,Kamelya,2
11363,Kamelya,2
20830,Kamelya,3
20831,Kamelya,3
50674,Kamelya,3
50675,Kamelya,3
30149,Kamil Tunca Bulvarı,4
30150,Kamil Tunca Bulvarı,4
11392,Kamp,6
11393,Kamp,6
50666,Kamp,3
50667,Kamp,3
24624,Kanal,2
24625,Kanal,2
20297,Kanalboyu,2
20298,Kanalboyu,2
51204,Kanalboyu,3
51205,Kanalboyu,3
23679,Kantar,2
23680,Kantar,2
50024,Kantar,18
50025,Kantar,18
20925,Kanuni İlkokulu,3
20926,Kanuni İlkokulu,3
41116,Kaptan,2
23527,Kapıkaya,3
23528,Kapıkaya,3
30540,Kara Nakliyeciler,3
30541,Kara Nakliyeciler,3
12800,Karabaglar Nene Hatun Mesleki Ve Teknik Anadolu Lisesi,2
10641,Karabağlar,7
10642,Karabağlar,7
12604,Karabağlar Atatürk Mesleki ve Teknik Anadolu Lisesi,5
12607,Karabağlar Atatürk Mesleki ve Teknik Anadolu Lisesi,5
12598,Karabağlar Briketçi,5
12601,Karabağlar Briketçi,5
10634,Karabağlar Cumhuriyet Anadolu Lisesi,8
10635,Karabağlar Cumhuriyet Anadolu Lisesi,8
12269,Karabağlar Cumhuriyet Mesleki ve Teknik Anadolu Lisesi,9
12270,Karabağlar Cumhuriyet Mesleki ve Teknik Anadolu Lisesi,8
12520,Karabağlar Emir Sultan Ortaokulu,2
12523,Karabağlar Emir Sultan Ortaokulu,2
12339,Karabağlar Halk Eğitim Merkezi,7
12342,Karabağlar Halk Eğitim Merkezi,7
12291,Karabağlar Kazım Karabekir Orta Okulu,3
12292,Karabağlar Kazım Karabekir Ortaokulu,3
51635,Karaburun Azmak,2
51636,Karaburun Azmak,2
51633,Karaburun Devlet Hastanesi,2
51634,Karaburun Devlet Hastanesi,2
51589,Karaburun Esendere,2
51590,Karaburun Esendere,2
51601,Karaburun Güneş,2
51602,Karaburun Güneş,2
51832,Karaburun Hisarcık,2
51833,Karaburun Hisarcık,2
51637,Karaburun Liman,2
51638,Karaburun Liman,2
52143,Karaburun Market,2
52144,Karaburun Market,2
51599,Karaburun Mimoza,2
51600,Karaburun Mimoza,2
51641,Karaburun Mordoğan Fatma Emin Karaağaç Çok Programlı Anadolu Lisesi,2
51642,Karaburun Mordoğan Fatma Emin Karaağaç Çok Programlı Anadolu Lisesi,2
52159,Karaburun Müftülük,2
52160,Karaburun Müftülük,2
51631,Karaburun Nergis,2
51632,Karaburun Nergis,2
51604,Karaburun Son Durak,2
51597,Karaburun Stad,2
51598,Karaburun Stad,2
51834,Karaburun Zambak,2
51835,Karaburun Zambak,2
50075,Karaca,11
50124,Karaca,11
30501,Karacaoğlan,2
24075,Karadut,4
11776,Karahalilli,8
11777,Karahalilli,8
16795,Karahalilli Bahçe,5
16796,Karahalilli Bahçe,5
50439,Karakayalar,6
50440,Karakayalar,6
12961,Karakol,3
12962,Karakol,3
40590,Karakol,3
40591,Karakol,3
50188,Karakol,2
13669,Karakoç Dere,2
13670,Karakoç Dere,2
13636,Karakoç Kaplıcaları,2
13637,Karakoç Kaplıcaları,2
11294,Karakoç Çayı,4
11332,Karakoç Çayı,4
12209,Karakuyu,10
12210,Karakuyu,10
11562,Karakuyu Birlik Sitesi,4
11563,Karakuyu Birlik Sitesi,4
11440,Karakuyu Cami,2
11441,Karakuyu Cami,2
11430,Karakuyu Gülfidan,4
11431,Karakuyu Gülfidan,4
11434,Karakuyu Meydan,3
11435,Karakuyu Meydan,3
11426,Karakuyu Mezarlık,4
11427,Karakuyu Mezarlık,4
11432,Karakuyu Pazar Yeri,4
11433,Karakuyu Pazar Yeri,4
11444,Karakuyu Son Durak,2
11445,Karakuyu Son Durak,2
11428,Karakuyu Spor Tesisleri,4
11429,Karakuyu Spor Tesisleri,4
51010,Karakılçık,2
51011,Karakılçık,2
12617,Karanfil,4
12618,Karanfil,4
50390,Karaoğlu,8
50391,Karaoğlu,8
50689,Karareis,3
50696,Karareis,3
12211,Karaselvi,10
12212,Karaselvi,10
10147,Karataş Anadolu Lisesi,4
10148,Karataş Anadolu Lisesi,7
22745,Karayolları,5
22748,Karayolları,5
23001,Karayolları Bakımevi,6
23004,Karayolları Bakımevi,7
12993,Karaçam,3
12994,Karaçam,3
31489,Kardelen,2
31490,Kardelen,2
31930,Kardelen Sitesi,2
31931,Kardelen Sitesi,2
12514,Kardeşler,2
12517,Kardeşler,2
21390,Kargılar,9
21391,Kargılar,9
30153,Kartal,4
30154,Kartal,4
20340,Karya,16
20341,Karya,16
20517,Karşıyaka Endüstri Meslek Lisesi,5
20518,Karşıyaka Endüstri Meslek Lisesi,5
20073,Karşıyaka Jandarma,9
20074,Karşıyaka Jandarma,8
20159,Karşıyaka Yelken Kulübü,21
20001,Karşıyaka İskele,3
20002,Karşıyaka İskele,2
20003,Karşıyaka İskele,2
20004,Karşıyaka İskele,4
20151,Karşıyaka İskele,23
23600,Karşıyaka İskele,8
23601,Karşıyaka İskele,5
11470,Kasap,11
11471,Kasap,11
12116,Kasap,3
12117,Kasap,3
12596,Kasap,5
12599,Kasap,5
31099,Kasap,5
31100,Kasap,5
41135,Kasap,2
14653,Kasımpatı,3
14654,Kasımpatı,3
41161,Kasımpatı,2
41164,Kasımpatı,2
30404,Katip,2
30405,Katip,2
50564,Katip,2
50565,Katip,2
21328,Katip Çelebi Üniversitesi,5
24238,Katip Çelebi Üniversitesi,4
13630,Kavacık,2
13631,Kavacık,2
50722,Kavacık,2
50712,Kavacık Yolu,5
50713,Kavacık Yolu,5
10119,Kavaflar,12
16811,Kavaflar 2,4
13632,Kavak,2
13633,Kavak,2
12490,Kavaklı,2
12491,Kavaklı,2
24168,Kavaklı,4
24169,Kavaklı Üçyol,4
30727,Kavaklıdere,2
30728,Kavaklıdere,2
30717,Kavaklıdere Köyü Cami,2
30718,Kavaklıdere Köyü Cami,2
30731,Kavaklıdere Mezarlık,2
30732,Kavaklıdere Mezarlık,2
32203,Kavaklıdere Çıkış,2
32204,Kavaklıdere Çıkış,2
20071,Kayalar Mezarlığı,9
20072,Kayalar Mezarlığı,8
20531,Kayalık,5
20532,Kayalık,5
10632,Kaymakkuyu,11
10633,Kaymakkuyu,8
12597,Kaymakkuyu 1,3
12622,Kaymakkuyu 2,4
14918,Kaymakçı Giriş,7
14919,Kaymakçı Giriş,7
14969,Kaymakçı Köprü,7
14970,Kaymakçı Köprü,7
14967,Kaymakçı Sanayi,7
14968,Kaymakçı Sanayi,7
14963,Kaymakçı Zafer,7
14964,Kaymakçı Zafer,7
14961,Kaymakçı Üçyol,7
14962,Kaymakçı Üçyol,7
50678,Kaynaktur,3
50679,Kaynaktur,3
22791,Kazıkbağları Merkez,3
22794,Kazıkbağları Merkez,3
11551,Kazım Dirik,20
11552,Kazım Dirik,20
16376,Kazım Dirik,7
16377,Kazım Dirik,7
50614,Kekliktepe,3
50615,Kekliktepe,3
23276,Kemal Atatürk Parkı,2
23277,Kemal Atatürk Parkı,2
20912,Kemal Hadımlı Ortaokulu,4
20913,Kemal Hadımlı Ortaokulu,4
30770,Kemalpaşa,8
30771,Kemalpaşa,8
30851,Kemalpaşa Belediyesi,8
30854,Kemalpaşa Belediyesi,8
30755,Kemalpaşa Havuz,6
30756,Kemalpaşa Havuz,6
30948,Kemalpaşa Koleji,2
30949,Kemalpaşa Koleji,2
10358,Kemer,13
10359,Kemer 1,3
10361,Kemer 2,10
13345,Kemer Aktarma Merkezi,2
13347,Kemer Aktarma Merkezi,2
13348,Kemer Aktarma Merkezi,2
13349,Kemer Aktarma Merkezi,2
13351,Kemer Aktarma Merkezi,9
13352,Kemer Aktarma Merkezi,9
13548,Kemerkaya Evleri,4
13551,Kemerkaya Evleri,4
16142,Kent,4
16178,Kent,3
21550,Kent 2,5
21551,Kent 2,5
30670,Kent Bahçeleri,5
30673,Kent Bahçeleri,5
21116,Kent Hastanesi,4
21117,Kent Hastanesi,4
50399,Kent Koleji,4
50400,Kent Koleji,5
10321,Kent Müzesi,8
10322,Kent Müzesi,8
20461,Kentaş,3
20462,Kentaş,3
32184,Keresteciler,5
15921,Keresteciler Sitesi,3
15922,Keresteciler Sitesi,3
24419,Kesik Fabrika,2
24420,Kesik Fabrika,2
23217,Kesik Fabrikalar,2
23218,Kesik Fabrikalar,2
23209,Kesik Kanal,2
23210,Kesik Kanal,2
23211,Kesik Mavi,2
23212,Kesik Mavi,2
23215,Kesik Meydan,2
23216,Kesik Meydan,2
24175,Kesik Ova,2
24176,Kesik Ova,2
23219,Kesik Saha,2
23220,Kesik Saha,2
23207,Kesik Tarla,2
23208,Kesik Tarla,2
23213,Kesik Çocuk Bahçesi,2
23214,Kesik Çocuk Bahçesi,2
10226,Kestelli,8
10231,Kestelli,24
12205,Kestelli,7
12206,Kestelli,7
20824,Ketenci,3
20825,Ketenci,3
21569,Keyifli Yaşam Evleri,2
21570,Keyifli Yaşam Evleri,2
12199,Kilimci Tepe,10
12200,Kilimci Tepe,10
15139,Kiraz Giriş,3
15140,Kiraz Giriş,3
15147,Kiraz Son Durak,2
15145,Kiraz Yeni Mahalle Cami,3
15146,Kiraz Yeni Mahalle Cami,3
15141,Kiraz İlçe Tarım  Müdürlüğü,3
15142,Kiraz İlçe Tarım  Müdürlüğü,3
50077,Kirazlı,11
50080,Kirazlı,11
23594,Koca Çeşme,2
23595,Koca Çeşme,2
51456,Kocabuk,3
51457,Kocabuk,3
51749,Kocagöl,3
51750,Kocagöl,3
11899,Kocakapı,2
11424,Kocatepe Zeytinlik,4
11425,Kocatepe Zeytinlik,4
51489,Kocaçay,12
51490,Kocaçay,12
30024,Kokluca Mezarlığı,7
30025,Kokluca Mezarlığı,7
10668,Kolej,10
10669,Kolej,10
41351,Kolej,4
41352,Kolej,4
22751,Kombine,5
22754,Kombine,5
10030,Konak,2
10036,Konak,4
10037,Konak,2
10038,Konak,2
10040,Konak,3
15531,Konak,2
15532,Konak,2
12068,Konak Anadolu Lisesi,15
12069,Konak Anadolu Lisesi,14
12119,Konak Ömer Lütfü Akad Ortaokulu,3
12126,Konak Ömer Lütfü Akad Ortaokulu,3
12827,Konut,2
23531,Konutlar,2
23532,Konutlar,2
50382,Konutlar,8
50383,Konutlar,8
12456,Kooperatif Evleri Eski Son Durak,4
12457,Kooperatif Evleri Eski Son Durak,4
10228,Koruluk,8
10233,Koruluk,6
10235,Koruluk,18
10917,Koruluk,5
10918,Koruluk,5
14308,Koruluk 2,3
14309,Koruluk 2,3
50196,Korutürk,5
50199,Korutürk,7
30038,Koyuncu,9
21402,Koyundere,6
21403,Koyundere,6
21626,Koyundere Eski Son Durak,3
21627,Koyundere Eski Son Durak,3
24281,Koyundere Fatih Cami,3
24282,Koyundere Fatih Cami,3
21628,Koyundere Kahveler,4
21629,Koyundere Kahveler,4
21689,Koyundere Mera,2
21690,Koyundere Mera,2
21657,Koyundere Mezarlık,2
21688,Koyundere Mezarlık,2
21404,Koyundere İlkokulu,5
21405,Koyundere İlkokulu,4
21648,Koyundereli Hacı Mehmet Camii,3
21649,Koyundereli Hacı Mehmet Camii,3
23440,Kozak Bergama Yolu,3
23441,Kozak Bergama Yolu,3
23433,Kozak Caddesi,3
23434,Kozak Caddesi,3
23981,Kozak Maden,2
23529,Kozak Yaylası,3
23530,Kozak Yaylası,3
23446,Kozak Yaşam Vadisi,3
23447,Kozak Yaşam Vadisi,3
40256,Kozağaç,2
41428,Kozağaç,2
21933,Kozbeyli Meydan,2
21934,Kozbeyli Meydan,2
23895,Kozbeyli Ova,2
23896,Kozbeyli Ova,2
23891,Kozbeyli İlkokulu,2
23892,Kozbeyli İlkokulu,2
15501,Kozpınar,2
15502,Kozpınar,2
40199,Koşu Yolu,4
40200,Koşu Yolu,4
40195,Koşuyolu,3
40196,Koşuyolu,3
20500,Kubilay,4
24231,Kubilay,4
21585,Kumtepe,4
21586,Kumtepe,4
22983,Kurfallı,3
22984,Kurfallı,3
14699,Kurtuluş,8
14700,Kurtuluş,8
20597,Kurtuluş İpek İşeri İlköğretim Okulu,2
20598,Kurtuluş İpek İşeri İlköğretim Okulu,2
13620,Kuru Dere,2
13621,Kuru Dere,2
14957,Kurucaova,7
14958,Kurucaova,7
14959,Kurucaova Tarla,7
14960,Kurucaova Tarla,7
14915,Kurucuova Benzinlik,7
14916,Kurucuova Benzinlik,7
16536,Kurucuova Ova,8
16537,Kurucuova Ova,7
16152,Kurucuova Çiftlik,7
16151,Kurucuova Çifttlik,7
13907,Kurutaş,2
13908,Kurutaş,2
40866,Kuruçeşme,3
40835,Kuruçeşme Merkez Cami,2
21155,Kutup Yıldızı,3
21156,Kutup Yıldızı,3
12215,Kuyu,8
12216,Kuyu,8
20481,Kuyumcu Abdullah Altınçubuk İlkokulu,7
30509,Kuzey,3
40287,Kuzucuoğlu,3
40288,Kuzucuoğlu,3
20358,Kuğu,3
20359,Kuğu,3
13560,Kuşadası Caddesi,12
13563,Kuşadası Caddesi,12
21885,Kuşburnu,2
21886,Kuşburnu,2
10832,Kuşcuburun Barbaros Ortaokulu,6
10833,Kuşcuburun Barbaros Ortaokulu.,6
10830,Kuşçuburun Karayolları,6
10831,Kuşçuburun Karayolları,6
50943,Kuşçular yol ayrımı,2
50944,Kuşçular yol ayrımı,2
21248,Kyk Çiğli Öğrenci Yurdu,2
21249,Kyk Çiğli Öğrenci Yurdu,2
15129,Köfündere,3
15130,Köfündere,4
15460,Köfündere Çiftlik,3
15461,Köfündere Çiftlik,3
13903,Köprü,2
13904,Köprü,2
20640,Köprü,5
20643,Köprü,5
24640,Köprü,3
24641,Köprü,3
30544,Köprü,3
30998,Köprü,7
50037,Köprübaşı,16
50038,Köprübaşı,16
20049,Körfez,10
20050,Körfez,12
22041,Körfez Evleri,2
22042,Körfez Evleri,2
22037,Körfez Evleri Giriş,3
22038,Körfez Evleri Giriş,3
22044,Körfez Evleri Son Durak,2
22039,Körfez Koru Evleri,2
22040,Körfez Koru Evleri,2
20856,Körfez Köy,6
20857,Körfez Köy,6
22035,Körfez Mahallesi,3
22036,Körfez Mahallesi,3
20902,Köyiçi Mahallesi Muhtarlık,4
12716,Köşe,3
12719,Köşe,3
31095,Köşe,5
31096,Köşe,5
32313,Köşe,3
32314,Köşe,3
40778,Köşe,2
40779,Köşe,2
50469,Köşe,4
50470,Köşe,4
24162,Köşk Düzü Cami,2
24163,Köşk Düzü Cami,2
12406,Kültür,2
12409,Kültür,2
24028,Kültür Merkezi,3
24079,Kültür Merkezi,4
11024,Kültür Çarşısı,2
11029,Kültür Çarşısı,2
10353,Kültürpark,2
15005,Kültürpark Kavşak,9
15006,Kültürpark Kavşak,9
16446,Küme Evler,6
16447,Küme Evler,6
24164,Küme Evler,2
24165,Küme Evler,2
10964,Küner Yol Ayrımı,5
10965,Küner Yol Ayrımı,5
40891,Kütüphane,14
40892,Kütüphane,14
51509,Kütüphane,3
51512,Kütüphane,3
10899,Küçük Menderes Nehri,2
10904,Küçük Menderes Nehri,2
12464,Küçük Trafo,5
12465,Küçük Trafo,5
20091,Küçük Çiğli,12
20092,Küçük Çiğli,12
22993,Küçükkaya,8
22996,Küçükkaya,8
40794,Kıbrıs Sineması,2
40795,Kıbrıs Sineması,2
21636,Kılıçkent,2
21637,Kılıçkent,2
23681,Kınık Havuz,2
23682,Kınık Havuz,2
23153,Kınık Kaymakamlık,2
23154,Kınık Kaymakamlık,2
23767,Kınık Kız Yurdu,2
23768,Kınık Kız Yurdu,2
23365,Kınık Mesleki ve Teknik Anadolu Lisesi,2
23366,Kınık Mesleki ve Teknik Anadolu Lisesi,2
23135,Kınık Ocak,2
23136,Kınık Ocak,2
23996,Kınık Orman İşletme,2
23997,Kınık Orman İşletme,2
23151,Kınık Sanayi,2
23152,Kınık Sanayi,2
23147,Kınık Stad,2
23148,Kınık Stad,2
23149,Kınık Ulu Cami,2
23150,Kınık Ulu Cami,2
24390,Kınık Çok Programlı Anadolu Lisesi,2
24391,Kınık Çok Programlı Anadolu Lisesi,2
23667,Kır Mahalle Giriş,2
23668,Kır Mahalle Giriş,2
11232,Kırkpınar,3
11233,Kırkpınar,3
24241,Kırlangıç,3
24242,Kırlangıç,3
10775,Kısık Sanayi Estim,5
15431,Kısıkköy Altyol,4
15950,Kısıkköy Giriş Alt Yol,3
15949,Kısıkköy Sanayi Estim,3
10145,Kız Lisesi,4
10146,Kız Lisesi,7
10240,Kız Yurdu,31
10241,Kız Yurdu,15
30747,Kızıl Üzüm,2
30748,Kızıl Üzüm,2
31536,Kızılay Kan Merkezi,2
31537,Kızılay Kan Merkezi,2
20822,Kızılağaç,3
20823,Kızılağaç,3
14979,Kızılcahavlu,3
14980,Kızılcahavlu,4
14923,Kızılcahavlu Çıkış,3
14924,Kızılcahavlu Çıkış,3
11756,Kızılcaova,5
11757,Kızılcaova,6
13721,Kızılcaova Merkez,2
10637,Kızılcık,7
10638,Kızılcık,8
30473,Kızılcık,4
41166,Kızılkanat,3
41167,Kızılkanat,3
15438,Kızıloba Ilıca Giriş,2
15439,Kızıloba Ilıca Giriş,2
14012,Kızıloba yol ayrımı,2
14013,Kızıloba yol ayrımı,2
16031,Kışla Mahallesi,9
16032,Kışla Mahallesi,9
10707,Kışlalı,2
10708,Kışlalı,2
16439,Kışlalı Kümesi,9
24161,Kışlalı Kümesi,8
12906,Lale,2
12907,Lale,2
40798,Lale,2
40799,Lale,2
31300,Lale Tepe Cami,5
31301,Lale Tepe Cami,5
12865,Lalepaşa Cami,3
12866,Lalepaşa Cami,3
13262,Lavanta,4
13263,Lavanta,4
11952,Levent,3
11941,Levent Depo,3
11942,Levent Depo,3
30419,Levent Kara Sağlık Ocağı,3
30420,Levent Kara Sağlık Ocağı,3
11939,Levent Çeşme,3
11940,Levent Çeşme,3
10662,Leylak,16
10663,Leylak,16
12914,Leylak,2
12915,Leylak,2
13260,Leylak,4
13261,Leylak,4
20422,Leylak,2
20423,Leylak,2
13960,Lilyum,2
13961,Lilyum,2
10424,Liman,5
10425,Liman,6
50085,Liman,10
50090,Liman,10
50063,Liman Reis,11
50066,Liman Reis,11
12529,Limontepe,2
12512,Limontepe Cami,2
12515,Limontepe Cami,2
12518,Limontepe Pazar Yeri,2
12521,Limontepe Pazaryeri,2
12437,Limontepe Seniye-Hasan Saray İlkokulu,8
12438,Limontepe Seniye-Hasan Saray İlkokulu,8
23710,Lise,2
50051,Lojmanlar,12
50052,Lojmanlar,12
10327,Lozan,2
10332,Lozan,2
23317,MKE Aliağa Hurda Müdürlüğü,4
23318,MKE Aliağa Hurda Müdürlüğü,4
30018,MTK Birinci Giriş,8
30019,MTK Birinci Giriş,8
30402,MTK Giriş,2
30403,MTK Giriş,2
30406,MTK Trafo,2
30407,MTK Trafo,2
30412,MTK Çarşısı,4
30413,MTK Çiçek,2
30414,MTK Çiçek,2
30021,MTK İkinci Giriş,8
23785,Maarif Sokak,2
23786,Maarif Sokak,2
24198,Maden,2
31271,Mahfel,5
31272,Mahfel,5
51947,Makine,2
51948,Makine,2
20047,Makine Mühendisleri Odası,12
20048,Makine Mühendisleri Odası,12
31298,Malazgirt İlköğretim Okulu,5
31299,Malazgirt İlköğretim Okulu,5
21847,Malaçay,2
21848,Malaçay,2
30350,Maliye,3
30353,Maliye,3
12427,Maliyeciler,5
12428,Maliyeciler,5
15252,Maltepe,2
15253,Maltepe,2
24167,Maltepe,7
50067,Maltepe,11
50070,Maltepe,11
50222,Maltepe,2
50223,Maltepe,2
22562,Maltepe Arıtma Tesisi,3
22563,Maltepe Arıtma Tesisi,3
21611,Maltepe Giriş,3
21614,Maltepe Giriş,3
21789,Maltepe Kubilay,4
21790,Maltepe Kubilay,4
21807,Maltepe Köşe,4
21808,Maltepe Köşe,4
21613,Maltepe Ortaokulu,3
21624,Maltepe Ortaokulu,3
21791,Maltepe Son Durak,4
21792,Maltepe Son Durak,4
22564,Maltepe Çiftlik,3
22565,Maltepe Çiftlik,3
22560,Maltepe Üçyol,2
22561,Maltepe Üçyol,2
22566,Maltepe Üçyol,3
22567,Maltepe Üçyol,3
30285,Manas,14
30286,Manas,14
12867,Manav,3
12868,Manav,3
30765,Manav,8
30767,Manav,8
11148,Mandalin,4
11149,Mandalin,4
51012,Mandalina,2
51013,Mandalina,2
21278,Manolya,2
21279,Manolya,2
31522,Manolya,2
31529,Manolya,2
40416,Manolya,4
40417,Manolya,4
40832,Manolya,2
40833,Manolya,2
50652,Manolya,3
50653,Manolya,3
21540,Manzara,4
21541,Manzara,4
41146,Manzara,4
41147,Manzara,4
20718,Marangoz,3
20719,Marangoz,2
11537,Market,4
11538,Market,4
12779,Market,2
20603,Market,2
20604,Market,2
21523,Market,3
21524,Market,3
30491,Market,2
30684,Market,5
30685,Market,5
50397,Market,4
50398,Market,4
50682,Market,3
50683,Market,3
20362,Martı,3
20363,Martı,3
20735,Martı Parkı,2
20736,Martı Parkı,2
23780,Masal Evi,2
30749,Master,2
30750,Master,2
30962,Matbaa,5
30963,Matbaa,12
22789,Mavi Kent,3
22792,Mavi Kent,3
22773,Mavi Köşe,4
22776,Mavi Köşe,4
30993,Mavi Köşe,5
30994,Mavi Köşe,5
31316,Mavi Köşe,2
31317,Mavi Köşe,2
41138,Mavi Köşe,2
41139,Mavi Köşe,2
13576,Maviçiçek,2
13577,Maviçiçek,2
20338,Mavişehir,15
20339,Mavişehir,18
22190,Mavişehir Aktarma Merkezi,3
20356,Mavişehir Dört Yol,4
20357,Mavişehir Dört Yol,4
15123,Medeniyet,4
15124,Medeniyet,4
16403,Medeniyet,4
16404,Medeniyet,4
31366,Mehmet Akif Cami,6
31367,Mehmet Akif Cami,6
13676,Mehmetcik,2
13677,Mehmetcik,2
10503,Mehmetçik,8
10506,Mehmetçik,4
20929,Mehmetçik,3
20930,Mehmetçik,3
22137,Mehmetçik,2
22138,Mehmetçik,2
40514,Mehmetçik,3
40515,Mehmetçik,3
21869,Mehmetçik Parkı,2
21870,Mehmetçik Parkı,2
30533,Meltem,3
30534,Meltem,3
21945,Meltem Sitesi,4
21946,Meltem Sitesi,4
12470,Memiş Kahya,6
12471,Memiş Kahya,6
10950,Menderes Adliye Sarayı,5
10951,Menderes Adliye Sarayı,5
13274,Menderes Altgeçit,2
13275,Menderes Altgeçit,2
10713,Menderes Anadolu Lisesi,8
10714,Menderes Anadolu Lisesi,8
10719,Menderes Belediyesi,8
10720,Menderes Belediyesi,8
15572,Menderes Düğün Salonu,2
15573,Menderes Düğün Salonu,5
10932,Menderes Nikah Sarayı,7
10933,Menderes Nikah Sarayı,7
10711,Menderes Park,7
10712,Menderes Park,7
11258,Menderes Pazar Yeri,11
11259,Menderes Pazar Yeri,11
15562,Menderes SGK,5
15563,Menderes SGK,6
10726,Menderes Sanayi,5
10715,Menderes Sağlık Ocağı,8
11250,Menderes Sağlık Ocağı,8
15564,Menderes Son Durak,5
16194,Menderes Son Durak,2
11254,Menderes Stadyum,10
11255,Menderes Stadyum,10
10721,Menderes Ziraat Odası,7
10703,Menderes sanayi,6
10942,Menderes Çevre Yolu,5
10947,Menderes Çevre Yolu,5
14993,Menderes Üçyol,3
14994,Menderes Üçyol,3
11252,Menderes İnönü,10
11253,Menderes İnönü,10
40802,Menekşe,4
40803,Menekşe,4
24226,Menekşe Parkı Son Durak,2
22255,Menemen Aktarma Merkezi,2
22256,Menemen Aktarma Merkezi,2
22257,Menemen Aktarma Merkezi,5
22258,Menemen Aktarma Merkezi,4
23802,Menemen Aktarma Merkezi,2
23677,Menemen Cumhuriyet Ortaokulu,2
23678,Menemen Cumhuriyet Ortaokulu,2
21674,Menemen Devlet Hastanesi,4
21675,Menemen Devlet Hastanesi,4
21687,Menemen Devlet Hastanesi Acil,2
21713,Menemen Devlet Hastanesi Kavşak,8
23604,Menemen Devlet Hastanesi Kavşak,8
24288,Menemen Eski Sanayi,4
24289,Menemen Eski Sanayi,4
22458,Menemen Fidanlık,2
22459,Menemen Fidanlık,2
23976,Menemen Garaj,11
24192,Menemen Garaj,11
22370,Menemen Garaj Karşısı,15
22371,Menemen Garaj Karşısı,15
21416,Menemen Jandarma,11
21417,Menemen Jandarma,11
22454,Menemen Karakol,4
22455,Menemen Karakol,4
22364,Menemen Toplum Sağlığı Merkezi,15
22365,Menemen Toplum Sağlığı Merkezi,15
21418,Menemen Üst Geçit,11
21419,Menemen Üst Geçit,11
21703,Menemen İZSU,3
21706,Menemen İZSU,3
23724,Menemen İmam-Hatip Ortaokulu,4
23725,Menemen İmam-Hatip Ortaokulu,4
23536,Menemen İzban,8
22390,Menemen Şehir Parkı,15
22391,Menemen Şehir Parkı,15
21953,Mercan,4
21954,Mercan,4
21603,Merdivenli Park,3
21606,Merdivenli Park,3
30020,Meriç Mahallesi Çeşme,8
11041,Merkez Bankası Tesisleri,2
11098,Merkez Bankası Tesisleri,2
11382,Merkez Cami,2
11383,Merkez Cami,2
15663,Merkez Cami,3
15664,Merkez Cami,3
30425,Merkez Cami,4
30426,Merkez Cami,4
50159,Merkez Cami,5
30475,Merkez Mahallesi Muhtarlık,4
13495,Merkez Sokak,3
13496,Merkez Sokak,3
21756,Merkez İlköğretim Okulu,3
21757,Merkez İlköğretim Okulu,3
16029,Mermer Fabrikası,3
16030,Mermer Fabrikası,3
12341,Mermerci,7
12344,Mermerci,7
21709,Mermerci,3
21712,Mermerci,3
30343,Mermerci,3
51941,Mermerci,7
51942,Mermerci,7
30133,Mersinli,16
30134,Mersinli,11
30200,Mersinli Cami,3
10788,Mersinli Kahve Cami,5
10789,Mersinli Kahve Cami,5
24006,Mert Öztüre İlkokulu,3
24007,Mert Öztüre İlkokulu,2
11053,Meryem  Ana,4
11048,Meryem Ana,4
50670,Meryem Sitesi,3
50671,Meryem Sitesi,3
15622,Meslek Fabrikası,2
24026,Meslek Lisesi,3
23401,Meslek Yüksek Okulu,3
23402,Meslek Yüksek Okulu,3
30639,Metal,3
30640,Metal,3
30045,Metaş,6
31097,Metaş İlköğretim Okulu,5
31098,Metaş İlköğretim Okulu,5
20201,Metin Aşıkoğlu Ortaokulu,18
20202,Metin Aşıkoğlu Ortaokulu,18
12425,Metin Oktay Mahallesi Muhtarlığı,2
12426,Metin Oktay Mahallesi Muhtarlığı,2
21542,Metrokent,4
21543,Metrokent,4
12820,Mevlana Cami,3
12821,Mevlana Cami,3
40510,Mevlana Heykeli,3
40511,Mevlana Heykeli,3
30603,Mevlana Mahallesi Cami,4
30604,Mevlana Mahallesi Cami,4
10605,Mevlüt Aysun Özer İlkokulu,4
10606,Mevlüt Aysun Özer İlkokulu,4
20737,Meydan,2
20738,Meydan,2
23396,Meydan,3
21329,Meydan Yolu,5
21330,Meydan Yolu,5
11786,Mezarlık,6
11787,Mezarlık,6
30054,Mezarlık,2
30063,Mezarlık,2
30377,Mezarlık,3
10224,Mezarlıkbaşı,8
10225,Mezarlıkbaşı,4
10227,Mezarlıkbaşı,6
10229,Mezarlıkbaşı,3
23005,Mezarlıkbaşı Cami,5
23008,Mezarlıkbaşı Cami,5
10561,Meşale,6
10562,Meşale,6
20791,Milli Piyango Anadolu Lisesi,3
20792,Milli Piyango Anadolu Lisesi,3
20593,Milli İrade Orta Okulu,3
20594,Milli İrade Orta Okulu,3
16586,Mimar Kemalettin,7
13003,Mimar Kemalettin Anadolu Lisesi,3
13002,Mimar Kemalettin Tekstil Meslek Lisesi,3
40640,Mimar Kemalettin İlkokulu,2
40641,Mimar Kemalettin İlkokulu,2
10388,Mimar Sinan,2
21927,Mimar Sinan,4
30034,Mimar Sinan Mesleki ve Teknik Anadolu Lisesi,6
30037,Mimar Sinan Mesleki ve Teknik Anadolu Lisesi,6
40129,Mimarlık Fakültesi,6
40130,Mimarlık Fakültesi,6
11405,Mimteks,5
11406,Mimteks,5
30123,Miralay Fethi Bey,7
30124,Miralay Fethi Bey,7
21672,Miyase İnceer İlkokulu-Ortaokulu,4
21673,Miyase İnceer İlkokulu-Ortaokulu,4
20885,Mobilyacı,4
15923,Mobilyacılar,3
15924,Mobilyacılar,3
14500,Moda,10
14501,Moda,10
50012,Molla Kuyusu,20
50013,Molla Kuyusu,20
10323,Montrö,3
10324,Montrö,3
10330,Montrö,6
30739,Mopak Mesleki ve Teknik Anadolu Lisesi,2
30740,Mopak Mesleki ve Teknik Anadolu Lisesi,2
51571,Mordoğan Ardıç,2
51572,Mordoğan Ardıç,2
51563,Mordoğan Beyaz,2
51564,Mordoğan Beyaz,2
51567,Mordoğan Frezya,2
51568,Mordoğan Frezya,2
51575,Mordoğan Kayalık,2
51576,Mordoğan Kayalık,2
52346,Mordoğan Market,2
52347,Mordoğan Market,2
51562,Mordoğan Meydan,2
51561,Mordoğan Orkide,2
51566,Mordoğan Orkide,2
20148,Muammer Aksoy Parkı,7
20149,Muammer Aksoy Parkı,7
20449,Muhtar,6
20450,Muhtar,6
12983,Muhtarlık,3
12984,Muhtarlık,3
11915,Muradiye Cami,2
11916,Muradiye Cami,2
12791,Muran,4
12792,Muran,4
40658,Mursal Meydanı,6
40659,Mursal Meydanı,6
23237,Musabey Meydan,2
23238,Musabey Meydan,2
23957,Musabey Ova,2
23958,Musabey Ova,2
23247,Musabey Yol Ayrımı,2
23248,Musabey Yol Ayrımı,2
23239,Musabey Çamlar,2
23240,Musabey Çamlar,2
30317,Mustafa Kemal Anadolu Lisesi,9
30318,Mustafa Kemal Anadolu Lisesi,9
31191,Mustafa Kemal Lisesi,3
31192,Mustafa Kemal Lisesi,3
23305,Mustafa Kemal Mahallesi Eski Son Durak,4
20853,Mustafa Kemal Mahallesi Muhtarlığı,6
20858,Mustafa Kemal Mahallesi Muhtarlığı,6
41140,Mustafa Kemal İlkokulu,2
41141,Mustafa Kemal İlkokulu,2
50850,Mustafa Reşit Aydın Parkı,10
50851,Mustafa Reşit Aydın Parkı,10
51807,Mustafa Yücel Özbilgin Parkı,2
51808,Mustafa Yücel Özbilgin Parkı,2
20607,Mutlu,2
20608,Mutlu,2
21644,Mutlu,3
21645,Mutlu,3
20570,Mutlu Parkı,3
20571,Mutlu Parkı,3
14697,Muzaffer Gönen Parkı,8
14698,Muzaffer Gönen Parkı,8
40127,Mühendislik Fakültesi,18
40128,Mühendislik Fakültesi,18
51961,Müjde,2
51962,Müjde,2
21049,Münevver Öğretmen Ortaokulu,4
21050,Münevver Öğretmen Ortaokulu,4
10350,Mürsel Paşa,2
20682,Mürşide Altınçubuk İlköğretim Okulu,3
20683,Mürşide Altınçubuk İlköğretim Okulu,2
12332,Mızraklı,4
12367,Mızraklı,4
12219,Naci Şensoy Anadolu Lisesi,5
12220,Naci Şensoy Anadolu Lisesi,5
20700,Nafiz Gürman,5
20529,Nafiz Gürman Eski Son Durak,5
20530,Nafiz Gürman Eski Son Durak,5
20519,Nafiz Gürman Muhtarlık,5
20520,Nafiz Gürman Muhtarlık,5
30794,Nalbant,2
20059,Naldöken,15
20062,Naldöken,17
20421,Naldöken Yol Ayrımı,3
20417,Naldöken İtfaiye,3
20418,Naldöken İtfaiye,3
20251,Nalkesen,2
20256,Nalkesen,2
10826,Namet,6
10827,Namet,6
16172,Nar,2
16173,Nar,2
50692,Nar,3
50695,Nar,3
14989,Nar Ağacı,3
14990,Nar Ağacı,3
13667,Nar Çiçeği,2
13668,Nar Çiçeği,2
50043,Narlıdere Belediye,13
50044,Narlıdere Belediye,13
50033,Narlıdere Cami,16
50034,Narlıdere Cami,16
50045,Narlıdere Kaymakamlık,12
50046,Narlıdere Kaymakamlık,12
50031,Narlıdere İtfaiye,16
50032,Narlıdere İtfaiye,16
12201,Narlık,10
12202,Narlık,10
32154,Narlıkuyu,5
32155,Narlıkuyu,5
32246,Narova,2
40001,Nato,12
40002,Nato,11
40137,Nato 1,6
40138,Nato 1,6
31660,Nazar Köy,2
41297,Nazım Hikmet Parkı,3
41298,Nazım Hikmet Parkı,3
50377,Necdet Tokatlıoğlu,4
50378,Necdet Tokatlıoğlu,8
31358,Nedim Dağtaş,6
31359,Nedim Dağtaş,6
20551,Nergis,3
20552,Nergis,3
21691,Nergis,3
21692,Nergis,3
40814,Nergis,2
40815,Nergis,2
13258,Nergiz,4
13259,Nergiz,4
16371,Nevvar Salih İŞgören Devlet Hastanesi,2
12423,Nevvar Salih İşgören Anadolu Lisesi,2
12424,Nevvar Salih İşgören Anadolu Lisesi,2
16370,Nevvar Salih İşgören Devlet Hastanesi,2
23325,Nezahat Onbaşı,2
23326,Nezahat Onbaşı,2
21154,Neşeli,2
21161,Neşeli,2
41203,Neşet Ertaş Parkı,3
41206,Neşet Ertaş Parkı,3
20137,Nikah Salonu,11
51757,Nohutalan,2
51758,Nohutalan,2
51899,Nohutalan Taş Ocağı,2
51900,Nohutalan Taş Ocağı,2
51759,Nohutalan Zeytin,2
51760,Nohutalan Zeytin,2
10286,Nokta,2
10287,Nokta,3
23829,Novada,2
23830,Novada,2
20525,Nuri Atik Mesleki ve Teknik Anadolu Lisesi,5
20526,Nuri Atik Mesleki ve Teknik Anadolu Lisesi,5
20662,Nuri Vesugay Parkı,2
20663,Nuri Vesugay Parkı,2
14935,Ocaklı,9
14936,Ocaklı,9
20572,Okul,3
20573,Okul,3
20904,Okul,4
30593,Okul,5
30594,Okul,5
32232,Okul,2
32233,Okul,2
32248,Okul,2
32337,Okul,2
32338,Okul,2
32378,Okul,3
32379,Okul,3
50365,Okul Durağı,5
50366,Okul Durağı,5
30589,Okullar,5
30590,Okullar,5
30489,Okçu,2
40934,Olduruk,3
40935,Olduruk,2
11034,On Dört Evler,2
11039,On Dört Evler,2
40435,Onat,2
40436,Onat,2
32349,Onkoloji,10
20263,Onur,2
20264,Onur,2
24170,Onur,4
20611,Onur Mahallesi,2
11401,Opel,5
11402,Opel,6
10628,Orcaner,12
10629,Orcaner,12
10505,Ordu Pazarı,5
10512,Ordu Pazarı,5
11216,Organize,2
11217,Organize,2
16807,Organize Sanayi,2
16808,Organize Sanayi,2
21139,Organize Sanayi Cami,2
21140,Organize Sanayi Cami,2
15127,Orhangazi,4
15128,Orhangazi,4
15984,Orhangazi Yolu,4
15985,Orhangazi Yolu,4
13520,Orhanlı,2
13521,Orhanlı,2
13909,Orhanlı Meydan,2
13910,Orhanlı Meydan,2
13618,Orhanlı Muhtarlık,2
13619,Orhanlı Muhtarlık,2
10527,Orkide,3
10528,Orkide,3
16416,Orkide,2
20535,Orkide,5
20536,Orkide,5
50708,Orkide,2
11062,Orman Kampı,4
11067,Orman Kampı,4
50580,Orman İşletmesi,12
15951,Ormancı Alt Yol,3
15429,Ormancı Altyol,4
20967,Ormancı Sitesi,5
20968,Ormancı Sitesi,5
11409,Ortaköy,5
11410,Ortaköy,5
11396,Ortaköy Kavşak,4
11397,Ortaköy Kavşak,4
22626,Ortanca,4
22627,Ortanca,4
16424,Ortaç,5
16425,Ortaç,5
23319,Oruç Reis,2
23320,Oruç Reis,2
40365,Osman Bey Anadolu Lisesi,3
20153,Osman Bey Parkı,21
20154,Osman Bey Parkı,21
11685,Osman Dirik Parkı,5
11686,Osman Dirik Parkı,5
22072,Osman Gazi,2
22073,Osman Gazi,2
31213,Osman Gazi,4
31214,Osman Gazi,4
12287,Osman Kibar,4
12288,Osman Kibar,4
30333,Osman Kibar Kavşağı,5
30334,Osman Kibar Kavşağı,2
23291,Osman Nuri Ersezin Orta Okulu,11
23292,Osman Nuri Ersezin Ortaokulu,11
10611,Osman Öksüz Parkı,14
10612,Osman Öksüz Parkı,9
30759,Osmanlı Parkı,7
30760,Osmanlı Parkı,7
10865,Otel,20
10868,Otel,20
24085,Otel,7
24086,Otel,6
50384,Otoban Kavşağı,11
30511,Otogar,6
31556,Otogar Benzinlik,12
30062,Otogar Kavşağı,5
31552,Otogar Yeni,2
31553,Otogar Yeni,3
32402,Otogar Yeni,4
11220,Otoyol,3
11221,Otoyol,3
10966,Ova,3
10967,Ova,3
21571,Ova Küme Evleri,5
11118,Ovacık,4
11119,Ovacık,4
24199,Ovacık,2
24200,Ovacık,2
30721,Oya,2
30722,Oya,2
22011,Oyak Blokları,2
22012,Oyak Blokları,2
11084,Ozanköy,4
11091,Ozanköy,4
10791,Oğlananası,4
10824,Oğlananası,4
11270,Oğlananası Yol Ayrımı,12
11271,Oğlananası Yol Ayrımı,12
13029,PTT,2
13030,PTT,2
30189,PTT,3
11488,PTT 2,2
11491,PTT 2,2
31048,PTT Santral,5
31049,PTT Santral,5
30741,Pakmaya,2
30742,Pakmaya,2
31633,Pakmaya Ülkü Hızal Anadolu Lisesi,3
31656,Pakmaya Ülkü Hızal Anadolu Lisesi,3
11420,Palmiye,4
11421,Palmiye,4
24306,Palmiye,2
24307,Palmiye,2
12738,Palmiyeler,2
12739,Palmiyeler,2
20354,Pamukkale Sitesi,4
20355,Pamukkale Sitesi,4
10883,Pamukyazı Merkez,6
10888,Pamukyazı Merkez,6
10881,Pamukyazı Tamsa Seramik Fabrikası A.Ş. İlkokulu,6
10886,Pamukyazı Tamsa Seramik Fabrikası A.Ş. İlkokulu,6
11518,Pancar Aktarma,5
11207,Pancar Cami,3
11212,Pancar Giriş,3
11213,Pancar Giriş,3
11208,Pancar Meydan,2
11209,Pancar Meydan,3
11204,Pancar Muzaffer Hanım İlkokulu,2
11205,Pancar Muzaffer Hanım İlkokulu,2
11517,Pancar Pazaryeri,2
15608,Pancar Prefabrik,3
15609,Pancar Prefabrik,3
11226,Pancar Viraj,2
11227,Pancar Viraj,2
15610,Pancar Zeytin,3
15611,Pancar Zeytin,3
11074,Pansiyon,4
11081,Pansiyon,4
11659,Papatya,4
11660,Papatya,4
13622,Papatya,2
13623,Papatya,2
21339,Papatya,5
21340,Papatya,5
21695,Papatya,3
21696,Papatya,3
23899,Papatya,2
23900,Papatya,2
30627,Papatya,3
30628,Papatya,3
32333,Papatya,3
32334,Papatya,3
40069,Papatya,7
40086,Papatya,11
20893,Park,2
20894,Park,2
23397,Park,4
24171,Park,3
24172,Park,2
30161,Park,4
30162,Park,4
30339,Park,2
30354,Park,2
30694,Park,4
31091,Park,6
31092,Park,6
32303,Park,2
32304,Park,2
31696,Park Koza Evleri,2
31697,Park Koza Evleri,2
23592,Park Kozak,3
23593,Park Kozak,3
16099,Payamlı Mezarlık,2
16100,Payamlı Mezarlık,2
11080,Payamlı Muhtarlık,4
11087,Payamlı Muhtarlık,4
13638,Payamlı Yol ayrımı,2
13639,Payamlı Yol ayrımı,2
30185,Pazar Yeri,3
50328,Pazar Yeri,3
20498,Pazaryeri,4
41426,Pazaryeri,2
41427,Pazaryeri,2
10639,Paşa Köprüsü,7
10640,Paşa Köprüsü,7
12724,Peker Mahallesi Eski Son Durak,3
12727,Peker Mahallesi Eski Son Durak,3
30743,Pepsi,2
30744,Pepsi,2
50049,Pertev Bey,12
50050,Pertev Bey,12
21949,Petra Koyu,4
21950,Petra Koyu,4
50065,Pina,11
50068,Pina,11
24229,Piriştina Parkı,2
24230,Piriştina Parkı,2
30696,Piyade Teğmen Mehmet Terzioğlu,2
30697,Piyade Teğmen Mehmet Terzioğlu,2
30955,Piyale,3
30956,Piyale,10
11345,Plastik Fabrikası,2
11346,Plastik Fabrikası,2
13584,Plastik Fabrikası,3
13585,Plastik Fabrikası,3
24247,Plastik Fabrikası,2
24248,Plastik Fabrikası,2
24042,Poliklinik,3
24043,Poliklinik,3
32350,Poliklinik 1,10
32351,Poliklinik 2,10
40108,Polis Okulu,2
40109,Polis Okulu,2
21280,Portakal,2
21281,Portakal,2
20574,Postacılar Muhtarlık,3
20575,Postacılar Muhtarlık,3
20576,Postacılar Trafo,3
20577,Postacılar Trafo,3
23143,Poyracık Anıt,2
23144,Poyracık Anıt,2
23137,Poyracık Beyaz Zambak,2
23138,Poyracık Beyaz Zambak,2
23141,Poyracık Meydan,2
23142,Poyracık Meydan,2
23145,Poyracık Park,2
23146,Poyracık Park,2
23139,Poyracık Zeytinlik,2
23140,Poyracık Zeytinlik,2
13905,Poyraz,2
13906,Poyraz,2
14689,Prof.Dr.Muzaffer Kula Anadolu Lisesi,3
14690,Prof.Dr.Muzaffer Kula Anadolu Lisesi,3
31483,Profesörler Sitesi,6
31484,Profesörler Sitesi,6
41092,Ptt,2
11418,Punteks,4
11419,Punteks,4
50690,Pura,3
50693,Pura,3
11478,Pınar,3
11479,Pınar,3
50676,Pınar,3
50677,Pınar,3
50688,Pınar Evleri,3
50691,Pınar Evleri,3
30044,Pınar Süt,4
30051,Pınar Süt,4
30649,Pınarbaşı Depolar,3
30650,Pınarbaşı Depolar,3
30550,Pınarbaşı Kara Ali Camii,4
30643,Pınarbaşı Kavşak,3
30644,Pınarbaşı Kavşak,3
30680,Pınarbaşı Kültür Merkezi,5
30681,Pınarbaşı Kültür Merkezi,5
30691,Pınarbaşı Sanayi Giriş,5
30692,Pınarbaşı Sanayi Giriş,5
22761,Pınarcık  Yol Ayrımı,4
22764,Pınarcık  Yol Ayrımı,4
14647,Pınarlı,3
14648,Pınarlı,3
14649,Pınarlı Cami,3
14650,Pınarlı Cami,3
30219,Rafet Paşa,3
30220,Rafet Paşa,5
32234,Rafet Paşa,2
40359,Recep Ersayın İlkokulu,2
40360,Recep Ersayın İlkokulu,2
40410,Redresör,4
40411,Redresör,5
31279,Rektörlük,2
31280,Rektörlük,17
50635,Rektörlük,3
51505,Rektörlük,3
12781,Remzi Oğuz Arık İlkokulu,2
12782,Remzi Oğuz Arık İlkokulu,2
10840,Reysaş,6
10841,Reysaş,6
12228,Reşat Nuri,4
12229,Reşat Nuri,4
30778,Rıfat Ilgaz Son Durak,4
51779,Rıza Ertan,2
51780,Rıza Ertan,2
12524,Saadet Onart İlkokulu,2
12527,Saadet Onart İlkokulu,2
12541,Sacide Ayaz İlk ve Ortaokulu,4
12542,Sacide Ayaz İlk ve Ortaokulu,5
10519,Sadettin Tezcan Özel Eğitim Meslek Okulu,3
10520,Sadettin Tezcan Özel Eğitim Meslek Okulu,3
20295,Sadi Hoşses Parkı,2
20296,Sadi Hoşses Parkı,2
16155,Saha,2
16156,Saha,2
22763,Saha,4
22766,Saha,4
23399,Saha,4
23400,Saha,4
50662,Saha,3
50663,Saha,3
22755,Sahil Sağlık Denetleme,5
22758,Sahil Sağlık Denetleme,5
11086,Sahilkent,4
11121,Sahilkent,4
51595,Saip Köy,2
51596,Saip Köy,2
12714,Saka,3
12717,Saka,3
23131,Saklıbahçe,2
11090,Sakızağacı,4
11097,Sakızağacı,4
22220,Salhane Aktarma Merkezi,4
20045,Salhane İş Merkezi,12
20046,Salhane İş Merkezi,12
50170,Salih Dede Anadolu Lisesi,4
50173,Salih Dede Anadolu Lisesi,4
30719,Saliha Hüseyin Özyavuz Ortaokulu,2
30720,Saliha Hüseyin Özyavuz Ortaokulu,2
20595,Salkım Söğüt,2
20596,Salkım Söğüt,2
23293,Saltukbey,11
23294,Saltukbey,11
11790,Salça Fabrikası,2
11791,Salça Fabrikası,2
21981,Sanayi,4
24047,Sanayi,2
24048,Sanayi,2
12989,Sanayi Caddesi,3
12990,Sanayi Caddesi,3
50939,Sanayi Kavşağı,2
50940,Sanayi Kavşağı,2
11222,Sanayi Sitesi,3
11223,Sanayi Sitesi,3
30212,Sanayi Sitesi,3
10974,Sancaklı Yol Ayrımı,2
10975,Sancaklı Yol Ayrımı,2
23303,Sancaklı Yolu Son Durak,2
24252,Santorini Sitesi,3
24253,Santorini Sitesi,3
21546,Santral,4
21547,Santral,4
12973,Sardunya,2
12974,Sardunya,2
13624,Sardunya,2
13625,Sardunya,2
32325,Sare,2
32326,Sare,2
13626,Sarmaşık,2
13627,Sarmaşık,2
21345,Sarmaşık,2
21346,Sarmaşık,2
52029,Sarmaşık,4
52030,Sarmaşık,4
13000,Sarnıç,3
13301,Sarnıç Aktarma Merkezi,2
10672,Sarnıç Alt Geçidi,4
10673,Sarnıç Alt Geçidi,6
12971,Sarnıç Belediye Garajı,3
12972,Sarnıç Belediye Garajı,3
13005,Sarnıç Dere,6
13006,Sarnıç Dere,6
12985,Sarnıç Eski Son durak,3
12986,Sarnıç Eski Son durak,3
14270,Sarnıç Gölet,2
14271,Sarnıç Gölet,2
12957,Sarnıç Köprüsü,3
12967,Sarnıç Meydan,3
12968,Sarnıç Meydan,3
12991,Sarnıç Piknik Alanı,3
12992,Sarnıç Piknik Alanı,3
12975,Sarnıç Sağlık Ocağı,3
12976,Sarnıç Sağlık Ocağı,3
12977,Sarnıç Trafo,3
12978,Sarnıç Trafo,3
14274,Sarnıç Yeşil,2
14275,Sarnıç Yeşil,2
14272,Sarnıç Yol Ayrımı,2
14273,Sarnıç Yol Ayrımı,2
12987,Sarnıç Çamlık,3
12988,Sarnıç Çamlık,3
30855,Sarı Gül,2
30872,Sarı Gül,2
22985,Sarıdere,3
22986,Sarıdere,3
14985,Sarıkaya,3
14986,Sarıkaya,3
22392,Sarıkaya Mevki,2
22393,Sarıkaya Mevki,2
30601,Sarılar,4
30602,Sarılar,4
13663,Sarısalkım,2
13664,Sarısalkım,2
15003,Sarıtaş,7
15004,Sarıtaş,8
11111,Sarıçay,5
11122,Sarıçay,5
11989,Sarışın,3
11990,Sarışın,3
21271,Sasalı Doğal Yaşam Parkı,2
21273,Sasalı Giriş,2
21274,Sasalı Meydan,2
21275,Sasalı Meydan,2
21145,Sasalı Piknik Alanı,2
21146,Sasalı Piknik Alanı,2
31154,Sayra&Çınar Parkı,2
31850,Sağlık Müdürlüğü,3
31851,Sağlık Müdürlüğü,3
23893,Sağlık Ocağı,2
23894,Sağlık Ocağı,2
31078,Sağlık Ocağı,4
31079,Sağlık Ocağı,4
40588,Sağlık Ocağı,3
40589,Sağlık Ocağı,3
50364,Sağlık Ocağı,5
50475,Sağlık Ocağı,4
50684,Sağlık Ocağı,3
50685,Sağlık Ocağı,3
23917,Sedir,5
50624,Sefa,9
50625,Sefa,9
24245,Sefa Köse Reis,4
24246,Sefa Köse Reis,4
51491,Seferihisar Bahçe,12
51492,Seferihisar Bahçe,12
10915,Seferihisar Belediyesi Şantiye,4
10916,Seferihisar Belediyesi Şantiye,4
50451,Seferihisar Devlet Hastanesi,12
50452,Seferihisar Devlet Hastanesi,12
50379,Seferihisar Kavşak,8
50380,Seferihisar Kavşak,8
50518,Seferihisar Konutlar,12
50519,Seferihisar Konutlar,12
50449,Seferihisar Mezarlık,12
51496,Seferihisar Mezarlık,12
50447,Seferihisar PTT,12
51497,Seferihisar Pazaryeri,12
51485,Seferihisar Saha,12
51486,Seferihisar Saha,12
51487,Seferihisar Semt Garajı,12
51488,Seferihisar Semt Garajı,12
50517,Seferihisar Son Durak,12
50435,Seferihisar İMKB Mesleki ve Teknik Anadolu Lisesi,6
50436,Seferihisar İMKB Mesleki ve Teknik Anadolu Lisesi,6
51493,Seferihisar İtfaiye,12
51494,Seferihisar İtfaiye,12
30757,Sekiz Eylül İlkokulu,7
30758,Sekiz Eylül İlkokulu,7
10806,Sekseninci Yıl Cumhuriyet Parkı,6
10807,Sekseninci Yıl Cumhuriyet Parkı,6
10816,Selviler,5
10817,Selviler,5
40259,Selviler,2
40260,Selviler,2
40457,Selviler,3
40458,Selviler,3
10938,Selçuk Belediyesi,4
10939,Selçuk Belediyesi,4
23442,Selçuk Mahallesi,3
23443,Selçuk Mahallesi,3
20146,Selçuk Yaşar Alaybey Ortaokulu,7
20147,Selçuk Yaşar Alaybey Ortaokulu,7
30561,Selçuk Yaşar Boyacılık EML,3
30562,Selçuk Yaşar Boyacılık EML,3
10941,Selçuk Yeni Son Durağı,4
10646,Selçuk Şehit Erol Olçok Anadolu Lisesi,4
10647,Selçuk Şehit Erol Olçok Anadolu Lisesi,4
24119,Semiye,5
24120,Semiye,6
16217,Sempati,3
16218,Sempati,3
12567,Seniha Mayda Ortaokulu,2
12568,Seniha Mayda Ortaokulu,2
10873,Sepici,6
10878,Sepici,6
11182,Sera,2
11183,Sera,2
11782,Sera,6
11783,Sera,6
50204,Sera,2
50205,Sera,3
12564,Serdar,2
16865,Serdar,2
13183,Serdengeçti,5
13184,Serdengeçti,5
20069,Serin Kuyu,12
20070,Serinkuyu,12
31469,Ses,5
31470,Ses,5
16466,Sevgi,2
16467,Sevgi,2
30223,Sevgi,4
30224,Sevgi,3
31121,Sevgi,3
31122,Sevgi,3
31385,Sevgi,3
31386,Sevgi,3
31500,Sevgi,2
41150,Sevgi Ferit Akın İlköğretim Okulu,2
41151,Sevgi Ferit Akın İlköğretim Okulu,2
16520,Sevgi Mahalle Muhtarlığı,4
16521,Sevgi Mahalle Muhtarlığı,4
20815,Sevgi Ormanı,4
20816,Sevgi Ormanı,4
11486,Sevgi Yolu,3
11489,Sevgi Yolu,3
50151,Sevgi Yolu,5
10943,Seydiköy,7
10944,Seydiköy,7
20558,Seyir Tepe,2
20559,Seyir Tepe,2
20560,Seyit Onbaşı,2
20561,Seyit Onbaşı,2
31319,Seyit Şanlı Anadolu Lisesi,5
32423,Seyit Şanlı Anadolu Lisesi,5
21583,Seyrek Belediyesi,4
21584,Seyrek Belediyesi,4
23259,Seyrek Konutlar,2
23260,Seyrek Konutlar,2
21589,Seyrek Meydan,4
21590,Seyrek Meydan,4
21587,Seyrek İlköğretim Okulu,4
21588,Seyrek İlköğretim Okulu,4
10676,Seçkinler Sitesi,9
10677,Seçkinler Sitesi,9
22424,Siesta Konutları,2
22421,Siesta Konutları 2,2
22422,Siesta Konutları Yolu,2
21362,Simge Sitesi,4
21365,Simge Sitesi,4
12602,Sinan Cami,5
10651,Sinem,8
10652,Sinem,8
20897,Site,2
20898,Site,2
51468,Site,2
51469,Site,2
21355,Site 1,3
21356,Site 1,3
21357,Site 2,3
21358,Site 2,3
21359,Site Son Durak,2
23269,Site Son Durak,2
24547,Siteler,2
30682,Siteler,5
30683,Siteler,5
40201,Siteler,4
40202,Siteler,4
50039,Siteler,16
50040,Siteler,16
50097,Siteler,5
50100,Siteler,5
52065,Siteler,2
52066,Siteler,2
50523,Siteler Muhtarlık,5
50524,Siteler Muhtarlık,7
30707,Sivil Savunma,2
30708,Sivil Savunma,2
30289,Smyrna,14
30290,Smyrna,14
11796,Sokullu,7
11797,Sokullu,7
21414,Son Direk,3
21415,Son Direk,3
12943,Sosyal Konutlar,5
10104,Sosyal Sigortalar Kurumu,7
40895,Sosyal Tesisler,6
40896,Sosyal Tesisler,6
41227,Sosyal Yaşam Merkezi,3
41228,Sosyal Yaşam Merkezi,3
41233,Sosyal Yaşam Merkezi 2,4
41234,Sosyal Yaşam Merkezi 2,4
22050,Soyak,3
22051,Soyak,3
22141,Soyak,3
22142,Soyak,4
22425,Soyak İzsu,2
22426,Soyak İzsu,3
51466,Soydaşlar,2
51467,Soydaşlar,2
20426,Soğukkuyu,7
20492,Soğukkuyu Atölye,5
20493,Soğukkuyu Atölye,5
20063,Soğukkuyu Trafik,15
20066,Soğukkuyu Trafik,15
32332,Soğukpınar,3
10785,Soğutma Fabrikası,5
15947,Soğutma Fabrikası,5
23306,Spor Kondisyon Parkı,3
23307,Spor Kondisyon Parkı,4
20352,Spor Merkezi,4
20353,Spor Merkezi,4
21600,Spor Sahası,3
21601,Spor Sahası,3
40889,Spor Salonu,14
40890,Spor Salonu,14
51968,Spor Salonu,5
52095,Spor Salonu,4
12263,Spotçular,10
12266,Spotçular,2
11064,Stad,4
11069,Stad,4
31837,Stad,2
31838,Stad,2
50357,Stad,5
50372,Stad,5
30135,Stadyum İstasyon,16
30136,Stadyum İstasyon,9
24056,Su Deposu,2
24057,Su Deposu,2
31635,Su Perisi,2
31658,Su Perisi,2
50053,Subay Gazinosu,12
50054,Subay Gazinosu,12
21381,Subay Lojmanları,5
21382,Subay Lojmanları,5
11689,Subaşı Belediyesi,4
11690,Subaşı Belediyesi,4
11687,Subaşı Pazaryeri,5
11688,Subaşı Pazaryeri,5
40592,Sultan Alparslan Anadolu Lisesi,3
40593,Sultan Alparslan Anadolu Lisesi,3
31281,Suphi Koyuncu,3
31282,Suphi Koyuncu,10
31285,Suphi Koyuncu,13
10273,Susuz Dede,3
10272,Susuzdede,2
10636,Söğüt,8
21094,Söğüt,5
21095,Söğüt,5
50618,Söğüt,5
50619,Söğüt,5
51394,Söğüt,2
20384,Süleyman Demirel Lisesi,4
20385,Süleyman Demirel Lisesi,4
40506,Süleyman Şah Mesleki ve Teknik Anadolu Lisesi,5
40507,Süleyman Şah Mesleki ve Teknik Anadolu Lisesi,5
21765,Süleymanlı,2
21766,Süleymanlı,2
23519,Süleymanlı Giriş,2
23520,Süleymanlı Giriş,2
23270,Süleymanlı Gölet yolu,2
23271,Süleymanlı Gölet yolu,2
22339,Süleymanlı Meydan,2
11025,Sümbül,2
12778,Sümbül,2
12908,Sümbül,2
12909,Sümbül,2
13256,Sümbül,5
13257,Sümbül,5
50941,Sümbül,2
50942,Sümbül,2
10717,Sümerbank,8
10718,Sümerbank,8
51769,Süren,2
51770,Süren,2
50645,Süreyya Sultan Evleri,3
50646,Süreyya Sultan Evleri,3
23662,Sürgün Abidesi,3
41165,Süsen,3
41168,Süsen,3
11527,Süt Fabrikası,3
11528,Süt Fabrikası,3
31580,Sütçüler Köyü Girişi,3
31583,Sütçüler Köyü Girişi,3
50061,Sıdıka Akdemir Rehberlik ve Araştırma Merkezi,11
50064,Sıdıka Akdemir Rehberlik ve Araştırma Merkezi,11
30183,Sıdıka Rodop Lisesi,3
40836,Sıraevler,4
52646,Sığacık Tarla,2
52647,Sığacık Tarla,2
13564,Sığacık Yol Ayrımı,8
13567,Sığacık Yol Ayrımı,6
51823,Sığacık Yol Ayrımı 2,5
16739,TOKİ Evleri,6
16740,TOKİ Evleri,6
10644,TRT,4
10645,TRT,4
23429,Tabak Köprüsü,3
23430,Tabak Köprüsü,3
22757,Tabakçı plajı,5
22760,Tabakçı plajı,5
12740,Tahir Merzeci Ortaokulu,2
12741,Tahir Merzeci Ortaokulu,2
12410,Tahsin Yazıcı,2
12413,Tahsin Yazıcı,2
10110,Talatpaşa,3
10111,Talatpaşa,3
10421,Tariş,6
24022,Tariş,3
24023,Tariş,2
21137,Tariş İpek,2
21138,Tariş İpek,2
52157,Tarla,2
52158,Tarla,2
20155,Tarık Dursun Kakınç,21
23607,Tarım Geliştirme Merkezi,2
23608,Tarım Geliştirme Merkezi,2
10681,Tarım Kooperatifi,2
10682,Tarım Kooperatifi,2
10751,Tarım Ürünleri Deposu,2
10752,Tarım Ürünleri Deposu,2
21400,Tarımsal Araştırma,6
21401,Tarımsal Araştırma,6
23245,Tarımsal Araştırma ve Eğitim Merkezi,2
23246,Tarımsal Araştırma ve Eğitim Merkezi,2
10909,Tasiş Ambar,3
11683,Tat Konserve,5
11684,Tat Konserve,5
50150,Tatbikat Cami,5
24302,Tavuk Çiftliği,2
24303,Tavuk Çiftliği,2
30129,Taç Sanayi,7
30130,Taç Sanayi,7
21536,Taş Duvar,4
21537,Taş Duvar,4
22013,Taş Duvar,5
22014,Taş Duvar,5
30995,Taş Ocağı,5
30996,Taş Ocağı,5
52045,Taşev,2
52046,Taşev,2
31856,Taşkent,4
31857,Taşkent,4
13696,Taşkesik,4
13697,Taşkesik,4
16128,Taşkesik Benzinlik,3
16129,Taşkesik Benzinlik,4
16130,Taşkesik Yolu,4
16131,Taşkesik Yolu,4
30474,Tek Yön,4
10333,Tekel,2
10338,Tekel,2
30774,Tekel,2
30775,Tekel,2
21321,Tekel Lojmanlar,4
21322,Tekel Lojmanlar,4
10221,Tekeli Efe,2
10222,Tekeli Efe,2
10236,Tekeli Esinti,2
10243,Tekeli Esinti,2
10244,Tekeli Tarım,2
10245,Tekeli Tarım,2
10223,Tekeli Yörük,2
10230,Tekeli Yörük,2
10219,Tekeli Çiftlik,2
10220,Tekeli Çiftlik,2
10234,Tekeli İstasyon,3
11394,Tekeli İstasyon Yolu,3
11395,Tekeli İstasyon Yolu,3
23435,Tekkeboğazı Sokak,3
23436,Tekkeboğazı Sokak,3
22979,Tekkedere,3
22980,Tekkedere,3
32347,Teknik Servis,10
40901,Teknopark,6
40902,Teknopark,6
12793,Tekstil,2
12794,Tekstil,2
30408,Tekstilciler Cami,2
30409,Tekstilciler Cami,2
30410,Tekstilciler Çarşısı,2
30411,Tekstilciler Çarşısı,2
50174,Teleferik,4
50175,Teleferik,6
24227,Telli Bahçe,2
24228,Telli Bahçe,2
41088,Telsizler,3
41089,Telsizler,3
41104,Telsizler,2
41105,Telsizler,2
10844,Temel,6
10845,Temel,6
21114,Tenis Kulübü,5
21115,Tenis Kulübü,5
12828,Tepe,2
12829,Tepe,2
21021,Tepe,4
21022,Tepe,4
24234,Tepe,2
24235,Tepe,2
31131,Tepe,6
31132,Tepe,3
41142,Tepe,2
41143,Tepe,2
51742,Tepe Kahve,3
51743,Tepe Kahve,3
13558,Tepecik Caddesi,4
13561,Tepecik Caddesi,5
10366,Tepecik Doğum Hastanesi,17
10367,Tepecik Doğum Hastanesi,17
11506,Tepeköy Aktarma,19
11510,Tepeköy Aktarma,19
24090,Tepeköy Giriş,2
24000,Tepeköy Kavşak,2
11531,Tepeköy İstasyon Yolu,19
11532,Tepeköy İstasyon Yolu,17
50744,Teras Evler,3
50745,Teras Evler,3
21597,Teraslı Park,3
21598,Teraslı Park,3
30342,Terbay,5
30344,Terbay,5
30647,Termak,3
30648,Termak,3
22995,Termal,8
50197,Termal,6
50198,Termal,5
22749,Termik Santral Tesisleri,5
22752,Termik Santral Tesisleri,5
24098,Terminal,3
24099,Terminal,3
20144,Tersane,7
20145,Tersane,7
20433,Terzi,3
20434,Terzi,3
10810,Tevfik Fikret,6
31129,Ticaret Borsası İlköğretim Okulu,4
31130,Ticaret Borsası İlköğretim Okulu,4
16174,Tire ATATÜRK Std.,2
16175,Tire ATATÜRK Std.,2
15258,Tire Anadolu İmam Hatip Lisesi,3
15259,Tire Anadolu İmam Hatip Lisesi,3
15255,Tire Hastane,2
15254,Tire Hastanesi,2
14623,Tire Kavşağı,4
14624,Tire Kavşağı,4
15264,Tire Meydan,3
15265,Tire Meydan,3
15260,Tire Park,3
15261,Tire Park,3
15268,Tire Sanatkarlar,3
15269,Tire Sanatkarlar,3
15266,Tire Stadı,3
15267,Tire Stadı,3
15272,Tire Terminal,3
15273,Tire Terminal,3
15275,Tire Terminal İçi,2
15256,Tire Toplu Konutlar,3
15257,Tire Toplu Konutlar,3
11679,Tire Yol Ayrımı,5
11680,Tire Yol Ayrımı,5
16117,Tire Yolu,2
16118,Tire Yolu,3
15270,Tire Zümrüt,3
15271,Tire Zümrüt,3
15262,Tire İstasyon,3
15263,Tire İstasyon,3
50471,Tokatlıoğlu,4
50472,Tokatlıoğlu,4
41219,Toki AVM,3
41222,Toki AVM,3
13264,Toki Evleri Son Durak,4
23787,Toki Konutları,2
24389,Toki Konutları,2
22516,Toki Okul,3
22539,Toki Okul,3
41217,Toki Okul,3
41220,Toki Okul,3
32341,Toki Yıldız,2
32342,Toki Yıldız,2
32339,Toki Çam,2
32340,Toki Çam,2
21562,Top Sahası,4
12474,Toprak,6
12475,Toprak,5
31302,Toprak Yol,5
31303,Toprak Yol,5
30373,Topçu Birliği,3
30703,Topçu Taburu,2
30704,Topçu Taburu,2
50637,Torasan Mahallesi,8
50638,Torasan Mahallesi,9
15834,Torba Kent,8
15835,Torba Kent,8
11511,Torbalı Aktarma,2
11513,Torbalı Aktarma,2
11596,Torbalı Anadolu Lisesi,16
11597,Torbalı Anadolu Lisesi,16
11504,Torbalı Anadolu İmam Hatip Lisesi,18
11507,Torbalı Anadolu İmam Hatip Lisesi,18
11492,Torbalı Askerlik Şubesi,2
11495,Torbalı Askerlik Şubesi,2
11564,Torbalı Belediyesi,19
11557,Torbalı Belediyesi 2,20
11466,Torbalı Cami,11
11467,Torbalı Cami,11
10648,Torbalı Devlet Hastanesi,6
10649,Torbalı Devlet Hastanesi,6
15955,Torbalı Devlet Hastanesi Kavşağı,3
15956,Torbalı Devlet Hastanesi Kavşağı,3
11600,Torbalı Diyaliz Merkezi,16
11601,Torbalı Diyaliz Merkezi,16
13851,Torbalı Diş Hastanesi,4
13852,Torbalı Diş Hastanesi,4
15665,Torbalı Diş Hastanesi,3
15666,Torbalı Diş Hastanesi,3
10864,Torbalı Galeri,3
11547,Torbalı Galeri,3
10860,Torbalı Garajı,3
10866,Torbalı Garajı,3
13871,Torbalı Havuz Park,2
13872,Torbalı Havuz Park,2
14320,Torbalı Konutlar,3
14321,Torbalı Konutlar,3
16452,Torbalı Mezarlık,2
16453,Torbalı Mezarlık,2
13838,Torbalı Muratbey Mahallesi,2
13839,Torbalı Muratbey Mahallesi,2
11460,Torbalı Piri Reis Mesleki ve Teknik Anadolu Lisesi,9
11461,Torbalı Piri Reis Mesleki ve Teknik Anadolu Lisesi,9
11398,Torbalı Sanayi,6
11399,Torbalı Sanayi,5
11400,Torbalı Sanayi Çıkışı,6
11411,Torbalı Sanayi Çıkışı,5
11458,Torbalı Siteler,9
11459,Torbalı Siteler,9
14324,Torbalı Stad,3
14325,Torbalı Stad,3
10852,Torbalı Ticaret Odası,8
10853,Torbalı Ticaret Odası,8
14312,Torbalı Ticaret Odası 80.Yıl İlkokulu,2
14313,Torbalı Ticaret Odası 80.Yıl İlkokulu,2
11578,Torbalı Tıp Merkezi,16
11579,Torbalı Tıp Merkezi,16
41144,Toros Meydan,4
41145,Toros Meydan,4
41106,Toros Pazaryeri,2
41107,Toros Pazaryeri,2
11028,Tosun Çeşmesi,2
11033,Tosun Çeşmesi,2
12624,Trafo,3
12625,Trafo,4
21743,Trafo,3
21744,Trafo,3
30049,Tuborg,4
12846,Tulumba,2
12847,Tulumba,2
20057,Turan,24
20060,Turan,24
20989,Turan Çakın İlkokulu,3
20990,Turan Çakın İlkokulu,3
30513,Turanlar,4
14000,Turanlı,2
14001,Turanlı,2
50177,Turem,5
31391,Turgut Reis,3
31392,Turgut Reis,3
11040,Turizm Okulu,2
11045,Turizm Okulu,2
20553,Tünel,3
20554,Tünel,3
15604,Tünel İşletme Şefliği,5
12404,Tüpçü,2
12407,Tüpçü,2
31467,Türkan Özilhan Devlet Hastanesi,6
31468,Türkan Özilhan Devlet Hastanesi,6
12238,Türkeliler,4
12239,Türkeliler,4
10794,Türkmenköy Jandarma,6
10795,Türkmenköy Jandarma,6
14951,Türkönü,9
14952,Türkönü,9
16442,Türkönü Küme Evler,4
16443,Türkönü Küme Evler,4
11403,Tütün Fabrikası,5
11404,Tütün Fabrikası,6
22168,Tüvtürk,10
40894,Tınaztepe Yerleşke Son Durak,14
41336,Tınaztepe Yerleşke Son Durak,16
41416,Tınaztepe Yerleşke Son Durak,5
11050,Tıp Merkezi,4
11055,Tıp Merkezi,4
30522,Tır Garajı,2
30525,Tır Garajı,2
21983,Tır parkı,4
21984,Tır parkı,4
31312,Ufuk,2
31313,Ufuk,2
41096,Ufuk Cami,2
41097,Ufuk Cami,2
40420,Ufuk Karakolu,4
40421,Ufuk Karakolu,4
50427,Ufuk Köy,5
50428,Ufuk Köy,5
51943,Ulama,2
51944,Ulama,6
51200,Ulamış Cami,3
51201,Ulamış Cami,3
50453,Ulamış Giriş,6
50454,Ulamış Giriş,6
51202,Ulamış Kahveler,3
51203,Ulamış Kahveler,3
52305,Ulamış Kümesi,5
52306,Ulamış Kümesi,5
50429,Ulamış Merkez,2
50430,Ulamış Merkez,2
51198,Ulamış Mezarlık,3
51199,Ulamış Mezarlık,3
52009,Ulamış Ortaokulu,2
52010,Ulamış Ortaokulu,2
50431,Ulamış Yaren,5
50432,Ulamış Yaren,5
51206,Ulamış Çeşme,3
51207,Ulamış Çeşme,3
51196,Ulamış İlkokulu,3
51197,Ulamış İlkokulu,3
10664,Ulaştırma,16
10665,Ulaştırma,16
30701,Ulaştırma,2
30702,Ulaştırma,2
24040,Ulu Cami Muhtarlık,3
24041,Ulu Cami Muhtarlık,3
21538,Ulu-Koop,3
21539,Ulu-Koop,4
30901,Ulucak Cumhuriyet,2
30902,Ulucak Cumhuriyet,2
30913,Ulucak Giriş,2
30914,Ulucak Giriş,2
30915,Ulucak Spor Tesisleri,2
30916,Ulucak Spor Tesisleri,2
30919,Ulucak İlköğretim Okulu,2
30920,Ulucak İlköğretim Okulu,2
50035,Uludağ,16
50036,Uludağ,16
21495,Ulukent Aktarma,5
21545,Ulukent Aktarma,8
23309,Ulukent Aktarma Merkezi,2
21392,Ulukent Gar,9
21459,Ulukent Gar,8
23310,Ulukent Koop Giriş,2
23311,Ulukent Koop Giriş,2
22520,Ulukent Mezarlık,2
22521,Ulukent Mezarlık,2
21509,Ulukent Ortaokulu,3
21510,Ulukent Ortaokulu,3
23327,Ulukent Park,2
23328,Ulukent Park,2
21394,Ulukent Trafo,7
21395,Ulukent Trafo,7
22533,Ulukent Üçyol,4
22534,Ulukent Üçyol,4
21969,Ulus,4
21970,Ulus,4
50437,Uluslararası Seferihisar İMKB Anadolu İmam Hatip Lisesi,6
50438,Uluslararası Seferihisar İMKB Anadolu İmam Hatip Lisesi,6
11387,Uluğbey İlkokulu,2
11388,Uluğbey İlkokulu,2
10426,Umur Bey,3
11905,Umut,2
21566,Umut,4
21567,Umut,4
30157,Umut,4
30158,Umut,4
31498,Umut,2
12462,Umut Mahallesi Köprü,5
12463,Umut Mahallesi Köprü,5
31152,Umut Parkı,2
50605,Urla,15
52131,Urla Adliye,10
52132,Urla Adliye,10
50578,Urla Anadolu Lisesi,6
50641,Urla Bölge Trafik,9
50642,Urla Bölge Trafik,9
51059,Urla Devlet Hastanesi,6
51060,Urla Devlet Hastanesi,6
50583,Urla Merkez,12
50579,Urla Mesleki ve Teknik Anadolu Lisesi,6
50854,Urla Sanat,6
50855,Urla Sanat,6
50859,Urla Sanayi 1,9
50860,Urla Sanayi 1,9
50861,Urla Sanayi 2,6
50862,Urla Sanayi 2,6
50863,Urla Sanayi 3,6
50864,Urla Sanayi 3,6
51220,Urla Stadı,2
51221,Urla Stadı,2
51859,Urla Villalar,7
51860,Urla Villalar,7
12240,Uzundere,4
15898,Uzundere Kavşağı,3
15899,Uzundere Kavşağı,3
51753,Uzunkuyu,2
51754,Uzunkuyu,2
52037,Uğur Koleji,3
52038,Uğur Koleji,3
21335,Uğur Mumcu,5
21336,Uğur Mumcu,5
23669,Uğur Mumcu,2
23670,Uğur Mumcu,2
50337,Uğur Mumcu,3
50338,Uğur Mumcu,3
10276,Uğur Mumcu Parkı,2
23922,Uğur Mumcu Parkı,2
23923,Uğur Mumcu Parkı,2
21333,Uğur Mumcu Sağlık Ocağı,4
21334,Uğur Mumcu Sağlık Ocağı,5
32380,Vadi,2
52031,Vadi,4
52032,Vadi,4
21646,Vali Kutlu Aktaş,3
21647,Vali Kutlu Aktaş,3
20527,Vali Namık Kemal İlköğretim Okulu,5
20528,Vali Namık Kemal İlköğretim Okulu,5
40207,Vali Rahmi Bey,4
40208,Vali Rahmi Bey,4
10554,Vasıf Çınar,4
31304,Vecihi Hürkuş,2
31305,Vecihi Hürkuş,2
20260,Velidedeoğlu,2
10818,Ventola,5
10819,Ventola,5
11422,Verde,4
11423,Verde,4
11895,Veterinerlik,3
11896,Veterinerlik,3
40257,Vicdan,2
40258,Vicdan,2
21615,Villakent Anadolu Lisesi,3
21616,Villakent Anadolu Lisesi,3
21595,Villakent Giriş,3
21596,Villakent Giriş,3
21607,Villakent Merkez,3
21610,Villakent Merkez,3
32440,Viyadük Köprüaltı,2
51507,Yabancı Diller,3
51510,Yabancı Diller,3
12431,Yadigar Cami,3
12432,Yadigar Cami,3
12439,Yadigar Sitesi,5
12440,Yadigar Sitesi,5
41215,Yahya Kemal Beyatlı,3
41218,Yahya Kemal Beyatlı,3
50331,Yaka Giriş,3
50332,Yaka Giriş,3
14635,Yakacık,4
14636,Yakacık,4
14637,Yakacık Papatya,4
14638,Yakacık Papatya,4
15468,Yakacık Çiftlik,4
15469,Yakacık Çiftlik,4
20899,Yakakent,2
23646,Yakakent,2
23645,Yakakent Son Durak,2
50119,Yakamoz,5
50122,Yakamoz,5
11758,Yakapınar Giriş,6
11759,Yakapınar Giriş,7
22991,Yalnız Ev,8
22994,Yalnız Ev,8
20549,Yamanlar Karakol,3
20550,Yamanlar Karakol,3
22540,Yamanlar Muradiye Cami,3
22541,Yamanlar Muradiye Cami,3
20543,Yamanlar PTT,3
20544,Yamanlar PTT,3
20548,Yamanlar Semt Kütüphanesi,3
22550,Yamanlar Yeni Son Durak,3
20545,Yamanlar Çeşme,3
20546,Yamanlar Çeşme,3
20781,Yamaç,2
20782,Yamaç,2
21563,Yamaç,4
21564,Yamaç,4
41225,Yamaç,2
41226,Yamaç,2
52043,Yamaç,2
52044,Yamaç,2
20720,Yamaç Parkı,3
20721,Yamaç Parkı,2
11525,Yaren Dede,3
11526,Yaren Dede,4
12910,Yasemin,2
12911,Yasemin,2
13254,Yasemin,4
13255,Yasemin,4
31080,Yasemin,4
31081,Yasemin,4
40812,Yasemin,4
40813,Yasemin,4
13181,Yasemin Uysal,4
13182,Yasemin Uysal,4
31843,Yassıtepe Höyüğü,2
31844,Yassıtepe Höyüğü,2
13248,Yavuz Selim İlkokulu,4
13249,Yavuz Selim İlkokulu,4
40613,Yavuz Sultan Selim Cami,3
40614,Yavuz Sultan Selim Cami,3
23788,Yayakent,2
23789,Yayakent,2
23978,Yayakent Giriş,2
23979,Yayakent Giriş,2
23777,Yayakent Meydan,2
23778,Yayakent Mezarlık,2
23779,Yayakent Mezarlık,2
24599,Yayakent Sanayi,2
24600,Yayakent Sanayi,2
10820,Yazıbaşı,5
10821,Yazıbaşı,5
11384,Yazıbaşı Merkez,2
11385,Yazıbaşı Merkez,2
11378,Yazıbaşı Sağlık Ocağı,2
11379,Yazıbaşı Sağlık Ocağı,2
11389,Yazıbaşı Son Durak,2
11374,Yazıbaşı Tariş,2
11375,Yazıbaşı Tariş,2
11372,Yazıbaşı Tekel,2
11373,Yazıbaşı Tekel,2
12062,Yağhaneler,9
12063,Yağhaneler,6
12064,Yağhaneler 2,15
12065,Yağhaneler 2,14
12198,Yağhaneler 3,7
15131,Yağlar,3
15132,Yağlar,3
15121,Yağlar Çıkış,3
15122,Yağlar Çıkış,3
11681,Yağmur,5
11682,Yağmur,5
13661,Yağmur,2
13662,Yağmur,2
51016,Yağmurcun,2
51017,Yağmurcun,2
22061,Yaşam,3
40816,Yaşam,2
40817,Yaşam,2
13267,Yaşar Kemal Mahalle Muhtarlığı,5
13268,Yaşar Kemal Mahalle Muhtarlığı,5
10430,Yaşar Üniversitesi,3
11663,Yedi Eylül,2
11664,Yedi Eylül,2
11573,Yedi Eylül Mahallesi Mezarlık,2
11574,Yedi Eylül Mahallesi Mezarlık,2
40526,Yedi Göller,2
40527,Yedi Göller,2
40611,Yedi Göller İş Merkezi,2
40612,Yedi Göller İş Merkezi,2
31362,Yeditepe İtfaiye,6
14955,Yel Aldı,8
14956,Yel Aldı,8
21881,Yeldeğirmenleri,2
50395,Yelki,4
50396,Yelki,4
50474,Yelki Belediye,4
50485,Yelki Kavşak,4
50486,Yelki Kavşak,2
50489,Yelki Saha,3
50490,Yelki Saha,3
50476,Yelki Sağlık Ocağı,4
50402,Yelki Villakent,7
50467,Yelki Üçyol,4
50468,Yelki Üçyol,4
10870,Yemişlik,20
10903,Yemişlik,20
50079,Yemişçi,11
50082,Yemişçi,11
30471,Yener,4
30520,Yener,4
30523,Yener,4
30461,Yener Caddesi,4
30462,Yener Caddesi,4
10584,Yeni Cami,2
10585,Yeni Cami,2
24030,Yeni Cami,4
21957,Yeni Foça Birlik Evleri,4
21958,Yeni Foça Birlik Evleri,4
21967,Yeni Foça Otogar,7
22400,Yeni Foça Yol Ayrımı,4
22401,Yeni Foça Yol Ayrımı,4
20484,Yeni Girne,13
20485,Yeni Girne,13
16476,Yeni Kent,6
30101,Yeni Kent,6
30102,Yeni Kent,6
40011,Yeni Mahalle,17
40012,Yeni Mahalle,17
15952,Yeni Mahalle Alt Yol,3
15427,Yeni Mahalle Altyol,4
40932,Yeni Mezarlık,3
40933,Yeni Mezarlık,3
40966,Yeni Mezarlık İki,3
40967,Yeni Mezarlık İki,3
13628,Yeni Orhanlı Küme Evleri,2
13629,Yeni Orhanlı Küme Evleri,2
13616,Yeni Orhanlı Ortaokulu,2
13617,Yeni Orhanlı Ortaokulu,2
12742,Yeni Çamlık,2
22781,Yeni Şakran  Merkez,4
22784,Yeni Şakran  Merkez,3
22777,Yeni Şakran Giriş,3
22780,Yeni Şakran Giriş,3
22783,Yeni Şakran Yol Ayrımı,3
22786,Yeni Şakran Yol Ayrımı,4
13750,Yeniay,2
13751,Yeniay,2
11862,Yenidoğan,2
41420,Yenidünya,2
41421,Yenidünya,2
41295,Yenigün Muhtar,3
41296,Yenigün Muhtar,3
13550,Yenikent,4
13553,Yenikent,4
22981,Yenikent,3
22982,Yenikent,3
14671,Yeniköy Cami,3
14672,Yeniköy Cami,3
14673,Yeniköy Şehit Cengiz Topel İlkokulu,3
14674,Yeniköy Şehit Cengiz Topel İlkokulu,3
15876,Yenitepe Erguvan,3
15879,Yenitepe Erguvan,3
15880,Yenitepe Giriş,3
15881,Yenitepe Giriş,3
15877,Yenitepe Meydan,3
15878,Yenitepe Meydan,3
40105,Yeniyol,5
40106,Yeniyol,5
15537,Yeniçiftlik Benzinlik,3
15538,Yeniçiftlik Benzinlik,3
11714,Yeniçiftlik Merkez,2
11715,Yeniçiftlik Merkez,2
11716,Yeniçiftlik Çıkış,2
11717,Yeniçiftlik Çıkış,2
11698,Yeniçiftlik İlkokulu,3
11699,Yeniçiftlik İlkokulu,3
11897,Yenişehir Gıda Çarşısı İZSU Yanı,3
11898,Yenişehir Gıda Çarşısı İZSU Yanı,3
10368,Yenişehir PTT,17
10369,Yenişehir PTT,17
11852,Yenişehir Pazar Yeri,2
11853,Yenişehir Pazar Yeri,4
11854,Yenişehir Üst Geçit,5
11855,Yenişehir Üst Geçit,4
23525,Yerlitahtacı Yol Ayrımı,3
23526,Yerlitahtacı Yol Ayrımı,3
31068,Yetmiş Beşinci Yıl Parkı,4
31069,Yetmiş Beşinci Yıl Parkı,4
15917,Yeşil Bahçe,2
15918,Yeşil Bahçe,2
30553,Yeşil Köşk,8
30554,Yeşil Köşk,8
12885,Yeşil Mahallesi Muhtarlığı,7
12888,Yeşil Mahallesi Muhtarlığı,7
14983,Yeşil Ova,3
14984,Yeşil Ova,3
31137,Yeşil Ulu Cami,3
31138,Yeşil Ulu Cami,3
50576,Yeşil Yol,7
50577,Yeşil Yol,7
11856,Yeşildere,5
11857,Yeşildere,5
11907,Yeşildere Cami,2
11908,Yeşildere Cami,2
40761,Yeşilkent,2
40762,Yeşilkent,2
50425,Yeşilkent,5
50426,Yeşilkent,5
10786,Yeşilköy,5
10787,Yeşilköy,5
14981,Yeşilköy,3
14982,Yeşilköy,3
30221,Yeşilova,4
30222,Yeşilova,3
30499,Yeşilova Höyüğü,2
11766,Yeşilova Köy Yolu,8
11767,Yeşilova Köy Yolu,8
11909,Yeşiltepe İlkokulu,2
11910,Yeşiltepe İlkokulu,2
12441,Yeşilyurt,5
12273,Yeşilyurt Devlet Hastanesi,6
12274,Yeşilyurt Devlet Hastanesi,6
12333,Yeşilyurt Devlet Hastanesi,5
12336,Yeşilyurt Devlet Hastanesi,5
12275,Yeşilyurt Huzurevi,6
12276,Yeşilyurt Huzurevi,6
12323,Yeşilyurt Merkez Cami,3
12324,Yeşilyurt Merkez Cami,3
12452,Yeşilyurt Mezarlık,4
12453,Yeşilyurt Mezarlık,4
12454,Yeşilyurt Sağlık Ocağı,4
12455,Yeşilyurt Sağlık Ocağı,4
12405,Yeşilyurt Türbe,2
12271,Yeşilyurt Çeşme,6
12272,Yeşilyurt Çeşme,6
12267,Yeşilyurt İtfaiye,9
12268,Yeşilyurt İtfaiye,8
30713,Yeşilçam Eczane,2
30716,Yeşilçam Eczane,2
30711,Yeşilçam Market,2
30712,Yeşilçam Market,2
30709,Yeşilçam Muhtarlık,2
30710,Yeşilçam Muhtarlık,2
30729,Yeşilçam Orman,2
30730,Yeşilçam Orman,2
21729,Yol,3
21730,Yol,3
30787,Yol Ayrımı,8
30788,Yol Ayrımı,8
15957,Yol Üstü Benzinlik Anayol,8
21025,Yoldaş,4
21026,Yoldaş,4
14939,Yolüstü Benzinlik,9
14940,Yolüstü Benzinlik,3
14942,Yolüstü Kahveler,3
14944,Yolüstü Meydan,3
14946,Yolüstü Seralar,3
22630,Yonca,5
22631,Yonca,5
31588,Yukarı Sütçüler Trafo,2
31591,Yukarı Sütçüler Trafo,2
23450,Yukarıbey Cami,3
23451,Yukarıbey Cami,3
23448,Yukarıbey Giriş,3
23449,Yukarıbey Giriş,3
21723,Yumurtacı,2
21724,Yumurtacı,2
20503,Yunus,4
20504,Yunus,4
30543,Yunus Emre,3
31491,Yunus Emre Anadolu Lisesi,2
31492,Yunus Emre Anadolu Lisesi,2
30965,Yunus Keskin Parkı,7
20161,Yunuslar,21
23986,Yurt,5
51513,Yurtlar,3
12787,Yurtoğlu Muhtarlık,2
12788,Yurtoğlu Muhtarlık,2
12797,Yurtoğlu Pazaryeri,3
12798,Yurtoğlu Pazaryeri,3
12795,Yurtoğlu Son Durak,2
12796,Yurtoğlu Son Durak,3
12801,Yurtoğlu Üçyol,4
12802,Yurtoğlu Üçyol,4
14633,Yusuflu,4
14634,Yusuflu,4
14002,Yusuflu Köyü Yol Ayrımı,2
14003,Yusuflu Köyü Yol Ayrımı,2
22997,Yuvam,8
23000,Yuvam,5
24236,Yuvam 2,3
21325,Yörük,3
21326,Yörük,3
21963,Yücel Sitesi,4
21964,Yücel Sitesi,4
10834,Yüksek Kahve,6
10835,Yüksek Kahve,6
50654,Yüksek Teknoloji,3
50655,Yüksek Teknoloji,3
51824,Yüksek Teknoloji Giriş,3
51825,Yüksek Teknoloji Giriş,3
22015,Yüksek Vadi,5
22016,Yüksek Vadi,5
22045,Yüksek Vadi 2,5
22046,Yüksek Vadi 2,5
31314,Yüzüncü Yıl Karakolu,2
31315,Yüzüncü Yıl Karakolu,2
12217,Yıkık Cami,5
12218,Yıkık Cami,5
12508,Yıkık Cami 2,7
12509,Yıkık Cami 2,7
41094,Yıkık Kemer,2
32268,Yıkık Minare Cami,5
40422,Yıkıkkemer Meydan,4
40423,Yıkıkkemer Meydan,4
21892,Yıldırım,2
21893,Yıldırım,2
30214,Yıldırım,3
30206,Yıldırım Beyazıt Cami,3
11082,Yıldız,4
11089,Yıldız,4
11230,Yıldız,2
11231,Yıldız,2
20826,Yıldız,3
20827,Yıldız,3
30514,Yıldız,4
30517,Yıldız,4
40782,Yıldız,2
40783,Yıldız,2
41086,Yıldız,3
41087,Yıldız,3
24132,Yıldız Garaj,4
24133,Yıldız Garaj,4
22456,Yıldız Mandıra,4
22457,Yıldız Mandıra,4
20185,Yıllar,9
12924,Zafer Mahallesi Muhtarlık,2
12925,Zafer Mahallesi Muhtarlık,2
30463,Zafer Parkı,4
30464,Zafer Parkı,4
20044,Zafer Payzın Kavşağı,12
20211,Zafer Takı,17
20214,Zafer Takı,17
12830,Zambak,2
12831,Zambak,2
13265,Zambak,4
13266,Zambak,4
13574,Zambak,2
13575,Zambak,2
21341,Zambak,4
21342,Zambak,4
31243,Zehra Hoca İlköğretim Okulu,3
31244,Zehra Hoca İlköğretim Okulu,3
20562,Zehra Semahat İlköğretim Okulu,2
20563,Zehra Semahat İlköğretim Okulu,2
40265,Zencefil,4
40266,Zencefil,4
21670,Zerdeçal,3
21671,Zerdeçal,3
14651,Zeybek,3
14652,Zeybek,3
31835,Zeybek,2
12824,Zeytin,2
12825,Zeytin,2
16688,Zeytin Ağacı,2
16689,Zeytin Ağacı,2
32445,Zeytin Dalı,2
32446,Zeytin Dalı,2
10901,Zeytin Köy,3
10906,Zeytin Köy,3
51755,Zeytineli,2
51756,Zeytineli,2
51751,Zeytinler Köyü,2
51752,Zeytinler Köyü,2
23391,Zeytinli Parkı,3
10700,Zeytinlik,2
11931,Zeytinlik,3
11932,Zeytinlik,4
40838,Zeytinlik,4
40839,Zeytinlik,4
14641,Zeytinova,3
14642,Zeytinova,3
30423,Zeytintepe,4
30424,Zeytintepe,4
41422,Zeytintepe,2
41423,Zeytintepe,2
23596,Zeytinyağ Fabrikası,2
23597,Zeytinyağ Fabrikası,2
23792,Zeytinyağı Fabrikası,2
23793,Zeytinyağı Fabrikası,2
50751,Zeytinyağı Müzesi,2
50752,Zeytinyağı Müzesi,2
20488,Zihni Üstün İlkokulu,8
20489,Zihni Üstün İlkokulu,8
12203,Zincirlikuyu,7
12204,Zincirlikuyu,9
12562,Zincirlikuyu 2,3
12563,Zincirlikuyu 2,3
12565,Zincirlikuyu Trafo,2
12566,Zincirlikuyu Trafo,2
21521,Zirve,3
21522,Zirve,3
41349,Zirve,4
41350,Zirve,4
50142,Ziya Gökalp,5
10364,Ziya Gökalp Ortaokulu,17
10365,Ziya Gökalp Ortaokulu,18
11414,Zümrüt,4
11415,Zümrüt,4
21149,Çakabey,2
21150,Çakabey,2
21979,Çakmaklı,4
21980,Çakmaklı,4
21975,Çakmaklı Yolu,4
21976,Çakmaklı Yolu,4
40461,Çakıl,5
40462,Çakıl,5
12466,Çakırtepe,5
12467,Çakırtepe,5
24078,Çaltıcı Bahçe,4
22765,Çaltılıdere,4
22768,Çaltılıdere,4
24148,Çaltılıdere Atlı Terapi Merkezi,4
24149,Çaltılıdere Atlı Terapi Merkezi,4
20419,Çam,3
20420,Çam,3
20656,Çam,2
40630,Çam,4
40631,Çam,4
32396,Çambel Batı,2
32397,Çambel Batı,2
32335,Çambel Orman,2
32336,Çambel Orman,2
31600,Çambel Son Durak,2
32343,Çambel Toki,2
32393,Çambel Toki,2
32394,Çambel Toki 2,2
32395,Çambel Toki 2,2
31598,Çambel Şebnem Kardıcalı İlköğretim Okulu,2
31601,Çambel Şebnem Kardıcalı İlköğretim Okulu,2
30155,Çamdibi Esnaf Odası,4
30156,Çamdibi Esnaf Odası,4
30131,Çamdibi Sağlık Ocağı,18
30132,Çamdibi Sağlık Ocağı,10
22408,Çamkoru Sitesi,4
22409,Çamkoru Sitesi,4
30421,Çamkule,4
30422,Çamkule,4
30437,Çamkule Eski Son Durak,2
30416,Çamkule Pazar Yeri,3
30305,Çamkıran,8
30308,Çamkıran,8
31852,Çamkıran Parkı,4
31853,Çamkıran Parkı,4
14268,Çamlar,2
14269,Çamlar,2
50407,Çamlı Merkez,7
50408,Çamlı Merkez,6
50405,Çamlı Papatya,7
50406,Çamlı Papatya,7
24080,Çamlı Park,4
40403,Çamlı Pınar Muhtarlık,2
40404,Çamlı Pınar Muhtarlık,2
50409,Çamlı Solakoğlu,5
50410,Çamlı Solakoğlu,5
50403,Çamlı Villaları,7
50404,Çamlı Villaları,7
11412,Çamlıca Kavşağı,4
11413,Çamlıca Kavşağı,3
10759,Çamlık,5
12833,Çamlık,6
15948,Çamlık,4
30652,Çamlık Alan Parkı 2,4
12822,Çamlık Cami,2
12823,Çamlık Cami,2
12620,Çamlık Yol Ayrımı,5
12621,Çamlık Yol Ayrımı,4
22300,Çamlıkent,3
22301,Çamlıkent Giriş,3
22302,Çamlıkent Giriş,3
22303,Çamlıkent Meydan,3
22304,Çamlıkent Meydan,3
22305,Çamlıkent Çıkış,3
22306,Çamlıkent Çıkış,3
40800,Çamlıkule Park,2
40801,Çamlıkule Park,2
41441,Çamlıkule Pazaryeri,2
41442,Çamlıkule Pazaryeri,2
40407,Çamlıpınar Yeni Son Durak,2
50099,Çamlıçay Mahallesi,5
50102,Çamlıçay Mahallesi,5
50411,Çamtepe Besicilik,5
50412,Çamtepe Besicilik,5
50413,Çamtepe Eskicioğlu,5
50414,Çamtepe Eskicioğlu,5
22793,Çandarlı Yol Ayrımı,3
22796,Çandarlı Yol Ayrımı,3
10121,Çankaya,9
10211,Çankaya,4
10213,Çankaya,2
10215,Çankaya,3
10846,Çapak Yolu,6
10847,Çapak Yolu,6
10128,Çardak,7
31103,Çardak,5
31104,Çardak,5
50610,Çardak,3
50636,Çardak,8
50661,Çardak,3
50709,Çardak,8
10124,Çardak 2,8
50393,Çardak Kahve,8
50394,Çardak Kahve,8
50649,Çardak Kamp,3
50650,Çardak Kamp,3
11553,Çarşı,20
11554,Çarşı,20
12981,Çarşı,3
12982,Çarşı,3
13505,Çatalca,2
13506,Çatalca,2
16429,Çatalca Bahçe,2
16430,Çatalca Bahçe,2
13516,Çatalca Meydan,2
13517,Çatalca Meydan,2
13021,Çatalca Mezarlık,2
13022,Çatalca Mezarlık,2
13503,Çatalca Seralar,2
13504,Çatalca Seralar,2
13502,Çatalca Yol Ayrımı,3
11627,Çatkın,2
11632,Çatkın,2
23241,Çavuş Köy Cami,2
23242,Çavuş Köy Cami,2
23243,Çavuş Köy Üçyol,2
23244,Çavuş Köy Üçyol,2
23444,Çavuşali Sokak,3
23445,Çavuşali Sokak,3
41213,Çay  Bahçesi,3
41216,Çay  Bahçesi,3
30981,Çay Mahallesi,6
30982,Çay Mahallesi Son Durak,6
11617,Çaybaşı,2
11605,Çaybaşı Eshot Garajı,12
15436,Çaybaşı Fabrikalar,6
15437,Çaybaşı Fabrikalar,6
11613,Çaybaşı Kahveler,2
10869,Çaybaşı Lambalar,9
10874,Çaybaşı Lambalar,9
10871,Çaybaşı Mermerci,6
10876,Çaybaşı Mermerci,6
11668,Çaybaşı Meydan,13
11669,Çaybaşı Meydan,12
11616,Çaybaşı Son Durak,14
14973,Çaylı Aydın,3
14974,Çaylı Aydın,3
14975,Çaylı Koşuyolu,3
14976,Çaylı Koşuyolu,3
15125,Çaylı Yem Sokak,4
15126,Çaylı Yem Sokak,4
15992,Çaylı Çıkış,4
15993,Çaylı Çıkış,4
20209,Çayırcı,17
20212,Çayırcı,17
50220,Çayırlı,2
50221,Çayırlı,2
10384,Çayırlı Bahçe,2
52211,Çayırpınar,2
52212,Çayırpınar,2
30319,Çağdaş,10
30320,Çağdaş,8
40528,Çağdaş,3
40529,Çağdaş,3
20969,Çağdaş Sitesi,2
20970,Çağdaş Sitesi,2
23284,Çağdaş Sitesi Çıkış,2
50016,Çağdaş İstasyon,19
50017,Çağdaş İstasyon,20
30597,Çağla,4
30598,Çağla,4
40433,Çağrı,2
40434,Çağrı,2
22847,Çelik,4
22848,Çelik,4
32107,Çelik,2
32108,Çelik,2
11462,Çetineller Ortaokulu,9
11463,Çetineller Ortaokulu,9
10848,Çetineller Otel,7
10849,Çetineller Otel,6
12257,Çevik Kuvvet,9
51855,Çevirlik,2
51856,Çevirlik,2
51587,Çevirlik Koyu,2
51588,Çevirlik Koyu,2
20051,Çevre ve Şehircilik İl Müdürlüğü,12
20052,Çevre ve Şehircilik İl Müdürlüğü,13
10282,Çeşme,3
11913,Çeşme,2
11914,Çeşme,2
16838,Çeşme,2
16839,Çeşme,2
22849,Çeşme,3
22850,Çeşme,3
30763,Çeşme,8
30764,Çeşme,8
31093,Çeşme,6
31094,Çeşme,6
50059,Çeşme,11
50062,Çeşme,11
50599,Çeşme,12
50600,Çeşme,12
51801,Çeşme Adliye,2
51802,Çeşme Adliye,2
51805,Çeşme Anfi Tiyatro,2
51806,Çeşme Anfi Tiyatro,2
52135,Çeşme Boyalık,2
52136,Çeşme Boyalık,2
51792,Çeşme Devlet Hastanesi,2
51793,Çeşme Devlet Hastanesi,2
51785,Çeşme Emniyet Müdürlüğü,2
51812,Çeşme Emniyet Müdürlüğü,2
51797,Çeşme Kültür Merkezi,2
51798,Çeşme Kültür Merkezi,2
51803,Çeşme Lale,2
51804,Çeşme Lale,2
51790,Çeşme Mavi,2
51791,Çeşme Mavi,2
50385,Çeşme Otoban Kavşağı,11
51794,Çeşme Sanayi Sitesi,2
51809,Çeşme Terminal,2
51810,Çeşme Terminal,2
51811,Çeşme Terminal İçi,2
51799,Çeşme Uğur Mumcu Parkı,2
51800,Çeşme Uğur Mumcu Parkı,2
51795,Çeşme Yakamoz,2
51788,Çeşme Yunus,2
51789,Çeşme Yunus,2
51783,Çeşme Üstgeçit,2
51796,Çeşme Üstgeçit,2
50168,Çifte Selviler,4
50171,Çifte Selviler,4
11218,Çiftlik,3
11219,Çiftlik,3
11695,Çiftlik,4
11696,Çiftlik,4
12224,Çiftlik,4
12225,Çiftlik,4
16805,Çiftlik,8
16806,Çiftlik,8
21719,Çiftlik,2
21720,Çiftlik,2
50622,Çiftlik,9
50623,Çiftlik,9
50647,Çiftlik,3
50648,Çiftlik,3
14991,Çiftlikköy,3
14992,Çiftlikköy,3
11754,Çiftçi Gediği Köy Yolu,5
11755,Çiftçi Gediği Köy Yolu,5
23253,Çilek Bahçesi,3
23254,Çilek Bahçesi,3
21727,Çileklik,3
21728,Çileklik,3
10207,Çileme Akar,2
10208,Çileme Akar,2
10217,Çileme Ekin,2
10218,Çileme Ekin,2
10209,Çileme Manav,2
10212,Çileme Manav,2
13075,Çileme Merkez,2
10214,Çileme Sera,2
10216,Çileme Sera,2
30227,Çimentaş Lisesi,4
30228,Çimentaş Lisesi,4
12118,Çimentepe Aile Sağlık Merkezi,3
12121,Çimentepe Aile Sağlık Merkezi,3
30332,Çimento Fabrikası,5
30355,Çimento Fabrikası,5
13934,Çingülü,2
13935,Çingülü,2
10630,Çitlenbik,11
10631,Çitlenbik,11
21572,Çitlenbik,5
24544,Çitlenbik,5
21276,Çiçek,2
21277,Çiçek,2
30427,Çiçek,4
30428,Çiçek,4
40326,Çiçek,2
40327,Çiçek,2
50464,Çiçek,8
50388,Çiçek Mezatı,6
50389,Çiçek Mezatı,5
20564,Çiçek Parkı,2
20565,Çiçek Parkı,2
11093,Çiçek Tatil Sitesi,4
11120,Çiçek Tatil Sitesi,4
31308,Çiçekli,3
31309,Çiçekli,3
11778,Çiçekçiler,9
11779,Çiçekçiler,9
22143,Çiğli Aktarma Merkezi,4
22144,Çiğli Aktarma Merkezi,2
22145,Çiğli Aktarma Merkezi,3
22146,Çiğli Aktarma Merkezi,3
20085,Çiğli Belediye,19
20086,Çiğli Belediye,19
21195,Çiğli Devlet Hastanesi,4
21196,Çiğli Devlet Hastanesi,4
21258,Çiğli Ege Sanayi Sitesi,2
21259,Çiğli Ege Sanayi Sitesi,2
20751,Çiğli Emniyet Müdürlüğü,3
20752,Çiğli Emniyet Müdürlüğü,3
21153,Çiğli Fen Lisesi,2
20927,Çiğli Kooperatif 1,3
20928,Çiğli Kooperatif 1,3
20931,Çiğli Kooperatif 2,3
20932,Çiğli Kooperatif 2,3
20889,Çiğli Kız Meslek Lisesi,4
20890,Çiğli Kız Meslek Lisesi,4
20089,Çiğli Santral,12
20090,Çiğli Santral,12
21051,Çiğli İMKB Mesleki ve Teknik Anadolu Lisesi,3
21052,Çiğli İMKB Mesleki ve Teknik Anadolu Lisesi,3
20081,Çiğli İtfaiye,21
20082,Çiğli İtfaiye,20
21023,Çiğli İzkent,4
21024,Çiğli İzkent,4
20087,Çiğli Şaraphane,12
20088,Çiğli Şaraphane,12
13936,Çoban Yastığı,2
13937,Çoban Yastığı,2
13665,Çoban Yıldızı,2
13666,Çoban Yıldızı,2
11959,Çobançeşme,2
22522,Çocuk Bahçesi,2
22523,Çocuk Bahçesi,2
11629,Çocuk Parkı,2
11634,Çocuk Parkı,2
11701,Çocuk Parkı,3
11702,Çocuk Parkı,3
21634,Çocuk Parkı,2
21635,Çocuk Parkı,2
23390,Çocuk Parkı,3
31831,Çocuk Parkı,2
50224,Çocuk Parkı,2
50225,Çocuk Parkı,2
10533,Çocuk parkı,3
10534,Çocuk parkı,3
20465,Çolakoğlu,4
20466,Çolakoğlu,4
22767,Çoraklar,4
22770,Çoraklar,4
30975,Çorapçı,6
30976,Çorapçı,6
31201,Çukurbahçe Cami,3
31202,Çukurbahçe Cami,3
22374,Çukurköy Yolu,2
22375,Çukurköy Yolu,2
12236,Çöp Fabrikası,6
12237,Çöp Fabrikası,5
15637,ÇİKOOP,7
15638,ÇİKOOP,7
24222,Çınar,2
24223,Çınar,2
20568,Çınar Parkı,2
20569,Çınar Parkı,2
30753,Çınarköy Yolu,6
30754,Çınarköy Yolu,2
31547,Çınarlı Diş Hastanesi,9
20040,Çınarlı Hastanesi,12
20041,Çınarlı Hastanesi,12
11892,Çınarlı Mesleki ve Teknik Anadolu Lisesi,8
12054,Çınartepe,2
12051,Çınartepe Muhtarlık,2
12052,Çınartepe Muhtarlık,2
11730,Çırpı Akasya,2
11731,Çırpı Akasya,2
11732,Çırpı Belediyesi,3
11733,Çırpı Belediyesi,3
11728,Çırpı Cami,2
11729,Çırpı Cami,2
11726,Çırpı Giriş,2
11727,Çırpı Giriş,2
10729,Çırpı Konutlar,3
10730,Çırpı Konutlar,3
11740,Çırpı Köprü,2
11741,Çırpı Köprü,2
11734,Çırpı Park,3
11735,Çırpı Park,3
16097,Çırpı Çiftlik,2
16098,Çırpı Çiftlik,2
14695,Ödemiş Belediye,3
14696,Ödemiş Belediye,3
14971,Ödemiş Cezaevi,6
14972,Ödemiş Cezaevi,6
15478,Ödemiş Devlet Hastanesi,5
15479,Ödemiş Devlet Hastanesi,5
14925,Ödemiş Garaj,9
14926,Ödemiş Garaj,9
14681,Ödemiş Giriş,3
14682,Ödemiş Giriş,3
14693,Ödemiş Hükümet Konağı,3
14694,Ödemiş Hükümet Konağı,3
15250,Ödemiş Kavşağı,2
15251,Ödemiş Kavşağı,2
15929,Ödemiş Müzesi,4
15930,Ödemiş Müzesi,4
15485,Ödemiş Nikah Sarayı,5
15486,Ödemiş Nikah Sarayı,5
15119,Ödemiş Sanayi,4
15120,Ödemiş Sanayi,4
15484,Ödemiş Son Durak,5
14704,Ödemiş Yeni Garaj,3
14685,Ödemiş Çeşme,3
14686,Ödemiş Çeşme,3
16841,Ödemiş İtfaiye,8
16842,Ödemiş İtfaiye,8
11623,Ödemişliler,2
11628,Ödemişliler,2
41152,Ömer Bilmen Cami,2
41153,Ömer Bilmen Cami,2
14683,Ömür,3
14684,Ömür,3
13540,Ömür Beldesi,4
13543,Ömür Beldesi,3
13685,Ömür Sitesi Güneş,2
13688,Ömür Sitesi Güneş,2
13682,Ömür Sitesi Mavi,2
13683,Ömür Sitesi Mavi,2
13686,Ömür Sitesi Merkez,2
13678,Ömür Sitesi Sahil Yolu,2
13679,Ömür Sitesi Sahil Yolu,2
13684,Ömür Sitesi Yağmur,2
13687,Ömür Sitesi Yağmur,2
31534,Önder,2
31535,Önder,2
21973,Ören,4
21974,Ören,4
15487,Örentepe Yolu,5
15488,Örentepe Yolu,5
20657,Örnekköy,3
30795,Örnekköy,2
30798,Örnekköy,2
20630,Örnekköy  Muhtarlık,2
30793,Örnekköy Girişi,2
30796,Örnekköy Girişi,2
20633,Örnekköy Pazaryeri,2
20632,Örnekköy Polis Merkezi,2
20635,Örnekköy Polis Merkezi,2
30797,Örnekköy Spor Tesisi,2
30799,Örnekköy Spor Tesisi,2
20628,Örnekköy İlköğretim Okulu,2
20631,Örnekköy İlköğretim Okulu,2
30910,Örnekköy Şehit İncekara İlkokulu,2
51014,Ötleğen,2
51015,Ötleğen,2
50620,Özbek Yolu,10
50621,Özbek Yolu,10
12937,Özcan Sitesi,5
12948,Özcan Sitesi,5
11240,Özdere Aile Sağlığı Merkezi,2
11241,Özdere Aile Sağlığı Merkezi,2
11828,Özdere Belediye Garajı,2
11829,Özdere Belediye Garajı,2
11026,Özdere Belediyesi,2
11031,Özdere Belediyesi,2
32400,Özdeşkent,2
32401,Özdeşkent,2
40357,Özel Sağlık,2
40358,Özel Sağlık,2
11590,Özensu,17
11591,Özensu,17
11162,Özkent,2
11249,Özkent,2
12307,Öztepe,4
12308,Öztepe,4
20061,Öztürk,15
20064,Öztürk,15
30555,Öğrenci Köyü,8
30556,Öğrenci Köyü,8
31215,Öğretmen,4
31216,Öğretmen,4
21951,Öğretmen Evi,4
21952,Öğretmen Evi,4
22368,Öğretmen Evi,2
22369,Öğretmen Evi,2
24081,Öğretmen Evi,2
40018,Öğretmen Evleri,12
50443,Öğretmenevi,6
50444,Öğretmenevi,6
50668,Öğretmenler,3
50669,Öğretmenler,3
14310,Öğretmenler Sitesi,2
14311,Öğretmenler Sitesi,2
10525,Öğretmenler ve Şeker Mevhibe Ortaokulu,2
10526,Öğretmenler ve Şeker Mevhibe Ortaokulu,2
12435,Ülkü,6
12436,Ülkü,6
10574,Ülkü Sineması,5
10575,Ülkü Sineması,5
20265,Ümit,2
20266,Ümit,2
31544,Ümit Mahallesi,2
32191,Ümit Mahallesi Giriş,2
10962,Ünal Soğuk Hava,5
10963,Ünal Soğuk Hava,5
50370,Ünlü,3
11068,Ürkmez Belediyesi,4
11073,Ürkmez Belediyesi,4
11076,Ürkmez Jandarma,4
11083,Ürkmez Jandarma,4
13913,Ürkmez Kardelen,2
13914,Ürkmez Kardelen,2
10685,Ürkmez Kumsal,4
10686,Ürkmez Kumsal,4
13642,Ürkmez Pazaryeri,2
13643,Ürkmez Pazaryeri,2
11070,Ürkmez Sağlık Ocağı,4
11075,Ürkmez Sağlık Ocağı,4
13915,Ürkmez İpek,2
13916,Ürkmez İpek,2
13674,Ürkmez İstiklal,2
13675,Ürkmez İstiklal,2
21396,Üst Geçit,7
21397,Üst Geçit,7
22779,Üst Geçit,4
22782,Üst Geçit,4
24218,Üst Geçit,2
24219,Üst Geçit,2
13497,Üzüm Bağları,3
13498,Üzüm Bağları,3
50110,Üç Evler,4
23425,Üç Kemer Caddesi,4
23426,Üç Kemer Caddesi,4
23427,Üç Kemer Köprüsü,4
23428,Üç Kemer Köprüsü,4
10796,Üç Pınarlar,6
10797,Üç Pınarlar,6
31833,Üçgen Park,2
11386,Üçgöz,2
11391,Üçgöz,2
50130,Üçkuyular iskele Son Durak,4
50001,Üçkuyular İskele Son Durak,5
50002,Üçkuyular İskele Son Durak,3
50003,Üçkuyular İskele Son Durak,3
20891,Üçyol,2
20892,Üçyol,2
40328,Üçyol,3
40329,Üçyol,3
10298,Üçyol Aktarma,2
10300,Üçyol Aktarma,2
10306,Üçyol Aktarma,2
10308,Üçyol Aktarma,2
10310,Üçyol Aktarma,2
10312,Üçyol Aktarma,4
10252,Üçyol Metro,17
10255,Üçyol Metro,10
10613,Üçyol Sevgi Yolu Parkı,3
30139,Üçüncü Sanayi,16
30140,Üçüncü Sanayi,16
12522,Üçüncü Trafo,2
12525,Üçüncü Trafo,2
51515,İYTE Kız Öğrenci Yurdu,3
52165,İYTE Kız Öğrenci Yurdu,3
51516,İYTE Sera,3
51518,İYTE Son Durak,3
51740,İYTE Yaşam Merkezi,3
51741,İYTE Yaşam Merkezi,3
52139,İYTE Öğrenci Yurdu,3
52140,İYTE Öğrenci Yurdu,3
11066,İZDER,4
11071,İZDER,4
40565,İZUM,2
41361,İZUM,2
31203,İbrahim Ethem,3
31204,İbrahim Ethem,3
41373,İde,3
50630,İkinci Köprü,8
50631,İkinci Köprü,8
12887,İkinci Nizamiye,5
12890,İkinci Nizamiye,5
10507,İkinci Oyak Sitesi,5
10514,İkinci Oyak Sitesi,4
12516,İkinci Trafo,2
12519,İkinci Trafo,2
50226,İkinci İnönü Meydan,2
50227,İkinci İnönü Meydan,2
50138,İkiztepe,5
40065,İktisadi ve İdari Bilimler Fakültesi,10
40066,İktisadi ve İdari Bilimler Fakültesi,6
40068,İktisadi ve İdari Bilimler Fakültesi,6
50562,İl Sağlık Müdürlüğü Ek Hizmet Binaları,2
50563,İl Sağlık Müdürlüğü Ek Hizmet Binaları,2
11407,İl Özel İdare Asfalt Şantiye,5
11408,İl Özel İdare Asfalt Şantiye,5
20289,İl Özel İdare Lojmanları,2
20290,İl Özel İdare Lojmanları,2
21055,İlkevler,3
21056,İlkevler,3
21058,İlkevler 2,3
23514,İlkevler 2,3
12805,İlkkent,2
15623,İlkkent,2
14667,İlkkurşun,3
14668,İlkkurşun,3
12641,İlkkurşun Anadolu Lisesi,4
12642,İlkkurşun Anadolu Lisesi,4
16157,İlkkurşun Küme,3
16158,İlkkurşun Küme,3
16145,İlkkurşun Ova,3
16146,İlkkurşun Ova,3
10615,İller Bankası,10
10616,İller Bankası,7
24157,İlçe Tarım,5
24158,İlçe Tarım,4
24012,İmam Hatip Lisesi,2
20627,İmbatlı Merkez Cami,2
20624,İmbatlı Muhtarlık Durağı,2
23602,İncecikler,3
23603,İncecikler,3
30733,İncir,2
30734,İncir,2
13332,İncir Fabrikası,4
13333,İncir Fabrikası,4
50208,İnciraltı,4
50209,İnciraltı,4
52508,İnciraltı 2,4
50193,İnciraltı Bakü Bulvarı,2
50211,İnciraltı Park,4
50219,İnciraltı Yeni Son Durak,4
50212,İnciraltı Yurdu,4
51851,İncirliboğaz,2
52049,İncirliboğaz,2
22634,İncirlik,3
22635,İncirlik,3
40183,İnkılap,3
20578,İnönü Kültür Merkezi,3
20579,İnönü Kültür Merkezi,3
21337,İnönü Mahallesi,5
21338,İnönü Mahallesi,5
40273,İnönü Mahallesi Muhtarlık,3
40274,İnönü Mahallesi Muhtarlık,3
20716,İnönü Mahallesi Muhtarlığı,3
20717,İnönü Mahallesi Muhtarlığı,2
22427,İnönü Mahallesi Trafo,3
22428,İnönü Mahallesi Trafo,2
31542,İrem,2
31543,İrem,2
21526,İrem Sitesi,3
21527,İrem Sitesi,3
40186,İrfan Nadir İlkokulu,3
40363,İrfan Nadir İlkokulu,3
10102,İskele,14
50561,İskele,2
12643,İsmail Hakkı Tonguç Parkı,4
12644,İsmail Hakkı Tonguç Parkı,4
21993,İsmail Rahmi Karadavut İlkokulu,3
21994,İsmail Rahmi Karadavut İlkokulu,3
40289,İsmail Şekip Uyal İlköğretim Okulu,3
40290,İsmail Şekip Uyal İlköğretim Okulu,3
10580,İsmet Paşa Sağlık Ocağı,4
10581,İsmet Paşa Sağlık Ocağı,4
31223,İsmet Sezgin İlköğretim Okulu,3
31224,İsmet Sezgin İlköğretim Okulu,3
24456,İsmet İnönü,3
23156,İsmet İnönü Parkı,2
23408,İsmet İnönü Parkı,2
21697,İstasyon Köprü,8
21698,İstasyon Köprü,8
50057,İstihkam,11
50058,İstihkam,11
50047,İstihkam Okulu,12
50048,İstihkam Okulu,12
14264,İstiklal,2
14265,İstiklal,2
21630,İstiklal,4
21631,İstiklal,4
40486,İstiklal,3
40487,İstiklal,3
24032,İstiklal Meydanı,6
24033,İstiklal Meydanı,6
51945,İva,4
51946,İva,4
40175,İzban Koşu Durağı,6
40176,İzban Koşu Durağı,6
30345,İzbeton,3
30346,İzbeton,3
30546,İzeltaş,3
30547,İzeltaş,3
30545,İzeltaş Mağaza,3
30548,İzeltaş Mağaza,3
40600,İzkent Depo,2
40601,İzkent Depo,2
21003,İzkent Meydan,4
21004,İzkent Meydan,5
21028,İzkent Son Durak,7
21001,İzkent Çay Bahçesi,4
21002,İzkent Çay Bahçesi,4
21019,İzkent Üçyol,4
21020,İzkent Üçyol,4
12232,İzmir Anadolu Lisesi,4
12233,İzmir Anadolu Lisesi,4
13562,İzmir Caddesi,13
13565,İzmir Caddesi,13
50111,İzmir Cengiz Aytmatov Sosyal Bilimler Lisesi,6
50114,İzmir Cengiz Aytmatov Sosyal Bilimler Lisesi,6
30927,İzmir Demokrasi Üniversitesi,2
40019,İzmir Meslek Yüksek Okulu,12
10254,İzmir Spor,3
10257,İzmir Spor,7
40661,İzmir Tınaztepe Üniversitesi,10
41354,İzmir Tınaztepe Üniversitesi Üst Giriş,2
12303,İzsu,4
12304,İzsu,4
15933,İzsu,2
15934,İzsu,2
50026,İzsu,18
50613,İzsu,8
50628,İzsu,8
52588,İçmekıyısı,2
52589,İçmekıyısı,2
50730,İçmeler,8
50731,İçmeler,8
50632,İçmeler Çıkış,8
50633,İçmeler Çıkış,7
31606,İğdecik Giriş,2
31607,İğdecik Giriş,2
30435,İğdeli,2
30436,İğdeli,2
10582,İğdeli Kahve,2
10583,İğdeli Kahve,2
11042,İş Bankası Evleri,2
11047,İş Bankası Evleri,2
50014,İş Bankası Evleri,19
50015,İş Bankası Evleri,19
40897,İşletme Fakültesi,6
40454,İşçievleri,3
40867,Şafak,3
40870,Şafak,3
21619,Şahin,3
21620,Şahin,3
50076,Şahin,11
10877,Şahtaş,6
10882,Şahtaş,6
24213,Şakran İncirlik 2,3
24214,Şakran İncirlik 2,3
20642,Şantiye,5
20645,Şantiye,5
31730,Şehit,2
31731,Şehit,2
50680,Şehit,3
50681,Şehit,3
52013,Şehit Abdullah Tayyip Olçok Anadolu İmam Hatip Lisesi,3
52014,Şehit Abdullah Tayyip Olçok Anadolu İmam Hatip Lisesi,3
20953,Şehit Ahmet Ay Parkı,2
20954,Şehit Ahmet Ay Parkı,2
21132,Şehit Ali Karaoğlan Lisesi,5
21133,Şehit Ali Karaoğlan Lisesi,5
31205,Şehit Asteğmen Ergin KAYA,3
31206,Şehit Asteğmen Ergin KAYA,3
20832,Şehit Astsubay Uğur Görkem Harmankaya,4
20833,Şehit Astsubay Uğur Görkem Harmankaya,4
40849,Şehit Astsubay Ümit Başaran İlkokulu,4
40850,Şehit Astsubay Ümit Başaran İlkokulu,4
21609,Şehit Astsubay Ümit İnce,3
21612,Şehit Astsubay Ümit İnce,3
20199,Şehit Diplomat Erdoğan Özen,18
20200,Şehit Diplomat Erdoğan Özen,18
12804,Şehit Egemen Öztürk Ortaokulu,3
12807,Şehit Egemen Öztürk Ortaokulu,2
30907,Şehit Er Bekir VARAL,2
30908,Şehit Er Bekir VARAL,2
23783,Şehit Er Hakan Sağınç Caddesi,2
23784,Şehit Er Hakan Sağınç Caddesi,2
21642,Şehit Er Serdar Amak Ortaokulu,2
21643,Şehit Er Serdar Amak Ortaokulu,2
20937,Şehit Erdal Kılıç,2
20938,Şehit Erdal Kılıç,2
31485,Şehit Erkan Er Ortaokulu,6
12335,Şehit Erkan Özcan Anadolu Lisesi,5
12338,Şehit Erkan Özcan Anadolu Lisesi,5
10130,Şehit Fethibey,2
12368,Şehit Gazeteci Hasan Tahsin Ortaokulu,2
12369,Şehit Gazeteci Hasan Tahsin Ortaokulu,2
30977,Şehit Hakan Uysal,6
30978,Şehit Hakan Uysal,6
30301,Şehit Hakan Ünal,7
30302,Şehit Hakan Ünal,7
12363,Şehit Halit Taş Ortaokulu,6
12364,Şehit Halit Taş Ortaokulu,6
31221,Şehit Harun Bağlam,4
31222,Şehit Harun Bağlam,4
20828,Şehit Jandarma Komando Fikri Koruer Parkı,3
20829,Şehit Jandarma Komando Fikri Koruer Parkı,3
10691,Şehit Jandarma Uzman Çavuş Hüseyin Tosun,2
10692,Şehit Jandarma Uzman Çavuş Hüseyin Tosun,2
31227,Şehit Kara Pilot Yüzbaşı Mehmet İlker Karaman,3
31228,Şehit Kara Pilot Yüzbaşı Mehmet İlker Karaman,3
50374,Şehit Kemal,3
50597,Şehit Kemal İlkokulu,12
50598,Şehit Kemal İlkokulu,12
30303,Şehit Murat Aslantürk,7
30306,Şehit Murat Aslantürk,7
30291,Şehit Musa Can,4
30292,Şehit Musa Can,4
12325,Şehit Muzaffer Erdönmez İlkokulu,3
12326,Şehit Muzaffer Erdönmez İlkokulu,3
23267,Şehit Pilot Albay Gökselin Saylan,2
23268,Şehit Pilot Albay Gökselin Saylan,2
30208,Şehit Piyade Ferhat Altın,3
10945,Şehit Piyade Uzman Çavuş Ayhan Elmacı,7
10946,Şehit Piyade Uzman Çavuş Ayhan Elmacı,7
12944,Şehit Polis Ahmet Atilla Güneş İlkokulu,7
12945,Şehit Polis Ahmet Atilla Güneş İlkokulu,2
40656,Şehit Polis Cebrail Aksöz,6
40657,Şehit Polis Cebrail Aksöz,6
30298,Şehit Polis Fethi Sekin,4
30304,Şehit Polis Fethi Sekin,4
31185,Şehit Polis Fethi Sekin İlköğretim Okulu,3
31186,Şehit Polis Fethi Sekin İlköğretim Okulu,3
15480,Şehit Polis Gökhan Kirazlı,5
15481,Şehit Polis Gökhan Kirazlı,5
10960,Şehit Polis Hüseyin Dalgılıç,5
10961,Şehit Polis Hüseyin Dalgılıç,5
12941,Şehit Serhat Sığnak Mesleki ve Teknik Anadolu Lisesi,5
23363,Şehit Sezai Geçkin İlkokulu,2
23364,Şehit Sezai Geçkin İlkokulu,2
12736,Şehit Süleyman Ergin,2
12737,Şehit Süleyman Ergin,2
11558,Şehit Uzman Onbaşı Mustafa Eser,17
11559,Şehit Uzman Onbaşı Mustafa Eser,17
11571,Şehit Uzman Çavuş Harun Şenöz,2
11572,Şehit Uzman Çavuş Harun Şenöz,2
14322,Şehit Uzman Çavuş Harun Şenözüar Mesleki ve Teknik Anadolu Lisesi,2
14323,Şehit Uzman Çavuş Harun Şenözüar Mesleki ve Teknik Anadolu Lisesi,2
10867,Şehit Uzman Çavuş Mehmet Onur Özbent,20
10872,Şehit Uzman Çavuş Mehmet Onur Özbent,20
22543,Şehit Yüzbaşı Ali Rıza Sadak İlkokulu,3
22544,Şehit Yüzbaşı Ali Rıza Sadak İlkokulu,3
11380,Şehit Çağatay Necati Dinç İlkokulu,2
11381,Şehit Çağatay Necati Dinç İlkokulu,2
23897,Şehit Çeşmesi,2
23898,Şehit Çeşmesi,2
16025,Şehit Öğretmen Ayhan Kökmen,3
16026,Şehit Öğretmen Ayhan Kökmen,3
40625,Şehit Üst Teğmen Konuralp Özcan İlköğretim Okulu,2
13223,Şehit Üsteğmen Ahmet Konuksever,2
22009,Şehit Üsteğmen Ahmet Konuksever,5
22010,Şehit Üsteğmen Ahmet Konuksever,5
50095,Şehit Üsteğmen Deveci,7
50098,Şehit Üsteğmen Deveci,7
12940,Şehit Üsteğmen Hakan Özkaner,5
20854,Şehit Üsteğmen Onur Özkaya,4
20855,Şehit Üsteğmen Onur Özkaya,4
21317,Şehit Üsteğmen İbrahim Fahri Efendi,3
21318,Şehit Üsteğmen İbrahim Fahri Efendi,3
50487,Şehit İlhami Yılmaz,3
50488,Şehit İlhami Yılmaz,3
11655,Şehitler,2
30026,Şehitler,7
30027,Şehitler,7
11649,Şehitler Ağaç Kapı,2
11654,Şehitler Ağaç Kapı,2
11641,Şehitler Dörtyol,2
11646,Şehitler Dörtyol,2
11653,Şehitler Kahveler,2
11658,Şehitler Kahveler,2
11647,Şehitler Köşe,2
11652,Şehitler Köşe,2
11651,Şehitler Muhtarlık,2
11656,Şehitler Muhtarlık,2
30032,Şehitler Ortaokulu,7
30035,Şehitler Ortaokulu,7
30768,Şehitler Parkı,8
30769,Şehitler Parkı,8
40209,Şehitler Parkı,4
40210,Şehitler Parkı,4
11639,Şehitler Viraj,2
11644,Şehitler Viraj,2
50041,Şehitlik,16
50042,Şehitlik,16
21548,Şelale,5
21549,Şelale,5
12070,Şelale Parkı,14
12071,Şelale Parkı,14
20411,Şemikler Lisesi,2
20412,Şemikler Lisesi,2
20410,Şemikler Meydan,2
30688,Şen,5
30689,Şen Market,5
51511,Şenlik Alanı,3
51514,Şenlik Alanı,3
20605,Şirin Camii,2
20606,Şirin Camii,2
10936,Şirince Yolu,3
10937,Şirince Yolu,3
14669,Şirinköy,3
14670,Şirinköy,3
20947,Şirintepe Market,2
20948,Şirintepe Market,2
41172,Şirinyer Aktarma,3
41173,Şirinyer Aktarma,4
41174,Şirinyer Aktarma,4
41175,Şirinyer Aktarma,2
41176,Şirinyer Aktarma,4
41177,Şirinyer Aktarma,3
41178,Şirinyer Aktarma,2
41310,Şirinyer Aktarma,3
40101,Şirinyer Bankalar,5
40102,Şirinyer Bankalar,5
40140,Şirinyer Ertuğrul Gazi Anadolu Lisesi,6
40141,Şirinyer Ertuğrul Gazi Anadolu Lisesi,6
40003,Şirinyer Merkez,5
40004,Şirinyer Merkez,12
40010,Şirinyer PTT,21
40159,Şirinyer Parkı,3
40160,Şirinyer Parkı,8
40009,Şirinyer Pazar Yeri,20
40198,Şirinyer Saha,20
40153,Şirinyer İstasyonu,19
10259,Şoförler Lokali,4
10262,Şoförler Lokali,4
