sDURAK_ID;DURAK_ADI;ENLEM;BOYLAM;DURAKTAN_GECEN_HATLAR
10005;Bahribaba;3.841.526.836.260.150;2.712.763.952.722.090;32
10007;Bahribaba;38.415.144.105.211;2.712.772.009.127.190;29-30
10008;Bahribaba;3.841.518.719.587.190;2.712.756.664.339.320;15
10009;Bahribaba;38.415.056;27.127.667;587
10010;Bahribaba;384.151;271.275;157
10011;Bahribaba;38.415.025;27.127.564;224
10012;Bahribaba;38.415.174.494.138;2.712.724.892.505.890;193
10013;Bahribaba;38.415.048;27.127.411;588
10014;Bahribaba;38.414.970;27.127.469;550
10015;Bahribaba;384.149;271.273;33
10016;Bahribaba;384.148;271.276;21-910-920-930-940-950
10019;Bahribaba;3.841.546.958.092.150;2.712.704.956.568.790;121-253-811
10021;Bahribaba;3.841.560.357.340.030;2.712.701.345.830.320;35-951
10022;Bahribaba;3.841.548.630.869.420;2.712.678.846.244.640;302
10030;Konak;3.841.621.811.374.660;2.712.632.093.742.520;303-304
10033;Çileme Mezarlığı;3.814.187.338.993.470;2.718.809.855.804.590;792
10034;Çileme Mezarlığı;3.814.164.738.757.960;2.718.831.855.628.360;792
10036;Konak;38.416.466;27.127.236;104-171-465-471
10037;Konak;38.416.633;27.126.987;484-485
10038;Konak;38.415.688;27.126.432;152-887
10039;Konak;38.415.883;27.126.331;508
10040;Konak;38.416.022;27.126.181;284-417-466
10041;Konak;38.416.121;27.126.002;233
10056;Fatih;3.814.023.421.644.420;27.196.591.496.071;792
10057;Fatih;3.813.980.634.421.010;2.719.607.855.386.320;792
10058;Karakuyu Yolu;38.146.886;27.184.758;792
10059;Karakuyu Yolu;38.146.728;27.184.888;792
10083;Çileme Tepe Sokak;38.147.828;27.181.829;792
10084;Çileme Tepe Sokak;38.147.920;27.181.749;792
10085;Çileme Yolu;381.308;27.234.432;792
10086;Çileme Yolu;38.130.830;27.234.350;792
10102;İskele;384.199;271.279;35-36-121-202-253-302-466-838-910-920-930-940-950-951
10103;Belediye Sarayı;384.214;271.297;18-19-20-27-36-121-202-253-302-466-811-838-910-920-930-940-950
10104;Sosyal Sigortalar Kurumu;384.252;271.324;121-202-253-910-920-940-950
10106;Dokuz Eylül Rektörlük;384.305;271.359;121-202-253-910-920-940-950
10107;Dokuz Eylül Rektörlük;384.319;271.375;121-253-920
10108;Alsancak Devlet Hastanesi;3.843.439.260.680.250;2.714.178.832.617.120;121-253-920
10109;Alsancak Devlet Hastanesi;3.843.440.111.949.490;2.714.229.076.784.950;121-253-920
10110;Talatpaşa;3.843.558.261.482.280;27.144.567.309.316;121-253-920
10111;Talatpaşa;384.353;271.442;121-253-920
10112;Halit Ziya;3.842.610.223.041.670;2.713.501.873.760.180;121-202-253-910-920-940-950
10117;Hisarönü;384.224;271.323;23-35-811-930-940-951
10119;Kavaflar;384.224;271.365;35-72-104-105-171-285-374-465-471-484-485-811
10121;Çankaya;38.422.420;27.139.350;41-42-44-45-46-234-302-811-951
10123;Basmane Ptt;3.842.240.058.495.690;2.714.150.036.781.370;34-35-36-39-466-811-838
10124;Çardak 2;3.842.399.454.705.020;2.713.881.952.609.450;34-39-41-42-44-45-46-234
10126;Borsa;384.245;271.346;35-36-302-466-838-930-951
10128;Çardak;38.424.081;27.140.708;35-36-302-466-811-838-951
10130;Şehit Fethibey;3.842.282.720.096.370;2.713.203.690.286.850;41-42
10131;Şehit Fethibey;3.842.331.649.395.760;2.713.229.431.605.970;46
10132;Şehit Fethibey;3.842.357.800.627.960;2.713.244.943.182.510;34
10133;Şehit Fethibey;3.842.380.233.283.730;2.713.257.340.030.020;44
10134;Fahrettin Altay Meydan 7;3.839.677.243.851.040;2.707.025.873.547.320;517-681-879-950
10135;Fahrettin Altay Meydan 6;3.839.665.107.386.320;2.707.152.728.144.950;517-681-811-879-950
10136;Şehit Fethibey;3.842.401.301.942.080;2.713.269.310.034.820;45
10145;Kız Lisesi;384.132;271.222;10-253-302-951
10146;Kız Lisesi;384.132;271.223;10-35-121-253-302-811-951
10147;Karataş Anadolu Lisesi;3.841.064.106.732.220;2.712.112.171.310.730;10-253-302-951
10148;Karataş Anadolu Lisesi;3.841.078.360.486.190;2.712.146.473.327.910;10-35-121-253-302-811-951
10149;Asansör;384.095;271.167;10
10150;Göztepe Depo;3.839.884.045.294.980;2.708.011.032.200.030;10
10151;Yalı;384.094;271.122;10
10152;Güzelyalı;3.839.809.945.495.830;2.708.331.496.555.360;10
10153;Mektupçu;384.086;271.098;10
10154;Faik Bey;3.839.764.045.962.850;2.708.720.345.738.860;10
10155;Mithatpaşa Mesleki ve Teknik Anadolu Lisesi;3.840.731.481.636.720;2.710.738.543.079.180;10
10156;Göztepe;3.839.868.783.884.970;2.709.082.664.220.760;10
10157;Karantina;384.072;271.042;10
10158;Vali Konağı;3.840.099.048.681.490;2.709.321.363.025.810;10
10160;Sadık Bey;3.840.289.447.787.680;2.709.654.946.966.690;10
10161;Köprü;384.059;271.003;10
10162;Köprü;3.840.547.821.759.790;2.709.956.852.352.130;10
10163;Sadık Bey;3.840.320.047.988.850;2.709.660.061.041.830;10
10164;Karantina;3.840.703.547.924.790;2.710.412.714.741.910;10
10165;Vali Konağı;384.009;270.930;10
10166;Mithatpaşa Mesleki ve Teknik Anadolu Lisesi;3.840.737.350.321.020;2.710.779.826.438.370;10
10167;Göztepe;383.986;270.904;10
10168;Mektupçu;3.840.846.750.670.320;2.710.980.154.263.550;10
10169;Faik Bey;383.977;270.868;10
10170;Yalı;3.840.919.202.446.230;2.711.265.605.733.470;10
10171;Güzelyalı;383.981;270.836;10
10172;Asansör;3.840.937.859.638.290;2.711.697.016.157.790;10
10173;Göztepe Depo;383.989;270.798;10
10175;Adnan Saygun Sanat Merkezi;3.839.881.944.951.710;2.707.758.470.050.850;10
10177;Hava Hastanesi;383.982;270.732;5-6-7-10-17-24-25-202-480-486-510-650-671-690-873-977
10178;Adnan Saygun Sanat Merkezi;3.839.856.942.866.340;2.707.628.969.249.320;5-6-7-10-24-25-202-480-486-510-650-945-946-977
10182;Fahrettin Altay Meydan 5;3.839.763.804.989.940;2.707.112.152.870.530;5-6-7-10-24-25-202-480-486-510-650-945-977
10199;Adnan Saygun Sanat Merkezi;38.399.787;27.077.479;5-6-7-17-24-25-202-480-486-510-650-671-690-873-977
10207;Çileme Akar;3.815.131.272.720.120;2.717.930.006.371.580;729-792
10208;Çileme Akar;3.815.113.748.330.560;2.717.936.315.302.790;729-792
10209;Çileme Manav;38.153.665.986.441;2.717.950.608.385.660;729-792
10210;İzmir Mesleki ve Teknik Anadolu Lisesi;3.842.707.830.045.040;2.713.585.676.186.480;202
10211;Çankaya;38.423.520;27.137.560;691-811-940-950
10212;Çileme Manav;3.815.390.574.211.940;2.717.959.108.800.890;729-792
10213;Çankaya;384.235;271.375;680-681
10214;Çileme Sera;38.157.386;27.179.847;729-792
10215;Çankaya;384.232;271.375;470-910-950
10216;Çileme Sera;3.815.751.552.021.920;2.717.979.668.927.490;729-792
10217;Çileme Ekin;3.816.745.582.516.850;2.717.976.825.040.790;729-792
10218;Çileme Ekin;3.816.727.457.521.330;2.717.990.816.232.410;729-792
10219;Tekeli Çiftlik;3.817.252.185.900.860;2.717.905.633.507.540;729-792
10220;Tekeli Çiftlik;38.172.141.362.802;2.717.908.224.728.460;729-792
10221;Tekeli Efe;3.817.392.861.114.680;2.718.291.139.593.950;729-792
10222;Tekeli Efe;3.817.380.410.035.960;2.718.276.334.686.510;729-792
10223;Tekeli Yörük;38.176.267.862.992;2.718.343.623.586.350;729-792
10224;Mezarlıkbaşı;384.207;271.372;234-470-680-681-691-910-940-950
10225;Mezarlıkbaşı;384.210;271.371;18-19-20-811
10226;Kestelli;38.415.294;27.134.829;234-470-680-681-691-910-940-950
10227;Mezarlıkbaşı;38.420.898;27.136.995;470-681-691-910-940-950
10228;Koruluk;38.412.691;27.131.779;234-470-680-681-691-910-940-950
10229;Mezarlıkbaşı;38.420.604.622.397;2.713.694.633.177.680;23-234-680
10230;Tekeli Yörük;3.817.593.410.781.020;2.718.349.127.564.340;729-792
10231;Kestelli;384.156;271.348;18-19-20-23-27-72-104-105-171-234-285-374-465-470-471-484-485-680-681-691-811-910-940-950
10232;Dumlupınar;38.183.725.657.335;2.718.615.990.557.120;701-729-792
10233;Koruluk;384.125;271.313;18-19-20-27-681-811
10234;Tekeli İstasyon;3.818.165.251.454.370;2.718.512.008.055.470;701-729-792
10235;Koruluk;384.123;271.309;23-72-104-105-171-234-285-374-465-470-471-484-485-680-691-910-940-950
10236;Tekeli Esinti;3.818.625.117.060.260;2.718.329.639.564.440;729-792
10240;Kız Yurdu;38.413.220;27.127.212;15-18-19-20-21-23-27-29-30-32-33-72-104-105-152-157-171-193-224-233-285-374-465-471-484-485-508-550-587-588-887
10241;Kız Yurdu;38.412.928;27.127.281;15-29-30-32-33-152-157-193-224-233-508-550-587-588-887
10242;Etnografya Müzesi;384.146;271.289;18-19-20-21-23-27
10243;Tekeli Esinti;3.818.637.692.658.520;27.183.560.442.632;729-792
10244;Tekeli Tarım;38.188.609.191.805;2.718.006.936.628.330;729-792
10245;Tekeli Tarım;3.818.854.253.886.150;27.180.259.325.616;729-792
10246;Bayramyeri;384.085;271.267;15-18-19-20-21-152-508-550-587-588-681-887-910-950
10247;Bayramyeri;384.088;271.267;15-18-19-20-27-152-157-508-550-587-588-681-811-887-910-950
10248;Altıntaş;384.070;271.240;15-18-19-20-21-152-508-550-587-588-681-887-910-950
10251;Altıntaş;384.073;271.241;15-18-19-20-27-152-157-508-550-587-588-681-811-887-910-950
10252;Üçyol Metro;3.840.570.052.003.980;2.712.130.049.962.430;16-18-19-21-84-89-92-108-124-156-490-522-556-588-681-823-950
10254;İzmir Spor;38.404.520;27.119.113;15-20-681
10255;Üçyol Metro;384.059;271.209;18-19-92-108-490-523-524-575-579-950
10257;İzmir Spor;384.049;271.194;15-20-520-575-681-811-950
10259;Şoförler Lokali;38.402.542;27.114.324;15-681-811-950
10260;Develi Mezarlık;3.820.290.705.096.820;2.717.120.154.880.020;792
10262;Şoförler Lokali;384.024;271.144;15-21-681-950
10263;Develi Mezarlık;3.820.266.559.877.240;2.717.130.829.275.950;792
10264;Develi Üçyol;3.820.634.137.565.370;27.170.453.314.414;792
10265;Develi Üçyol;3.820.623.303.818.790;2.717.071.739.200.960;792
10267;Develi Cami;3.820.575.382.605.860;2.716.803.793.018.060;729-792
10268;Develi Cami;3.820.597.222.162.110;2.716.809.093.475.470;729-792
10269;Develi;3.820.368.821.321.630;2.716.464.845.461.930;729-792
10270;Hakimevleri;384.008;270.989;681-950
10271;Hakimevleri;384.012;270.988;681-811-950
10272;Susuzdede;383.984;270.951;681-950
10273;Susuz Dede;383.982;270.948;681-811-950
10274;Amerikan Koleji;383.951;270.922;681-950
10275;Amerikan Koleji;383.949;270.912;681-811-950
10276;Uğur Mumcu Parkı;38.402.798;27.116.099;92-108
10278;Palamutarası Giriş;3.808.768.159.007.990;27.226.358.736.839;792
10280;Hıfzıssıhha;383.929;270.862;517-681-879-950
10281;Denizmen;38.393.777;27.080.654;517-681-811-879-950
10282;Çeşme;384.015;271.095;15-681-950
10283;Göztepe Stadı;383.951;270.761;517-681-811-879-950
10285;Hatay Çeşme;3.840.170.083.477.370;2.710.939.919.793.030;15-681-811-950
10286;Nokta;384.014;271.054;681-950
10287;Nokta;384.015;271.049;681-811-950
10289;Hıfzıssıhha;38.393.188;27.085.855;517-681-811-879-950
10290;Denizmen;383.936;270.806;517-681-879-950
10291;Palamutarası Giriş;3.808.756.841.144.980;2.722.649.119.414.140;792
10292;Göztepe Stadı;383.949;270.759;517-681-879-950
10293;Atatürk Eğtim ve Araştırma Hastanesi Hatay Ek Binası;3.840.340.950.404.250;2.711.323.353.868.520;21
10295;Murat Reis Cami;3.840.506.650.747.280;2.711.375.553.300.440;21
10298;Üçyol Aktarma;384.040;271.183;92-108
10300;Üçyol Aktarma;384.039;271.181;89-490
10304;Üçyol Aktarma;384.037;271.178;522
10306;Üçyol Aktarma;384.035;271.176;124-524
10308;Üçyol Aktarma;384.033;271.173;156-556
10310;Üçyol Aktarma;38.403.164;27.117.180;523-823
10312;Üçyol Aktarma;38.403.375;27.117.118;16-84-520-575
10321;Kent Müzesi;384.248;271.385;470-680-681-691-910-930-940-950
10322;Kent Müzesi;3.842.628.058.645.530;2.713.954.571.993.180;470-680-681-691-910-930-940-950
10323;Montrö;3.842.860.061.960.840;2.714.170.038.060.030;49-681-940
10324;Montrö;3.842.925.789.815.760;2.714.164.933.939.070;680-811-951
10327;Lozan;384.310;271.426;811-951
10329;Hocazade Cami;384.332;271.444;930-951
10330;Montrö;3.842.875.511.386.710;2.714.154.294.074.650;202-691-910-930-940-950
10332;Lozan;3.843.114.931.549.620;2.714.246.584.439.410;930-951
10333;Tekel;384.357;271.468;930-951
10336;Hocazade Cami;384.337;271.444;930-951
10338;Tekel;384.357;271.464;930-951
10349;Mürsel Paşa;38.424.030;27.145.440;951
10350;Mürsel Paşa;384.242;271.455;811-951
10353;Kültürpark;3.842.695.059.356.830;2.714.167.035.233.920;49-811
10356;Basmane Gar;384.223;271.448;34-35-36-39-41-42-44-45-46-49-302-466-838
10357;Basmane Gar;384.224;271.455;34-35-36-39-41-42-44-45-46-49-302-466-838
10358;Kemer;3.842.242.721.567.940;2.714.891.767.477.980;34-35-36-39-41-42-44-45-46-49-302-466-838
10359;Kemer 1;384.221;271.503;35-49-302
10361;Kemer 2;384.220;271.506;34-36-39-41-42-44-45-46-466-838
;Eşref Paşa Hastanesi;384.234;27.16;44-45-54-57-58-59-60-64-117-153-214-249-302-367-418-662-699
10363;Eşref Paşa Hastanesi;3.842.324.981.091.650;2.716.153.367.627.210;44-45-49-54-57-58-59-60-64-117-153-214-249-302-367-418-662-699
10364;Ziya Gökalp Ortaokulu;3.842.330.062.922.950;27.162.700.273.705;44-45-54-57-58-59-60-64-117-153-214-249-302-367-418-662-699
10365;Ziya Gökalp Ortaokulu;3.842.325.191.660.630;2.716.311.655.634.750;44-45-49-54-57-58-59-60-64-117-153-214-249-302-367-418-662-699
10366;Tepecik Doğum Hastanesi;3.842.400.063.809.280;2.716.620.025.637.120;44-45-54-57-58-59-60-64-117-153-214-249-302-367-418-662-699
10367;Tepecik Doğum Hastanesi;3.842.390.063.807.880;2.716.630.025.630.480;44-45-54-57-58-59-60-64-117-153-214-249-302-367-418-662-699
10368;Yenişehir PTT;38.424.802;27.169.150;44-45-54-57-58-59-60-64-117-153-214-249-302-367-418-662-699
10369;Yenişehir PTT;38.424.750;27.170.082;44-45-54-57-58-59-60-64-117-153-214-249-302-367-418-662-699
10370;Halkapınar İZSU;3.842.560.065.718.020;2.717.340.022.002.770;54-57-58-59-60-64-117-153-154-214-249-302-367-662-699
10371;Halkapınar İZSU;3.842.560.065.892.380;2.717.420.021.664.660;54-57-58-59-60-64-117-153-154-214-249-302-367-662-699
10384;Çayırlı Bahçe;38.425.881.779.462;2.714.748.491.199.180;811-951
10385;Çayırlı Bahçe;3.842.601.060.403.520;27.147.710.328.969;951
10386;Dispanser;3.842.770.553.684.820;2.714.946.762.093.140;811-951
10387;Kahramanlar Dispanser;3.842.759.826.724.840;2.714.965.366.640.180;951
10388;Mimar Sinan;38.430.330;27.148.620;811-951
10389;Mimar Sinan;38.430.370;271.489;951
10390;26 Ağustos Kapısı;3.843.115.634.761.910;2.714.555.590.907.530;811-951
10391;26 Ağustos Kapısı;3.843.117.118.919.910;2.714.583.556.475.830;951
10413;Alsancak Gar;38.438.424;27.147.495;121-951
10415;Alsancak Gar;38.438.517;27.147.629;121-253-920-930-951
10418;Alsancak Gar;3.843.978.156.949.220;2.714.805.139.979.090;121-253-912-951-963
10421;Tariş;384.402;271.508;121-912-920-930-951-963
10423;Tariş;38.440.270;271.508;
10424;Liman;3.844.030.063.490.780;2.714.990.026.733.180;121-912-920-930-951
10425;Liman;384.405;271.556;121-912-920-930-951-963
10426;Umur Bey;384.402;271.577;253-930-951
10428;Aydibi;384.396;271.601;253-930-951
10430;Yaşar Üniversitesi;384.391;271.621;253-930-951
10449;Basın;38.437.940;27.154.178;253
10451;Umurbey Depolar;3.843.532.263.718.870;2.715.495.426.362.370;253
10453;İzelman;38.432.203;27.155.908;253
10454;Halkapınar Metro;3.843.350.166.527.690;2.716.904.420.842.610;515-534
10455;Halkapınar Metro;3.843.347.028.641.380;2.716.881.278.932.620;543
10456;Halkapınar Metro;3.843.341.066.482.650;2.716.893.320.926.890;498
10457;Halkapınar Metro;3.843.340.766.564.220;2.716.929.320.770.860;168-930
10458;Halkapınar Metro;3.843.329.466.403.960;27.168.698.210.751;
10459;Halkapınar Metro;3.843.314.766.464.440;2.716.910.320.955.990;102-504
10460;Halkapınar Metro;3.843.325.366.481.280;2.716.907.620.926.150;503-513-599
10462;Halkapınar Metro;38.433.149;27.169.282;501-502
10463;Halkapınar Metro;38.432.924;27.169.364;364
10464;Halkapınar Metro;38.433.038;27.169.396;154
10465;Eski Sümerbank;38.436.391;27.158.815;253
10467;Milli Eğitim Lojmanları;38.434.892;27.157.821;253
10469;Halkapınar Metro;38.433.093;27.169.763;53
10470;Halkapınar Metro;38.432.826;27.169.620;475
10471;Halkapınar Metro;38.432.766;27.169.153;564
10473;Halkapınar Metro;38.433.106;27.168.841;560
10491;Halkapınar 2;3.843.547.966.690.410;2.716.790.920.557.190;147-335-434
10492;Halkapınar 2;38.435.487.714.442;2.716.801.181.678.610;77-477-577
10493;Halkapınar 2;3.843.545.689.106.150;2.716.813.211.318.450;240
10494;Halkapınar 2;3.843.546.943.042.690;2.716.825.129.088.490;78-148-426
10496;Halkapınar 2;3.843.549.776.255.390;27.168.419.277.662;253-951
10502;Fahrettin Altay Meydan 8;3.839.639.758.669.010;27.069.755.385.092;311-551-945-946
10503;Mehmetçik;38.395.650;27.069.415;311-486-517-551-681-879-945-946
10504;Fahrettin Altay;383.872;270.730;311-517-551-681-879-945-946
10505;Ordu Pazarı;383.925;270.714;486-517-551-681-879
10506;Mehmetçik;3.839.520.043.630.860;2.706.970.073.976.070;486-517-681-879
10507;İkinci Oyak Sitesi;383.899;270.716;486-517-551-681-879
10512;Ordu Pazarı;38.393.052;27.070.934;486-517-551-681-879
10514;İkinci Oyak Sitesi;3.838.956.843.232.170;2.707.133.173.839.110;517-551-681-879
10517;Demokrasi Üniversitesi;3.839.260.043.661.730;2.707.230.073.120.330;311-945-946
10518;Demokrasi Üniversitesi;3.839.321.590.205.340;27.072.046.176.132;311-945-946
10519;Sadettin Tezcan Özel Eğitim Meslek Okulu;3.839.040.043.590.540;2.707.380.072.694.450;311-945-946
10520;Sadettin Tezcan Özel Eğitim Meslek Okulu;3.839.040.043.557.670;2.707.350.072.823.880;311-945-946
10521;Esentepe Aile Hekimliği;383.902;270.756;311-945-946
10522;Esentepe Aile Hekimliği;383.903;270.756;311-945-946
10523;Esentepe Kültür Merkezi;3.838.870.043.637.130;2.707.600.071.913.750;311-945-946
10524;Esentepe Kültür Merkezi;383.889;270.761;311-945-946
10525;Öğretmenler ve Şeker Mevhibe Ortaokulu;3.838.757.186.415.620;2.707.745.525.790.970;311-945
10526;Öğretmenler ve Şeker Mevhibe Ortaokulu;3.838.760.043.678.890;2.707.760.071.334.610;311-945
10527;Orkide;383.861;270.772;311-945-946
10528;Orkide;383.862;270.783;311-945-946
10529;Gelinler;383.864;270.752;311-945-946
10530;Gelinler;383.862;270.759;311-945-946
10531;Esentepe Basket Sahası;3.838.810.114.524.390;2.707.399.999.280.690;311-945-946
10532;Esentepe Basket Sahası;3.838.747.543.951.420;2.707.424.770.570.970;311-945-946
10533;Çocuk parkı;383.893;270.721;311-945-946
10534;Çocuk parkı;3.838.919.461.843.170;2.707.225.336.246.320;311-945-946
10543;Fevzi Çakmak;383.908;270.696;486
10544;Fevzi Çakmak;383.907;270.696;486
10545;Oyak Sitesi Son Durak;383.917;270.676;486
10554;Vasıf Çınar;3.843.021.633.943.970;2.714.076.039.539.910;202-910-940-950
10559;Küçük Park;383.701;270.847;25
10561;Meşale;38.362.144;27.084.768;25-517-522-671-873-877
10562;Meşale;383.623;270.844;25-517-522-671-873-877
10563;Olimpiyat Köyü Giriş;38.366.584;27.082.767;25
10564;Olimpiyat Köyü Giriş;383.663;270.829;25
10565;Olimpiyat Köyü Çarşı;383.712;270.821;25
10566;Olimpiyat Köyü Çarşı;383.711;270.818;25
10567;Atletizm;383.712;270.833;25
10568;Atletizm;383.712;270.836;25
10569;Olimpiyat Köy Havuzu;3.836.980.042.087.470;2.708.660.068.749.340;25
10570;Olimpiyat Köy Havuzu;3.836.990.042.094.830;2.708.650.068.785.540;25
10571;Olimpiyat Köyü;3.837.154.766.420.750;2.708.739.420.449.470;25
10574;Ülkü Sineması;384.184;271.578;34-39-418-466-838
10575;Ülkü Sineması;384.186;271.578;34-39-418-466-838
10576;Gürçeşme;384.162;271.592;34-39-418-466-838
10577;Gürçeşme;384.166;271.591;34-39-418-466-838
10578;Gürçeşme Cami;384.141;271.607;34-39-418-466-838
10579;Gürçeşme Cami;384.140;271.608;34-39-418-466-838
10580;İsmet Paşa Sağlık Ocağı;38.410.780;27.159.625;39-418-466-838
10581;İsmet Paşa Sağlık Ocağı;38.410.443;27.159.612;39-418-466-838
10582;İğdeli Kahve;384.078;271.568;418-466
10583;İğdeli Kahve;3.840.782.816.814.610;2.715.707.036.405.150;418-466
10584;Yeni Cami;384.065;271.544;418-466
10585;Yeni Cami;3.840.684.557.784.940;2.715.505.335.734.530;418-466
10586;Gürçeşme Karakol;384.048;271.521;418-466
10597;Beyazevler Sağlık Ocağı;383.422;271.399;232-233-353-491-818
10598;Beyazevler Sağlık Ocağı;383.422;271.401;232-233-353-491-818
10605;Mevlüt Aysun Özer İlkokulu;38.340.100.390.642;2.714.214.449.731.570;232-233-353-818
10606;Mevlüt Aysun Özer İlkokulu;38.340.300.391.432;2.714.260.049.595.190;232-233-353-818
10611;Osman Öksüz Parkı;3.840.418.413.260.680;2.712.264.367.467.120;27-84-89-92-108-124-156-157-522-550-556-587-588-823
10612;Osman Öksüz Parkı;384.036;271.234;92-108-152-490-508-550-587-887-910
10613;Üçyol Sevgi Yolu Parkı;3.840.498.452.014.920;2.712.217.049.757.020;152-508-910
10615;İller Bankası;384.002;271.272;27-92-108-152-156-157-490-508-887-910
10616;İller Bankası;38.400.760;27.126.867;92-108-152-490-508-887-910
10617;Elka;383.978;271.303;27-92-108-152-156-157-490-508-691-887-910
10618;Elka;383.973;271.315;27-92-108-152-156-157-508-691-887-910
10622;Ataköy Güven;38.089.997.071.945;2.718.072.194.738.790;775
10623;Ataköy Güven;3.808.986.807.413.330;2.718.014.694.382.950;775
10625;Hasan Hüseyinler;38.392.116;27.134.438;27-92-108-152-156-157-200-508-539-691-887-910
10626;Hasan Hüseyinler;38.391.845;27.134.899;27-92-108-152-156-157-508-691-887-910
10628;Orcaner;38.386.986;27.134.977;27-92-108-152-156-157-200-508-539-691-887-910
10629;Orcaner;3.838.685.950.213.230;2.713.442.448.423.920;27-92-108-152-156-157-200-508-539-691-887-910
10630;Çitlenbik;383.839;271.351;27-92-152-156-157-200-508-539-691-887-910
10631;Çitlenbik;38.382.290;27.134.537;27-92-152-156-157-200-508-539-691-887-910
10632;Kaymakkuyu;3.838.019.148.807.610;2.713.500.749.274.960;27-92-152-156-157-200-508-539-691-887-910
10633;Kaymakkuyu;38.378.260;27.134.584;92-152-200-508-539-691-887-910
10634;Karabağlar Cumhuriyet Anadolu Lisesi;3.837.625.047.915.360;2.713.508.749.798.370;92-152-200-508-539-691-887-910
10635;Karabağlar Cumhuriyet Anadolu Lisesi;3.837.333.747.205.690;2.713.479.350.274.230;92-152-200-508-539-691-887-910
10636;Söğüt;383.718;271.356;92-152-200-508-539-691-887-910
10637;Kızılcık;383.701;271.356;152-200-508-539-691-887-910
10638;Kızılcık;38.369.984;27.136.067;92-152-200-508-539-691-887-910
10639;Paşa Köprüsü;38.367.506;27.136.315;152-200-508-539-691-887-910
10640;Paşa Köprüsü;3.836.777.946.062.750;2.713.666.650.217.180;152-200-508-539-691-887-910
10641;Karabağlar;3.836.415.845.208.370;2.713.710.850.401.530;152-200-508-539-691-887-910
10642;Karabağlar;3.836.411.145.237.020;2.713.756.150.248.530;152-200-508-539-691-887-910
10644;TRT;3.825.439.796.284.820;2.725.786.322.884.750;697-705-806-858
10645;TRT;3.825.399.996.016.290;2.725.790.222.820.730;697-705-806-858
10646;Selçuk Şehit Erol Olçok Anadolu Lisesi;3.794.530.548.652.830;2.736.730.402.441.040;693-694-743-770
10647;Selçuk Şehit Erol Olçok Anadolu Lisesi;3.794.521.903.731.490;2.736.695.271.711.220;693-694-743-770
10648;Torbalı Devlet Hastanesi;38.176.774;27.358.171;697-713-714-715-795-806
10649;Torbalı Devlet Hastanesi;38.176.407;27.358.611;697-713-714-715-795-806
10651;Sinem;383.596;271.363;152-200-485-508-539-691-887-910
10652;Sinem;383.603;271.371;152-200-485-508-539-691-887-910
10653;Gaziemir Semt Garajı;3.835.704.343.223.810;2.713.478.951.690.810;152-200-508-516-539-610-691-823-828-877-879-887-891-910
10654;Gaziemir Semt Garajı;3.835.730.273.828.890;2.713.562.151.352.840;152-200-516-539-691-887-910
10655;Emrez;383.555;271.340;152-200-508-516-539-610-691-823-828-877-879-887-891-910
10656;Aktepe;383.526;271.340;152-200-508-516-539-610-691-823-828-877-879-887-891-910
10657;Aktepe;383.518;271.334;152-200-508-516-539-610-691-823-828-877-879-887-891-910
10659;Altıncı Sanayi Kavşağı;383.408;271.331;200-202-204-206-510-697-806-858-910
10660;Ege Serbest Bölge;3.833.720.037.903.390;2.713.400.052.134.810;152-200-202-204-206-353-508-510-691-697-806-808-828-858-887-891-910
10661;Ege Serbest Bölge;3.833.572.337.484.640;2.713.377.552.146.880;152-200-202-204-206-353-508-510-691-697-806-808-858-887-891-910
10662;Leylak;383.331;271.348;152-200-202-204-206-353-508-510-691-697-806-808-858-887-891-910
10663;Leylak;383.309;271.352;152-200-202-204-206-353-508-510-691-697-806-808-858-887-891-910
10664;Ulaştırma;3.832.970.692.778.010;2.713.591.787.668.570;152-200-202-204-206-353-508-510-691-697-806-808-858-887-891-910
10665;Ulaştırma;383.282;271.360;152-200-202-204-206-353-508-510-691-697-806-808-858-887-891-910
10666;Askeri Lojmanlar;383.237;271.371;200-202-204-206-508-697-806-808-858-887
10667;Gaziemir Alt Geçidi;383.247;271.366;200-202-204-206-508-697-806-808-858-887
10668;Kolej;3.832.090.033.244.540;27.137.900.499.160;200-202-204-206-508-697-806-808-858-887
10669;Kolej;3.832.090.033.242.450;2.713.760.049.997.230;200-202-204-206-508-697-806-808-858-887
10670;Gaziemir İlçe Emniyet;383.169;271.406;200-202-204-206-508-697-806-808-858-887
10671;Gaziemir İlçe Emniyet;383.167;271.404;200-202-204-206-508-697-806-808-858-887
10672;Sarnıç Alt Geçidi;3.831.280.030.693.980;2.714.260.047.754.620;697-806-858-887
10673;Sarnıç Alt Geçidi;3.831.139.449.309.730;2.714.212.538.673.960;202-204-206-697-806-858
10674;Emlak Bankası Evleri;383.087;271.426;200-202-204-206-508-697-806-808-858
10675;Emlak Bankası Evleri;38.309.092;27.142.331;200-202-204-206-508-697-806-808-858
10676;Seçkinler Sitesi;383.061;271.418;200-202-204-206-508-697-806-808-858
10677;Seçkinler Sitesi;383.061;271.415;200-202-204-206-508-697-806-808-858
10678;Gaziemir Aktarma Merkezi;3.835.726.350.954.580;2.713.556.170.159.840;485-508-610-823-828-877-879-891
10679;Akçay;38.310.871;27.142.586;200-202-204-206-508-697-806-808-858
10681;Tarım Kooperatifi;37.963.707;27.373.080;743-770
10682;Tarım Kooperatifi;37.963.480;27.373.373;743-770
10685;Ürkmez Kumsal;3.807.732.565.431.530;2.693.997.990.758.850;776-986-987-989
10686;Ürkmez Kumsal;3.807.709.715.858.090;26.940.125.537.737;776-986-987-989
10687;Havalimanı;3.829.537.111.361.890;2.714.036.417.473.950;508-808
10689;Egeay;3.806.761.785.204.380;2.742.429.594.430.970;770
10690;Egeay;38.068.226.002.953;2.742.525.461.222.460;770
10691;Şehit Jandarma Uzman Çavuş Hüseyin Tosun;38.228.769;27.268.161;701-709
10692;Şehit Jandarma Uzman Çavuş Hüseyin Tosun;38.228.302;27.267.604;701-709
10693;Gümüşsuyu Orman Kampı;3.807.788.596.714.180;2.697.526.973.897.220;776-778-986-987
10694;Gümüşsuyu Orman Kampı;38.077.566;26.975.715;776-778-986-987
10695;Görece Fidanlık;38.273.866;27.132.956;508-808
10700;Zeytinlik;38.270.374;27.133.213;508-808
10701;Dokuz Eylül;38.264.730;27.132.012;508-808
10703;Menderes sanayi;38.247.814.165.610;2.713.361.360.245.260;508-707-799-804-808-814
10704;Dokuz Eylül;38.264.704;27.132.348;508-808
10705;Ahmet Necdet Sezer;382.807;271.335;508
10706;Ahmet Necdet Sezer;38.282.340;27.134.183;508
10707;Kışlalı;38.29;271.377;508-808
10708;Kışlalı;38.290.125;27.137.942;508-808
10709;Boncuk;38.286.370;27.136.094;508
10710;Boncuk;382.861;271.364;508
10711;Menderes Park;38.260.475;27.130.151;508-729-775-776-792-794-808
10712;Menderes Park;382.610;271.303;508-729-775-776-792-794-808
10713;Menderes Anadolu Lisesi;3.825.890.012.887.290;2.713.030.035.566.310;508-729-775-776-792-794-808-814
10714;Menderes Anadolu Lisesi;3.825.830.721.001.650;2.713.056.082.520.130;508-729-775-776-792-794-808-814
10715;Menderes Sağlık Ocağı;382.569;271.307;508-729-775-776-792-794-808-814
10716;Kereste Fabrikası;38.094.205;27.406.394;770
10717;Sümerbank;382.544;271.308;508-707-789-799-804-808-814-829
10718;Sümerbank;382.546;271.309;508-707-789-799-804-808-814-829
10719;Menderes Belediyesi;382.521;271.325;508-707-789-799-804-808-814-829
10720;Menderes Belediyesi;38.251.729;27.134.173;508-707-789-799-804-808-814-829
10721;Menderes Ziraat Odası;38.249.563;27.132.929;508-707-799-804-808-814-829
10722;Cüneytbey Cami;38.250.000.090.660;2.713.400.031.094.370;508-707-789-799-804-808-814-829
10725;Kereste Fabrikası;38.093.574;27.406.054;770
10726;Menderes Sanayi;3.824.772.516.450.450;2.713.375.660.123.560;508-707-799-804-814
10727;Kolej;38.111.266;27.410.312;770
10728;Kolej;38.111.599;27.410.557;770
10729;Çırpı Konutlar;381.728;274.959;727-788-858
10730;Çırpı Konutlar;381.730;274.959;727-788-858
10731;Görece Çıkış;3.828.778.522.594.250;2.713.577.244.433.280;808
10732;Görece Çıkış;3.828.749.222.531.950;2.713.515.544.485.160;808
10733;Fevzi Çakmak;38.288.870;27.134.160;808
10734;Fevzi Çakmak;38.288.870;27.134.040;808
10735;Görece Muhtarlık;38.290.490;27.132.740;808
10736;Görece Muhtarlık;38.290.083;27.132.387;808
10737;Görece Trafo;38.291.210;27.13;808
10738;Görece Trafo;38.291.160;27.129.960;808
10739;Görece Alışveriş Merkezi;38.289.950;27.127.540;808
10740;Görece Alışveriş Merkezi;38.289.840;27.127.210;808
10741;Görece Cami;38.287.980;271.255;808
10742;Görece Cami;38.287.749;27.125.579;808
10743;Görece Sağlık Ocağı;38.286.449;27.122.682;808
10744;Görece Sağlık Ocağı;38.286.319;27.122.869;808
10745;Görece Spor Salonu;38.283.110;27.122.190;808
10746;Görece Spor Salonu;38.283.140;27.122.310;808
10747;Görece Son Durak;38.278.720;27.123.941;808
10748;Görece Son Durak;38.278.678;27.123.950;808
10749;Develi Çıkış;38.199.938;27.162.943;775
10750;Develi Çıkış;38.200.297;27.163.001;775
10751;Tarım Ürünleri Deposu;38.017.663;27.438.791;743-770
10752;Tarım Ürünleri Deposu;38.017.610;27.439.206;743-770
10753;Altınordu Tesisleri;3.804.858.606.180.880;2.743.793.497.750.550;770
10754;Altınordu Tesisleri;38.048.608;27.438.298;770
10755;Görece Park;3.827.756.019.850.280;2.712.599.043.380.970;808
10756;Görece Park;3.827.754.022.220.220;2.712.646.924.530.080;808
10757;Görece Giriş;38.276.473;27.129.806;808
10758;Görece Giriş;38.276.510;27.129.990;808
10759;Çamlık;3.828.018.252.678.870;2.720.000.336.367.920;697-705-707-806-858
10762;Havalimanı;3.829.480.624.706.560;2.714.139.744.917.320;508-697-806-808-858
10775;Kısık Sanayi Estim;3.827.900.015.315.390;2.719.530.032.149.890;697-705-707-806-858
10776;Dizdarlar;382.808;272.083;697-705-707-806-858
10777;Dizdarlar;382.801;272.092;697-705-707-806-858
10779;Gişeler;382.768;272.156;697-705-707-806-858
10780;Ayçiçeği;3.827.271.109.808.670;2.723.017.327.165.490;697-705-707-806-858
10781;Barbaros;3.825.029.009.642.670;27.130.700.316.801;789-829
10782;Barbaros;3.825.029.409.688.120;2.713.038.931.725.160;789-829
10783;Ayçiçeği;38.271.950;27.231.867;697-705-707-806-858
10784;Gişeler;3.827.680.012.907.840;2.721.650.029.140.280;697-705-707-806-858
10785;Soğutma Fabrikası;382.809;272.039;697-705-707-806-858
10786;Yeşilköy;38.269.586;27.238.007;697-705-707-806-858
10787;Yeşilköy;38.269.338;27.237.935;697-705-707-806-858
10788;Mersinli Kahve Cami;3.826.595.409.863.990;2.724.296.750.489.660;697-705-707-806-858
10789;Mersinli Kahve Cami;382.661;272.423;697-705-707-806-858
10791;Oğlananası;3.826.330.003.141.690;2.724.500.024.745.770;697-705-806-858
10792;Ayrancılar Gölet;3.825.669.998.129.740;2.725.440.023.339.410;697-705-806-858
10793;Ayrancılar Gölet;38.256.431.979.672;2.725.426.723.301.810;697-705-806-858
10794;Türkmenköy Jandarma;3.824.999.906.841.720;2.726.468.217.216.240;697-705-709-712-806-858
10795;Türkmenköy Jandarma;3.825.004.172.703.880;2.726.399.864.679.820;697-705-709-712-806-858
10796;Üç Pınarlar;3.824.783.531.688.080;2.726.763.651.974.350;697-705-709-712-806-858
10797;Üç Pınarlar;3.824.772.301.435.410;2.726.750.135.603.520;697-705-709-712-806-858
10798;Emlakçılar;382.459;272.703;697-705-709-712-806-858
10799;Emlakçılar;3.824.598.589.291.990;2.726.949.821.423.530;697-705-709-712-806-858
10800;Egekent 4 Kavşak;382.422;272.736;697-705-709-806-858
10801;Egekent 4 Kavşak;38.242.699.865.602;2.727.280.020.900.470;697-701-705-709-806-858
10802;Ayrancılar Mezarlık;382.403;272.759;697-701-705-709-806-858
10803;Ayrancılar Mezarlık;3.823.959.983.871.780;2.727.630.020.430.270;697-701-705-709-806-858
10804;Havuzlu;382.363;272.889;697-701-705-712-806-858
10806;Sekseninci Yıl Cumhuriyet Parkı;382.385;272.792;697-701-705-709-806-858
10807;Sekseninci Yıl Cumhuriyet Parkı;382.380;272.804;697-701-705-709-806-858
10808;Ayrancılar Petrol Ofisi;382.378;272.831;697-701-705-712-806-858
10809;Ayrancılar Petrol Ofisi;38.237.327;27.284.178;697-701-705-712-806-858
10810;Tevfik Fikret;382.350;272.909;697-701-705-712-806-858
10812;Bahçelievler;3.823.380.954.667.790;2.729.261.240.326.360;697-701-705-712-806-858
10813;Bahçelievler;382.325;272.940;697-701-806-858
10814;Ayrancılar Un Fabrikası;3.823.039.973.844.840;2.729.820.019.964.660;697-701-712-806-858
10815;Ayrancılar Un Fabrikası;3.823.009.973.616.950;2.729.810.019.905.140;697-701-712-806-858
10816;Selviler;3.822.819.971.435.860;2.730.250.019.935.090;697-701-712-806-858
10817;Selviler;3.822.779.971.062.980;2.730.280.019.892.260;697-701-712-806-858
10818;Ventola;382.266;273.056;697-701-712-806-858
10819;Ventola;38.226.660;27.305.161;697-701-712-806-858
10820;Yazıbaşı;382.240;273.111;697-701-712-806-858
10821;Yazıbaşı;382.238;273.109;697-701-712-806-858
10822;Aksan;382.223;273.144;697-701-712-722-806-858
10823;Aksan;382.220;273.145;697-701-712-722-806-858
10824;Oğlananası;3.826.313.803.001.470;2.724.549.324.694.710;697-705-806-858
10825;Havuzlu;3.823.539.478.930.730;27.289.931.202.756;697-701-705-712-806-858
10826;Namet;38.22;273.191;697-701-712-722-806-858
10827;Namet;3.821.945.061.361.150;2.731.954.720.253.980;697-701-712-722-806-858
10828;Beşyol;3.821.746.058.848.290;2.732.407.720.515.130;697-701-712-722-806-858
10829;Beşyol;3.821.678.958.088.990;27.325.012.205.321;697-701-712-722-806-858
10830;Kuşçuburun Karayolları;3.821.591.656.914.910;2.732.730.120.710.620;697-701-712-722-806-858
10831;Kuşçuburun Karayolları;3.821.565.056.670.390;27.327.315.206.687;697-701-712-722-806-858
10832;Kuşcuburun Barbaros Ortaokulu;3.821.518.956.004.040;2.732.876.720.804.030;697-701-712-722-806-858
10833;Kuşcuburun Barbaros Ortaokulu.;3.821.459.955.338.420;2.732.950.020.815.540;697-701-712-722-806-858
10834;Yüksek Kahve;3.821.426.054.831.280;2.733.064.220.931.540;697-701-712-722-806-858
10835;Yüksek Kahve;382.134;273.315;697-701-712-722-806-858
10838;Beşevler Çeşme;38.209.822;27.335.330;697-701-712-722-806-858
10839;Beşevler Çeşme;3.820.965.749.759.630;2.733.505.820.861.820;697-701-712-722-806-858
10840;Reysaş;3.820.467.444.327.570;2.733.870.720.606.980;697-701-712-722-806-858
10841;Reysaş;3.820.574.145.564.960;2.733.760.020.602.780;697-701-712-722-806-858
10842;Camel;381.937;273.458;697-701-712-722-806-858
10843;Camel;381.938;273.455;697-701-712-722-806-858
10844;Temel;381.912;273.476;697-701-712-722-806-858
10845;Temel;381.910;273.474;697-701-712-722-806-858
10846;Çapak Yolu;3.818.775.524.681.060;2.735.168.719.833.630;697-701-712-722-806-858
10847;Çapak Yolu;381.875;273.514;697-701-712-722-806-858
10848;Çetineller Otel;381.853;273.529;697-701-712-719-722-806-858
10849;Çetineller Otel;38.185.370;27.352.480;697-701-712-722-806-858
10852;Torbalı Ticaret Odası;3.817.974.115.499.560;2.735.502.018.684.060;697-712-713-715-722-795-806-858
10853;Torbalı Ticaret Odası;3.817.941.515.183.190;2.735.491.318.566.560;697-712-713-715-722-795-806-858
10860;Torbalı Garajı;381.464;273.668;714-715-858
10862;Elif;381.514;273.664;714-715-858
10864;Torbalı Galeri;381.485;273.669;714-715-858
10865;Otel;3.814.302.271.046.380;2.736.716.210.021.480;701-712-713-719-721-722-724-727-763-770-780-781-782-783-784-785-786-795-798-858
10866;Torbalı Garajı;38.146.380;27.366.503;714-715-858
10867;Şehit Uzman Çavuş Mehmet Onur Özbent;381.372;273.704;701-712-713-719-721-722-724-727-763-770-780-781-782-783-784-785-786-795-798-858
10868;Otel;381.418;273.681;701-712-713-719-721-722-724-727-763-770-780-781-782-783-784-785-786-795-798-858
10869;Çaybaşı Lambalar;38.133.089.554.263;2.737.734.409.974.190;719-727-770-780-781-782-786-798-858
10870;Yemişlik;38.139.721;27.369.404;701-712-713-719-721-722-724-727-763-770-780-781-782-783-784-785-786-795-798-858
10871;Çaybaşı Mermerci;381.324;273.788;727-770-780-781-798-858
10872;Şehit Uzman Çavuş Mehmet Onur Özbent;38.137.152;27.370.745;701-712-713-719-721-722-724-727-763-770-780-781-782-783-784-785-786-795-798-858
10873;Sepici;38.129.374.476.944;2.738.538.011.985.520;727-770-780-781-798-858
10874;Çaybaşı Lambalar;3.813.410.034.827.670;2.737.535.372.748.640;701-727-770-780-781-782-786-798-858
10875;Bölge Trafik;38.127.590.438.851;2.738.930.913.053.790;727-770-780-781-798-858
10876;Çaybaşı Mermerci;381.329;273.786;727-770-780-781-798-858
10877;Şahtaş;3.812.388.659.441.560;2.739.738.928.332.880;727-770-780-781-798-858
10878;Sepici;38.129.556;27.385.485;727-770-780-781-798-858
10879;Doğanay;38.121.198.299.432;2.740.320.017.168.510;727-770-780-781-798-858
10880;Bölge Trafik;3.812.789.844.317.010;2.738.920.013.138.140;727-770-780-781-798-858
10881; Pamukyazı Tamsa Seramik Fabrikası A.Ş. İlkokulu;3.812.039.428.172.630;2.740.489.017.698.080;727-770-780-781-798-858
10882;Şahtaş;3.812.430.722.512.740;2.739.680.855.788.290;727-770-780-781-798-858
10883;Pamukyazı Merkez;3.811.821.524.035.510;2.740.781.118.292.820;727-770-780-781-798-858
10884;Doğanay;3.812.170.766.891.760;2.740.241.050.659.090;727-770-780-781-798-858
10886; Pamukyazı Tamsa Seramik Fabrikası A.Ş. İlkokulu;3.812.009.827.397.340;2.740.580.018.045.980;727-770-780-781-798-858
10887;Selçuk Kavşağı;3.811.507.618.317.310;27.411.271.187.864;770
10888;Pamukyazı Merkez;3.811.816.353.779.580;2.740.824.918.503.780;727-770-780-781-798-858
10889;Fabrikalar;38.101.859;27.408.057;770
10891;Sağlık;3.808.852.985.043.570;2.740.468.800.856.680;770
10892;Selçuk Kavşağı;3.811.507.818.236.920;2.741.146.218.891.850;770
10893;Tulum;380.795;274.085;770
10894;Fabrikalar;38.101.860;27.408.245;770
10895;Şehit Yüzbaşı Cengiz Topel;3.806.064.455.872.940;2.743.204.798.477.870;770
10896;Sağlık;3.808.853.284.832.940;2.740.509.801.117.550;770
10897;Belevi Kavşak;38.020.471;27.442.161;743-770
10898;Tulum;380.798;27.408.447;770
10899;Küçük Menderes Nehri;38.012.344;27.435.068;743-770
10900;Şehit Yüzbaşı Cengiz Topel;38.060.652;27.433.003;770
10901;Zeytin Köy;379.598;273.721;693-743-770
10902;Belevi Kavşak;38.020.619;27.442.276;743-770
10903;Yemişlik;38.139.949;27.368.830;701-712-713-719-721-722-724-727-763-770-780-781-782-783-784-785-786-795-798-858
10904;Küçük Menderes Nehri;380.128;274.357;743-770
10905;Ayrancılar Hastane;3.824.081.759.117.580;2.727.468.370.651.880;697-701-705-806-858
10906;Zeytin Köy;37.959.824;27.372.455;693-743-770
10907;Bayraktar;3.821.825.759.885.710;27.322.108.203.841;697-701-712-722-806-858
10908;Bayraktar;3.821.847.260.073.650;2.732.213.120.422.980;697-701-712-722-806-858
10909;Tasiş Ambar;3.830.181.327.158.470;2.713.914.846.847.440;200-508-808
10915;Seferihisar Belediyesi Şantiye;38.065.896;26.896.019;776-986-987-989
10916;Seferihisar Belediyesi Şantiye;38.065.621;26.895.999;776-986-987-989
10917;Koruluk;382.249;271.365;729-775-776-792-794
10918;Koruluk;382.249;271.368;729-775-776-792-794
10922;Çamlık;380.553;271.930;775
10923;Çamlık;380.553;271.929;775
10924;Çobankızı;380.278;271.879;775
10925;Çobankızı;380.277;271.877;775
10926;Kalabak;380.798;271.918;775
10927;Kalabak;380.801;271.914;775
10928;Çamönü Seralar;381.257;271.549;775
10929;Çamönü Seralar;381.256;271.548;775
10930;Çamönü Orman;381.101;271.579;775
10931;Çamönü Orman;381.101;271.578;775
10932;Menderes Nikah Sarayı;3.824.580.008.743.560;2.712.540.030.228.640;729-775-776-792-794-799-804
10933;Menderes Nikah Sarayı;3.824.640.009.040.730;2.712.490.030.597.350;729-775-776-792-794-799-804
10934;Güzel Çam;380.843;271.882;775
10935;Güzel Çam;38.084.405;27.187.789;775
10936;Şirince Yolu;37.953.207;27.371.347;693-743-770
10937;Şirince Yolu;37.953.441;27.371.128;693-743-770
10938;Selçuk Belediyesi;37.949.875;27.369.567;693-694-743-770
10939;Selçuk Belediyesi;37.949.984;27.369.355;693-694-743-770
10940;Belevi;38.016.918;27.445.757;743-770-783
10941;Selçuk Yeni Son Durağı;37.942.080.002.386;2.736.586.095.449.640;693-694-743-770
10942;Menderes Çevre Yolu;382.546;271.253;729-775-776-792-794
10943;Seydiköy;382.447;271.259;729-775-776-792-794-799-804
10944;Seydiköy;38.244.413;27.126.648;729-775-776-792-794-799-804
10945;Şehit Piyade Uzman Çavuş Ayhan Elmacı;382.429;271.290;729-775-776-792-794-799-804
10946;Şehit Piyade Uzman Çavuş Ayhan Elmacı;382.431;271.291;729-775-776-792-794-799-804
10947;Menderes Çevre Yolu;382.543;271.249;729-775-776-792-794
10948;Dereköy Yol Ayrımı;38.251.485;27.125.114;729-775-776-792-794
10949;Dereköy Yol Ayrımı;3.825.214.581.761.610;2.712.484.419.513.530;729-775-776-792-794
10950;Menderes Adliye Sarayı;38.260.224;27.125.990;729-775-776-792-794
10951;Menderes Adliye Sarayı;382.614;271.270;729-775-776-792-794
10952;Dereköy Yolu;38.249.320;271.265;789-829
10953;Dereköy Yolu;38.249.230;27.126.570;789-829
10956;Ege;382.379;271.355;729-775-776-792-794
10957;Ege;3.823.706.503.772.770;2.713.533.124.527.880;729-775-776-792-794
10958;Altın;382.314;271.365;729-775-776-792-794
10959;Altın;382.315;271.362;729-775-776-792-794
10960;Şehit Polis Hüseyin Dalgılıç;382.224;271.372;729-775-776-792-794
10961;Şehit Polis Hüseyin Dalgılıç;382.224;271.368;729-775-776-792-794
10962;Ünal Soğuk Hava;382.154;271.390;729-775-776-792-794
10963;Ünal Soğuk Hava;382.152;271.388;729-775-776-792-794
10964;Küner Yol Ayrımı;382.109;271.396;729-775-776-792-794
10965;Küner Yol Ayrımı;382.117;271.392;729-775-776-792-794
10966;Ova;38.21;271.444;729-775-792
10967;Ova;382.099;271.443;729-775-792
10968;Develi Yolu;38.204.356;27.157.083;729-775-792
10969;Develi Yolu;38.203.782;27.157.742;729-775-792
10970;Sera Sokak;3.818.346.134.050.160;2.716.556.891.765.310;775
10971;Sera Sokak;381.835;271.653;775
10972;Çileme Yolu;3.815.891.161.207.860;2.715.624.167.399.620;775
10973;Çileme Yolu;381.585;271.560;775
10974;Sancaklı Yol Ayrımı;3.815.093.858.028.870;27.152.920.593.159;729-775
10975;Sancaklı Yol Ayrımı;3.815.113.758.159.820;2.715.286.359.507.560;729-775
10976;Değirmendere Yol Ayrımı;38.141.238;27.150.192;775
10977;Değirmendere Yol Ayrımı;381.413;27.15;775
10978;İbrahim Fatih Cami;3.813.242.646.676.990;2.715.513.440.125.340;775
10979;İbrahim Fatih Cami;381.320;271.548;775
10980;Çamönü Yolu;381.066;271.584;775
10981;Çamönü Yolu;381.066;271.583;775
10982;Çamönü;38.102.229;27.161.910;775
10983;Çamönü;381.024;271.612;775
10984;Ataköy Giriş;380.974;271.654;775
10985;Ataköy Giriş;380.967;271.658;775
10986;Ataköy Mina;38.093.663;27.170.137;775
10987;Ataköy Mina;38.093.345;27.170.350;775
10988;Ataköy Çıkış;380.916;271.754;775
10989;Ataköy Çıkış;380.915;271.753;775
10990;Köseoğlu;380.874;271.849;775
10991;Köseoğlu;380.873;271.848;775
10992;Çakaltepe Yolu;380.758;271.934;775
10993;Çakaltepe Yolu;380.758;271.932;775
10994;Çile Giriş;380.496;271.934;775
10995;Çile Giriş;380.497;271.933;775
10996;Çile Çıkış;380.471;271.937;775
10997;Çile Çıkış;38.046.547;27.193.637;775
10998;Ahmetbeyli Market;380.256;271.880;775
10999;Ahmetbeyli Market;380.254;271.879;775
11000;Ahmetbeyli Cami;380.235;271.881;775
11001;Ahmetbeyli Cami;38.023.716;27.187.937;775
11002;Ahmetbeyli Çeşme;380.212;271.882;775
11003;Ahmetbeyli Çeşme;380.209;271.882;775
11004;Claros;380.077;271.885;775
11005;Claros;380.077;271.884;775
11006;Sahil Evleri;38.002.504;27.189.127;775
11007;Sahil Evleri;380.022;271.889;775
11008;Kuşadası Yol Ayrımı;379.948;271.888;775
11009;Kuşadası Yol Ayrımı;37.995.603;27.188.559;775
11010;Yalçındağ;37.988.955;27.183.207;775
11011;Yalçındağ;37.988.895;27.182.820;775
11012;Maydanoz;379.904;271.755;775
11013;Maydanoz;379.913;271.763;775
11014;Maydanoz Çıkış;379.866;271.744;775
11015;Maydanoz Çıkış;379.863;271.742;775
11016;Koru Sitesi;379.896;271.518;775
11017;Koru Sitesi;379.898;271.515;775
11018;Zindancık Trafo;379.923;271.364;775
11019;Zindancık Trafo;379.923;271.365;775
11020;Grand Efe;380.103;271.110;775-778
11021;Karayel;37.991.087;27.139.072;775
11022;Güneş Sitesi;3.801.636.109.806.590;2.710.210.340.402.310;775-778
11023;Grand Efe;380.104;271.110;775-778
11024;Kültür Çarşısı;380.192;270.985;775-778
11025;Sümbül;3.801.551.708.727.510;2.710.292.338.966.270;775-778
11026;Özdere Belediyesi;3.802.113.217.463.040;2.709.513.747.615.030;775-778
11027;Güneş Sitesi;3.801.705.810.438.360;2.710.178.041.731.640;775-778
11028;Tosun Çeşmesi;380.217;270.911;775-778
11029;Kültür Çarşısı;380.194;270.985;775-778
11030;Kalemlik;3.802.460.882.362.110;2.708.559.852.874.290;775-778
11031;Özdere Belediyesi;380.209;270.962;775-778
11032;Göksu;380.260;270.834;775-778
11033;Tosun Çeşmesi;380.218;270.904;775-778
11034;On Dört Evler;3.802.977.632.338.820;2.708.016.660.141.070;775-778
11035;Kalemlik;380.247;270.861;775-778
11037;Göksu;380.264;270.832;775-778
11038;Havacılar Kampı;3.803.419.839.130.810;27.073.225.669.740;775-778
11039;On Dört Evler;380.296;270.805;775-778
11040;Turizm Okulu;38.040.699.486.913;2.706.309.777.220.050;775-778
11041;Merkez Bankası Tesisleri;3.803.310.108.375.730;27.075.371.685.443;775-778
11042;İş Bankası Evleri;380.427;270.612;775-778
11043;Havacılar Kampı;3.803.456.039.251.930;2.707.330.167.735.090;775-778
11044;Demirer;3.804.607.354.900.150;2.705.691.586.380.540;775
11045;Turizm Okulu;380.408;270.631;775-778
11046;Karafırın;380.480;270.543;775
11047;İş Bankası Evleri;38.042.734.587.971;2.706.141.928.316.150;775-778
11048;Meryem Ana;3.806.175.987.961.090;2.701.036.208.889.310;776-778-986-987
11049;Demirer;3.804.643.855.211.340;27.056.660.870.439;775
11050;Tıp Merkezi;380.663;270.052;776-778-986-987
11051;Karafırın;380.481;270.543;775
11052;Karayel;37.990.982;27.138.932;775
11053;Meryem  Ana;380.626;270.093;776-778-986-987
11054;Gümüldür Lisesi;380.707;269.997;776-778-986-987
11055;Tıp Merkezi;380.663;270.053;776-778-986-987
11056;DSİ Kamp;38.073.499.995.818;2.699.459.830.347.590;776-778-986-987
11057;Bahçecik;38.067.137;27.015.267;776-778-986-987
11058;Göçmen Konutları;380.760;269.887;776-778-986-987
11059;Gümüldür Lisesi;380.705;270.003;776-778-986-987
11060;Hacı Sadık Cami;380.763;269.867;776-778-986-987
11061;DSİ Kamp;3.807.332.099.234.740;2.699.517.830.043.480;776-778-986-987
11062;Orman Kampı;380.768;269.820;776-778-986-987
11063;Göçmen Konutları;380.762;269.889;776-778-986-987
11064;Stad;380.786;269.720;776-778-986-987
11065;Hacı Sadık Cami;380.765;269.858;776-778-986-987
11066;İZDER;380.797;269.672;776-778-986-987
11067;Orman Kampı;380.770;269.821;776-778-986-987
11068;Ürkmez Belediyesi;380.786;269.615;776-778-986-987
11069;Stad;38.078.800.121.694;2.697.219.839.580.730;776-778-986-987
11070;Ürkmez Sağlık Ocağı;380.778;269.563;776-778-986-987
11071;İZDER;3.808.000.014.818.130;2.696.729.841.836.920;776-778-986-987
11072;Begonya;38.077.998.668.736;2.695.244.698.048.120;776-778-829-986-987-989
11073;Ürkmez Belediyesi;380.788;269.610;776-778-986-987
11074;Pansiyon;380.775;269.421;776-986-987-989
11075;Ürkmez Sağlık Ocağı;38.078.123;26.956.531;776-778-986-987
11076;Ürkmez Jandarma;38.076.428;26.936.424;776-986-987-989
11077;Begonya;380.782;269.522;776-778-829-986-987-989
11078;Fırın;380.757;269.324;776-986-987-989
11079;Huzur Sitesi;3.807.830.024.798.460;2.694.649.838.573.960;776-986-987-989
11080;Payamlı Muhtarlık;3.807.412.710.523.510;2.692.832.130.738.660;776-986-987-989
11081;Pansiyon;3.807.790.026.408.560;2.694.309.837.847.020;776-986-987-989
11082;Yıldız;38.072.730;26.924.045;776-986-987-989
11083;Ürkmez Jandarma;3.807.647.130.117.960;2.693.516.035.185.680;776-986-987-989
11084;Ozanköy;38.071.715;26.919.898;776-986-987-989
11085;Fırın;38.075.782;26.931.805;776-986-987-989
11086;Sahilkent;38.068.843;26.908.298;776-986-987-989
11087;Payamlı Muhtarlık;380.741;269.278;776-986-987-989
11088;Ar Konutları;380.672;269.011;776-986-987-989
11089;Yıldız;380.730;269.237;776-986-987-989
11090;Sakızağacı;38.063.906;26.894.035;776-986-987-989
11091;Ozanköy;380.718;269.191;776-986-987-989
11092;Doğanbey Çıkış;380.607;268.912;776-986-987-989
11093;Çiçek Tatil Sitesi;380.698;269.108;776-986-987-989
11094;Antik;380.142;271.874;775
11095;Ar Konutları;380.672;269.004;776-986-987-989
11096;Bahçecik;38.067.257;27.015.516;776-778-986-987
11097;Sakızağacı;380.643;268.940;776-986-987-989
11098;Merkez Bankası Tesisleri;3.803.299.843.178.220;27.075.296.889.995;775-778
11099;Doğanbey Çıkış;380.606;268.909;776-986-987-989
11100;Çiftlik;380.586;271.948;775
11101;Doğanbey;380.591;268.879;776-986-987-989
11102;Doğanbey;380.589;268.881;776-986-987-989
11103;Antik;380.140;271.873;775
11104;Akçaalan;382.182;271.384;729-775-776-792-794
11105;Şaşal Köprü;38.198.606;271.337;776
11106;Kekliktepe;381.682;271.587;775
11107;Çiftlik;38.058.471;27.194.590;775
11108;Huzur Sitesi;3.807.810.512.417.460;2.694.665.794.804.550;776-986-987-989
11109;Baraj;38.174.613;27.101.116;776
11110;Şaşal Köprü;381.986;271.339;776
11111;Sarıçay;382.290;271.363;729-775-776-792-794
11112;Ahmet Beyli Çiftlik;380.332;271.903;775
11113;Ahmet Beyli Çiftlik;380.334;271.903;775
11114;Baraj;3.817.448.386.950.160;2.710.118.679.694.220;776
11115;Kekliktepe;381.682;271.585;775
11116;Ataköy Çiftlik;380.990;271.640;775
11117;Ataköy Çiftlik;380.994;271.638;775
11118;Ovacık;380.748;269.922;776-778-986-987
11119;Ovacık;380.749;269.924;776-778-986-987
11120;Çiçek Tatil Sitesi;380.697;269.116;776-986-987-989
11121;Sahilkent;38.068.878;26.907.417;776-986-987-989
11122;Sarıçay;382.292;271.366;729-775-776-792-794
11123;Akçaalan;382.179;271.381;729-775-776-792-794
11124;Mahkeme Tepesi;380.609;271.960;775
11125;Mahkeme Tepesi;38.060.930;27.195.776;775
11126;Zeytin;380.522;271.930;775
11127;Zeytin;3.805.163.171.224.940;2.719.300.044.218.030;775
11128;Çağlayan;3.818.879.986.224.370;2.712.359.992.437.590;776
11129;Çağlayan;3.818.869.986.237.290;2.712.339.992.356.390;776
11130;Şaşal Market;38.180.351;27.115.555;776
11131;Şaşal Market;381.805;271.154;776
11132;Deli Ömerli;381.666;270.879;776
11133;Deli Ömerli;381.666;270.878;776
11134;Santral;381.498;270.781;776
11135;Santral;381.498;270.778;776
11136;Gümüldür Öğretmen Emine Yazlalı Ortaokulu;3.807.999.989.126.620;2.701.789.844.531.660;776
11137;Gümüldür Öğretmen Emine Yazlalı Ortaokulu;3.808.009.989.311.250;2.701.759.844.686.080;776
11138;Şaşal Çıkış;381.778;271.094;776
11139;Şaşal Çıkış;381.779;271.093;776
11140;Eşen Mahallesi;3.817.243.987.698.490;2.709.628.277.714.090;776
11141;Eşen Mahallesi;3.817.250.087.823.020;2.709.596.577.777.680;776
11142;Dedealtı;380.410;271.942;775
11143;Dedealtı;380.411;271.941;775
11144;Badem Ağacı;3.801.719.847.001.190;2.718.789.783.350.550;775
11145;Badem Ağacı;3.801.719.846.850.880;2.718.809.783.461.150;775
11146;Çam;380.830;270.110;776
11147;Çam;380.829;270.109;776
11148;Mandalin;3.807.675.289.674.130;2.701.507.038.268.490;776-778-986-987
11149;Mandalin;380.770;270.147;776-778-986-987
11150;Gümüldür Muhtar;38.075.016;27.017.580;776-778-986-987
11151;Gümüldür Muhtar;380.754;270.172;776-778-986-987
11152;Gümüldür Meydan 2;380.736;270.181;776-778-986-987
11153;Gümüldür Meydan 2;380.733;270.177;776-778-986-987
11154;Gümüldür Pazaryeri;3.806.989.987.037.160;2.701.629.825.481.360;776-778-986-987
11155;Gümüldür Pazaryeri;3.806.999.987.120.820;2.701.619.825.660.630;776-778-986-987
11156;Gümüldür Kavşak;3.806.165.086.080.820;2.701.365.209.101.960;776-778-986-987
11157;Gümüldür Kavşak;3.806.145.786.194.270;2.701.335.008.679.180;776-778-986-987
11158;Ahmetbeyli Jandarma;37.997.409;27.188.893;775
11159;Ahmetbeyli Jandarma;37.997.086;27.188.717;775
11160;Özdere Spor Salonu;379.950;271.309;775
11161;Özdere Spor Salonu;379.953;271.307;775
11162;Özkent;38.014.428;271.032;775-778
11163;Güverte;380.109;271.077;775-778
11164;Güverte;380.108;271.071;775-778
11165;Ahmetbeyli Kahveler;380.001;271.888;775
11166;Değirmendere Giriş;38.141.034;27.149.827;729
11167;Değirmendere Giriş;38.140.956;27.149.584;729
11168;Atatürk;38.133.687;27.147.302;729
11169;Atatürk;38.133.747;27.147.208;729
11170;Doğa;38.128.914;27.145.276;729
11171;Doğa;38.129.130;271.453;729
11172;Aykaş;38.123.180;27.141.520;729
11173;Aykaş;38.123.180;27.141.430;729
11174;Değirmendere İlköğretim Okulu;38.117.330;27.142.220;729
11175;Değirmendere İl Öğretim Okulu;38.117.191;27.141.929;729
11176;Eski Bulgurca Yolu;38.138.418;27.147.644;729
11177;Değirmendere Son Durak;38.114.132;27.139.485;729
11178;Badem;38.131.466;27.146.566;729
11179;Eski Bulgurca Yolu;3.813.825.243.502.710;2.714.754.314.513.980;729
11180;Taş Villa;38.125.503;27.142.681;729
11181;Badem;38.131.413;27.146.413;729
11182;Sera;3.820.364.683.065.670;2.716.217.303.289.980;729-792
11183;Sera;3.820.353.982.981.450;2.716.229.603.219.760;729-792
11190;Tekeli Belediyesi;381.873;271.903;701
11191;Tekeli Belediyesi;38.187.250;27.190.360;701
11192;Tekeli Park;381.868;271.937;701
11193;Tekeli Park;381.870;271.928;701
11194;Tekeli Sağlık Ocağı;381.852;271.962;701
11195;Tekeli Sağlık Ocağı;381.852;271.961;701
11196;İTOB;3.818.283.259.866.620;2.720.448.591.561.940;701
11197;İTOB;3.818.269.659.729.390;2.720.465.891.487.980;701
11198;Pancar Mezarlık;3.818.951.403.931.660;2.722.658.175.045.250;701
11199;Pancar Mezarlık;3.818.949.958.097.620;2.722.659.998.039.890;701
11200;Pancar Çıkış;381.915;272.297;701
11201;Pancar Çıkış;3.819.149.958.623.160;2.722.979.999.518.880;701
11202;Pancar Köprü;3.819.378.758.841.490;2.723.266.346.754.490;701
11203;Pancar Köprü;3.819.359.179.481.940;2.723.270.524.770.760;701
11204;Pancar Muzaffer Hanım İlkokulu;3.819.603.211.455.690;2.723.442.595.141.610;692-701
11205;Pancar Muzaffer Hanım İlkokulu;3.819.600.910.603.170;2.723.451.696.901.560;701-707
11206;Pancar Cami;381.969;272.352;701
11207;Pancar Cami;381.972;272.353;692-701-707
11208;Pancar Meydan;3.819.822.036.745.170;2.723.578.358.959.650;707-709
11209;Pancar Meydan;3.819.817.045.107.850;2.723.575.467.331.520;701-707-712
11210;Defne;38.199.515;27.239.170;701-709-712
11211;Defne;3.819.971.961.834.690;2.723.984.504.826.350;701-709-712
11212;Pancar Giriş;3.820.075.662.113.160;2.724.175.005.507.960;701-709-712
11213;Pancar Giriş;382.008;272.422;701-709-712
11214;Gurbet Tepe;3.820.373.462.992.340;2.724.710.207.386.240;701-709-712
11215;Gurbet Tepe;38.203.788;27.247.540;701-709-712
11216;Organize;3.821.185.967.212.340;2.725.467.411.403.620;709-712
11217;Organize;38.211.183;27.254.414;709-712
11218;Çiftlik;3.821.439.968.606.490;2.725.690.012.523.270;701-709-712
11219;Çiftlik;3.821.383.233.329.790;2.725.663.335.724.250;701-709-712
11220;Otoyol;38.217.316;27.259.565;701-709-712
11221;Otoyol;38.217.346;27.259.777;701-709-712
11222;Sanayi Sitesi;38.220.614;27.262.530;701-709-712
11223;Sanayi Sitesi;38.221.224;27.262.897;701-709-712
11224;Bahçeler;382.269;272.666;701-709
11225;Bahçeler;382.268;272.666;701-709
11226;Pancar Viraj;3.823.052.778.052.210;2.727.023.818.246.090;701-709
11227;Pancar Viraj;3.823.000.177.538.810;2.727.106.618.158.560;701-709
11228;Ayrancılar Çıkış;382.353;272.770;701-709
11229;Ayrancılar Çıkış;382.354;272.771;701-709
11230;Yıldız;382.375;272.784;701-709
11231;Yıldız;382.379;272.786;701-709
11232;Kırkpınar;382.072;271.512;729-775-792
11233;Kırkpınar;382.071;271.510;729-775-792
11234;Marangoz;381.216;271.414;729
11235;Taş Villa;38.126.080;27.142.830;729
11236;Menekşe;38.115.759.434.863;2.714.080.817.789.330;729
11237;Marangoz;38.121.480;27.141.260;729
11238;Değirmendere Son Durak;38.114.248;27.139.627;729
11239;Menekşe;38.115.726.435.215;27.140.692.177.254;729
11240;Özdere Aile Sağlığı Merkezi;3.802.283.013.680.990;2.708.830.901.355.120;775-778
11241;Özdere Aile Sağlığı Merkezi;38.023.467.280.397;2.708.799.528.919.440;775-778
11242;23.Nis;38.114.013;27.141.472;729
11243;23.Nis;38.113.953;27.141.405;729
11247;Kınalıtaş;380.363;271.931;775
11248;Kınalıtaş;3.803.614.458.752.920;27.193.074.192.427;775
11249;Özkent;380.139;271.035;775-778
11250;Menderes Sağlık Ocağı;382.571;271.308;508-729-775-776-792-794-808-814
11251;Dumlupınar;3.818.387.765.835.620;2.718.611.790.662.270;701-729-792
11252;Menderes İnönü;38.256.000.115.787;2.713.220.034.035.110;707-729-775-776-789-792-794-799-804-829
11253;Menderes İnönü;38.255.900.115.930;2.713.180.034.051.360;707-729-775-776-789-792-794-799-804-829
11254;Menderes Stadyum;382.555;271.362;707-729-775-776-789-792-794-799-804-829
11255;Menderes Stadyum;382.553;271.367;707-729-775-776-789-792-794-799-804-829
11256;Helvacı;38.247.996;27.135.314;808
11257;Helvacı;38.248.063;27.135.481;808
11258;Menderes Pazar Yeri;3.825.558.052.550.460;2.713.904.591.971.670;707-729-775-776-789-792-794-799-804-808-829
11259;Menderes Pazar Yeri;3.825.558.384.239.030;27.139.622.265.318;707-729-775-776-789-792-794-799-804-808-829
11260;Gölcükler  Adnan Ocay Ortaokulu;3.825.901.919.604.880;2.714.408.828.095.750;707-729-775-776-789-792-794-799-804-808-829
11261;Gölcükler Adnan Ocay Ortaokulu;3.825.910.311.240.920;2.714.451.933.516.420;707-729-775-776-789-792-794-799-804-808-829
11262;Doğan;38.250.877;27.135.819;808
11263;Doğan;382.508;27.135.870;808
11264;Gölcükler Sera;38.261.306;27.146.870;707-729-775-776-789-792-794-799-804-808-814-829
11265;Gölcükler Sera;38.261.310;27.147.590;707-729-775-776-789-792-794-799-804-808-814-829
11266;Amber;382.624;271.562;707-729-775-776-789-792-794-799-804-808-814-829
11267;Amber;382.623;271.563;707-729-775-776-789-792-794-799-804-808-814-829
11268;Gençlik Parkı;38.254.054;27.136.953;808
11269;Gençlik Parkı;38.253.993;27.137.007;808
11270;Oğlananası Yol Ayrımı;38.261.528;27.152.266;707-729-775-776-789-792-794-799-804-808-814-829
11271;Oğlananası Yol Ayrımı;382.615;271.519;707-729-775-776-789-792-794-799-804-808-814-829
11280;Oğlananası Mezarlık;382.417;272.181;707
11281;Oğlananası Mezarlık;382.416;272.178;707
11282;Oğlananası Karaselvi;38.241.659;27.222.209;707
11283;Oğlananası Karaselvi;38.241.587;27.221.952;707
11284;Oğlananası Yeni Cami;382.405;272.243;707
11285;Oğlananası Yeni Cami;38.240.434;27.223.610;707
11286;Oğlananası İlkokulu;3.823.859.990.194.530;2.722.530.019.774.320;707
11287;Oğlananası İlkokulu;38.238.978.905.745;2.722.428.019.911.050;707
11288;Küçük Köprü;382.373;272.272;707
11289;Küçük Köprü;382.375;272.269;707
11290;Oğlananası Üçyol;382.362;272.283;707
11291;Oğlananası Üçyol;382.360;272.283;707
11294;Karakoç Çayı;380.704;269.140;776-986-987-989
11298;Kargacık Koyu;379.851;271.711;775
11299;Kargacık Koyu;379.851;271.713;775
11301;Develi;38.203.748;271.644;729-792
11302;Yeni Bulgurca Giriş;382.159;272.289;707
11303;Yeni Bulgurca Giriş;382.159;272.286;707
11304;Yeni Bulgurca Cami;382.140;272.295;707
11305;Yeni Bulgurca Cami;382.139;272.293;707
11306;Bahçeli;382.041;272.333;707
11307;Yeni Bulgurca Son Durağı;38.211.368;27.230.260;707
11308;Yeni Bulgurca Son Durağı;382.119;272.302;707
11309;Bahçeli;382.042;272.332;707
11310;Gürsel;382.007;272.346;707
11311;Gürsel;382.008;272.345;707
11313;Ege Koop. İş Merkezi;38.244.269;27.273.020;705-712
11314;Egekent 4 Giriş;382.442;27.272.750;705-712
11316;Egekent 4 2 Nolu Sağlık Ocağı;38.244.965;27.274.503;705-712
11317;Egekent 4 Tepe;3.824.619.588.625.030;2.727.682.521.544.080;712
11318;Çiftlik;382.069;272.324;707
11319;Egekent 4;38.246.260;27.275.190;705-712
11320;Egekent 4 Tepe;38.246.230;27.276.750;712
11321;Çiftlik;382.067;272.324;707
11322;Zeytinlik;382.095;272.311;707
11323;Zeytinlik;382.094;272.311;707
11324;Mezarlık;382.231;272.251;707
11325;Mezarlık;382.230;272.250;707
11326;Ayrancılar İlkokulu;3.823.887.482.713.760;2.728.119.820.469.330;712
11327;Ayrancılar İlkokulu;3.823.938.383.068.860;2.728.140.320.565.180;712
11328;Ahmetbeyli Kahveler;380.002;271.890;775
11330;İnci;38.241.286;27.281.873;712
11331;İnci;38.241.414;27.281.991;712
11332;Karakoç Çayı;38.070.334;26.913.064;776-986-987-989
11334;Fevzi Çakmak;38.244.025;27.282.744;712
11335;Fevzi Çakmak;3.824.376.686.177.180;2.728.276.421.306.820;712
11338;Bulgurca Yolu;3.823.179.986.029.220;2.722.520.017.510.360;707
11339;Bulgurca Yolu;3.823.189.986.107.510;2.722.510.017.545.380;707
11345;Plastik Fabrikası;382.244;272.648;701-709
11346;Plastik Fabrikası;382.242;272.644;701-709
11348;Türkmen Köy Girişi;382.504;272.633;712
11350;Türkmen Köy Muhtarlık;382.489;272.617;712
11352;Sultan Abdülhamit İlkokulu;38.247.617.700.144;2.726.084.108.465.150;712
11354;Çakarlar;3.824.611.390.310.250;2.726.139.821.408.020;712
11355;Çakarlar;3.824.604.690.295.860;27.261.126.213.951;712
11358;Türk Telekom Mesleki ve Teknik Anadolu Lisesi;3.824.290.762.289.830;2.726.379.302.220.590;712
11359;Türk Telekom Mesleki ve Teknik Anadolu Lisesi;3.824.283.087.771.640;2.726.362.020.782.090;712
11362;Kamelya;382.317;272.741;701-709
11363;Kamelya;382.320;272.745;701-709
11364;Fesleğen;38.233.155;27.275.409;701-709
11365;Fesleğen;382.337;272.758;701-709
11367;Egekent 4 Işık;38.243.114;27.275.576;705-712
11368;DEÜ Torbalı Meslek Yüksekokulu;3.818.207.931.599.740;2.736.331.218.155.760;713-714-715
11369;Egekent 4 Mavi;382.451;272.765;705-712
11370;Asfalt;38.224.580;27.311.990;710-722
11371;Asfalt;38.224.050;27.311.850;710-722
11372;Yazıbaşı Tekel;3.822.725.669.043.760;2.731.359.020.811.730;710-722
11373;Yazıbaşı Tekel;3.822.722.669.003.690;2.731.369.120.817.360;710-722
11374;Yazıbaşı Tariş;38.230.080;27.315.250;710-722
11375;Yazıbaşı Tariş;38.230.010;27.315.320;710-722
11376;Balkan;38.231.980;27.316.380;710-722
11377;Balkan;38.231.450;27.316.150;710-722
11378;Yazıbaşı Sağlık Ocağı;38.234.610;27.317.990;710-722
11379;Yazıbaşı Sağlık Ocağı;38.234.350;27.317.830;710-722
11380;Şehit Çağatay Necati Dinç İlkokulu;3.823.626.413.456.030;2.731.864.941.727.150;710-722
11381;Şehit Çağatay Necati Dinç İlkokulu;3.823.636.359.235.190;2.731.873.008.520.720;710-722
11382;Merkez Cami;38.237.950;27.319.130;710-722
11383;Merkez Cami;38.237.868;27.319.192;710-722
11384;Yazıbaşı Merkez;38.24;27.319.150;710-722
11385;Yazıbaşı Merkez;38.240.080;27.319.210;710-722
11386;Üçgöz;3.824.232.980.581.130;27.319.482.119.467;710-722
11387;Uluğbey İlkokulu;3.824.331.981.963.440;2.731.912.022.861.110;710-722
11388;Uluğbey İlkokulu;3.824.325.781.921.590;2.731.901.722.851.430;710-722
11389;Yazıbaşı Son Durak;38.245.210;27.318.240;710-722
11390;Oğlananası Giriş;38.263.385;27.244.450;707
11391;Üçgöz;3.824.259.981.330.920;2.731.940.022.838.470;710-722
11392;Kamp;3.807.804.981.239.130;2.695.013.612.960.160;776-778-829-986-987-989
11393;Kamp;3.807.831.105.590.680;2.695.010.331.707.710;776-778-829-986-987-989
11394;Tekeli İstasyon Yolu;38.186.099;27.187.071;701-729-792
11395;Tekeli İstasyon Yolu;38.185.992;27.187.151;701-729-792
11396;Ortaköy Kavşak;382.147;273.696;721-763-785-786
11397;Ortaköy Kavşak;382.146;273.695;721-763-785-786
11398;Torbalı Sanayi;381.848;273.541;719-721-763-784-785-786
11399;Torbalı Sanayi;381.844;273.541;721-763-784-785-786
11400;Torbalı Sanayi Çıkışı;381.871;273.560;719-721-763-784-785-786
11401;Opel;381.917;27.36;721-763-784-785-786
11402;Opel;381.914;273.595;719-721-763-784-785-786
11403;Tütün Fabrikası;38.192.987;27.361.173;721-763-784-785-786
11404;Tütün Fabrikası;38.193.114;27.360.879;719-721-763-784-785-786
11405;Mimteks;38.200.288;27.365.392;721-763-784-785-786
11406;Mimteks;38.200.385;27.364.943;721-763-784-785-786
11407;İl Özel İdare Asfalt Şantiye;382.055;273.666;721-763-784-785-786
11408;İl Özel İdare Asfalt Şantiye;382.055;273.665;721-763-784-785-786
11409;Ortaköy;382.124;273.684;721-763-784-785-786
11410;Ortaköy;382.124;273.683;721-763-784-785-786
11411;Torbalı Sanayi Çıkışı;381.874;273.564;721-763-784-785-786
11412;Çamlıca Kavşağı;38.216.029;27.375.585;721-763-785-786
11413;Çamlıca Kavşağı;382.157;273.757;721-785-786
11414;Zümrüt;38.217.404;27.376.029;721-763-785-786
11415;Zümrüt;38.217.514;27.376.197;721-763-785-786
11418;Punteks;382.207;273.772;721-763-785-786
11419;Punteks;38.220.331;27.377.177;721-763-785-786
11420;Palmiye;382.253;273.781;721-763-785-786
11421;Palmiye;382.253;273.782;721-763-785-786
11422;Verde;382.291;273.787;721-763-785-786
11423;Verde;38.229.480;27.378.951;721-763-785-786
11424;Kocatepe Zeytinlik;382.350;273.814;721-763-785-786
11425;Kocatepe Zeytinlik;382.350;273.816;721-763-785-786
11426;Karakuyu Mezarlık;3.823.878.628.707.290;27.382.400.501.470;721-763-785-786
11427;Karakuyu Mezarlık;3.823.779.971.167.310;2.738.240.029.082.720;721-763-785-786
11428;Karakuyu Spor Tesisleri;382.415;273.838;721-763-785-786
11429;Karakuyu Spor Tesisleri;382.414;273.840;721-763-785-786
11430;Karakuyu Gülfidan;382.405;273.878;721-763-785-786
11431;Karakuyu Gülfidan;382.404;273.878;721-763-785-786
11432;Karakuyu Pazar Yeri;3.824.012.120.226.970;2.738.909.436.708.160;721-763-785-786
11433;Karakuyu Pazar Yeri;382.401;273.891;721-763-785-786
11434;Karakuyu Meydan;3.824.064.269.621.480;27.390.139.744.476;721-763-786
11435;Karakuyu Meydan;38.240.732;27.390.407;721-763-786
11436;Hacı Tahsin Irmak İlkokulu;3.823.969.972.469.020;27.391.200.300.404;721-763-785
11437;Hacı Tahsin Irmak İlkokulu;3.823.968.843.067.380;2.739.115.611.577.350;721-763-785
11438;Bardakçılar;382.391;273.921;721-763-785
11439;Bardakçılar;382.390;273.921;721-763-785
11440;Karakuyu Cami;3.823.819.691.935.640;2.739.477.853.285.390;721-763
11441;Karakuyu Cami;38.238.198.148.263;27.394.838.377.844;721-763
11442;Asmalı;3.823.732.403.243.180;2.739.494.547.764.570;721
11443;Asmalı;382.373;273.949;721-763
11444;Karakuyu Son Durak;382.360;273.948;721-763
11445;Karakuyu Son Durak;382.359;273.947;721-763
11446;Oğlananası Zafer;38.240.117;27.221.339;707
11447;Oğlananası Zafer;38.240.239;27.220.843;707
11448;Oğlananası Sevgi;38.243.064;27.225.284;707
11449;Oğlananası Sevgi;38.243.171;27.225.585;707
11450;Oğlananası Köprü;38.245.075;27.227.875;707
11451;Oğlananası Köprü;38.245.364;27.228.147;707
11452;Oğlananası Zeytinlik;38.251.534;27.230.468;707
11453;Oğlananası Zeytinlik;38.251.185;27.230.537;707
11454;Meteroloji;38.256.011;27.234.042;707
11455;Meteroloji;38.255.524;27.233.546;707
11456;Çoban;38.260.479;27.239.816;707
11457;Çoban;38.260.339;27.239.820;707
11458;Torbalı Siteler;381.826;273.527;701-713-719-721-763-784-785-786-795
11459;Torbalı Siteler;38.182.959;27.352.553;701-713-719-721-763-784-785-786-795
11460;Torbalı Piri Reis Mesleki ve Teknik Anadolu Lisesi;3.817.998.809.893.420;2.735.241.336.691.010;701-713-719-721-763-784-785-786-795
11461;Torbalı Piri Reis Mesleki ve Teknik Anadolu Lisesi;3.818.080.284.357.020;2.735.226.849.234.660;701-713-719-721-763-784-785-786-795
11462;Çetineller Ortaokulu;3.817.799.914.481.820;27.351.900.173.346;701-713-719-721-763-784-785-786-795
11463;Çetineller Ortaokulu;38.177.799.142.984;2.735.180.017.249.180;701-713-719-721-763-784-785-786-795
11464;1 Nolu Sağlık Ocağı;38.176.039;27.350.993;701-712-713-719-721-722-763-784-785-786-795
11465;1 Nolu Sağlık Ocağı;38.175.854;27.350.764;701-712-713-719-721-722-763-784-785-786-795
11466;Torbalı Cami;3.817.312.289.908.480;2.734.982.576.914.050;701-712-713-719-721-722-763-784-785-786-795
11467;Torbalı Cami;381.737;27.35;701-712-713-719-721-722-763-784-785-786-795
11470;Kasap;381.720;273.489;701-712-713-719-721-722-763-784-785-786-795
11471;Kasap;38.172.259;27.349.012;701-712-713-719-721-722-763-784-785-786-795
11474;Haluk Alpsu Bulvarı;3.816.852.905.621.380;2.734.793.013.167.330;701-714-715-722
11475;Haluk Alpsu Bulvarı;381.681;273.480;701-714-715-722
11476;Fidan;381.670;273.489;701-714-715-722
11477;Fidan;381.668;273.488;701-714-715-722
11478;Pınar;3.816.544.401.790.680;2.734.979.912.648.570;701-714-722
11479;Pınar;381.650;27.35;701-714-722
11480;Anaokulu;3.816.269.698.318.430;2.735.152.412.195.910;701-714-722
11481;Anaokulu;381.621;273.518;701-714-722
11482;Halk;3.816.101.311.352.140;2.735.265.000.001.140;701-714-722
11483;Halk;3.816.092.056.247.960;2.735.245.040.974.640;701-714-722
11484;Barış Sitesi;381.590;273.539;701-714-722
11485;Barış Sitesi;381.587;273.539;701-714-722
11486;Sevgi Yolu;381.570;273.552;701-714-722
11488;PTT 2;381.549;273.567;701-722
11489;Sevgi Yolu;38.156.520;27.355.270;701-714-722
11491;PTT 2;381.547;273.565;701-722
11492;Torbalı Askerlik Şubesi;381.522;273.583;701-722
11495;Torbalı Askerlik Şubesi;381.521;273.581;701-722
11504;Torbalı Anadolu İmam Hatip Lisesi;3.814.449.873.318.930;2.736.560.010.027.530;701-712-713-719-721-722-724-763-770-780-781-782-783-784-785-786-795-798
11506;Tepeköy Aktarma;38.147.483;27.361.515;701-712-713-714-719-721-722-724-763-770-780-781-782-783-784-785-786-795-798
11507;Torbalı Anadolu İmam Hatip Lisesi;3.814.449.873.247.150;2.736.580.010.106.980;701-712-713-719-721-722-724-763-770-780-781-782-783-784-785-786-795-798
11509;Oğlananası Giriş;38.263.107;27.244.207;707
11510;Tepeköy Aktarma;38.147.784;27.361.525;701-712-713-714-719-721-722-724-763-770-780-781-782-783-784-785-786-795-798
11511;Torbalı Aktarma;3.816.869.005.991.590;2.734.724.713.017.340;715-781
11513;Torbalı Aktarma;3.816.872.506.099.440;27.347.005.129.567;780-782
11515;Torbalı Aktarma;38.168.839.944.588;2.734.733.923.869.930;770
11516;Kuşçuburun Aktarma;38.208.979;27.310.053;710
11517;Pancar Pazaryeri;3.819.555.159.839.180;2.723.603.702.354.050;692-707
11518;Pancar Aktarma;38.198.197;27.238.876;692-701-707-709-712
11519;Kuşcuburun İp Fabrikası;38.221.156;27.311.619;710
11520;Kuşcuburun İp Fabrikası;38.221.496;27.311.449;710
11521;Kuşçuburun Depolar;38.218.420;27.310.380;710
11522;Kuşçuburun Depolar;38.218.320;27.310.149;710
11523;Torbalı Depolar;38.212.833;27.311.222;710
11524;Torbalı Depolar;38.212.648;27.311.370;710
11525;Yaren Dede;38.241.130;27.385.692;721-763-786
11526;Yaren Dede;38.241.037;27.385.635;721-763-785-786
11527;Süt Fabrikası;38.201.993;27.244.802;701-709-712
11528;Süt Fabrikası;382.022;27.244.803;701-709-712
11529;Şehit Komando Çavuş Sinan Hamza;38.219.359.858.778;2.722.690.390.567.830;707
11530;Şehit Komando Çavuş Sinan Hamza;3.821.954.222.788.440;2.722.690.982.500.560;707
11531;Tepeköy İstasyon Yolu;3.814.527.512.338.020;2.736.315.532.864.430;701-712-713-714-719-721-722-724-763-770-780-781-782-783-784-785-786-795-798
11532;Tepeköy İstasyon Yolu;3.814.568.891.349.370;2.736.269.510.368.470;701-712-713-714-719-721-722-724-763-770-780-781-782-783-784-786-798
11533;Ayrancılar Barış;3.824.484.387.210.030;2.728.067.621.414.310;712
11534;Ayrancılar Barış;38.245.283;27.280.509;712
11535;Tekke Mezarlığı;3.813.601.107.160.360;2.714.756.068.886.920;729
11536;Tekke Mezarlığı;3.813.587.206.719.090;2.714.779.477.747.690;729
11537;Market;38.155.050;27.358.340;701-715-722-783
11538;Market;38.155.220;27.358.560;701-715-722-783
11539;Ertuğrul Cami;381.553;273.603;701-715-722-783
11540;Ertuğrul Cami;3.815.536.687.523.110;2.736.016.812.378.510;701-715-722-783
11545;Elif;38.151.494;27.366.101;714-715-858
11546;Torbalı Aktarma;38.169.039.808.287;27.347.223.908.640;798
11547;Torbalı Galeri;38.147.882;27.366.591;714-715-858
11548;Torbalı Aktarma;3.816.884.251.305.040;2.734.720.443.046.220;714
11549;Torbalı Aktarma;3.816.888.059.660.560;2.734.707.376.997.930;724
11550;Torbalı Aktarma ;3.816.904.706.427.180;2.734.704.313.080.950;727
11551;Kazım Dirik;3.815.460.686.287.580;2.736.133.812.506.560;701-712-713-715-719-721-722-724-727-763-770-780-781-782-783-784-785-786-795-798
11552;Kazım Dirik;3.815.510.086.811.580;2.736.142.912.728.170;701-712-713-715-719-721-722-724-727-763-770-780-781-782-783-784-785-786-795-798
11553;Çarşı;3.815.278.841.091.070;2.736.150.407.560.450;701-712-713-715-719-721-722-724-727-763-770-780-781-782-783-784-785-786-795-798
11554;Çarşı;3.815.270.715.947.680;2.736.168.528.446.760;701-712-713-715-719-721-722-724-727-763-770-780-781-782-783-784-785-786-795-798
11557;Torbalı Belediyesi 2;381.502;273.616;701-712-713-715-719-721-722-724-727-763-770-780-781-782-783-784-785-786-795-798
11558;Şehit Uzman Onbaşı Mustafa Eser;3.815.750.089.576.880;2.736.117.913.538.590;712-713-714-719-721-724-727-763-770-780-781-782-784-785-786-795-798
11559;Şehit Uzman Onbaşı Mustafa Eser;3.815.756.489.685.530;2.736.106.313.521.450;712-713-714-719-721-724-727-763-770-780-781-782-784-785-786-795-798
11560;Doğanbey Muhtarlık;38.068.054;26.904.852;776-986-987-989
11561;Doğanbey Muhtarlık;3.806.804.136.536.720;2.690.387.356.358.310;776-986-987-989
11562;Karakuyu Birlik Sitesi;38.231.522;27.379.505;721-763-785-786
11563;Karakuyu Birlik Sitesi;38.231.230;27.379.580;721-763-785-786
11564;Torbalı Belediyesi;38.150.066;27.361.869;701-712-713-715-719-721-724-727-763-770-780-781-782-783-784-785-786-795-798
11571;Şehit Uzman Çavuş Harun Şenöz;3.817.968.911.327.110;2.737.072.758.023.250;713-714
11572;Şehit Uzman Çavuş Harun Şenöz;3.817.947.810.928.770;2.737.051.427.674.490;713-714
11573;Yedi Eylül Mahallesi Mezarlık;3.817.574.061.952.270;2.737.018.726.978.530;713-714
11574;Yedi Eylül Mahallesi Mezarlık;3.817.560.772.430.590;2.736.997.687.924.030;713-714
11578;Torbalı Tıp Merkezi;38.159.556;27.356.957;712-713-719-721-724-727-763-770-780-781-782-784-785-786-795-798
11579;Torbalı Tıp Merkezi;38.159.622;27.356.771;712-713-719-721-724-727-763-770-780-781-782-784-785-786-795-798
11590;Özensu;38.170.752;27.354.675;712-713-714-719-721-724-727-763-770-780-781-782-784-785-786-795-798
11591;Özensu;38.170.657;27.354.628;712-713-714-719-721-724-727-763-770-780-781-782-784-785-786-795-798
11594;Fulya;38.167.835;27.356.342;712-713-719-721-724-727-763-770-780-781-782-784-785-786-795-798
11595;Fulya;38.167.818;27.356.140;712-713-719-721-724-727-763-770-780-781-782-784-785-786-795-798
11596;Torbalı Anadolu Lisesi;3.816.483.499.143.660;2.735.640.014.538.120;712-713-719-721-724-727-763-770-780-781-782-784-785-786-795-798
11597;Torbalı Anadolu Lisesi;3.816.500.299.373.560;2.735.624.314.545.110;712-713-719-721-724-727-763-770-780-781-782-784-785-786-795-798
11600;Torbalı Diyaliz Merkezi;3.816.260.496.661.380;2.735.657.013.814.670;712-713-719-721-724-727-763-770-780-781-782-784-785-786-795-798
11601;Torbalı Diyaliz Merkezi;3.816.229.896.379.550;2.735.640.013.649.460;712-713-719-721-724-727-763-770-780-781-782-784-785-786-795-798
11602;Engelsiz Yaşam Parkı;38.157.859;27.358.385;712-713-719-721-724-727-763-770-780-781-782-784-785-786-795-798
11603;Engelsiz Yaşam Parkı;38.157.734;27.358.220;712-713-719-721-724-727-763-770-780-781-782-784-785-786-795-798
11604;Güvercin;38.139.872;27.378.746;782
11605;Çaybaşı Eshot Garajı;3.813.610.696.264.250;2.737.824.390.157.930;701-712-713-719-721-722-763-783-784-785-786-795
11613;Çaybaşı Kahveler;38.133.930;27.377.230;724-782
11616;Çaybaşı Son Durak;3.813.645.259.163.070;2.737.821.011.841.840;701-712-713-719-721-722-724-763-782-783-784-785-786-795
11617;Çaybaşı;38.136.310;27.379.760;724-782
11618;Durmaz;38.138.830;27.378.199;782
11619;Eğerci Eski Okul;38.137.180;27.381.310;724-782
11620;Yeni Dünya;3.813.992.708.192.640;2.738.019.544.492.750;782
11621;Eğerci Dörtyol;38.137.265;273.831;724-782
11622;Yıldırım;38.138.670;27.379.810;782
11623;Ödemişliler;38.139.010;27.385.690;724-782
11624;Eğerci Eski Okul;38.137.140;27.380.390;724-782
11625;Eğerci İlkokulu;3.813.952.388.818.240;2.738.924.219.675.030;724-782
11626;Eğerci Dörtyol;38.137.336;27.383.297;724-782
11627;Çatkın;38.138.640;27.390.050;724-782
11628;Ödemişliler;3.813.912.312.083.260;2.738.560.919.442.250;724-782
11629;Çocuk Parkı;38.137.750;273.913;724-782
11630;Eğerci İlkokulu;3.813.956.889.139.160;2.738.917.202.916.450;724-782
11631;Güler;38.139.340;273.906;724-782
11632;Çatkın;38.138.720;27.39;724-782
11633;Eğerci Kahveler;38.140.827;27.390.084;724-782
11634;Çocuk Parkı;3.813.776.911.806.980;2.739.121.736.270.290;724-782
11635;Eğerci Kabristan;38.141.682;27.388.833;724-782
11636;Güler;38.139.440;27.390.430;724-782
11637;Eğerci Kara Selviler;3.814.640.868.556.320;2.738.552.018.845.240;724-782
11638;Eğerci Kara Selviler;3.814.088.160.213.840;2.738.999.018.756.790;724-782
11639;Şehitler Viraj;38.149.327;27.385.132;724-782
11640;Eğerci Kabristan;38.141.593;27.388.672;724-782
11641;Şehitler Dörtyol;38.149.806;27.389.361;724-782
11642;Eğerci Kara Selviler;3.814.626.036.332.690;2.738.541.401.619.320;724-782
11643;Efeler;38.150.340;27.396.450;724-782
11644;Şehitler Viraj;38.149.430;27.385.140;724-782
11645;Eğerci Üçyol;381.432;273.881;724-782
11646;Şehitler Dörtyol;38.149.717;27.389.397;724-782
11647;Şehitler Köşe;38.150.696;27.400.701;724-782
11648;Efeler;38.150.380;27.396.380;724-782
11649;Şehitler Ağaç Kapı;38.149.709;27.401.448;724-782
11650;Eğerci Üçyol;38.143.292;27.387.817;724-782
11651;Şehitler Muhtarlık;381.482;27.402.180;724-782
11652;Şehitler Köşe;38.150.739;27.400.504;724-782
11653;Şehitler Kahveler;381.469;27.402.980;724-782
11654;Şehitler Ağaç Kapı;38.149.430;27.401.710;724-782
11655;Şehitler;38.145.490;27.404.320;724-782
11656;Şehitler Muhtarlık;38.148.230;27.402.220;724-782
11658;Şehitler Kahveler;38.146.920;274.030;724-782
11659;Papatya;38.107.802;27.456.591;727-780-798-858
11660;Papatya;38.107.948;27.456.472;727-780-798-858
11662;Fatih İlkokulu;3.815.521.285.889.780;2.736.462.713.923.430;714-858
11663;Yedi Eylül;3.818.145.613.318.670;2.736.876.097.368.620;713-714
11664;Yedi Eylül;3.818.129.713.370.250;27.368.735.275.637;713-714
11668;Çaybaşı Meydan;3.813.445.757.049.440;2.737.677.988.674.550;701-712-713-719-721-722-724-763-783-784-785-786-795
11669;Çaybaşı Meydan;3.813.449.417.404.520;2.737.708.348.970.550;701-712-713-719-721-722-763-783-784-785-786-795
11671;Evliya Çelebi;3.818.914.724.544.710;2.735.797.159.917.850;721-763-784-785-786
11672;Evliya Çelebi;3.818.914.063.891.090;2.735.746.312.297.310;719-721-763-784-786
11673;Ahmetbeyli Çiftlik Evleri;3.803.068.857.731.730;2.718.824.807.527.450;775
11674;Ahmetbeyli Çiftlik Evleri;3.803.099.857.669.030;2.718.868.808.287.060;775
11679;Tire Yol Ayrımı;3.811.619.819.479.570;2.741.210.019.728.520;727-780-781-798-858
11680;Tire Yol Ayrımı;3.811.614.519.136.860;2.741.272.820.047.920;727-780-781-798-858
11681;Yağmur;38.111.950;27.421.520;727-780-781-798-858
11682;Yağmur;38.111.567;27.422.582;727-780-781-798-858
11683;Tat Konserve;381.097;274.261;727-780-781-798-858
11684;Tat Konserve;381.099;274.259;727-780-781-798-858
11685;Osman Dirik Parkı;381.078;274.297;727-780-781-798-858
11686;Osman Dirik Parkı;381.079;274.297;727-780-781-798-858
11687;Subaşı Pazaryeri;3.810.609.795.965.970;2.743.320.027.566.610;727-780-781-798-858
11688;Subaşı Pazaryeri;3.810.589.795.448.180;2.743.370.027.786.080;727-780-781-798-858
11689;Subaşı Belediyesi;38.105.831;27.436.968;727-780-798-858
11690;Subaşı Belediyesi;38.105.934;27.436.957;727-780-798-858
11691;7 Nolu Sağlık Ocağı;38.106.043;27.439.574;727-780-798-858
11692;7 Nolu Sağlık Ocağı;38.106.115;27.439.366;727-780-798-858
11693;Akkoca Tavuk Çiftliği;381.074;274.523;727-780-798-858
11694;Akkoca Tavuk Çiftliği;381.075;274.523;727-780-798-858
11695;Çiftlik;381.085;274.622;727-780-798-858
11696;Çiftlik;38.108.613;27.462.565;727-780-798-858
11697;Atalan Aile Sağlığı Merkezi;3.810.909.784.918.110;2.746.820.050.291.490;727-780-798-858
11698;Yeniçiftlik İlkokulu;3.812.149.791.744.260;2.750.040.072.838.880;727-798-858
11699;Yeniçiftlik İlkokulu;38.121.497.916.695;2.750.060.072.963.980;727-798-858
11700;Atalan Aile Sağlığı Merkezi;3.810.904.485.551.630;2.746.654.449.227.320;727-780-798-858
11701;Çocuk Parkı;3.811.008.185.352.960;2.747.076.152.178.320;727-798-858
11702;Çocuk Parkı;3.811.007.185.506.610;2.747.036.551.924.750;727-798-858
11703;Kırbaş Giriş;38.106.607;27.439.767;780
11704;Kırbaş Giriş;38.106.579;27.439.658;780
11705;Mezarlık;3.811.577.401.025.470;2.744.351.196.903.110;780
11706;Mezarlık;3.811.567.007.849.690;2.744.329.024.557.630;780
11707;Kırbaş Son Durak;38.117.899;27.444.949;780
11708;Bülbüldere Yol Ayrımı;38.120.878;274.978;727-798-858
11709;Bülbüldere Yol Ayrımı;38.120.720;27.497.607;727-798-858
11710;Hasköy Arıtma;38.137.081;27.502.758;727-858
11711;Hasköy Arıtma;38.137.160;27.502.665;727-858
11712;Yeniçiftlik Cami;3.812.267.392.209.450;2.750.435.775.407.060;798
11713;Yeniçiftlik Cami;3.812.257.292.033.750;2.750.438.275.415.680;798
11714;Yeniçiftlik Merkez;38.123.997.945.559;2.750.390.075.210.790;727-858
11715;Yeniçiftlik Merkez;3.812.389.806.070.430;2.750.377.359.553.450;727-858
11716;Yeniçiftlik Çıkış;381.262;275.040;727-858
11717;Yeniçiftlik Çıkış;381.262;275.039;727-858
11718;Hasköy Giriş;3.813.998.021.120.180;2.750.197.874.494.360;727-858
11719;Hasköy Giriş;381.393;275.021;727-858
11720;Hasköy Kahveler;381.418;275.022;727-858
11721;Hasköy Kahveler;381.417;275.020;727-858
11722;Hasköy Meydan;381.430;275.027;727-858
11723;Hasköy Meydan;381.431;275.026;727-858
11724;Hasköy Çıkış;381.455;275.018;727-858
11725;Hasköy Çıkış;381.454;275.017;727-858
11726;Çırpı Giriş;381.639;275.027;727-858
11727;Çırpı Giriş;381.638;275.027;727-858
11728;Çırpı Cami;381.656;275.015;727-858
11729;Çırpı Cami;381.656;275.014;727-858
11730;Çırpı Akasya;381.670;275.005;727-858
11731;Çırpı Akasya;381.669;275.004;727-858
11732;Çırpı Belediyesi;381.688;274.991;727-788-858
11733;Çırpı Belediyesi;381.687;274.991;727-788-858
11734;Çırpı Park;381.714;274.971;727-788-858
11735;Çırpı Park;381.713;274.970;727-788-858
11736;Bayındır Çırpı İlkokulu;3.817.430.752.936.910;2.749.504.169.864.070;727-788-858
11737;Bayındır Çırpı İlkokulu;3.817.429.876.037.680;2.749.490.068.098.980;727-788-858
11738;Arıkbaşı Kahveler;3.818.216.988.204.160;2.749.227.165.668.970;697-795-806
11739;Arıkbaşı Kahveler;3.818.236.688.507.510;2.749.219.265.600.990;697-795-806
11740;Çırpı Köprü;3.816.079.803.468.430;2.750.346.201.949.440;727-858
11741;Çırpı Köprü;3.816.077.782.519.490;2.750.336.663.333.340;727-858
11742;Arıkbaşıı İstasyon;3.817.849.882.449.910;2.749.410.067.071.820;727-788-858
11743;Arıkbaşı İstasyon;3.817.839.882.320.460;2.749.400.067.047.220;727-788-858
11744;Ekoten;3.817.482.655.221.370;2.737.102.240.612.050;697-795-806
11745;Ekoten;3.817.431.523.134.930;2.737.106.990.901.440;697-795-806
11746;Arıkbaşı Okul Yolu;3.818.169.516.041.040;2.749.363.709.261.560;727-788-858
11747;Dede Dağı;3.818.436.489.856.550;2.750.159.868.989.110;697-727-788-795-806-858
11748;Dede Dağı;38.184.752;27.501.907;697-727-788-795-806-858
11749;Arıkbaşı Okul Yolu;38.181.697.732.439;2.749.350.037.537.750;727-788-858
11750;Arıkbaşı Akçam;3.818.268.076.813.520;2.749.539.833.670.250;697-727-788-795-806-858
11751;Arıkbaşı Akçam;381.831;274.966;697-727-788-795-806-858
11752;Canlı Kahveler;3.819.261.314.331.720;2.754.964.374.790.230;697-727-787-793-795-806-858
11753;Canlı Park;38.192.038;27.552.514;697-727-787-793-795-806-858
11754;Çiftçi Gediği Köy Yolu;3.818.636.059.853.650;2.750.562.666.946.390;697-727-795-806-858
11755;Çiftçi Gediği Köy Yolu;38.186.180;27.505.868;697-727-795-806-858
11756;Kızılcaova;3.819.279.299.839.970;2.752.085.674.331.230;697-727-795-806-858
11757;Kızılcaova;3.819.270.599.498.760;2.752.253.575.020.830;697-727-787-795-806-858
11758;Yakapınar Giriş;3.819.280.497.102.370;2.754.483.383.986.840;697-727-787-795-806-858
11759;Yakapınar Giriş;3.819.256.296.571.040;2.754.616.084.636.390;697-727-787-793-795-806-858
11760;Canlı Park;3.819.217.095.228.090;2.755.296.087.649.710;697-727-787-793-795-806-858
11761;Canlı Kahveler;38.192.390;27.549.920;697-727-787-793-795-806-858
11764;Canlı Çıkış;3.819.211.762.487.570;2.755.909.421.942.670;697-727-787-788-793-795-806-858
11765;Canlı Çıkış;3.819.197.894.298.450;2.755.912.590.355.970;697-727-787-788-793-795-806-858
11766;Yeşilova Köy Yolu;3.819.407.996.541.690;2.757.391.995.692.250;697-727-787-788-793-795-806-858
11767;Yeşilova Köy Yolu;3.819.377.496.026.970;2.757.384.395.817.820;697-727-787-788-793-795-806-858
11768;Elifli;38.195.485;27.580.977;697-727-787-788-793-795-806-858
11769;Elifli;38.195.282;27.581.739;697-727-787-788-793-795-806-858
11770;Furunlu Tulumba;38.196.692;27.596.254;697-727-787-788-793-795-806-858
11771;Furunlu Tulumba;381.966;27.596.590;697-727-787-788-793-795-806-858
11772;Furunlu Yolu;3.820.099.907.059.870;27.602.971.041.725;697-727-787-793-795-806-858
11773;Furunlu Yolu;38.200.790;27.603.534;697-727-787-793-795-806-858
11774;Furunlu Yedikavak;38.203.026;27.608.260;697-727-787-791-793-795-806-858
11775;Furunlu Yedikavak;38.202.908;27.608.588;697-727-787-791-793-795-806-858
11776;Karahalilli;38.205.625;27.614.064;697-727-787-791-793-795-806-858
11777;Karahalilli;38.205.629;27.614.665;697-727-787-791-793-795-806-858
11778;Çiçekçiler;3.820.851.020.518.350;2.762.367.907.663.740;697-727-787-788-791-793-795-806-858
11779;Çiçekçiler;38.208.508;27.623.881;697-727-787-788-791-793-795-806-858
11780;Bayındır Çınar;382.173;276.358;727-787-788-791-793-795-858
11781;Bayındır Çınar;38.217.086;27.635.830;727-787-788-791-793-795-858
11782;Sera;38.192.389;27.527.942;697-727-787-795-806-858
11783;Sera;38.192.566;27.527.887;697-727-787-795-806-858
11784;Benzinlik;38.192.374;27.534.525;697-727-787-795-806-858
11785;Benzinlik;38.192.591;27.534.740;697-727-787-795-806-858
11786;Mezarlık;38.192.357;27.538.486;697-727-787-795-806-858
11787;Mezarlık;38.192.586;27.538.254;697-727-787-795-806-858
11788;Canlı Çınar;3.819.198.189.312.080;2.756.222.597.717.480;697-727-787-788-793-795-806-858
11789;Canlı Çınar;38.191.782.924.922;2.756.207.842.748.950;697-727-787-788-793-795-806-858
11790;Salça Fabrikası;38.128.407;27.504.612;727-858
11791;Salça Fabrikası;38.128.265;27.504.489;727-858
11796;Sokullu;38.217.404;27.642.443;727-787-788-791-793-795-858
11797;Sokullu;38.217.293;27.642.480;727-787-788-791-793-795-858
11798;Bayındır Sadık Susamcıoğlu Anadolu Lisesi;3.821.750.938.151.670;2.764.518.209.141.870;727-787-788-791-793-795-858
11799;Bayındır Sadık Susamcıoğlu Anadolu Lisesi;3.821.735.937.868.840;2.764.518.109.272.140;727-787-788-791-793-795-858
11800;Bayındır Fatih İlkokulu;3.821.759.938.481.320;2.764.750.109.994.060;727-787-788-791-793-795-858
11801;Bayındır Fatih İlkokulu;3.821.739.938.081.930;2.764.720.110.049.220;727-787-788-791-793-795-858
11802;Güven;38.219.696;27.647.640;727-787-788-791-793-858-865
11803;Bayındır Jandarma;38.22;276.484;678-679-727-787-788-790-791-793-858
11805;Atatürk İlkokulu;3.822.059.944.384.090;2.765.040.108.473.550;678-679-727-787-788-790-791-793-858
11807;Bayındır Devlet Hastanesi;382.214;276.494;678-679-727-787-788-790-791-793-858-865
11809;Bayındır;382.213;276.476;678-679-727-787-788-790-791-793-858-865
11810;Hasköy Çiftlik;38.148.226;27.502.753;727-858
11811;Hasköy Çiftlik;38.148.246;27.502.625;727-858
11818;Cumhuriyet Çam;380.029;271.262;775
11819;Cumhuriyet Çam;380.026;271.262;775
11820;Cumhuriyet Sümbül;380.067;271.283;775
11821;Cumhuriyet Sümbül;380.069;271.284;775
11822;Şükrü Özkan;380.095;271.293;775
11823;Şükrü Özkan;380.102;271.295;775
11824;Cumhuriyet Mahallesi Merkez;380.149;271.274;775-778
11825;Cumhuriyet Mahallesi  Merkez;380.150;271.275;775-778
11826;Cumhuriyet Mahallesi Hastane;3.801.359.890.839.340;2.712.569.744.899.050;775-778
11827;Cumhuriyet Mahallesi Hastane;3.801.361.622.714.220;2.712.566.283.007.890;775-778
11828;Özdere Belediye Garajı;380.144;271.236;775-778
11829;Özdere Belediye Garajı;380.144;271.237;775-778
11830;7 Nolu Sağlık Ocağı;38.009.829;27.116.437;775-778
11831;7 Nolu Sağlık Ocağı;38.009.487;27.115.590;775-778
11832;Saklıbahçe;380.005;271.242;775
11833;Saklıbahçe;380.010;271.244;775
11834;Cumhuriyet Park;380.130;271.287;775
11835;Cumhuriyet Park;380.128;271.288;775
11838;Sönmez;380.509;270.509;775
11839;Sönmez;380.508;270.509;775
11840;Cumhuriyet Sanayi;380.139;271.206;775-778
11841;Özdere Son Durak;380.527;270.523;775
11843;Cumhuriyet Sanayi;380.140;271.205;775-778
11852;Yenişehir Pazar Yeri;3.841.830.060.297.740;2.715.500.032.307.160;36-234
11853;Yenişehir Pazar Yeri;384.186;271.545;36-200-515-539
11854;Yenişehir Üst Geçit;384.101;271.546;36-200-234-515-539
11855;Yenişehir Üst Geçit;384.133;271.561;36-200-515-539
11856;Yeşildere;384.076;271.454;36-200-234-515-539
11857;Yeşildere;3.840.723.056.042.110;2.714.442.239.959.330;36-200-234-515-539
11859;Buca Köprüsü;3.839.468.052.014.160;2.713.542.046.552.780;200-539
11860;Buca Köprüsü;38.395.280;27.137.230;200-539
11862;Yenidoğan;3.841.530.199.849.340;2.715.612.305.235.270;36-234
11873;Buca Su Kemeri;3.839.431.052.090.820;2.713.650.046.200.730;490
11878;Atatürk Stadı;384.332;271.794;53-364-515-539-543-555-560-564-930
11886;Aziziye Parkı;38.420.312;27.152.501;35
11889;Altınyağ;384.388;271.709;77-78-125-140-147-148-240-335-426-434-477-577
11890;Altınyağ;384.390;271.711;77-78-125-140-147-148-240-335-426-434-477-577
11892;Çınarlı Mesleki ve Teknik Anadolu Lisesi;3.844.080.069.409.290;2.717.530.136.314.990;102-168-501-502-503-504-513-599
11893;Birinci Sanayi Sitesi;3.843.150.267.193.370;2.717.390.219.520.670;154-418-475
11894;Birinci Sanayi Sitesi;3.843.155.167.271.640;2.717.419.619.374.470;154-418-475
11895;Veterinerlik;384.289;271.731;154-418-475
11896;Veterinerlik;384.285;271.731;154-418-475
11897;Yenişehir Gıda Çarşısı İZSU Yanı;384.260;271.730;154-418-475
11898;Yenişehir Gıda Çarşısı İZSU Yanı;3.842.604.917.674.410;2.717.287.357.766.980;154-418-475
11899;Kocakapı;38.418.379.281.888;2.715.430.030.165.320;35-234
11900;Kocakapı;3.841.830.060.200.730;2.715.450.032.517.940;35
11901;Ballıkuyu Çeşme;384.161;271.552;35-234
11902;Ballıkuyu Çeşme;384.160;271.554;35
11903;Ballıkuyu Eski Son Durak;384.132;271.557;35-234
11904;Ballıkuyu Eski Son Durak;384.130;271.557;35
11905;Umut;38.411.347;27.155.167;35-234
11906;Umut;384.113;271.553;35
11907;Yeşildere Cami;384.132;271.544;35-234
11908;Yeşildere Cami;38.413.534;27.154.217;35-234
11909;Yeşiltepe İlkokulu;384.146;271.539;35-234
11910;Yeşiltepe İlkokulu;38.414.643;27.153.650;35-234
11911;Gayretiye Cami;384.158;271.518;35-234
11912;Gayretiye Cami;38.415.911;27.151.438;35-234
11913;Çeşme;3.841.696.745.328.630;2.714.923.839.240.530;35-234
11914;Çeşme;38.416.929.403.828;2.714.913.130.652.310;35-234
11915;Muradiye Cami;38.417.796;27.147.315;35-234
11916;Muradiye Cami;38.417.662;27.147.136;35-234
11917;Gazozcu;38.416.633;27.145.395;35-234
11918;Gazozcu;38.416.572;27.145.457;35-234
11920;Ballıkuyu;384.156;271.434;35-234
11929;Hacı Bayram Cami;38.419.130;27.160.035;41-42-46
11930;Hacı Bayram Cami;38.419.184;27.159.691;41-42-46-49
11931;Zeytinlik;384.196;271.632;41-42-46
11932;Zeytinlik;3.841.956.962.105.760;2.716.275.128.631.510;41-42-46-49
11937;Barbaros Hayrettin İlkokulu;384.202;271.675;41-42-46
11938;Barbaros Hayrettin İlkokulu;384.198;271.672;41-42-46
11939;Levent Çeşme;384.187;271.665;41-42-46
11940;Levent Çeşme;38.418.506;27.166.563;41-42-46
11941;Levent Depo;384.158;271.659;41-42-46
11942;Levent Depo;384.155;271.659;41-42-46
11947;Dörtyol;38.413.200.611.931;2.716.560.029.545.810;42-46
11949;Ferahlı;3.841.214.381.060.520;2.716.513.527.456.070;42-475
11952;Levent;384.131;271.663;41-42-46
11953;Gazi Caddesi;384.125;271.667;46-475
11954;Gazi Caddesi;384.126;271.670;46-475
11955;Kahveler;3.841.370.062.144.210;2.716.990.027.633.430;46-475
11956;Kahveler;3.841.375.462.144.940;2.716.983.627.641.710;46-475
11957;Gültepe Karakol;384.147;271.735;46-475
11958;Gültepe Karakol;384.145;271.731;46-475
11959;Çobançeşme;384.143;271.765;46-475
11960;Çobançeşme;3.841.412.363.629.630;2.717.689.224.662.040;46
11961;Depo;3.841.225.763.293.720;2.717.762.924.996.670;46
11962;Depo;3.841.241.962.867.160;2.717.766.379.506.270;46
11963;Gültepe Kültür Merkezi;3.841.207.963.402.450;2.717.841.724.741.610;46
11964;Gültepe Kültür MErkezi;3.841.206.848.670.380;2.717.851.867.585.610;46
11973;Çamlık Cami;384.130;271.791;46
11974;Çamlık Cami;38.413.285;27.179.627;46
11975; Kıbrıs Şehitleri İlkokulu;38.412.604;27.181.668;46
11976; Kıbrıs Şehitleri İlkokulu;384.126;271.813;46
11977;Sevgi;384.126;271.837;46
11978;Sevgi;384.126;271.839;46
11979;Çobançeşme Eski Son Durak;384.130;271.862;46
11980;Çobançeşme Eski Son Durak;384.130;271.861;46
11982;Çobançeşme;384.141;271.862;46
11984;Millet Mahallesi;384.130;271.823;46
11989;Sarışın;38.422.460;27.171.138;44-45-475
11990;Sarışın;38.422.693;27.171.248;44-45-475
11991;Kahveler;38.420.939;27.170.817;44-45-475
11992;Kahveler;384.206;271.709;44-45-475
11993;Göksel Yaman Parkı;384.192;271.703;45
11994;Zafer;38.418.513;27.169.625;45
11995;Zafer;384.183;271.692;45
11996;Gözemel;384.172;271.685;45
11997;Gözemel;384.173;271.684;45
11998;Turgut Reis İlköğretim Okulu;3.841.574.415.312.420;2.717.110.924.483.730;45
11999;Turgut Reis İlköğretim Okulu;3.841.559.284.579.390;2.717.101.152.815.580;45
12000;Gültepe;384.163;271.736;45
12007;Adem Yavuz;38.419.720;27.171.390;44-475
12008;Adem Yavuz;38.419.797;27.171.372;44-475
12009;Fatih Cami;384.187;271.735;44-475
12010;Fatih Cami;38.418.686;27.173.865;44-475
12011;Adem Yavuz Parkı;384.186;271.762;44-475
12012;Adem Yavuz Parkı;38.418.709;27.176.479;44-475
12013;Nenehatun Çok Programlı Anadolu Lisesi;3.841.897.928.138.240;27.179.118.592.925;44
12014;Nenehatun Çok Programlı Anadolu Lisesi;3.841.886.019.983.510;2.717.952.763.385.580;44
12021;Murat Mahallesi Muhtarlık;3.841.770.265.673.720;2.718.235.621.195.180;44
12022;Murat Mahallesi Muhtarlık;3.841.678.523.102.430;2.718.256.495.087.630;44
12023;Hafize Beşikçioğlu Sağlık Ocağı;384.162;271.810;44
12024;Hafize Beşikçioğlu Sağlık Ocağı;384.160;271.811;44
12028;Çamlık;384.155;271.826;44
12033;Mersinpınar Köşe;38.415.100.648.144;2.718.150.022.468.280;44
12034;Mersinpınar Köşe;384.151;271.817;44
12036;Mersinpınar;38.414.500.651.457;27.183.900.217.167;44
12042;Düğün Salonu;384.097;271.792;34-42-441
12043;Düğün Salonu;38.409.206;27.178.965;34-42-441
12045;Dokuz Eylül Anadolu Lisesi;3.841.023.663.631.710;2.718.208.323.906.030;34
12049;Aydın;3.840.830.126.543.130;2.718.020.025.444.530;42-441
12050;Aydın;3.840.810.062.803.620;2.718.080.025.116.290;42-441
12051;Çınartepe Muhtarlık;384.074;271.831;42-441
12052;Çınartepe Muhtarlık;38.407.450;27.182.960;42-441
12054;Çınartepe;38.407.692;27.186.715;42-441
12057;Eşrefpaşa;384.081;271.285;72-104-105-171-233-234-285-374-465-470-471-484-485-940
12058;Eşrefpaşa;384.083;271.288;23-29-30-32-33-72-104-105-157-171-193-224-233-285-374-465-471-484-485-940
12059;Eşrefpaşa;38.407.956;27.128.317;29-30-32-33
12060;Eşrefpaşa;3.840.771.853.488.550;2.712.842.646.485.130;27-234-470-680-691
12061;Eşrefpaşa;384.076;271.283;23-193-224-680-691
12062;Yağhaneler;38.404.626;27.129.116;23-27-157-193-224-234-470-680-691
12063;Yağhaneler;38.403.312;27.129.349;23-193-224-234-680-691
12064;Yağhaneler 2;384.011;271.306;72-104-105-171-233-234-285-374-465-470-471-484-485-490-940
12065;Yağhaneler 2;38.401.039;27.130.441;72-104-105-171-233-234-285-374-465-470-471-484-485-940
12066;Arap Cami;3.840.570.853.148.530;2.712.859.146.898.660;33-72-104-105-171-233-285-374-465-471-484-485-940
12068;Konak Anadolu Lisesi;3.839.780.052.169.980;2.713.210.047.231.090;72-104-105-171-233-234-285-374-465-470-471-484-485-490-940
12069;Konak Anadolu Lisesi;3.839.899.652.273.760;2.713.120.047.340.070;72-104-105-171-233-234-285-374-465-470-471-484-485-940
12070;Şelale Parkı;383.960;271.340;72-104-105-171-233-234-285-374-465-470-471-484-490-940
12071;Şelale Parkı;38.395.674;27.134.191;72-104-105-171-233-234-285-374-465-470-471-484-485-940
12079;Kako;384.080;271.319;33
12080;Kako;384.081;271.318;33
12081;Zafer Ortaokulu;3.840.880.054.388.020;2.713.270.044.419.230;33
12082;Zafer Ortaokulu;3.840.910.054.510.610;2.713.310.044.174.760;33
12083;Bloklar;38.410.443;27.135.449;33
12084;Bloklar;38.410.606;27.135.587;33
12085;Çeşme;384.119;271.370;33
12086;Çeşme;38.411.783;27.136.669;33
12087;İtfaiye;38.412.839;27.139.606;33
12088;İtfaiye;384.130;271.392;33
12089;Hava Şehitliği;384.126;271.408;33
12092;Surlar;384.132;271.428;33
12093;Surlar;38.413.456;27.143.749;33
12098;Kosova Mahallesi;3.841.263.058.911.520;2.715.081.334.803.820;33
12100;Hava Şehitliği;38.412.699;27.140.802;33
12116;Kasap;38.405.633.876.788;2.713.052.475.408.860;29-30-32
12117;Kasap;384.056;271.305;29-30-32
12118;Çimentepe Aile Sağlık Merkezi;3.840.421.853.698.290;2.713.383.245.077.280;29-30-32
12119;Konak Ömer Lütfü Akad Ortaokulu;38.404.800.535.672;2.713.230.045.571.520;29-30-32
12120;Düzyollar;3.840.561.154.082.080;2.713.454.044.447.750;29
12121;Çimentepe Aile Sağlık Merkezi;3.840.426.053.666.460;2.713.358.045.171.210;29-30-32
12122;Yayla Kahvesi;384.077;271.352;29
12123;Düzyollar;3.840.562.754.102.140;2.713.464.544.400.350;29
12124;Kadriye Mahallesi Çeşme;38.408.918.609.772;2.713.683.703.487.950;29
12125;Yayla Kahvesi;384.077;271.353;29
12126;Konak Ömer Lütfü Akad Ortaokulu;3.840.485.773.372.710;2.713.240.661.771.380;29-30-32
12127;Kadriye Mahallesi Çeşme;384.088;271.369;29
12129;Kadriye Mahallesi;38.409.828;27.138.834;29
12135;Girgin;384.042;271.359;30
12136;Girgin;384.043;271.360;30
12137;Beştepeler Lisesi;38.405.886;27.136.721;30
12138;Beştepeler Lisesi;38.405.761;27.136.581;30
12139;Gökalp;38.405.917;27.139.503;30
12140;Gökalp;38.406.009;27.139.466;30
12142;Kaynak;384.083;271.401;30
12147;Leventtepe Selamet Cami;38.403.315;27.135.483;32
12148;Leventtepe Selamet Cami;38.403.399;27.135.361;32
12149;Site;38.402.756;27.137.744;32
12150;Site;38.402.846;27.137.770;32
12151;Cephanelik;384.014;271.370;32
12152;Cephanelik;38.401.367;27.136.955;32
12153;Beşyol;384.017;271.345;32
12154;Beşyol;384.017;271.344;32
12155;Sağlık;38.400.116;27.134.329;32
12156;Sağlık;38.400.157;27.134.411;32
12157;Esenlik;38.398.458.347.491;2.713.380.782.525.540;32
12158;Esenlik;3.839.847.548.726.080;2.713.391.041.248.560;32
12159;Çimentepe;3.839.750.952.493.410;2.713.469.646.247.630;32
12167;Şato;38.413.765.539.230;2.712.470.046.548.530;21
12169;Sarıkamış İlkokulu;3.841.227.953.581.990;2.712.415.747.165.150;21
12171;Doksan Beş;3.841.043.353.521.780;2.712.569.046.974.120;21
12173;Altıntaş;3.840.880.752.849.420;2.712.328.348.397.830;21
12175;Turgut Reis;3.840.852.152.380.840;2.712.066.149.582.970;21
12177;Asansör;3.840.811.751.864.640;2.711.782.250.889.750;21
12179;Kemal Reis;3.840.793.051.191.630;2.711.370.452.698.180;21
12181;Mektupçu;38.407.871.508.958;2.711.184.953.509.850;21
12182;Halil Rıfat Paşa;3.840.613.950.317.370;2.710.978.354.772.640;21
12189;Türkoğlu;384.026;271.053;15
12190;Türkoğlu;384.026;271.052;15
12191;Gönül;384.043;271.036;15
12192;Gönül;384.042;271.039;15
12193;İnönü;38.404.355;27.100.779;15
12198;Yağhaneler 3;384.013;271.293;23-27-157-193-224-680-691
12199;Kilimci Tepe;38.396.147;27.127.128;23-89-193-224-522-550-556-588-680-823
12200;Kilimci Tepe;383.962;271.274;23-89-193-224-522-550-556-588-680-823
12201;Narlık;3.839.350.631.758.010;2.712.661.571.173.960;23-89-193-224-522-550-556-588-680-823
12202;Narlık;383.936;271.268;23-89-193-224-522-550-556-588-680-823
12203;Zincirlikuyu;383.912;271.245;23-193-224-522-588-680-823
12204;Zincirlikuyu;383.922;271.259;23-193-224-522-550-556-588-680-823
12205;Kestelli;38.390.075;27.121.875;23-193-224-522-588-680-823
12206;Kestelli;383.901;271.224;23-193-224-522-588-680-823
12207;Bozyaka Cami;3.838.953.100.810.420;2.711.989.089.611.090;23-193-224-522-588-680-823
12208;Bozyaka Cami;38.389.558;27.120.685;23-193-224-522-588-680-823
12209;Karakuyu;383.872;271.159;23-124-193-224-522-587-588-680-823-879
12210;Karakuyu;38.387.572;27.116.164;23-124-193-224-522-587-588-680-823-879
12211;Karaselvi;383.851;271.147;23-124-193-224-522-587-588-680-823-879
12212;Karaselvi;383.854;271.152;23-124-193-224-522-587-588-680-823-879
12213;Bayram Kahya;38.380.773;27.112.887;23-124-193-587-588-680
12214;Bayram Kahya;383.814;271.131;23-124-193-587-588-680
12215;Kuyu;383.778;271.106;23-193-224-522-587-671-680-823
12216;Kuyu;3.837.789.545.678.840;2.711.086.958.754.860;23-193-224-522-587-671-680-823
12217;Yıkık Cami;38.375.302;27.107.653;23-224-523-823-877
12218;Yıkık Cami;383.757;271.076;23-224-523-823-877
12219;Naci Şensoy Anadolu Lisesi;3.837.251.544.324.310;27.107.264.606.106;23-224-523-823-877
12220;Naci Şensoy Anadolu Lisesi;38.372.900.444.179;2.710.750.060.491.860;23-224-523-823-877
12221;Hulusi Kentmen 2;38.371.419;27.106.912;224
12222;Hulusi Kentmen Parkı;38.371.001;27.107.718;23-523-823-877
12223;Hulusi Kentmen Parkı;38.370.785;27.107.772;23-523-823-877
12224;Çiftlik;383.692;271.086;23-523-823-877
12225;Çiftlik;38.369.085;27.108.280;23-523-823-877
12226;Eskiizmir İlkokulu;383.670;271.081;23-523-823-877
12227;Eskiizmir İlkokulu;3.836.705.143.328.830;2.710.775.060.767.690;23-523-823-877
12228;Reşat Nuri;38.365.434;27.106.643;23-523-823-877
12229;Reşat Nuri;3.836.547.742.914.340;2.710.638.961.347.730;23-523-823-877
12230;Gürsel;383.633;271.053;23-523-823-877
12231;Gürsel;383.631;271.050;23-523-823-877
12232;İzmir Anadolu Lisesi;3.836.030.041.740.270;2.710.410.062.343.350;23-523-823-877
12233;İzmir Anadolu Lisesi;3.836.008.641.685.860;27.103.916.624.139;23-523-823-877
12234;Asmalı;3.835.623.240.912.990;2.710.369.162.521.990;23-516-523-873-877-977
12235;Asmalı;383.571;271.036;23-516-523-873-877-977
12236;Çöp Fabrikası;383.543;271.029;23-516-523-873-877-977
12237;Çöp Fabrikası;383.543;271.028;23-516-523-877-977
12238;Türkeliler;383.533;271.006;23-516-523-877
12239;Türkeliler;3.835.332.901.142.880;2.710.059.220.008.510;23-516-523-877
12240;Uzundere;3.835.229.439.860.940;2.709.887.764.187.130;23-516-523-877
12255;Bozyaka Devlet Hastanesi;38.398.501;27.126.573;89-522-550-556-588-823
12256;Bozyaka Devlet Hastanesi;383.984;271.263;89-522-550-556-588-823
12257;Çevik Kuvvet;38.40;271.220;20-84-89-124-156-522-556-588-823
12258;Bahçelievler;384.009;271.201;20
12259;Bahçelievler;384.020;271.181;20-84-89-124-156-522-556-588-823
12260;Çevik Kuvvet;383.996;271.225;20
12263;Spotçular;38.400.596;27.123.426;84-89-124-156-522-550-556-587-588-823
12266;Spotçular;384.014;271.236;550-587
12267;Yeşilyurt İtfaiye;38.401.922;27.115.524;16-18-19-490-520-523-524-575-579
12268;Yeşilyurt İtfaiye;384.016;271.155;16-18-19-520-523-524-575-579
12269;Karabağlar Cumhuriyet Mesleki ve Teknik Anadolu Lisesi;3.839.993.866.903.040;2.711.266.426.057.760;16-18-19-490-520-523-524-575-579
12270;Karabağlar Cumhuriyet Mesleki ve Teknik Anadolu Lisesi;3.839.934.800.027.010;2.711.216.104.740.820;16-18-19-520-523-524-575-579
12271;Yeşilyurt Çeşme;383.988;271.085;16-19-520-523-524-879
12272;Yeşilyurt Çeşme;38.398.315;27.108.267;16-19-520-523-524-879
12273;Yeşilyurt Devlet Hastanesi;38.398.508;27.103.524;16-19-520-523-524-879
12274;Yeşilyurt Devlet Hastanesi;38.398.297;27.105.037;16-19-520-523-524-879
12275;Yeşilyurt Huzurevi;38.398.560;27.102.404;16-19-520-523-524-879
12276;Yeşilyurt Huzurevi;38.398.439;27.102.374;16-19-520-523-524-879
12277;Basın Sitesi;383.977;271.001;16-19-520-523-524-879
12278;Basın Sitesi;383.976;271.004;16-19-520-523-524-879
12287;Osman Kibar;38.397.990;27.122.956;20-84-124-587
12288;Osman Kibar;38.397.621;27.122.591;20-84-124-587
12289;Gülyaka;38.395.796;27.120.113;20-84-124-587
12290;Gülyaka;383.955;27.Ara;20-84-124-587
12291;Karabağlar Kazım Karabekir Orta Okulu;38.392.691.984.235;2.711.862.965.374.290;124-587-879
12292;Karabağlar Kazım Karabekir Ortaokulu;3.839.250.049.306.680;2.711.880.053.620.630;124-587-879
12293;Emek Sitesi;3.839.111.100.610.990;2.711.867.269.387.230;124-587-879
12294;Emek Sitesi;383.909;271.187;124-587-879
12303;İzsu;3.839.689.097.204.050;2.711.369.242.581.430;18-575-579-879
12304;İzsu;38.397.284;27.112.963;18-575-579-879
12305;Defne;383.959;271.151;18-575-579-879
12306;Defne;383.962;271.149;18-575-579-879
12307;Öztepe;3.839.442.849.489.620;2.711.755.453.790.350;18-575-579-879
12308;Öztepe;38.394.998;27.116.798;18-575-579-879
12315;Ahmet Ragıp Üzümcü İlkokulu;3.839.320.494.759.760;2.711.719.877.500.450;18-20-575-579
12316;Ahmet Ragıp Üzümcü İlkokulu;38.393.121;27.117.231;18-20-575-579
12317;Kazım Karabekir Mahalle Muhtarlığı;383.928;271.137;20
12318;Kazım Karabekir Mahalle Muhtarlığı;383.927;271.135;20
12323;Yeşilyurt Merkez Cami;38.394.350;27.113.307;18-575-579
12324;Yeşilyurt Merkez Cami;38.393.701;271.137;18-575-579
12325;Şehit Muzaffer Erdönmez İlkokulu;38.394.772;27.111.034;18-575-579
12326;Şehit Muzaffer Erdönmez İlkokulu;383.947;271.108;18-575-579
12331;Fidan;38.396.804.533.042;2.710.740.117.743.490;18-520-575-579
12332;Mızraklı;38.396.158;27.110.175;18-520-575-579
12333;Yeşilyurt Devlet Hastanesi;383.964;271.040;16-18-520-575-579
12334;Fidan;383.967;271.076;18-520-575-579
12335;Şehit Erkan Özcan Anadolu Lisesi;3.839.571.147.677.120;2.710.220.659.925.360;16-18-520-575-579
12336;Yeşilyurt Devlet Hastanesi;38.396.343.549.836;2.710.399.157.754.950;16-18-520-575-579
12337;Hasan Tahsin;383.939;270.998;18-19-523-524-575-579-879
12338;Şehit Erkan Özcan Anadolu Lisesi;3.839.530.047.588.330;2.710.200.060.077.050;16-18-520-575-579
12339;Karabağlar Halk Eğitim Merkezi;38.392.868;27.098.058;18-19-523-524-575-579-879
12340;Hasan Tahsin;3.839.370.047.030.640;2.709.950.061.369.020;18-19-523-524-575-579-879
12341;Mermerci;383.901;270.962;18-19-523-524-575-579-879
12342;Karabağlar Halk Eğitim Merkezi;38.392.315;27.097.743;18-19-523-524-575-579-879
12343;Maliyeciler;3.838.865.296.835.310;2.709.470.985.640.370;19
12344;Mermerci;38.390.218.672.102;2.709.637.867.123.120;18-19-523-524-575-579-879
12345;Esendere;383.873;270.928;19
12346;Maliyeciler;383.886;270.948;19
12347;Şehit Üsteğmen Sadullah Sever İlkokulu;38.386.678;27.091.021;19
12348;Esendere;383.873;270.930;19
12350;Şehit Üsteğmen Sadullah Sever İlkokulu;383.866;270.911;19
12363;Şehit Halit Taş Ortaokulu;383.958;271.012;16-19-520-523-524-879
12364;Şehit Halit Taş Ortaokulu;38.395.909;27.101.132;16-19-520-523-524-879
12365;Şehit Muzaffer Erdönmez İlkokulu;3.839.436.762.228.370;2.711.029.693.083.430;520
12366;Şehit Muzaffer Erdönmez İlkokulu;3.839.425.746.931.830;27.110.263.424.829;520
12367;Mızraklı;38.395.820;27.110.364;18-520-575-579
12368;Şehit Gazeteci Hasan Tahsin Ortaokulu;383.920;271.106;20-520
12369;Şehit Gazeteci Hasan Tahsin Ortaokulu;3.839.201.431.335.460;2.711.037.634.664.390;20-520
12376;Üzümcü Parkı;38.392.279;27.116.442;84
12378;Vali Nevzat Ayaz Lisesi;383.904;271.143;84
12379;Basket Sahası;383.922;271.161;84
12380;Manolya Parkı;38.39;271.125;84
12381;Vali Nevzat Ayaz Lisesi;383.904;271.142;84
12382;Bozyaka;3.839.110.048.131.460;2.711.160.056.769.190;84
12383;Manolya Parkı;383.901;271.123;84
12384;Dostluk;383.882;271.129;84
12385;Dostluk;383.882;271.130;84
12386;Yunus Emre;383.874;271.109;84
12387;Yunus Emre;383.876;271.109;84
12399;Bozyaka;383.910;271.113;84
12404;Tüpçü;38.389.230;27.110.321;20-520
12405;Yeşilyurt Türbe;3.839.050.047.655.160;2.710.860.058.082.460;20-520
12406;Kültür;383.886;271.093;20-520
12407;Tüpçü;383.891;271.097;20-520
12408;Etiler;3.838.860.772.624.030;2.710.861.257.898.760;20-520
12409;Kültür;383.886;271.096;20-520
12410;Tahsin Yazıcı;383.877;271.103;20-520
12411;Etiler;383.888;271.084;20-520
12413;Tahsin Yazıcı;383.878;27.Kas;20-520
12419;Fırın;383.879;270.889;19
12420;Yokuş;383.870;270.887;19
12421;Şehitler;38.389.549;27.087.406;19
12422;Fırın;383.881;270.873;19
12423;Nevvar Salih İşgören Anadolu Lisesi;3.839.040.045.391.880;2.708.980.065.881.290;517-879
12424;Nevvar Salih İşgören Anadolu Lisesi;3.839.047.431.223.070;2.709.005.990.772.550;517-879
12425;Metin Oktay Mahallesi Muhtarlığı;38.389.107;27.093.932;517-879
12426;Metin Oktay Mahallesi Muhtarlığı;383.892;270.944;517-879
12427;Maliyeciler;383.887;270.965;18-517-523-524-579
12428;Maliyeciler;38.388.782;27.097.025;18-517-523-524-579
12429;Arap Deresi;3.838.772.046.142.190;2.709.969.862.101.160;18-517-523-524-579
12430;Arap Deresi;3.838.786.546.184.320;2.709.986.762.013.810;18-517-523-524-579
12431;Yadigar Cami;383.863;271.013;517-523-524
12432;Yadigar Cami;383.863;271.016;517-523-524
12433;Egzozcu;383.849;271.031;16-20-517-523-524-680
12434;Egzozcu;38.385.140;27.103.175;16-20-517-523-524-680
12435;Ülkü;38.382.362;27.104.481;16-20-517-523-524-680
12436;Ülkü;38.382.248;27.104.792;16-20-517-523-524-680
12437; Limontepe Seniye-Hasan Saray İlkokulu;383.790;271.043;16-20-84-520-523-524-587-680
12438; Limontepe Seniye-Hasan Saray İlkokulu;383.790;271.047;16-20-84-517-520-523-524-680
12439;Yadigar Sitesi;38.386.810;27.102.412;16-18-20-579-680
12440;Yadigar Sitesi;383.867;271.025;16-18-20-579-680
12441;Yeşilyurt;38.385.997;27.104.583;16-18-20-579-680
12452;Yeşilyurt Mezarlık;38.385.553;27.111.019;16-20-84-520
12453;Yeşilyurt Mezarlık;383.854;271.106;16-20-84-520
12454;Yeşilyurt Sağlık Ocağı;38.383.425;27.110.242;16-20-84-520
12455;Yeşilyurt Sağlık Ocağı;383.835;271.101;16-20-84-520
12456;Kooperatif Evleri Eski Son Durak;383.797;271.084;16-20-84-520
12457;Kooperatif Evleri Eski Son Durak;3.837.952.141.410.130;2.710.809.086.158.140;16-20-84-520
12458;Bahçe;38.378.709;27.106.611;16-20-84-520
12459;Bahçe;383.789;271.066;16-20-84-520
12460;Briketçi;383.781.551.286;2.710.473.990.963.720;193-522-524-671-877
12461;Briketçi;383.781;271.045;193-522-524-671-877
12462;Umut Mahallesi Köprü;3.837.655.271.892.240;2.710.372.849.844.380;193-522-524-671-877
12463;Umut Mahallesi Köprü;383.766;271.037;193-522-524-671-877
12464;Küçük Trafo;383.736;271.011;193-522-524-671-877
12465;Küçük Trafo;3.837.373.623.866.140;2.710.114.769.217.670;193-522-524-671-877
12466;Çakırtepe;383.718;270.987;193-522-524-671-877
12467;Çakırtepe;383.719;270.987;193-522-524-671-877
12468;Ali Fuat Erden Mahallesi Muhtarlığı;3.836.928.594.891.870;2.709.633.553.534.370;193-522-524-671-877
12469;Ali Fuat Erden Mahallesi Muhtarlığı;383.693;270.962;193-517-522-524-671-877
12470;Memiş Kahya;3.836.670.042.082.170;2.709.290.066.394.320;193-517-522-524-671-877
12471;Memiş Kahya;383.669;270.931;193-517-522-524-671-877
12472;Güzel İzmir Cami;383.641;270.908;193-224-517-522-524-671
12473;Güzel İzmir Cami;383.642;270.908;193-517-522-524-671
12474;Toprak;3.836.210.040.965.090;2.708.800.068.323.940;193-224-517-522-524-671
12475;Toprak;3.836.220.040.974.820;2.708.790.068.361.980;193-517-522-524-671
12488;Dilek;383.810;271.041;84-520
12489;Dilek;38.381.071;27.104.138;84-520
12490;Kavaklı;3.838.279.711.425.190;2.710.335.254.392.610;84-520
12491;Kavaklı;3.838.267.305.611.610;2.710.348.577.085.070;84-520
12492;Yıldırım;383.845;271.025;84
12493;Yıldırım;383.844;271.025;84
12494;Karanfil;383.854;271.011;84
12495;Karanfil;383.854;271.012;84
12496;Köşe;383.847;270.995;84
12497;Köşe;383.848;270.992;84
12498;Sevgi;383.835;270.982;84
12499;Sevgi;383.836;270.983;84
12501;Salih Omurtak;383.839;270.955;84
12502;Özlem Sitesi;3.838.669.347.113.110;2.710.950.158.256.820;16
12503;Özlem Sitesi;3.838.642.947.079.230;27.109.604.582.509;16
12508;Yıkık Cami 2;383.769;271.069;193-522-523-587-671-680-877
12509;Yıkık Cami 2;383.770;271.070;193-522-523-587-671-680-877
12510;Birinci Trafo;383.819;271.034;517-587
12511;Bahriye Üçok Mahallesi Köprü;383.794;271.039;517-587
12512;Limontepe Cami;383.837;271.018;517-587
12513;Birinci Trafo;383.821;271.035;517-587
12514;Kardeşler;38.382.864;27.100.490;517-587
12515;Limontepe Cami;383.838;271.019;517-587
12516;İkinci Trafo;3.838.148.393.419.390;2.709.757.796.754.630;517-587
12517;Kardeşler;383.827;271.003;517-587
12518;Limontepe Pazar Yeri;383.791;271.005;517-587
12519;İkinci Trafo;3.838.141.415.909.570;2.709.758.262.054.320;517-587
12520;Karabağlar Emir Sultan Ortaokulu;3.837.770.044.551.140;2.710.000.063.023.150;517-587
12521;Limontepe Pazaryeri;383.790;271.005;517-587
12522;Üçüncü Trafo;38.377.100.442.661;2.709.810.063.822.210;517-587
12523;Karabağlar Emir Sultan Ortaokulu;3.837.780.044.567.920;2.710.000.063.014.750;517-587
12524;Saadet Onart İlkokulu;3.837.487.743.946.360;2.709.864.563.772.940;517-587
12525;Üçüncü Trafo;38.377.200.442.923;2.709.820.063.774.820;517-587
12527;Saadet Onart İlkokulu;38.374.600.438.954;2.709.860.063.809.770;517-587
12529;Limontepe;3.837.304.343.505.810;2.709.720.264.455.920;517-587
12538;Ali Fuat Erdem;383.726;270.958;124
12539;Hercai;3.836.990.642.910.780;27.096.468.649.067;124-517
12540;Hercai;3.836.985.042.881.130;2.709.622.765.002.150;124-517
12541;Sacide Ayaz İlk ve Ortaokulu;3.836.200.040.769.170;2.708.530.069.351.810;193-524-873-877
12542;Sacide Ayaz İlk ve Ortaokulu;3.836.210.040.778.540;27.085.200.693.905;193-224-524-873-877
12543;Vicdan;383.882;271.294;89
12544;Vicdan;383.882;271.295;89
12545;Köşe;383.877;271.306;89
12546;Köşe;383.879;271.308;89
12547;Fatih;383.890;271.303;89
12548;Fatih;383.890;271.302;89
12549;Düzlük;383.908;271.309;89
12550;Düzlük;383.908;271.311;89
12551;Kahveler;383.915;271.312;89
12552;Kahveler;38.391.528;27.131.131;89
12553;Çiçek;3.839.231.672.128.160;2.713.109.688.232.880;89
12554;Çiçek;3.839.229.716.984.330;2.713.111.034.899.460;89
12555;Cennetoğlu;383.938;271.315;89
12562;Zincirlikuyu 2;38.39;271.260;89-550-556
12563;Zincirlikuyu 2;383.901;271.260;89-550-556
12564;Serdar;3.838.883.049.538.620;2.712.598.851.375.010;550-556
12565;Zincirlikuyu Trafo;3.838.685.848.963.980;2.712.455.752.259.040;550-556
12566;Zincirlikuyu Trafo;383.871;271.249;550-556
12567;Seniha Mayda Ortaokulu;38.385.600.486.439;27.124.000.526.722;550-556
12568;Seniha Mayda Ortaokulu;3.838.519.498.127.390;2.712.393.922.389.790;550-556
12573;Aydın;383.859;271.315;108
12574;Aydın;383.859;271.317;108
12575;Dutlu Kahve;383.860;271.327;108
12576;Dutlu Kahve;383.859;271.325;108
12577;Sağlık Ocağı;38.384.890;27.130.350;108
12578;Sağlık Ocağı;383.845;271.302;108
12579;Yeşilkaya;383.832;271.282;108
12580;Yeşilkaya;383.833;271.285;108
12581;Uğur Mumcu;383.825;271.265;108
12582;Uğur Mumcu;383.824;271.265;108
12583;Berber;383.813;271.269;108
12584;Berber;383.813;271.271;108
12585;Eserkent;38.380.155;27.127.950;108
12586;Eserkent;383.799;271.283;108
12589;Eserkent Son Durak;3.838.142.248.548.560;2.713.047.850.801.510;108
12596;Kasap;38.375.682;27.130.769;27-156-157-556-879
12597;Kaymakkuyu 1;383.784;271.335;27-156-157
12598;Karabağlar Briketçi;383.740;271.297;27-156-157-556-879
12599;Kasap;383.759;271.308;27-156-157-556-879
12600;Bademlik;38.372.502;27.129.627;27-156-157-556-879
12601;Karabağlar Briketçi;383.744;271.297;27-156-157-556-879
12602;Sinan Cami;383.699;271.297;27-156-157-556-879
12603;Bademlik;38.372.641;27.129.468;27-156-157-556-879
12604;Karabağlar Atatürk Mesleki ve Teknik Anadolu Lisesi;3.836.810.045.453.310;2.712.940.052.773.850;27-156-157-556-879
12605;Cevdet Güçlüer İlkokulu;3.837.073.746.072.750;27.129.549.524.677;27-156-157-556-879
12607;Karabağlar Atatürk Mesleki ve Teknik Anadolu Lisesi;3.836.830.045.499.480;2.712.940.052.755.740;27-156-157-556-879
12617;Karanfil;3.838.125.847.578.140;27.116.120.286.760;224-522-671-823
12618;Karanfil;38.381.108;27.116.252;224-522-671-823
12620;Çamlık Yol Ayrımı;383.803;271.139;224-522-588-671-823
12621;Çamlık Yol Ayrımı;3.838.032.908.941.670;2.711.347.700.055.680;224-522-671-823
12622;Kaymakkuyu 2;383.770;271.334;27-156-157-671
12623;Kaymakkuyu 2;383.773;271.333;671
12624;Trafo;3.838.214.147.381.220;2.711.909.555.071.770;522-671-823
12625;Trafo;383.821;271.180;224-522-671-823
12629;Bahar Yıldırım İlkokulu;3.837.830.047.757.010;2.712.950.051.604.070;556-671-879
12630;Bahar Yıldırım İlkokulu;3.837.790.047.735.960;2.713.010.051.431.850;556-671-879
12633;2 Nolu Çağdaş Kahraman Sağlık Ocağı;3.837.900.047.662.880;2.712.730.052.340.380;556-671-879
12634;2 Nolu Çağdaş Kahraman Sağlık Ocağı;3.837.861.874.873.140;2.712.753.313.306.860;556-671-879
12638;Hasan Ali Yücel Parkı;3.838.027.952.828.040;2.712.417.445.640.960;550-556-671-879
12639;Hasan Ali Yücel Parkı;3.838.050.047.629.890;2.712.420.053.320.940;550-556-671-879
12641;İlkkurşun Anadolu Lisesi;3.838.200.047.696.560;2.712.210.053.927.130;550-556-671-879
12642;İlkkurşun Anadolu Lisesi;3.838.190.047.642.070;2.712.180.054.056.410;550-556-671-879
12643;İsmail Hakkı Tonguç Parkı;38.383.599;27.118.883;224-522-823-879
12644;İsmail Hakkı Tonguç Parkı;3.838.350.047.505.440;2.711.788.055.364.860;224-522-823-879
12646;Emniyet;383.795;271.182;588
12647;Emniyet;383.794;271.182;588
12648;Aktaş Cami;38.378.600.467.241;2.711.950.055.355.370;588
12649;Aktaş Cami;3.837.840.046.694.680;2.711.960.055.340.530;588
12650;Günaltay Meydan;383.778;271.214;588
12651;Günaltay Meydan;383.776;271.216;588
12652;Barış;383.772;271.235;588
12653;Barış;383.771;271.237;588
12654;Selvili Cami;383.752;271.265;588
12655;Selvili Cami;383.751;271.264;588
12656;Karabağlar Trafo Merkezi;383.746;271.241;588
12657;Karabağlar Trafo Merkezi;383.747;271.240;588
12662;Eserkent Köşe;38.379.026.474.746;2.712.521.317.002.110;550
12664;Çağdaş;383.770;271.246;550
12665;Eserkent Köşe;383.792;271.251;550
12666;Asiler;3.837.579.886.691.220;27.123.037.824.491;550
12667;Çağdaş;383.772;271.247;550
12668;Umut;383.751;271.215;550
12669;Asiler;3.837.582.877.744.540;2.712.308.015.550.460;550
12670;İyiburnaz Ortaokulu;3.837.410.045.989.210;2.712.130.055.167.440;588
12671;Umut;383.753;271.216;550
12672;Eda;383.724;271.204;588
12673;İyiburnaz Ortaokulu;3.837.426.196.495.660;2.712.138.402.295.950;588
12674;Dere;3.837.127.016.625.910;2.711.741.198.311.050;588-828
12675;Eda;383.728;271.205;588
12676;Durallar İlkokulu;3.837.140.044.722.630;2.711.390.058.184.350;588-828
12677;Dere;383.714;271.175;588-828
12679;Durallar İlkokulu;3.837.153.976.711.560;27.113.909.726.409;588-828
12694;Günaltay Park;383.741;271.179;550
12695;Günaltay Park;383.742;271.180;550
12696;Günaltay;383.735;271.165;550
12700;Karabağlar Polis Merkezi;3.837.099.309.646.570;2.713.516.377.949.250;92
12701;Karabağlar Polis Merkezi;3.837.090.123.404.530;2.713.508.963.810.770;92
12702;Aydın Parkı;383.687;271.342;92
12703;Aydın Parkı;383.687;271.341;92
12704;Dede;3.836.590.045.256.790;2.713.290.051.722.920;92
12705;Ali Akatlar;38.367.399;27.135.533;92
12706;Sucu;383.642;271.327;92
12707;Dede;3.836.611.807.266.410;2.713.294.106.407.950;92
12708;Begonvil;383.633;271.322;92
12709;Sucu;383.643;271.326;92
12710;Aydın Mahallesi Eski Son Durak;383.619;271.305;92
12711;Begonvil;383.634;271.321;92
12712;Ali Akatlar;3.836.713.361.305.820;2.713.342.933.141.970;92
12713;Aydın Mahallesi Eski Son Durak;383.619;271.303;92
12714;Saka;383.588;271.277;157-828-879
12716;Köşe;3.835.748.942.734.780;2.712.668.254.426.840;157-828-879
12717;Saka;383.588;271.273;157-828-879
12718;Aktepe Cami;3.835.622.636.554.870;2.712.817.771.057.770;92-157-828-879
12719;Köşe;38.357.326.426.893;27.126.592.544.644;157-828-879
12720;Demirkıran;383.540;271.310;92-157-828-879
12721;Aktepe Cami;3.835.550.842.394.430;2.712.863.053.839.020;92-157-828-879
12722;Aktepe Polis Lojmanları;38.353.090;27.131.188;92-157-610
12723;Demirkıran;3.835.400.042.163.340;2.713.070.053.194.290;92-157-828-879
12724;Peker Mahallesi Eski Son Durak;383.517;271.288;92-157-610
12725;Aktepe Polis Lojmanları;383.529;271.306;92-157-610
12726;Eyüp El Ensari Cami;383.523;271.245;157
12727;Peker Mahallesi Eski Son Durak;383.518;271.288;92-157-610
12728;Yentur;383.516;271.267;157
12729;Eyüp El Ensari Cami;383.524;271.245;157
12731;Yentur;383.517;271.266;157
12733;Aydın Mahallesi;383.527;271.227;157
12736;Şehit Süleyman Ergin;383.506;271.274;92-610
12737;Şehit Süleyman Ergin;383.505;271.272;92-610
12738;Palmiyeler;383.715;271.124;588-828
12739;Palmiyeler;383.718;271.124;588-828
12740;Tahir Merzeci Ortaokulu;3.837.021.544.313.420;2.711.199.358.988.340;588-828
12741;Tahir Merzeci Ortaokulu;38.369.616.571.522;2.711.166.816.432.250;588-828
12742;Yeni Çamlık;3.836.776.768.338.550;2.711.087.874.864.690;588-828
12747;Öksüz;38.371.462;27.104.003;124
12748;Öksüz;38.371.278;27.103.686;124
12749;Doğan;383.706;271.015;124
12750;Doğan;38.370.570;27.101.605;124
12751;Turna;383.696;270.985;124
12752;Turna;383.695;270.985;124
12753;Ödemiş;3.836.927.343.454.240;2.710.423.961.969.070;224
12754;Hulusi Kentmen 2;38.371.386;27.106.984;224
12755;Orta;383.681;271.031;224
12756;Ödemiş;3.836.916.743.444.690;2.710.435.761.930.210;224
12757;Neşe;383.660;271.009;224
12758;Orta;383.680;271.030;224
12759;Fatih Seylan Cami;383.680;271.005;224
12760;Neşe;383.660;271.007;224
12761;Köşe;383.668;27.Eki;224
12762;Fatih Seylan Cami;38.367.607;27.100.567;224
12763;Tepe;383.654;270.980;224
12764;Özgür Mahallesi Köşe;383.667;271.001;224
12765;Yüzbaşı Şerafettin;3.836.400.042.033.420;2.709.850.064.339.880;224
12766;Tepe;383.653;270.979;224
12767;Yüzbaşı Şerafettin Muhtarlık;3.836.328.841.900.520;27.098.446.643.759;524
12768;Yüzbaşı Şerafettin;3.836.404.742.039.540;2.709.846.864.350.750;224
12769;Çağlayan;383.632;271.001;224
12777;Sümbül;383.668;27.093.910;877
12778;Sümbül;38.366.820;270.941;224-877
12779;Market;38.366.570;27.095.840;224-877
12780;Market;383.662;27.095.930;877
12781;Remzi Oğuz Arık İlkokulu;3.836.599.105.066.790;2.709.461.008.751.130;224-877
12782;Remzi Oğuz Arık İlkokulu;38.365.850.420.621;2.709.453.065.793.990;224-877
12787;Yurtoğlu Muhtarlık;3.836.145.541.442.730;2.709.750.634.692.470;193-524
12788;Yurtoğlu Muhtarlık;3.836.134.696.547.160;2.709.751.864.826.050;193-524
12789;Cennetçeşme Beyazıt Cami;3.836.118.124.334.570;2.708.720.138.983.140;193-524-873-877
12790;Cennetçeşme Beyazıt Cami;383.612;270.872;193-224-524-873-877
12791;Muran;383.645;270.928;193-524-873-877
12792;Muran;383.647;270.929;193-524-873-877
12793;Tekstil;38.364.533.738.183;2.709.492.791.178.670;224-524
12794;Tekstil;38.364.874;27.094.391;224-524
12795;Yurtoğlu Son Durak;383.626;270.959;524-873
12796;Yurtoğlu Son Durak;383.627;270.960;193-524-873
12797;Yurtoğlu Pazaryeri;3.836.155.341.328.240;2.709.474.065.785.690;193-524-873
12798;Yurtoğlu Pazaryeri;3.836.170.041.365.220;2.709.490.065.724.710;193-524-873
12800;Karabaglar Nene Hatun Mesleki Ve Teknik Anadolu Lisesi;3.836.042.609.714.580;2.709.796.656.592.750;193-524
12801;Yurtoğlu Üçyol;38.361.696.410.017;27.089.548.677.372;193-524-873-877
12802;Yurtoğlu Üçyol;3.836.197.941.081.890;2.709.003.467.553.170;193-524-873-877
12804;Şehit Egemen Öztürk Ortaokulu;3.836.120.041.114.770;2.709.250.066.626.220;193-524-873
12805;İlkkent;3.836.331.541.502.440;2.709.283.266.485.910;193-873
12806;Market;383.603;270.912;224
12807;Şehit Egemen Öztürk Ortaokulu;3.836.082.741.029.150;2.709.218.566.744.810;193-873
12808;Destan Aksoy Parkı;38.360.509;27.094.273;193-524-873
12809;Market;383.604;270.911;224
12810;Cennetçeşme;383.586;270.916;224
12811;Destan Aksoy Parkı;3.836.064.708.802.850;2.709.425.157.794.080;193-524-873
12818;Ana Sağlığı;383.687;271.262;27-156-556-828
12819;Ana Sağlığı;38.368.795;27.127.269;27-156-556-828
12820;Mevlana Cami;383.694;271.243;27-556-828
12821;Mevlana Cami;38.369.289;27.124.918;27-556-828
12822;Çamlık Cami;38.368.239;27.121.798;27-556
12823;Çamlık Cami;3.836.821.044.762.520;2.712.159.355.588.960;27-556
12824;Zeytin;383.665;271.204;27-556
12825;Zeytin;383.663;271.203;27-556
12826;Konut;38.364.684;27.119.696;556
12827;Konut;383.647;271.194;27-556
12828;Tepe;383.641;271.204;27-556
12829;Tepe;3.836.410.043.754.750;2.712.030.056.337.860;27-556
12830;Zambak;383.629;27.121.469;27-556
12831;Zambak;383.635;271.213;27-556
12832;Apdi İpekci Mahalle Muhtarlık;38.366.383;27.119.250;27
12833;Çamlık;383.634;271.202;27-156-516-539-556-873
12840;Sarısalkım;383.676;271.186;27
12842;Palmiye;383.671;271.172;27
12844;Ceviz;383.654;271.169;27
12846;Tulumba;3.836.420.043.571.810;2.711.780.057.232.030;27-556
12847;Tulumba;3.836.434.339.132.060;27.117.649.176.449;27-556
12848;Karabağlar Sağlık Ocağı;383.679;271.255;156
12849;Karabağlar Sağlık Ocağı;383.678;271.253;156
12850;Demirci;383.653;271.244;156
12851;Demirci;383.654;271.244;156
12852;Trafo;383.637;271.235;156
12853;Trafo;383.636;271.234;156
12854;Tepe;383.617;271.243;156
12855;Tepe;383.617;271.242;156
12856;Sağlık Ocağı;383.595;271.234;156
12863;Demirci;38.364.585;27.128.885;157-828-879
12864;Demirci;383.651;271.290;157-828-879
12865;Lalepaşa Cami;383.628;271.283;157-828-879
12866;Lalepaşa Cami;383.628;271.285;157-828-879
12867;Manav;383.608;271.284;157-828-879
12868;Manav;383.607;271.286;157-828-879
12874;Halkapınar Tramvay;3.843.345.243.624.620;2.717.040.686.309.410;53-102-154-168-364-418-475-498-501-502-503-504-513-515-534-539-543-555-560-564-599-930
12876;Halil Tan Parkı;383.155;271.319;152-353-491-510-691-828-910
12877;Büyükşehir Kurs Merkezi;38.324.758;27.134.262;152-353-510-691-828-891-910
12878;Büyükşehir Kurs Merkezi;383.251;271.359;152-353-510-691-828-891-910
12879;Gaziemir PTT;38.323.747;27.131.953;152-353-491-510-691-828-891-910
12880;Gaziemir PTT;383.238;271.323;152-353-491-510-691-828-891-910
12881;Gaziemir Belediyesi;3.832.250.033.655.590;2.712.930.052.455.240;152-353-491-510-691-828-910
12882;Gaziemir Belediyesi;383.227;27.13;152-353-491-510-691-828-910
12883;Gaziemir Merkez Cami;38.321.508;27.127.265;152-353-491-510-691-828-910
12884;Gaziemir Merkez Cami;38.320.597;27.127.065;152-353-491-510-691-828-910
12885;Yeşil Mahallesi Muhtarlığı;38.316.873;27.130.797;152-353-491-510-691-828-910
12886;Gaziemir Trafo;383.192;271.286;152-353-491-510-691-828-910
12887;İkinci Nizamiye;383.132;271.335;152-353-510-691-910
12888;Yeşil Mahallesi Muhtarlığı;38.317.772;27.130.094;152-353-491-510-691-828-910
12889;Gazikent Muhtarlık;38.311.421;27.136.241;152-353-510-691-910
12890;İkinci Nizamiye;383.131;271.338;152-353-510-691-910
12891;Gaziemir Trafo;38.319.044;27.128.586;152-353-491-510-691-828-910
12892;Gazikent Muhtarlık;38.311.033;27.137.181;
12893;Gaziemir Belediyesi Spor Tesisi;38.308.727.294.194;2.713.909.548.047.790;152-353-510-691-910
12895;Halil Tan Parkı;383.156;271.317;152-353-491-510-691-828-910
12896;Gaziemir Belediyesi Spor Tesisi;3.830.888.029.466.660;2.713.922.048.040.620;
12906;Lale;383.292;271.285;491-891
12907;Lale;383.295;271.283;491-891
12908;Sümbül;383.301;271.269;491-891
12909;Sümbül;383.301;271.267;491-891
12910;Yasemin;383.291;271.248;491-891
12911;Yasemin;383.292;271.242;491-891
12912;Evrensel Sitesi;383.288;271.229;491-891
12913;Evrensel Sitesi;383.290;271.229;491-891
12914;Leylak;383.277;271.199;491-891
12915;Leylak;383.279;271.198;491-891
12918;Doktorlar Sitesi;383.318;271.130;491-891
12919;Doktorlar Sitesi;383.317;271.133;491-891
12920;Güneş Sitesi;383.329;271.103;491-891
12921;Güneş Sitesi;383.329;271.105;491-891
12922;Akyüz;383.341;271.085;491-891
12923;Akyüz;383.343;271.086;491-891
12924;Zafer Mahallesi Muhtarlık;383.351;271.052;491-891
12925;Zafer Mahallesi Muhtarlık;383.352;271.053;491-891
12926;Evka 7;383.367;271.042;491-891
12927;Evka 7;383.367;271.043;491-891
12928;Evka 7 Son Durak;3.833.810.037.141.040;2.710.430.061.566.390;491-891
12931;Hasan Kara Parkı;383.282;271.305;491-891
12932;Hasan Kara Parkı;383.282;271.301;491-891
12934;Albay İbrahim Karaoğlanoğlu;38.326.208;27.131.615;491-891
12935;Albay İbrahim Karaoğlanoğlu;383.263;271.318;491-891
12937;Özcan Sitesi;383.070;271.386;152-353-510-691-910
12939;Erol Özdil;383.065;271.375;152-353-510-691-910
12940;Şehit Üsteğmen Hakan Özkaner;38.313.165;27.139.003;152-353-510-691-910
12941;Şehit Serhat Sığnak Mesleki ve Teknik Anadolu Lisesi;3.830.620.028.660.890;2.713.640.048.295.820;152-353-510-691-910
12942;Birinci Nizamiye;383.130;271.361;152-353-510-691-910
12943;Sosyal Konutlar;3.830.530.028.318.790;2.713.860.047.606.530;152-353-510-691-910
12944;Şehit Polis Ahmet Atilla Güneş İlkokulu;38.311.805;27.140.609;152-353-491-510-691-828-910
12945;Şehit Polis Ahmet Atilla Güneş İlkokulu;38.311.790;27.140.460;491-828
12946;Gaziemir İMKB Mesleki ve Teknik Anadolu Lisesi;3.830.930.029.582.170;2.714.050.047.788.430;152-353-491-510-691-828-910
12947;Gaziemir İMKB Mesleki ve Teknik Anadolu Lisesi;3.830.943.029.626.770;2.714.034.047.847.440;491-828
12948;Özcan Sitesi;383.073;271.387;152-353-510-691-910
12957;Sarnıç Köprüsü;38.311.978.303.868;27.147.293.464.823;705-887-889
12960;Hava Teknik Okulu;383.077;271.568;728-828-889
12961;Karakol;383.034;271.628;728-828-889
12962;Karakol;383.036;271.631;728-828-889
12963;Havacılık Meslek Yüksek Okulu;3.830.161.926.383.650;2.716.509.441.052.320;728-828-889
12964;Havacılık Meslek Yüksek Okulu;38.302.061.265.599;2.716.481.741.171.670;728-828-889
12965;Adnan Menderes İlkokulu;3.829.890.025.268.760;2.716.730.040.207.980;728-828-889
12966;Adnan Menderes İlkokulu;3.829.860.205.816.460;2.716.757.057.741.920;728-828-889
12967;Sarnıç Meydan;382.975;271.681;728-828-889
12968;Sarnıç Meydan;3.829.744.824.659.510;2.716.848.439.753.230;728-828-889
12969;Bayrak;382.957;271.691;728-828-889
12970;Bayrak;3.829.596.524.045.970;2.716.914.139.394.850;728-828-889
12971;Sarnıç Belediye Garajı;382.944;271.695;728-828-889
12972;Sarnıç Belediye Garajı;3.829.458.523.473.360;2.716.962.939.079.630;728-828-889
12973;Sardunya;3.829.350.222.954.660;2.717.171.338.506.190;728-828
12974;Sardunya;3.829.365.723.023.470;27.171.573.385.579;728-828
12975;Sarnıç Sağlık Ocağı;382.935;271.740;728-828-889
12976;Sarnıç Sağlık Ocağı;382.936;271.739;728-828-889
12977;Sarnıç Trafo;382.964;271.732;728-828-889
12978;Sarnıç Trafo;382.962;271.732;728-828-889
12979;Bisikletçi;3.829.810.024.791.150;2.717.290.038.973.640;728-828
12980;Bisikletçi;3.829.837.924.896.260;2.717.319.738.953.770;728-828-889
12981;Çarşı;3.829.773.224.563.360;2.717.565.338.385.810;728-828-889
12982;Çarşı;38.297.883;27.175.502;728-828-889
12983;Muhtarlık;3.829.860.224.849.980;2.717.845.437.958.110;728-828-889
12984;Muhtarlık;3.829.859.224.853.060;2.717.816.638.012.440;728-828-889
12985;Sarnıç Eski Son durak;382.995;271.809;728-828-889
12986;Sarnıç Eski Son durak;382.996;271.808;728-828-889
12987;Sarnıç Çamlık;383.014;271.801;705-828-889
12988;Sarnıç Çamlık;383.015;271.799;705-828-889
12989;Sanayi Caddesi;3.830.426.727.193.390;2.717.836.038.614.630;705-828-889
12990;Sanayi Caddesi;383.044;271.781;705-828-889
12991;Sarnıç Piknik Alanı;383.073;271.757;705-828-889
12992;Sarnıç Piknik Alanı;3.830.663.328.177.380;2.717.611.339.309.660;705-828-889
12993;Karaçam;38.309.808;27.173.370;705-828-889
12994;Karaçam;38.309.740;27.173.688;705-828-889
12995;Gazeteler;38.310.077;27.170.214;705-828-889
12996;Gazeteler;38.309.526;27.170.960;705-828-889
12997;Dolmuşçular;38.310.191;27.166.259;705-828-889
12999;Açelya;383.083;271.579;705-828
13000;Sarnıç;38.31;271.668;705-828-889
13002;Mimar Kemalettin Tekstil Meslek Lisesi;383.049;271.589;728-828-889
13003;Mimar Kemalettin Anadolu Lisesi;3.830.420.027.476.290;2.715.960.042.592.210;728-828-889
13004;Açelya;38.308.157;27.157.683;828
13005;Sarnıç Dere;3.830.980.029.584.760;2.715.350.044.714.760;491-705-728-828-887-889
13006;Sarnıç Dere;3.831.010.029.690.760;2.715.340.044.775.150;491-705-728-828-887-889
13007;Hava Teknik Okulu;383.069;271.568;728-828-889
13009;Gaziemir Belediye Şantiye;38.309.498;27.163.365;705-828
13010;Gaziemir Belediye Şantiye;38.309.446;27.163.756;705-828
13016;Havalimanı Dış Hatlar Geliş;3.829.480.024.432.960;2.714.760.043.579.950;200-202-204-206
13018;Havalimanı İç Hatlar Geliş;3.829.140.023.150.980;2.714.880.042.606.610;200-202-204-206
13021;Çatalca Mezarlık;3.825.257.136.287.130;2.707.564.847.025.080;789-799
13022;Çatalca Mezarlık;3.825.203.215.515.630;2.707.583.408.701.720;789-799
13029;PTT;38.277.320;27.194.540;707-728
13030;PTT;38.277.220;27.194.620;707-728
13031;Doğa;382.753;271.935;728
13032;Doğa;382.748;271.934;728
13033;Çam;382.726;271.921;728
13034;Çam;382.721;271.920;728
13035;Demirci;382.699;271.907;728
13036;Demirci;382.698;271.909;728
13037;Birsan;382.689;271.930;728
13038;Birsan;382.690;271.932;728
13039;Kip;382.712;271.946;728
13040;Kip;382.717;271.946;728
13041;Köşe;382.739;271.959;728
13042;Köşe;382.739;271.957;728
13043;Kısık Köy;3.827.542.913.524.120;2.719.621.131.347.570;728
13054;Yukarı Sancaklı Çıkış;38.141.568;27.165.656;729
13055;Yukarı Sancaklı Çıkış;38.141.446;27.165.613;729
13056;Sancaklı Küme Evleri;38.147.674;27.157.743;729
13057;Sancaklı Küme Evleri;38.148.660;27.156.840;729
13058;Yukarı Sancaklı;381.433;271.696;729
13059;Yukarı Sancaklı;381.433;271.699;729
13060;Sancaklı Tepe;38.138.621;27.163.190;729
13061;Sancaklı Tepe;38.138.613;27.163.305;729
13062;Sancaklı Meydan;38.137.899;27.161.369;729
13063;Sancaklı Meydan;38.137.902;27.161.047;729
13064;Aşağı Sancaklı Giriş;38.138.750;27.159.695;729
13065;Aşağı Sancaklı Giriş;38.138.520;27.159.848;729
13066;Sancaklı Muhtarlık;381.424;271.675;729
13067;Sancaklı Muhtarlık;381.424;271.673;729
13068;Mandıra;38.146.410;27.172.474;729
13069;Mandıra;381.464;271.727;729
13070;Akasya;3.814.783.882.498.710;2.717.658.459.777.680;729
13071;Akasya;38.147.899.471.122;2.717.709.959.680.960;729
13072;Gül;381.486;271.790;
13073;Gül;381.486;271.789;729
13074;Çileme Merkez;3.815.020.008.726.150;2.717.896.189.355.790;729
13075;Çileme Merkez;38.149.892;27.179.077;729-792
13078;Sancaklı Saha;38.140.235;27.158.575;729
13079;Çileme Bahçe;381.470;271.743;729
13080;Çileme Bahçe;381.470;271.742;
13083;Sancaklı Saha;38.140.128;27.158.393;729
13084;Mezarlık;38.144.890;27.157.410;729
13085;Mezarlık;38.144.940;27.157.612;729
13086;Sevda;38.360.757;27.131.322;92
13087;Sevda;3.836.074.143.868.860;2.713.125.152.684.110;92
13088;Fulden;3.835.898.017.353.050;2.713.030.049.484.760;92
13089;Fulden;3.835.900.543.948.760;2.713.028.856.341.670;92
13090;Müjde;3.835.783.302.618.470;2.712.964.478.333.840;92
13091;Müjde;383.579.696.787;2.712.959.743.017.670;92
13098;Refet Bele Mahalle Muhtarlığı;3.838.970.047.913.770;2.711.180.056.901.840;84
13099;Refet Bele Mahalle Muhtarlığı;383.897;271.116;84
13102; Aydınoğlu Mehmetbey İlkokulu;3.838.931.347.161.310;2.710.617.459.243.250;16
13103; Aydınoğlu Mehmetbey İlkokulu;3.838.927.147.144.250;2.710.609.059.283.380;16
13104;Vatan;38.391.015;27.103.556;16
13105;Vatan;38.391.238;27.103.295;16
13106;Semral Gülcemal Parkı;38.390.562;27.101.862;16
13107;Semral Gülcemal Parkı;38.390.446;27.101.931;16
13114;Adil İçel İlkokulu;383.841;271.007;520
13115;Adil İçel İlkokulu;383.841;271.005;520
13116;Salih Omurtak Üst Yol;383.827;270.983;520
13117;Salih Omurtak Üst Yol;383.828;270.984;520
13118;Şehit Astsubay Yahya Efiloğlu;383.814;270.961;520
13119;Şehit Astsubay Yahya Efiloğlu;383.813;270.962;520
13120;Dernek;383.795;270.977;520
13121;Dernek;38.379.599;27.098.106;520
13123;Salih Omurtak 2 Son Durak;383.783;270.948;520
13124;Menekşe;383.794;270.960;520
13125;Menekşe;383.793;270.959;520
13130;Dereköy;382.460;271.133;799-804-829
13162;Esbaş Otopark;38.335.624;27.135.535;353-828
13163;Esbaş;38.335.522;27.136.289;233
13164;Esbaş;3.833.546.088.557.360;2.713.642.298.969.890;232-491-808-828
13165;Esbaş;38.335.339;27.136.298;818
13166;Esbaş;38.335.418;27.136.299;232
13181;Yasemin Uysal;3.834.150.039.563.910;2.714.410.049.143.530;232-233-353-818
13182;Yasemin Uysal;3.834.150.162.820.670;2.714.396.720.333.030;232-233-353-818
13183;Serdengeçti;383.421;271.363;232-233-353-491-818
13184;Serdengeçti;383.422;271.361;232-233-353-491-818
13223;Şehit Üsteğmen Ahmet Konuksever;38.313.170;27.140.991;491-828
13234;Dokuz Eylül;383.157;271.464;705-728-828-887-889
13248;Yavuz Selim İlkokulu;3.835.195.639.092.460;27.084.978.691.959;17-517-522-877
13249;Yavuz Selim İlkokulu;3.835.202.639.114.970;2.708.519.669.119.490;17-517-522-877
13250;Fatih Sultan Mehmet Teknik ve Endüstri Meslek Lisesi;38.351.281.389.204;2.708.376.869.603.890;17-517-522-877
13251;Fatih Sultan Mehmet Teknik ve Endüstri Meslek Lisesi;3.835.097.838.882.210;2.708.404.969.484.240;17-517-522-877
13254;Yasemin;3.835.586.839.593.060;2.708.211.270.428.630;17-517-522-877
13255;Yasemin;3.835.620.039.634.810;2.708.190.070.520.280;17-517-522-877
13256;Sümbül;38.353.096;27.082.677;17-24-517-522-877
13257;Sümbül;3.835.291.702.049.570;2.708.272.493.276.750;17-24-517-522-877
13258;Nergiz;3.835.390.039.412.150;2.708.480.069.350.550;17-517-522-877
13259;Nergiz;383.541;270.849;17-517-522-877
13260;Leylak;383.551;270.859;17-517-522-877
13261;Leylak;383.550;270.860;17-517-522-877
13262;Lavanta;3.835.290.039.379.920;27.087.500.683.156;17-517-522-877
13263;Lavanta;3.835.281.640.959.670;2.708.761.197.262.430;17-517-522-877
13264;Toki Evleri Son Durak;383.538;270.905;17-517-522-877
13265;Zambak;383.585;270.814;17-517-522-877
13266;Zambak;383.586;270.815;17-517-522-877
13267;Yaşar Kemal Mahalle Muhtarlığı;3.835.391.939.267.370;2.708.191.970.419.750;17-24-517-522-877
13268;Yaşar Kemal Mahalle Muhtarlığı;3.835.399.239.288.490;2.708.210.070.355.760;17-24-517-522-877
13274;Menderes Altgeçit;3.826.268.400.143.470;2.716.121.428.117.430;707-814
13275;Menderes Altgeçit;38.262.482;27.161.437;707-814
13276;Cumaovası Aktarma Merkezi;38.262.745;27.162.681;729-792-794-829
13277;Cumaovası Aktarma Merkezi;38.262.733.880.243;2.716.275.356.903.860;789-799
13278;Cumaovası Aktarma Merkezi;3.826.291.398.472.520;2.716.264.057.248.850;775
13279;Cumaovası Aktarma Merkezi;3.826.291.510.821.680;2.716.274.734.782.120;776
13280;Cumaovası Aktarma Merkezi;3.826.299.472.378.110;2.716.270.229.997.520;808
13281;Cumaovası Aktarma Merkezi;3.826.307.490.585.090;2.716.268.242.445.290;804-814
13300;Sarnıç Aktarma Merkezi;3.831.306.230.764.890;2.714.467.847.266.410;828
13301;Sarnıç Aktarma Merkezi;3.831.319.230.807.890;2.714.462.347.296.340;491-889
13302;Sarnıç Aktarma Merkezi;3.831.335.730.862.310;27.144.571.473.298;887
13303;Sarnıç Aktarma Merkezi;3.831.342.130.882.710;2.714.467.047.312.840;728
13304;Sarnıç Aktarma Merkezi;3.831.325.530.827.880;2.714.473.547.276.080;705
13306;Sarnıç Aktarma Merkezi;3.831.307.130.766.880;2.714.482.847.229.990;
13329;Dereköy İlkokulu;3.824.744.454.053.280;2.711.618.373.914.230;799-804-829
13330;Dereköy İlkokulu;38.247.168.656.385;2.711.602.462.560.270;799-804-829
13331;Dereköy;382.461;271.134;799-804-829
13332;İncir Fabrikası;38.248.365;27.120.973;789-799-804-829
13333;İncir Fabrikası;38.248.715;27.121.609;789-799-804-829
13334;Dereköy Kavşak;382.486;271.238;789-799-804-829
13335;Dereköy Kavşak;38.248.815;27.124.359;789-799-804-829
13338;Aktepe Giriş;383.520;271.323;610-828-879
13339;Aktepe Giriş;383.522;271.324;610-828-879
13340;Kemer Aktarma Merkezi;38.421.440;27.156.890;214
13341;Kemer Aktarma Merkezi;38.421.570;27.156.850;153
13343;Kemer Aktarma Merkezi;38.421.920;27.156.730;249
13344;Kemer Aktarma Merkezi;38.421.920;27.156.810;54
13345;Kemer Aktarma Merkezi;384.219;27.156.850;662-699
13346;Kemer Aktarma Merkezi;38.421.780;271.569;59
13347;Kemer Aktarma Merkezi;38.421.530;27.156.530;58-64
13348;Kemer Aktarma Merkezi;3.842.179.127.115.070;2.715.644.179.031.110;60-117
13349;Kemer Aktarma Merkezi;3.842.196.061.342.560;2.715.637.030.523.640;57-367
13351;Kemer Aktarma Merkezi;3.842.134.073.894.780;27.156.574.811.174;34-39-41-42-46-49-418-466-838
13352;Kemer Aktarma Merkezi;3.842.158.794.906.390;27.156.695.207.182;34-39-41-42-46-49-418-466-838
13385;Yeşilyurt Pazaryeri;3.839.150.046.821.730;2.710.050.061.269.750;16
13386;Yeşilyurt Pazaryeri;383.917;271.007;16
13387;Münevver Teyze Parkı;383.936;271.020;16
13388;Münevver Teyze Parkı;383.936;271.022;16
13389;Güven Cami;383.942;271.054;16
13390;Güven Cami;383.940;271.054;16
13391;Karasu;383.959;271.065;16
13392;Karasu;383.957;271.068;16
13416;Dirmil Tarla;38.244.433.622.684;2.741.685.868.149.370;785
13417;Dirmil Tarla;3.824.443.632.622.820;2.741.707.241.268.270;785
13418;Ongül;382.427;274.099;785
13419;Ongül;382.426;274.097;785
13421;Karakuyu Çıkış;3.823.859.970.913.010;2.739.700.030.989.050;785
13422;Karakuyu Çıkış;382.386;273.967;785
13423;Dirmil Giriş;3.824.496.403.500.970;2.742.009.408.029.260;785
13424;Dirmil Giriş;3.824.499.976.640.890;2.742.020.033.085.810;785
13425;Dirmil İlkokulu;38.245.099.766.854;2.742.210.033.333.760;785
13426;Dirmil İlkokulu;3.824.509.976.671.680;2.742.250.033.391.310;785
13427;İncirağa;382.448;274.240;785
13428;İncirağa;382.448;274.241;785
13429;Meydan;382.439;274.255;785
13430;Meydan;382.440;274.254;785
13431;Beyaz Ev;382.417;274.277;785
13432;Beyaz Ev;382.418;274.276;785
13433;Dirmil Çıkış;3.823.994.114.901.010;2.742.969.015.899.910;785
13434;Dirmil Çıkış;3.823.999.970.604.060;2.742.980.035.760.520;785
13435;Ormanköy;3.824.909.980.755.270;2.745.550.037.173.850;785
13436;Ormanköy;3.824.915.484.993.950;27.455.468.356.771;785
13437;Pınar Mevkii;3.824.649.977.636.220;2.745.300.037.680.710;785
13438;Pınar Mevkii;382.461;274.522;785
13439;Helvacı Köyü;3.824.354.773.876.970;2.747.241.842.169.050;785
13440;Helvacı Köyü;3.824.341.773.712.790;27.472.277.421.929;785
13441;Çamlık;382.445;274.728;785
13442;Çamlık;382.445;274.727;785
13443;Dağtekke;382.476;275.097;785
13444;Ormanköy Meydan;382.497;274.573;785
13445;Ormanköy Meydan;382.497;274.574;785
13446;Yukarıcık;382.498;274.583;785
13447;Yukarıcık;382.497;274.583;785
13472;Gölcükler Cami;38.261.648.123.311;2.714.375.434.609.420;814
13473;Yonca;3.826.483.713.309.340;2.714.619.735.416.580;814
13474;Yonca;3.826.486.220.846.160;2.714.610.688.929.560;814
13475;Gazi İlkokulu;3.826.724.078.597.680;2.714.587.031.173.730;814
13476;Gazi İlkokulu;3.826.699.014.217.280;2.714.554.536.278.760;814
13477;Gazipaşa Mah Muhtarlık;38.265.436.666.667;27.143.038.333.333;814
13478;Gazipaşa Mah Muhtarlık;38.265.391;27.143.103;814
13479;Ondokuz Mayıs;3.826.422.813.480.320;2.714.242.035.778.780;814
13480;Ondokuz Mayıs;3.826.410.113.431.780;2.714.241.735.732.320;814
13481;Çınar;38.263.511;27.138.952;814
13482;Çınar;38.263.196.134.124;27.139.462.358.539;814
13487;Uzlar;38.263.930;27.137.070;814
13488;Uzlar;38.263.950;27.136.895;814
13489;Zeytin;3.826.157.613.209.080;2.713.588.835.784.580;814
13490;Zeytin;3.826.152.913.208.450;2.713.574.235.788.840;814
13491;Ege Kar;3.826.100.713.317.120;2.713.315.535.987.360;814
13492;Ege Kar;3.826.111.113.361.560;2.713.310.336.037.710;814
13495;Merkez Sokak;382.474;271.104;789-799-829
13496;Merkez Sokak;38.247.310;27.110.486;789-799-829
13497;Üzüm Bağları;38.242.729;27.089.582;789-799-829
13498;Üzüm Bağları;38.242.848;27.089.777;789-799-829
13499;Akçaköy Yol Ayrımı;382.419;270.936;789-799-829
13500;Akçaköy Yol Ayrımı;382.418;270.937;789-799-829
13501;Çatalca Yol Ayrımı;382.435;270.852;829
13502;Çatalca Yol Ayrımı;382.434;270.863;789-799-829
13503;Çatalca Seralar;38.255.033.333.333;27.072.540;789-799
13504;Çatalca Seralar;38.254.774;27.072.650;789-799
13505;Çatalca;38.257.123.333.333;27.070.021.666.667;789-799
13506;Çatalca;38.256.912;27.070.018;789-799
13507;Çatalca Köprü;38.260.110;27.067.181;789
13508;Çatalca Köprü;38.260.181;27.067.007;789
13509;Tırazlı Yol Ayrımı;38.267.925;26.992.668.333.333;789
13510;Tırazlı Yol Ayrımı;38.268.171;26.992.452;789
13511;Efem Çukuru Hal;3.827.857.534.164.480;2.697.252.086.486.770;789
13512;Efem Çukuru Hal;3.827.867.334.203.270;2.697.214.586.680.310;789
13513;Efemçukuru İkokulu;3.828.006.134.114.250;2.697.092.257.640.320;789
13514;Efemçukuru İkokulu;3.828.008.567.078.110;2.697.074.129.566.860;789
13515;Efem Çukuru Son durak;38.280.631.533.123;2.696.865.319.592.910;789
13516;Çatalca Meydan;38.259.483;27.070.136;789-799
13517;Çatalca Meydan;38.260.235;27.069.491;789-799
13518;Orman İşletmesi;38.243.459;27.082.380;829
13519;Orman İşletmesi;38.243.564;27.082.035;829
13520;Orhanlı;3.816.825.620.825.760;2.695.413.356.802.230;829-989
13521;Orhanlı;3.816.819.262.065.280;2.695.394.411.968.840;829-989
13535;Eksen Deresi;38.064.220.408.943;2.687.794.050.345.420;979-986-987-989
13536;Eksen Deresi;3.806.412.412.128.740;2.687.762.968.266.670;979-986-987-989
13539;Doğanbey Payamlı Son Durak;38.086.004;26.867.287;989
13540;Ömür Beldesi;380.608;268.782;979-986-987-989
13542;Doğanbey Payamlı;38.085.131.379.557;2.686.051.036.864.050;979-986-987-989
13543;Ömür Beldesi;380.604;268.785;986-987-989
13544;Haritacılar Sitesi;3.813.070.067.773.110;2.683.769.957.010.310;979-986-987-989
13545;Doğanbey Payamlı;3.808.716.564.015.660;2.686.014.065.937.050;979-986-987-989
13546;Güneşlikent;3.814.068.467.367.490;2.683.463.975.706.410;979-986-987-989
13547;Haritacılar Sitesi;3.813.079.954.285.650;2.683.835.353.159.110;979-986-987-989
13548;Kemerkaya Evleri;3.815.403.620.532.590;2.683.263.221.748.090;979-986-987-989
13549;Güneşlikent;3.814.093.873.434.560;2.683.470.818.478.270;979-986-987-989
13550;Yenikent;381.588;268.298;979-986-987-989
13551;Kemerkaya Evleri;3.815.410.065.987.160;2.683.279.998.998.250;979-986-987-989
13553;Yenikent;3.815.937.450.231.340;2.682.964.499.347.180;979-986-987-989
13554;Akarca;3.816.425.366.620.320;2.682.614.217.927.740;979-986-987-989
13556;Hıdırlık;3.817.504.704.978.540;2.682.893.389.643.230;979-986-987-989
13557;Akarca;3.816.420.883.936.470;2.682.654.740.484.580;979-986-987-989
13558;Tepecik Caddesi;3.818.056.462.005.790;2.683.303.639.685.510;979-986-987-989
13559;Hıdırlık;3.817.510.063.687.730;2.682.930.033.145.110;979-986-987-989
13560;Kuşadası Caddesi;3.818.740.060.507.720;2.683.520.048.508.810;640-641-642-675-975-979-985-986-987-989-990-991
13561;Tepecik Caddesi;38.181.103;26.833.810;975-979-986-987-989
13562;İzmir Caddesi;38.190.936;26.834.332;640-641-642-675-732-975-979-985-986-987-989-990-991
13563;Kuşadası Caddesi;381.876;268.354;640-641-642-675-975-979-985-986-987-989-990-991
13564;Sığacık Yol Ayrımı;38.194.414;26.834.147;640-642-675-975-985-986-987-990
13565;İzmir Caddesi;3.819.193.959.991.210;2.683.437.455.083.170;640-641-642-675-732-975-979-985-986-987-989-990-991
13567;Sığacık Yol Ayrımı;3.819.570.160.147.840;2.683.430.663.494.210;675-732-975-985-987-991
13568;Gümüşkent Yol Ayrımı;38.191.223;26.982.632;829
13569;Yeniköy Atış Poligonu;3.822.433.174.768.510;2.705.589.865.391.430;829
13570;Yeniköy Atış Poligonu;3.822.387.854.185.060;2.705.526.365.059.930;829
13571;Seven;38.226.074;27.056.904;829
13572;Seven;38.226.087;27.057.117;829
13573;Gümüşkent Yol Ayrımı;38.191.248;26.983.074;829
13574;Zambak;381.642;269.491;829-989
13575;Zambak;381.642;269.490;829-989
13576;Maviçiçek;38.162.245;26.944.657;829-989
13577;Maviçiçek;381.624;269.446;829-989
13578;Yeniköy Kahveler;38.216.457;27.044.453;829
13579;Yeniköy Kahveler;382.167;270.447;829
13580;Yeniköy Menekşe;382.221;270.515;829
13581;Yeniköy Menekşe;382.224;270.517;829
13582;Yeniköy Zambak;382.215;270.495;829
13583;Yeniköy Zambak;38.221.475;27.049.316;829
13584;Plastik Fabrikası;382.410;271.006;789-799-829
13585;Plastik Fabrikası;382.411;271.006;789-799-829
13586;Yeniköy Lale;382.198;270.478;829
13587;Yeniköy Lale;382.198;270.476;829
13588;Üzümlü;38.230.724;27.060.691;829
13589;Üzümlü;382.310;270.609;829
13590;Bahçecik;38.233.372;27.065.350;829
13591;Bahçecik;38.233.472;27.065.236;829
13592;Orkide;382.285;270.587;829
13593;Orkide;382.285;270.586;829
13594;Yeniköy Giriş;38.218.148;27.046.504;829
13595;Yeniköy Giriş;382.184;270.466;829
13596;Yeniköy Ortaokulu;3.821.548.202.696.890;2.704.352.075.452.110;829
13597;Yeniköy Ortaokulu;3.821.573.925.519.630;2.704.366.278.247.820;829
13598;Menekşe;382.114;270.393;829
13599;Menekşe;382.116;270.395;829
13600;Sümbül;3.820.252.716.929.620;2.702.325.613.750.570;829
13601;Sümbül;3.820.238.716.965.180;2.702.299.713.658.660;829
13602;Kuyucak;38.191.311;26.992.742;829
13603;Kuyucak;38.191.235;26.992.159;829
13604;Karanfil;381.915;269.858;829
13605;Karanfil;38.191.685;26.985.812;829
13606;Gümüşkent;38.191.207;26.980.245;829
13607;Gümüşkent;38.191.289;26.980.166;829
13608;Beyler Köyü Yol Ayrımı;38.187.933;26.971.392;829
13609;Beyler Köyü Yol Ayrımı;38.189.246;26.971.149;829
13610;Leylak;381.845;269.686;829
13611;Leylak;38.184.654;26.968.578;829
13612;Nergis;381.810;269.653;829
13613;Nergis;38.181.120;26.965.260;829
13614;Firdem;38.177.128.294.350;2.696.193.896.856.480;829
13615;Firdem;3.817.709.550.257.880;2.696.182.448.004.320;829
13616;Yeni Orhanlı Ortaokulu;3.816.900.030.706.650;2.695.509.987.775.030;829-989
13617;Yeni Orhanlı Ortaokulu;38.169.100.307.740;2.695.489.987.945.740;829-989
13618;Orhanlı Muhtarlık;38.166.202;26.951.605;829-989
13619;Orhanlı Muhtarlık;38.166.204;26.951.423;829-989
13620;Kuru Dere;381.611;269.415;829-989
13621;Kuru Dere;381.612;269.416;829-989
13622;Papatya;3.815.700.036.626.380;2.693.509.988.254.770;829-989
13623;Papatya;3.815.704.944.328.440;2.693.516.469.000.220;829-989
13624;Sardunya;381.491;269.269;829-989
13625;Sardunya;381.492;269.269;829-989
13626;Sarmaşık;381.409;269.236;829-989
13627;Sarmaşık;381.407;269.233;829-989
13628;Yeni Orhanlı Küme Evleri;38.135.517;26.921.031;829-989
13629;Yeni Orhanlı Küme Evleri;38.135.494;26.920.897;829-989
13630;Kavacık;38.128.749;26.916.664;829-989
13631;Kavacık;381.289;269.166;829-989
13632;Kavak;3.810.659.481.909.680;2.691.531.891.268.240;829-989
13633;Kavak;3.810.661.855.091.850;2.691.473.000.797.840;829-989
13634;Gonca;3.809.980.055.293.180;2.691.179.788.742.790;829-989
13635;Gonca;3.809.996.703.717.260;2.691.162.983.331.680;829-989
13636;Karakoç Kaplıcaları;380.904;269.173;829-989
13637;Karakoç Kaplıcaları;380.905;26.916.953;829-989
13638;Payamlı Yol ayrımı;38.087.093;26.929.197;829-989
13639;Payamlı Yol ayrımı;38.087.225;26.928.695;829-989
13640;Baraj Yolu;38.082.398;26.949.386;829-989
13641;Baraj Yolu;38.082.438;26.949.264;829-989
13642;Ürkmez Pazaryeri;380.799;269.564;829-989
13643;Ürkmez Pazaryeri;380.801;269.560;829-989
13644;Gülhatmi;382.095;270.338;829
13645;Gülhatmi;382.095;270.335;829
13646;Hercai;382.079;270.301;829
13647;Hercai;382.079;27.Mar;829
13648;Dalya;382.057;270.269;829
13649;Dalya;382.057;270.268;829
13650;İnci;381.961;270.064;829
13651;İnci;381.960;270.061;829
13652;Mimoza;381.944;270.012;829
13653;Mimoza;381.944;270.010;829
13654;Saraypatı;381.930;269.971;829
13655;Saraypatı;381.931;269.969;829
13656;Fulya;380.953;269.134;829-989
13657;Ardıç;381.820;269.669;829
13658;Ardıç;381.820;269.671;829
13659;Erguvan;381.268;269.166;829-989
13660;Erguvan;381.268;269.167;829-989
13661;Yağmur;3.812.290.041.145.280;2.691.619.924.689.630;829-989
13662;Yağmur;381.229;269.163;829-989
13663;Sarısalkım;381.205;269.156;829-989
13664;Sarısalkım;381.207;269.156;829-989
13665;Çoban Yıldızı;381.580;269.372;829-989
13666;Çoban Yıldızı;381.581;269.375;829-989
13667;Nar Çiçeği;38.092.233;26.915.684;829-989
13668;Nar Çiçeği;38.092.541;26.915.452;829-989
13669;Karakoç Dere;3.810.442.062.967.180;2.691.310.036.195.050;829-989
13670;Karakoç Dere;3.810.437.941.725.470;2.691.325.191.779.560;829-989
13671;Fulya;38.095.102;26.913.421;829-989
13672;Orhanlı Gündoğdu;38.185.478;26.969.605;829
13673;Orhanlı Gündoğdu;38.185.538;26.969.548;829
13674;Ürkmez İstiklal;38.078.556;26.956.174;829-989
13675;Ürkmez İstiklal;38.078.474;26.956.017;829-989
13676;Mehmetcik;3.808.131.050.542.450;2.695.344.731.844.840;829-989
13677;Mehmetcik;38.081.119;26.953.521;829-989
13678;Ömür Sitesi Sahil Yolu;3.806.258.866.407.990;2.685.853.211.636.060;979-989
13679;Ömür Sitesi Sahil Yolu;3.806.270.966.347.990;2.685.864.411.901.160;979-989
13680;Dağ Evleri;38.138.242;26.922.357;829-989
13681;Dağ Evleri;38.138.352;26.922.239;829-989
13682;Ömür Sitesi Mavi;38.063.375;268.609;979-989
13683;Ömür Sitesi Mavi;38.063.481;26.860.886;979-989
13684;Ömür Sitesi Yağmur;3.806.473.964.402.730;26.862.568.160.346;979-989
13685;Ömür Sitesi Güneş;3.806.543.267.322.210;2.685.612.018.577.740;979-989
13686;Ömür Sitesi Merkez;38.067.095;26.855.996;979-989
13687;Ömür Sitesi Yağmur;3.806.548.764.438.880;2.686.239.517.775.790;979-989
13688;Ömür Sitesi Güneş;3.806.541.567.434.380;2.685.587.718.575.930;979-989
13690;Taşkesik Camii;381.719;274.454;782
13691;Taşkesik Camii;381.719;274.456;782
13692;Taşkesik Zeytinlik;381.745;274.465;782
13693;Taşkesik Zeytinlik;381.747;274.468;782
13694;Taskesik İlkokulu;3.817.609.388.581.340;2.744.803.348.858.920;782
13695;Taskesik İlkokulu;3.817.613.388.587.320;2.744.824.648.940.020;782
13696;Taşkesik;3.817.037.482.138.280;2.744.336.710.933.430;697-782-795-806
13697;Taşkesik;38.170.418.816.077;2.744.522.547.693.340;697-782-795-806
13698;Havuzbaşı Zeytinlik;3.817.730.322.877.710;2.746.867.170.652.660;697-782-795-806
13700;Değirmenaltı;381.638;274.144;782
13701;Değirmenaltı;381.637;274.145;782
13702;Saraç;381.540;27.40;782
13703;Saraç;381.538;274.002;782
13704;Şehitler Çıkış;3.815.211.270.533.640;2.740.056.976.832.530;782
13705;Şehitler Çıkış;3.815.210.870.504.840;2.740.065.276.866.090;782
13706;Aslanlar;381.646;274.160;782
13707;Aslanlar;381.646;274.161;782
13708;Taşkesik Son Durak;381.788;274.502;782
13709;Havuzbaşı Çıkış;3.817.245.498.469.150;2.747.048.232.639.830;788
13710;Havuzbaşı Son Durak;381.694;274.702;788
13712;Havuzbaşı Çıkış;3.817.255.498.640.430;2.747.038.232.609.150;788
13713;Çiftçi Gediği Köy Yolu;3.818.682.092.904.850;2.750.554.069.991.150;788
13715;Çiftçi Gediği Çıkış;382.005;275.026;788
13716;Çiftçi Gediği Köy Yolu;3.818.650.892.433.760;2.750.555.870.076.050;788
13717;Çiftçi Gediği Giriş;382.018;275.045;788
13718;Çiftçi Gediği Çıkış;3.820.050.086.781.940;2.750.256.651.804.180;788
13719;Kızılcaova Çıkış;3.820.431.264.784.210;2.751.263.027.387.360;788
13720;Çiftçi Gediği Giriş;382.018;275.047;788
13721;Kızılcaova Merkez;3.820.618.436.976.940;2.751.280.427.173.910;787-788
13722;Kızılcaova Çıkış;38.204.399.182.594;2.751.240.067.260.370;788
13723;Kızılcaova Giriş;3.820.611.687.563.850;2.751.616.993.895.590;788
13724;Kızılcaova Merkez;3.820.627.664.607.660;2.751.265.241.819.840;787
13725;Şehit Murat Cerit;382.095;275.393;788
13726;Kızılcaova Giriş;3.820.601.687.386.250;2.751.636.993.996.650;788
13727;Cumhuriyet Meydanı;38.209.599.240.309;2.754.140.075.247.920;788
13728;Şehit Murat Cerit;382.095;275.392;788
13730;Cumhuriyet Meydanı;3.820.969.924.192.310;2.754.130.075.165.540;788
13731;Yakapınar Çıkış;38.212.970;27.543.930;793
13732;Yakapınar Çıkış;38.212.930;27.543.710;793
13733;Yakapınar Mezarlık;38.214.435;27.545.846;793
13734;Yakapınar Mezarlık;38.214.437;27.545.799;793
13735;Dere Balık;38.240.790;27.553.830;793
13736;Dere Balık;38.240.720;27.553.680;793
13737;Küçük Ev;38.244.080;27.554.390;793
13738;Küçük Ev;38.244.070;27.554.270;793
13739;Osmanlar Köyü Giriş;38.276.088.288.459;2.757.072.528.859.880;793
13740;Osmanlar Köyü Giriş;38.275.960;27.570.170;793
13741;Özcan;3.828.077.121.236.460;2.757.528.520.362.810;793
13742;Özcan;3.828.069.002.374.540;2.757.511.020.771.090;793
13743;Küme Evleri;3.828.220.107.106.250;2.757.649.070.606.960;793
13744;Küme Evleri;38.282.233;27.576.598;793
13745;Balcılar Son Durak;3.828.310.039.208.880;2.757.869.034.525.150;793
13746;Kızılcaova Kurtuluş;382.054;275.194;788
13747;Kızılcaova Kurtuluş;382.055;275.191;788
13748;Cembekler;38.202.699.130.672;2.754.320.079.081.330;788-793
13749;Cembekler;3.820.269.913.059.730;2.754.330.079.119.060;788-793
13750;Yeniay;3.820.650.219.409.550;2.754.253.388.131.020;788-793
13751;Yeniay;3.820.650.119.118.590;27.542.431.770.640;788-793
13768;Kızılcaova Yol Ayrımı;3.819.367.901.114.130;2.752.156.374.313.690;787
13769;Kızılcaova Yol Ayrımı;38.193.574;27.521.487;787
13770;Kızılcaova Yolu;3.820.019.984.922.650;2.751.672.978.775.830;787
13771;Kızılcaova Yolu;3.819.989.911.117.610;2.751.670.070.358.210;787
13772;Kızılcaova İstiklal;3.820.279.178.096.710;2.751.475.440.365.540;787
13773;Kızılcaova İstiklal;3.820.259.177.798.390;27.514.754.404.212;787
13776;Çınardibi Papatya;38.288.752;27.516.391;787
13777;Çınardibi Papatya;38.288.656;27.516.303;787
13778;Dernekli;38.269.730;27.547.099;787
13780;Çınardibi Yolu;38.280.810;27.519.549;787
13781;Çınardibi Yolu;38.280.727;27.519.477;787
13782;Çınardibi Giriş;38.290.715;27.516.826;787
13783;Çınardibi Giriş;38.290.770;27.516.747;787
13784;Çınardibi Merkez;38.291.543;27.518.952;787
13785;Çınardibi Merkez;38.291.545;27.518.837;787
13786;Çınardibi Çıkış;38.291.846;27.520.636;787
13787;Çınardibi Çıkış;38.291.908;27.520.645;787
13788;Osmanlar Son Durak;38.301.512;27.558.939;787
13798;Çapak Yol Ayrımı;38.233.613;27.372.790;784
13799;Çapak Yol Ayrımı;38.235.155;27.373.750;784
13800;Nezahat Onbaşı;38.219.218;27.369.903;784
13801;Nezahat Onbaşı;38.219.024;27.370.121;784
13802;Çakırbeyli Giriş;38.284.938;27.374.296;784
13803;Çakırbeyli Giriş;38.284.830;27.374.126;784
13804;Çakırbeyli Sağlık Ocağı;3.828.512.346.894.140;2.737.906.195.514.050;784
13805;Çakırbeyli Sağlık Ocağı;3.828.456.377.307.750;273.801.314.302;784
13806;Çakırbeyli Çıkış;38.283.588;27.383.088;784
13807;Çakırbeyli Çıkış;38.283.493;27.383.014;784
13808;Çakırbeyli Yol Ayrımı;38.281.341;27.397.776;784
13809;Çakırbeyli Yol Ayrımı;38.281.247;27.397.778;784
13810;Bozköy Gelincik;38.277.531.597.607;2.736.614.571.609.770;784
13811;Bozköy Gelincik;3.827.751.859.746.970;2.736.623.871.611.820;784
13812;Bozköy Nar;3.827.460.007.094.630;2.736.350.022.201.190;784
13813;Bozköy Nar;382.745;273.634;784
13814;Bozköy Bahçe;382.733;273.613;784
13815;Bozköy Bahçe;382.732;273.611;784
13816;Bozköy Yukarı Mahalle;3.827.134.615.940.150;2.736.527.923.495.970;784
13817;Bozköy Yukarı Mahalle;3.827.144.616.027.210;2.736.507.923.456.090;784
13818;Saipler Meydan;38.266.711;27.369.181;784
13819;Saipler Meydan;382.662;273.694;784
13820;Saipler;382.659;273.703;784
13821;Saipler;38.265.817;27.370.020;784
13822;Bozköy;38.271.641;27.361.270;784
13823;Bozköy;38.271.643;27.361.379;784
13824;Çakırbeyli;382.839;273.816;784
13825;Çakırbeyli;382.839;273.815;784
13826;Dağkızılca Zeytin;38.304.280;27.391.739;784
13827;Dağkızılca;38.309.450;27.389.530;784
13828;Dağkızılca Lale;38.305.778;27.390.709;784
13829;Dağkızılca Zeytin;383.043;273.918;784
13830;Dağkızılca Papatya;383.074;273.895;784
13831;Dağkızılca Lale;383.058;273.908;784
13832;Dağkızılca Çıkış;3.831.445.811.477.630;2.738.661.141.608.160;784
13833;Dağkızılca Çıkış;3.831.421.182.968.040;2.738.702.195.812.820;784
13834;Dağkızılca;38.309.536.400.232;2.738.938.910.882.270;784
13835;Dağkızılca Papatya;383.075;273.896;784
13836;Doğancılar;383.010;273.412;176-784
13838;Torbalı Muratbey Mahallesi;381.493;273.496;714-783
13839;Torbalı Muratbey Mahallesi;38.149.101;27.349.182;714-783
13840;Özbey Meydan;3.813.208.413.030.640;2.732.340.007.519.590;783
13841;Özbey Meydan;3.813.197.784.257.370;2.732.317.289.613.530;783
13844;Yeniköy Çıkış;38.123.136;27.335.675;783
13845;Yeniköy Çıkış;381.230;273.355;783
13846;Ahmetli;380.828;27.355.802;783
13847;Ahmetli;38.082.858;27.355.467;783
13849;Sağlık Son Durak;38.085.099;27.399.429;783
13851;Torbalı Diş Hastanesi;3.815.287.686.682.230;2.735.438.609.317.920;701-715-722-783
13852;Torbalı Diş Hastanesi;3.815.295.686.667.370;2.735.469.209.460.650;701-715-722-783
13853;Özbey Giriş;381.338;273.264;783
13854;Özbey Giriş;381.336;273.263;783
13855;Özbey Çıkış;381.305;273.245;783
13856;Özbey Çıkış;381.307;273.245;783
13857;Yeniköy Giriş;38.124.007;27.328.951;783
13859;Yeniköy Muhtarlık;3.812.189.991.395.750;2.733.090.323.554.230;783
13860;Yeniköy Giriş;38.124.055;27.329.033;783
13861;Ahmetli Çıkış;3.808.159.767;27.358.010;783
13862;Yeniköy Muhtarlık;38.121.971;27.331.083;783
13863;Sağlık Giriş;3.808.757.387.581.020;2.739.736.795.648.910;783
13864;Ahmetli Çıkış;38.081.669;27.357.743;783
13865;Düverlik Mezarlık;3.821.569.039.954.410;2.744.880.245.073.120;763
13866;Sağlık Giriş;3.808.735.887.123.980;2.739.767.595.701.880;783
13867;Karakuyu Çıkış;38.131.861;27.236.943;792
13868;Karakuyu Çıkış;38.132.053;27.236.896;792
13871;Torbalı Havuz Park;38.146.811;27.345.970;714-783
13872;Torbalı Havuz Park;38.146.814;27.346.179;714-783
13873;Güldeste;382.416;273.908;786
13874;Güldeste;382.417;273.907;786
13875;Enginar;382.439;273.915;786
13876;Enginar;382.439;273.914;786
13878;Çamlıca Giriş;3.821.265.240.656.480;2.741.202.236.496.190;763
13879;Çamlıca Giriş;3.821.239.940.366.940;2.741.200.036.507.870;763
13880;Çamlıca Meydan;3.821.076.938.464.910;2.741.210.336.633.420;763
13881;Çamlıca Meydan;3.821.084.648.103.230;2.741.200.917.761.550;763
13882;Akkız;3.821.063.837.971.950;2.741.454.737.226.680;763
13883;Akkız;3.821.050.280.366.050;27.414.416.296.856;763
13884;Karakızlar Giriş;3.827.897.114.392.670;2.743.854.523.594.840;786
13885;Düverlik Meydan;38.218.004;27.449.238;763
13886;Karakızlar Meydan;38.280.339;27.440.834;786
13887;Karakızlar Giriş;3.827.879.714.195.830;2.743.844.723.663.510;786
13888;Karakızlar Çıkış;38.281.719;27.440.408;786
13889;Karakızlar Meydan;38.280.289;27.440.951;786
13890;Düverlik Mezarlık;3.821.562.339.893.160;2.744.857.845.028.920;763
13891;Karakızlar Çıkış;38.281.835;27.440.427;786
13893;Karaot Son Durak;38.295.364;27.437.452;786
13894;Ahmetli Çamlık;38.085.674;27.353.830;783
13895;Ahmetli Çamlık;3.808.524.758.235.620;27.353.859.674.378;783
13897;Şehit Uzman Çavuş Tolga Sağlam;3.814.516.481.979.120;2.734.370.801.935.980;783
13898;Şehit Uzman Çavuş Tolga Sağlam;3.814.506.481.863.150;2.734.372.801.894.220;783
13899;Zeytinlik;3.821.292.636.915.530;2.744.481.644.548.280;763
13900;Zeytinlik;3.821.304.237.067.250;2.744.475.944.513.740;763
13901;Yangın Havuzu;3.820.910.482.559.740;2.744.127.444.205.860;763
13902;Yangın Havuzu;3.820.916.582.631.830;2.744.131.244.204.270;763
13903;Köprü;38.155.209;26.934.032;829-989
13904;Köprü;38.155.225;26.934.148;829-989
13905;Poyraz;381.536;269.324;829-989
13906;Poyraz;381.536;269.325;829-989
13907;Kurutaş;381.514;269.303;829-989
13908;Kurutaş;381.514;269.304;829-989
13909;Orhanlı Meydan;38.167.568;26.953.034;829-989
13910;Orhanlı Meydan;38.167.421;26.953.066;829-989
13911;Aynısefa;381.428;269.248;829-989
13912;Aynısefa;381.428;269.249;829-989
13913;Ürkmez Kardelen;3.808.360.440.311.810;2.694.129.537.784.150;829-989
13914;Ürkmez Kardelen;3.808.375.327.966.270;2.694.118.749.606.680;829-989
13915;Ürkmez İpek;380.830;269.452;829-989
13916;Ürkmez İpek;3.808.320.025.955.610;2.694.529.848.359.710;829-989
13917;Akçaköy  İncir Fabrikası;38.255.705;27.104.031;789-799
13918;Akçaköy  İncir Fabrikası;38.255.780;27.103.843;789-799
13919;Akçaköy;3.825.698.131.709.720;2.710.185.279.038.880;789-799
13920;Ilgın;382.447;271.052;789-799-829
13921;Ilgın;38.244.713;27.104.980;789-799-829
13922;Anemon;382.407;270.737;829
13923;Anemon;382.409;270.738;829
13924;Aslanağazı;382.139;270.421;829
13925;Aslanağazı;382.140;270.421;829
13926;Azelya;38.189.728;26.977.259;829
13927;Azelya;38.189.615;26.976.788;829
13928;Benefşe;38.188.176;26.974.066;829
13929;Benefşe;38.188.287;26.974.055;829
13930;Biberiye;381.740;269.610;829
13931;Biberiye;381.738;269.609;829
13932;Çalba;381.712;269.577;829
13933;Çalba;381.713;269.577;829
13934;Çingülü;38.150.443;26.927.941;829-989
13935;Çingülü;381.505;269.280;829-989
13936;Çoban Yastığı;38.145.248;26.926.781;829-989
13937;Çoban Yastığı;38.145.185;26.926.676;829-989
13938;Fesleğen;3.813.219.993.314.610;2.691.919.856.485.170;829-989
13939;Fesleğen;38.132.228.003.839;2.691.915.832.590.590;829-989
13940;Firuze;381.188;269.161;829-989
13941;Firuze;381.187;269.161;829-989
13942;Hatmi;38.084.475;26.936.166;829-989
13943;Hatmi;38.084.493;26.935.995;829-989
13944;Furunlu Giriş;38.20;276.035;788
13945;Furunlu Giriş;382.001;276.034;788
13946;Furunlu Dörtyol;3.819.483.045.177.160;2.760.404.273.574.280;788
13947;Furunlu Dörtyol;3.819.479.895.885.660;2.760.390.108.568.180;788
13948;Furunlu Çamlık;381.939;276.071;788
13949;Furunlu Çamlık;381.938;276.071;788
13950;Hezaren;381.942;276.102;788
13951;Hezaren;381.941;276.103;788
13952;Itır;3.819.509.895.931.410;2.761.530.113.590.530;788
13953;Itır;381.952;276.154;788
13954;İris;381.969;276.152;788
13955;İris;381.970;276.153;788
13956;Kartopu;38.205.123;27.614.465;788
13957;Kartopu;38.205.285;27.614.557;788
13958;Furunlu Yenicekuyu;381.970;276.042;788
13959;Furunlu Yenicekuyu;381.969;276.041;788
13960;Lilyum;38.110.400.109.125;2.691.589.846.635.440;829-989
13961;Lilyum;3.811.050.040.940.130;2.691.569.902.760.860;829-989
13962;Gülsümcük Mevki;3.820.828.233.116.570;2.742.939.041.148.080;763
13963;Gülsümcük Mevki;3.820.824.133.051.340;2.742.950.241.181.480;763
13964;Mersincik Mevki;38.208.346;27.422.499;763
13965;Mersincik Mevki;3.820.822.933.929.560;2.742.308.039.520.810;763
13966;Çakırtepe;3.820.965.136.153.420;2.741.928.738.454.480;763
13967;Çakırtepe;38.209.590.360.975;2.741.917.038.430.020;763
13968;Öksüz Dere Mevki;3.820.904.833.090.740;2.743.661.042.963.510;763
13969;Öksüz Dere Mevki;3.820.896.432.961.430;2.743.680.543.025.940;763
13970;Sevgi;38.102.020;274.344;781
13971;Sevgi;38.102.276;27.434.320;781
13972;İncir;38.098.780;27.434.150;781
13973;İncir;38.098.550;27.434.010;781
13974;Naime Meydan;38.094.970;27.434.530;781
13975;Naime Meydan;38.095.146;27.434.419;781
13976;Tulum Okul;38.089.311;27.432.706;781
13977;Tulum Okul;38.089.350;27.432.590;781
13978;Tulum Giriş;3.808.849.472.499.920;2.742.869.616.360.190;781
13979;Tulum Giriş;38.088.380;27.428.215;781
13980;Tulum Son Durak;3.808.720.572.892.650;2.742.431.112.757.260;781
13981;Naime Yolu;381.042;274.342;781
13982;Naime Yolu;381.042;274.343;781
13983;Çamlıca Mezarlık;38.217.176;27.407.729;763
13984;Çamlıca Mezarlık;38.217.291;27.407.839;763
13985;Mavi Deniz;38.219.173;27.400.371;763
13986;Mavi Deniz;38.219.278;27.400.103;763
13988;Çakırbeylı Gündoğumu;3.828.189.570.909.850;2.738.668.629.235.670;784
13989;Çakırbeylı Gündoğumu;3.828.190.300.277.980;2.738.613.828.322.250;784
13990;Çakırbeyli Mezarlık;3.828.189.300.249.430;2.739.127.400.542.040;784
13991;Çakırbeyli Mezarlık;38.281.710.765.683;2.739.146.066.390.980;784
13992;Şehit Şerife Bacı;38.291.544;27.397.077;784
13993;Şehit Şerife Bacı;38.291.496;27.396.936;784
13995;Bayındır Son Durak;382.240;276.472;678-679-727-787-788-790-791-793-858-865
13996;Hükümet Önü;38.220.153;27.650.990;678-679-790-865
13997;Hükümet önü;38.220.076;27.651.244;678-679-790
13998;Bayındır Sanayi;382.197;276.547;679-790
13999;Bayındır Sanayi;382.196;276.547;679-790
14000;Turanlı;382.221;276.798;679-790
14001;Turanlı;382.219;276.795;679-790
14002;Yusuflu Köyü Yol Ayrımı;3.822.529.189.453.930;2.768.915.010.427.810;679-790
14003;Yusuflu Köyü Yol Ayrımı;382.256;27.69;679-790
14004;Ergenli Giriş;3.823.928.585.794.070;2.768.908.804.021.290;679-790
14005;Ergenli Giriş;3.823.921.785.682.120;2.768.920.504.137.510;679-790
14006;Ergenli Meydan;382.407;276.906;679-790
14007;Ergenli Meydan;382.407;276.907;679-790
14008;Ergenli Çıkış;382.424;276.901;679-790
14009;Ergenli Çıkış;382.423;276.902;679-790
14010;Ilıca Meydan;3.824.922.004.350.380;27.685.043.915.829;679-790
14011;Ilıca Meydan;3.824.936.004.613.260;2.768.501.091.414.920;679-790
14012;Kızıloba yol ayrımı;3.825.001.405.601.380;27.683.778.903.001;679-790
14013;Kızıloba yol ayrımı;3.825.005.905.690.340;2.768.378.990.252.850;679-790
14014;Dereköy;382.512;276.778;790
14015;Dereköy;382.513;276.776;790
14016;Hisarlık giriş;382.651;276.528;790
14017;Hisarlık giriş;382.652;276.527;790
14018;Hisarlık;38.270.294;27.652.807;790
14020;Hisarlık Kestane;382.696;276.525;790
14021;Hisarlık Kestane;382.694;276.527;790
14022;Nene Hatun;38.297.974;27.394.189;784
14023;Nene Hatun;38.297.953;27.394.323;784
14024;Seyit Onbaşı;38.301.086;27.393.633;784
14025;Seyit Onbaşı;38.301.303;27.393.719;784
14026;Yusuflu Köyü Giriş;3.822.054.748.546.860;2.769.423.196.182.790;790
14027;Yusuflu Köyü Giriş;3.822.049.093.007.350;2.769.462.265.679.950;790
14028;Yusuflu Son Durak;3.821.898.390.715.660;27.697.665.987.896;790
14077;Söğütören Çıkış;38.221.399.423.370;2.758.220.082.748.440;791
14081;Söğütören Meydan;382.253;275.749;791
14082;Söğütören Mavi;3.822.419.946.858.170;2.757.750.079.328.080;791
14083;Söğütören Mavi;3.822.425.646.953.310;2.757.756.679.312.470;791
14084;Söğütören Giriş;3.822.139.942.335.040;2.758.210.082.714.190;791
14086;Çamlıbel Giriş;38.245.819;27.587.614;791
14087;Çamlıbel Giriş;38.245.892;27.587.728;791
14088;Çamlıbel orta durak;382.469;275.861;791
14089;Çamlıbel Orta Durak;382.469;275.863;791
14091;Çamlıbel Son Durak;38.248.533;27.584.419;791
14092;Alankıyı Yol Ayrımı;382.360;276.080;791
14093;Alankıyı Yol Ayrımı;382.360;276.081;791
14094;Söğütören Yol Ayrımı;38.201.330;27.602.964;791
14095;Söğütören Yol Ayrımı;38.201.333;27.603.119;791
14114;Kolophon;38.111.690;27.146.510;729
14115;Kolophon;381.117;271.464;729
14116;Kurudere;38.113.543;27.145.290;729
14117;Kurudere;381.133;271.453;729
14118;Çamönü Vatan;38.104.935;27.152.688;729
14119;Çamönü Vatan;381.049;271.525;729
14120;Çamönü Naile Karadeniz İlkokulu;3.810.309.528.964.410;2.715.543.804.770.660;729
14121;Çamönü Naile Karadeniz İlkokulu;3.810.294.828.931.490;2.715.532.204.549.820;729
14122;Çamönü Orman;38.101.427;27.158.556;729
14123;Çamönü Orman;381.012;271.586;729
14124;Cumhuriyet;380.975;271.637;729
14125;Cumhuriyet;380.974;271.637;729
14126;Atatürk;38.093.258;27.165.664;729
14127;Atatürk;38.093.389;27.165.523;729
14129;Ataköy Son durak;380.912;271.663;729
14130;Ataköy Mezarlık;380.952;271.647;729
14131;Ataköy Mezarlık;380.952;271.645;729
14152;Kürnek Mevki;3.807.321.273.838.620;2.721.702.885.964.640;792
14153;Kürnek Mevki;3.807.334.573.933.860;27.217.054.861.529;792
14154;Çakaltepe Giriş;38.071.398;27.214.180;792
14155;Çakaltepe Giriş;38.071.479;27.214.178;792
14157;Palamutarası Yolu;38.127.878;27.240.307;792
14158;Palamutarası Yolu;38.127.827;27.240.475;792
14159;Palamutarası Meydan;38.089.686;27.227.322;792
14160;Palamutarası Meydan;38.089.939;27.227.460;792
14161;Gölova Yol Ayrımı;38.076.922;27.219.618;792
14162;Gölova Yol Ayrımı;38.077.207;27.220.108;792
14163;Çakaltepe Meydan;38.070.925;27.211.743;792
14164;Seralar;38.078.639;27.228.840;792
14165;Seralar;38.078.684;27.228.080;792
14166;Gölova;38.033.547;27.242.874;792
14167;Gölova;38.033.705;27.242.860;792
14169;Gölova Son Durak;38.032.190;27.242.184;792
14170;Hanımeli;38.090.462;27.226.213;792
14171;Hanımeli;38.090.405;27.226.161;792
14172;Serköy Çiftlik Evleri;3.807.978.462.870.040;2.724.571.806.784.960;792
14173;Serköy Çiftlik Evleri Giriş;3.807.952.663.595.470;2.724.404.405.728.760;792
14174;Nohut Gölü;38.092.369;27.224.092;792
14175;Nohut Gölü;38.092.103;27.224.068;792
14176;Şehit Uzman Çavuş Harun Şenözüar;38.074.274;27.236.932;792
14177;Şehit Uzman Çavuş Harun Şenözüar;38.073.905;27.237.333;792
14206;Masal Konutları;38.241.993;27.258.547;712
14210;Şehit Üstğm İsmail Cazgır;38.227.496;27.264.218;712
14211;Şehit Üstğm İsmail Cazgır;38.227.551;27.264.388;712
14212;Şehit Polis Cemil Koç;38.224.771;27.262.068;712
14213;Ecir Sitesi;38.230.457;27.263.524;712
14214;Ecir Sitesi;38.230.558;27.263.541;712
14215;Şehit Polis Cemil Koç;38.224.806;27.262.239;712
14216;Başakkent Sitesi;3.823.899.985.450.370;2.726.090.019.926.970;712
14217;Başakkent Sitesi;3.823.899.985.463.780;2.726.080.019.925.160;712
14218;Huzurkent Sitesi;382.366;272.613;712
14219;Huzurkent Sitesi;3.823.674.183.842.140;2.726.111.719.409.620;712
14228;Dicle;3.823.186.075.712.110;2.729.322.619.863.640;712
14229;Dicle;3.823.178.575.678.520;2.729.304.219.837.850;712
14230;Gülistan;3.822.924.073.897.370;2.729.142.719.248.060;712
14231;Gülistan;3.822.918.973.891.550;2.729.119.319.221.080;712
14232;Ayrancılar TOKİ;3.822.741.172.219.520;2.729.292.918.999.160;712
14233;Ayrancılar TOKİ;3.822.736.672.224.710;2.729.265.818.968.740;712
14264;İstiklal;382.995;271.812;705-728
14265;İstiklal;382.993;271.812;705-728
14266;Hürriyet;382.977;271.829;705-728
14267;Hürriyet;382.977;271.827;705-728
14268;Çamlar;382.956;271.863;705-728
14269;Çamlar;382.957;271.861;705-728
14270;Sarnıç Gölet;38.292.402;27.187.643;705-728
14271;Sarnıç Gölet;38.292.419;27.187.442;705-728
14272;Sarnıç Yol Ayrımı;382.803;271.978;705-728
14273;Sarnıç Yol Ayrımı;382.804;271.977;705-728
14274;Sarnıç Yeşil;382.941;271.867;705-728
14275;Sarnıç Yeşil;382.942;271.866;705-728
14300;Eylül;381.715;273.508;712-713-719-721-724-727-763-770-780-781-782-784-785-786-795-798
14301;Eylül;381.714;273.510;712-713-719-721-724-727-763-770-780-781-782-784-785-786-795-798
14308;Koruluk 2;381.547;273.522;701-715-722
14309;Koruluk 2;38.155.411;27.351.672;701-715-722
14310;Öğretmenler Sitesi;38.154.622;27.350.390;701-722
14311;Öğretmenler Sitesi;38.154.674;27.350.523;701-722
14312;Torbalı Ticaret Odası 80.Yıl İlkokulu;3.815.160.898.191.210;2.735.043.742.896.670;701-722
14313;Torbalı Ticaret Odası 80.Yıl İlkokulu;3.815.168.053.419.750;2.735.026.299.609.290;701-722
14320;Torbalı Konutlar;3.814.983.232.421.160;2.735.094.809.632.240;701-714-722
14321;Torbalı Konutlar;38.149.596;27.351.050;701-714-722
14322;Şehit Uzman Çavuş Harun Şenözüar Mesleki ve Teknik Anadolu Lisesi;3.815.047.237.600.130;27.358.400.449.163;701-722
14323;Şehit Uzman Çavuş Harun Şenözüar Mesleki ve Teknik Anadolu Lisesi;3.815.027.476.435.130;2.735.827.404.634.360;701-722
14324;Torbalı Stad;381.501;273.538;701-714-722
14325;Torbalı Stad;38.149.962;27.353.841;701-714-722
14326;Çiçek;3.832.897.035.686.310;2.713.879.450.327.150;828
14327;Çiçek;3.832.882.335.639.320;2.713.864.750.359.710;828
14328;Kalp Damar Hastanesi;383.320;271.379;828
14329;Kalp Damar Hastanesi;38.331.757;271.378;828
14333;Şehit Jandarma Uzman Çavuş Süleyman Güneri;3.837.956.546.292.560;2.711.372.657.469.010;588
14334;Hacı Bayram Cami;3.832.668.435.014.880;2.713.933.950.019.540;828
14335;Hacı Bayram Cami;3.832.685.935.064.330;2.713.917.550.078.040;828
14336;Dede;383.806;271.161;588
14337;Dede;383.807;271.163;588
14366;Canlı Merkez;381.912;275.557;788
14367;Canlı Merkez;381.912;275.556;788
14368;Filiz;38.188.360;27.556.440;788
14369;Filiz;381.885;275.563;788
14370;Orta;3.818.178.477.207.210;2.755.917.594.830.830;788
14371;Orta;3.818.164.276.947.470;2.755.932.694.959.840;788
14372;Yeşilova Mezarlık;3.817.810.702.806.250;2.756.105.538.928.140;788
14373;Yeşilova Mezarlık;3.817.809.870.703.360;2.756.100.097.201.850;788
14374;Konak;381.709;275.614;788
14375;Konak;381.708;275.614;788
14376;Yeşilova Son Durak;381.675;275.616;788
14377;Yeşilova Gönül;38.174.370;27.561.478;788
14378;Yeşilova Gönül;38.174.327;27.561.639;788
14384;Gaziemir Belediyesi;383.235;271.298;891
14385;Gaziemir Belediyesi;3.832.310.033.834.930;2.713.020.052.266.630;891
14390;Atalan;38.109.080;27.468.630;780
14391;Atalan;38.109.060;27.468.570;780
14392;Kurtuluş;38.108.220;27.469.540;780
14393;Kurtuluş;38.108.190;27.469.490;780
14394;Çiftlik;38.107.890;27.471.050;780
14395;Çiftlik;38.107.790;27.471.040;780
14396;Yol Ayrımı;380.960;27.483.470;780
14397;Yol Ayrımı;38.096.010;27.483.420;780
14399;Göllüce Cami;38.093.810;27.483.060;780
14400;Bülbüldere Çıkış;38.104.836.718.185;2.749.955.305.853.150;780
14401;Bülbüldere Çıkış;3.810.481.764.485.410;2.749.951.069.984.910;780
14402;Kahve;3.810.342.598.975.420;2.749.991.449.627.810;780
14403;Kahve;3.810.340.761.974.750;2.749.985.069.956.820;780
14404;Bülbüldere Son Durak;38.102.110;27.500.430;780
14406;Köprü;381.011;27.484.610;780
14407;Köprü;381.011;27.484.720;780
14414;Zeytinlik;382.413;274.660;785
14415;Zeytinlik;382.413;274.659;785
14416;Dere;38.240.545.701.230;2.746.811.442.473.460;785
14417;Dere;3.824.050.770.072.910;2.746.825.842.515.140;785
14418;Mezarlık;382.422;274.704;785
14419;Mezarlık;382.421;274.704;785
14420;Orman;382.458;274.737;785
14421;Orman;382.457;274.737;785
14422;Yol Ayrımı;38.246.214;27.476.099;785
14423;Yol Ayrımı;38.245.716;27.475.939;785
14440;Arı Deresi;38.143.616;27.070.908;776
14441;Arı Deresi;38.143.508;27.070.527;776
14442;Gümüldür Taşocağı;381.092;270.396;776
14443;Gümüldür Taşocağı;381.090;270.392;776
14444;Bulanık Su;38.147.577;27.075.389;776
14445;Bulanık Su;381.471;270.749;776
14446;Zafer;381.368;271.532;775
14447;Zafer;381.366;271.532;775
14500;Moda;38.376.040;27.074.481;17-24-25-202-510-650-671-690-873-977
14501;Moda;3.837.690.041.942.640;2.707.310.073.933.240;17-24-25-202-510-650-671-690-873-977
14601;Fuar İzmir;383.477;271.222;92-610
14602;Fuar İzmir;3.834.761.880.115.910;2.712.292.595.858.710;92-610-650
14603;Aktepe Meşe;38.35;271.243;92-610
14604;Aktepe Meşe;383.499;271.244;92-610
14623;Tire Kavşağı;38.173.217;27.717.334;697-795-806-865
14624;Tire Kavşağı;38.173.203;27.717.693;697-795-806-865
14625;Genceroğlu Parkı;382.176;276.519;795-865
14626;Genceroğlu Parkı;382.177;276.518;795
14629;Bayındır Yağcı;3.820.748.119.964.510;2.766.508.426.549.090;697-795-806-865
14631;Bayındır Meslek Yüksek Okulu;3.820.272.510.824.070;2.767.299.134.565.360;697-795-806-865
14632;Bayındır Meslek Yüksek Okulu;3.820.309.911.567.580;2.767.270.134.083.280;697-795-806-865
14633;Yusuflu;38.196.012;27.688.271;697-795-806-865
14634;Yusuflu;3.819.641.605.347.580;2.768.760.163.741.260;697-795-806-865
14635;Yakacık;38.194.891;27.692.683;697-795-806-865
14636;Yakacık;3.819.511.212.833.560;2.769.270.931.575.370;697-795-806-865
14637;Yakacık Papatya;3.818.749.879.880.820;2.770.470.165.449.070;697-795-806-865
14638;Yakacık Papatya;38.187.632.801.780;2.770.489.665.425.330;697-795-806-865
14639;Buruncuk;3.817.543.053.179.280;2.771.273.181.966.910;697-795-806-865
14640;Buruncuk;38.177.066;27.711.951;697-795-806-865
14641;Zeytinova;38.170.890;27.722.181;697-795-806
14642;Zeytinova;38.171.269;27.722.029;697-795-806
14643;Bayındır Meşe;38.164.085;27.728.623;697-795-806
14644;Bayındır Meşe;38.164.026;27.729.105;697-795-806
14645;Bayındır Leylak;38.162.805;27.733.564;697-795-806
14646;Bayındır Leylak;381.630;277.334;697-795-806
14647;Pınarlı;381.619;277.387;697-795-806
14648;Pınarlı;381.619;277.391;697-795-806
14649;Pınarlı Cami;38.160.997;27.742.476;697-795-806
14650;Pınarlı Cami;38.160.920;27.742.296;697-795-806
14651;Zeybek;3.816.020.053.126.530;2.774.568.315.308.880;697-795-806
14652;Zeybek;38.160.325.983.647;2.774.573.098.965.530;697-795-806
14653;Kasımpatı;3.815.809.811.404.940;2.775.470.227.539.510;697-795-806
14654;Kasımpatı;38.158.474.993.678;2.775.484.504.353.480;697-795-806
14655;Frezya;3.815.408.300.875.730;2.777.004.943.149.830;697-795-806
14656;Frezya;3.815.428.901.396.190;2.777.009.942.954.310;697-795-806
14657;Bayraktepe;381.541;277.761;697-795-806
14658;Bayraktepe;3.815.429.380.142.720;2.777.639.285.966.540;697-795-806
14659;Derebaşı;3.815.449.101.585.560;2.778.479.953.698.740;697-795-806
14660;Derebaşı;3.815.477.202.311.760;2.778.493.853.467.510;697-795-806
14661;Derebaşı Zeytin;3.815.489.302.570.690;27.791.861.585.344;697-795-806
14662;Derebaşı Zeytin;3.815.498.602.817.140;2.779.109.557.842.330;697-795-806
14663;Doyranlı;3.816.857.001.275.610;2.782.287.640.523.140;697-795-806
14664;Doyranlı;38.168.784;27.822.819;697-795-806
14665;Gökçen;38.170.907;27.859.010;697-795-806
14666;Gökçen;3.817.124.765.966.380;2.785.885.674.500.720;697-795-806
14667;İlkkurşun;38.172.959;27.866.336;697-795-806
14668;İlkkurşun;3.817.353.610.805.370;2.786.693.567.631.830;697-795-806
14669;Şirinköy;3.818.076.881.915.080;2.787.494.715.518.410;697-795-806
14670;Şirinköy;38.180.814;27.874.824;697-795-806
14671;Yeniköy Cami;381.944;278.895;697-795-806
14672;Yeniköy Cami;381.947;278.897;697-795-806
14673;Yeniköy Şehit Cengiz Topel İlkokulu;3.819.769.934.795.590;2.789.310.263.795.980;697-795-806
14674;Yeniköy Şehit Cengiz Topel İlkokulu;3.819.799.935.717.840;2.789.330.263.377.960;697-795-806
14675;Demircili Yol Ayrımı;382.062;279.052;697-795-806
14676;Demircili Yol Ayrımı;38.206.305;27.905.069;697-795-806
14677;Demircili ;38.216.155;27.918.073;697-795-806
14678;Demircili ;38.216.249;27.917.940;697-795-806
14679;Demircili Trafo;382.189;279.273;697-795-806
14680;Demircili Trafo;38.219.010;27.927.357;697-795-806
14681;Ödemiş Giriş;3.822.303.433.008.350;2.795.263.048.685.190;697-795-806
14682;Ödemiş Giriş;38.223.153;27.952.202;697-795-806
14683;Ömür;38.223.980;27.957.895;697-795-806
14684;Ömür;38.223.963;27.957.414;697-795-806
14685;Ödemiş Çeşme;38.225.261;27.959.669;697-795-806
14686;Ödemiş Çeşme;382.255;279.597;697-795-806
14687;Cumhuriyet Ortaokulu;382.266;279.629;697-795-806
14688;Cumhuriyet Ortaokulu;382.267;279.629;697-795-806
14689;Prof.Dr.Muzaffer Kula Anadolu Lisesi;3.822.726.754.207.020;2.796.579.833.892.570;697-795-806
14690;Prof.Dr.Muzaffer Kula Anadolu Lisesi;3.822.740.053.036.270;2.796.580.246.252.250;697-795-806
14691;Ekin Pazarı;382.277;279.687;697-795-806
14692;Ekin Pazarı;382.277;279.683;697-795-806
14693;Ödemiş Hükümet Konağı;38.228.149;27.974.298;697-795-806
14694;Ödemiş Hükümet Konağı;382.283;279.741;697-795-806
14695;Ödemiş Belediye;382.281;279.764;697-795-806
14696;Ödemiş Belediye;382.282;279.766;697-795-806
14697;Muzaffer Gönen Parkı;382.249;279.762;609-611-616-618-621-795-796-803
14698;Muzaffer Gönen Parkı;382.250;279.763;609-611-616-618-621-795-796-803
14699;Kurtuluş;38.221.886;27.973.467;609-611-616-618-621-795-796-803
14700;Kurtuluş;382.218;279.735;609-611-616-618-621-795-796-803
14704;Ödemiş Yeni Garaj;3.821.636.924.110.130;2.797.601.676.508.380;795-796-803
14705;Tokatbaşı Meydan;3.816.655.041.613.770;2.761.936.833.484.310;793
14706;Tokatbaşı Giriş;3.816.878.545.859.020;2.761.997.132.538.310;793
14707;Tokatbaşı Giriş;3.816.858.645.488.560;27.619.859.325.909;793
14708;Tokatbaşı Mezarlık;3.817.149.006.068.160;2.762.057.731.750.160;793
14709;Tokatbaşı Mezarlık;3.817.173.398.628.460;2.762.053.012.141.130;793
14710;Tokatbaşı Arıtma;3.817.779.462.652.250;2.762.143.497.650.310;793
14711;Tokatbaşı Arıtma;3.817.781.907.975.710;27.621.754.275.801;793
14712;Tokatbaşı Çiftlik;3.818.244.071.635.680;2.762.468.126.610.280;793
14713;Tokatbaşı Çiftlik;38.182.468.158.878;2.762.462.265.612.990;793
14714;Tokatbaşı Köşe;3.819.320.617.920.210;2.762.478.558.461.450;793
14715;Tokatbaşı Köşe;3.819.330.237.173.010;2.762.469.818.759.870;793
14716;Şehit Jandarma Er Önder Turgay;3.819.754.609.940.420;2.762.516.287.145.150;793
14717;Şehit Jandarma Er Önder Turgay;3.819.779.445.962.550;2.762.504.945.950.120;793
14718;Şehit Yüzbaşı Halil Özdemir;3.820.308.955.085.560;2.762.528.881.734.570;793
14719;Şehit Yüzbaşı Halil Özdemir;3.820.309.165.214.830;2.762.515.482.616.630;793
14720;Tokatbaşı Yol Ayrımı;3.820.839.920.339.330;2.762.525.108.407.620;793
14721;Demircili Giriş;38.214.032;27.915.470;697-795-806
14722;Demircili Giriş;38.213.824;27.915.044;697-795-806
14723;Demircili Çiftlik;38.209.609;27.909.865;697-795-806
14724;Demircili Çiftlik;38.209.854;27.909.990;697-795-806
14725;Demircili Çıkış;38.221.549;27.941.320;697-795-806
14726;Demircili Çıkış;38.221.787;27.941.571;697-795-806
14915;Kurucuova Benzinlik;3.816.992.382.417.420;2.809.630.316.879.520;609-611-616-697-796-803-806
14916;Kurucuova Benzinlik;3.817.000.261.608.140;2.809.664.991.523.220;609-611-616-697-796-803-806
14918;Kaymakçı Giriş;3.816.814.004.445.050;2.810.400.032.632.690;609-611-616-697-796-803-806
14919;Kaymakçı Giriş;3.816.804.961.930.820;2.810.400.824.734.340;609-611-616-697-796-803-806
14920;Hasan Çavuş;38.094.295;28.211.830;697-796-801
14921;Hasan Çavuş;38.094.166;28.211.766;697-796-801
14922;Beydağ Değirmen;3.810.044.074.109.980;28.206.396.980.166;697-796-801
14923;Kızılcahavlu Çıkış;38.137.365;28.154.632;697-796-801
14924;Kızılcahavlu Çıkış;38.137.476;28.154.870;697-796-801
14925;Ödemiş Garaj;38.228.018;27.978.592;609-611-616-618-621-697-796-803-806
14926;Ödemiş Garaj;38.228.132;27.978.571;609-611-616-618-621-697-796-803-806
14927;Beşgöz;3.822.786.762.858.340;2.798.114.953.377.630;609-611-616-618-621-697-796-803-806
14928;Beşgöz;382.279;279.821;609-611-616-618-621-697-796-803-806
14935;Ocaklı;382.221;280.052;609-611-616-618-621-697-796-803-806
14936;Ocaklı;382.219;280.055;609-611-616-618-621-697-796-803-806
14937;Büyükavulcuk;382.173;280.118;609-611-616-618-621-697-796-803-806
14938;Büyükavulcuk;382.173;280.120;609-611-616-618-621-697-796-803-806
14939;Yolüstü Benzinlik;3.821.232.375.330.430;2.801.880.516.327.670;609-611-616-618-621-697-796-803-806
14940;Yolüstü Benzinlik;3.821.145.532.931.710;28.022.627.162.399;611-796-803
14942;Yolüstü Kahveler;3.821.038.128.993.260;2.802.560.845.082.220;611-796-803
14944;Yolüstü Meydan;38.210.699;28.027.878;611-796-803
14946;Yolüstü Seralar;3.820.770.625.852.260;2.803.264.531.853.850;611-796-803
14947;Gerçekli;3.820.463.381.650.570;2.803.560.936.451.340;609-611-616-618-621-697-796-803-806
14948;Gerçekli;3.820.460.617.149.390;2.803.611.441.838.260;609-611-616-618-621-697-796-803-806
14949;Gereli;381.985;280.453;609-611-616-618-621-697-796-803-806
14950;Gereli;3.819.850.001.067.740;2.804.550.363.537.930;609-611-616-618-621-697-796-803-806
14951;Türkönü;3.819.152.781.283.710;28.054.703.878.155;609-611-616-618-621-697-796-803-806
14952;Türkönü;38.191.599.816.477;2.805.490.387.778.730;609-611-616-618-621-697-796-803-806
14953;Ertuğrulköy;3.818.202.320.398.520;2.806.329.546.302.730;609-611-616-621-697-796-803-806
14954;Ertuğrulköy;3.818.269.953.943.290;2.806.360.417.193.940;609-611-616-621-697-796-803-806
14955;Yel Aldı;3.817.899.943.401.840;2.806.970.431.595.780;609-611-616-621-697-796-803-806
14956;Yel Aldı;3.817.934.744.583.460;2.806.949.330.523.060;609-611-616-621-697-796-803-806
14957;Kurucaova;3.817.606.637.630.910;2.807.998.247.629.860;609-611-616-697-796-803-806
14958;Kurucaova;3.817.609.937.968.390;2.808.040.447.889.750;609-611-616-697-796-803-806
14959;Kurucaova Tarla;3.817.289.929.396.480;2.808.740.462.215.050;609-611-616-697-796-803-806
14960;Kurucaova Tarla;3.817.289.929.598.210;2.808.780.462.551.720;609-611-616-697-796-803-806
14961;Kaymakçı Üçyol;3.816.776.819.543.980;2.810.695.592.932.750;609-611-616-697-796-803-806
14962;Kaymakçı Üçyol;381.679;281.078;609-611-616-697-796-803-806
14963;Kaymakçı Zafer;38.166.499.167.494;2.811.120.500.185.230;609-611-616-697-796-803-806
14964;Kaymakçı Zafer;381.665;281.115;609-611-616-697-796-803-806
14965;Hasan Çavuş;3.816.514.014.339.250;28.116.928.090.661;609-611-616-697-796-803-806
14966;Hasan Çavuş;3.816.524.914.714.120;2.811.681.608.660.480;609-611-616-697-796-803-806
14967;Kaymakçı Sanayi;3.816.509.915.314.250;2.811.910.511.128.720;609-611-616-697-796-803-806
14968;Kaymakçı Sanayi;38.165.139;28.119.539;609-611-616-697-796-803-806
14969;Kaymakçı Köprü;3.816.438.513.786.690;2.812.162.415.403.130;609-611-616-697-796-803-806
14970;Kaymakçı Köprü;38.164.517;28.121.517;609-611-616-697-796-803-806
14971;Ödemiş Cezaevi;3.816.214.608.745.670;2.812.914.128.588.380;609-611-697-796-803-806
14972;Ödemiş Cezaevi;3.816.219.909.099.870;2.812.940.528.678.250;609-611-697-796-803-806
14973;Çaylı Aydın;38.151.960;28.138.807;697-796-801
14974;Çaylı Aydın;38.152.096;28.138.953;697-796-801
14975;Çaylı Koşuyolu;38.148.567;28.141.074;697-796-801
14976;Çaylı Koşuyolu;38.148.484;28.141.465;697-796-801
14977;Alaşarlı;38.143.175;28.146.884;611-697-796-801
14978;Alaşarlı;38.143.426;28.146.797;611-697-796-801
14979;Kızılcahavlu;38.139.893;28.150.991;697-796-801
14980;Kızılcahavlu;3.814.007.142.577.220;28.151.065.087.153;611-697-796-801
14981;Yeşilköy;38.129.415;28.162.827;697-796-801
14982;Yeşilköy;381.294;281.631;697-796-801
14983;Yeşil Ova;38.123.902;28.168.067;697-796-801
14984;Yeşil Ova;381.241;281.682;697-796-801
14985;Sarıkaya;38.115.414;28.176.791;697-796-801
14986;Sarıkaya;38.115.561;28.176.852;697-796-801
14987;Bahar;3.810.971.908.821.950;2.818.452.942.013.280;697-796-801
14988;Bahar;3.810.991.509.714.860;2.818.453.441.425.950;697-796-801
14989;Nar Ağacı;3.810.568.786.788.060;2.819.257.428.462.410;697-796-801
14990;Nar Ağacı;38.105.870.942.270;2.819.256.263.665.580;697-796-801
14991;Çiftlikköy;38.103.355;28.201.629;697-796-801
14992;Çiftlikköy;381.033;282.021;697-796-801
14993;Menderes Üçyol;38.097.047;28.210.078;697-796-801
14994;Menderes Üçyol;38.097.030;28.210.253;697-796-801
14995;Beydağ Giriş;3.809.154.077.164.590;28.211.657.882.951;697-796-801
14996;Beydağ Giriş;38.091.664;28.211.831;697-796-801
14997;Beydağ Yağmur;38.089.412;28.210.690;697-796-801
14998;Beydağ Yağmur;38.089.474;28.210.794;697-796-801
14999;Beydağ Köşe;38.087.853;28.210.006;697-796-801
15000;Beydağ Köşe;3.808.847.718.822.020;2.821.039.340.637.510;697-796-801
15001;Beydağ Değirmen;38.100.895;28.205.575;697-796-801
15002;Beydağ Hükümet Konağı;3.808.714.818.354.830;2.821.202.187.914.820;697
15003;Sarıtaş;3.817.754.682.905.760;2.807.519.047.036.570;609-611-616-697-796-803-806
15004;Sarıtaş;3.817.772.882.994.330;2.807.537.908.156.670;609-611-616-621-697-796-803-806
15005;Kültürpark Kavşak;38.227.768;27.997.404;609-611-616-618-621-697-796-803-806
15006;Kültürpark Kavşak;38.227.694;27.997.729;609-611-616-618-621-697-796-803-806
15119;Ödemiş Sanayi;38.176.553.450.654;2.816.162.043.054.880;609-801-803-806
15120;Ödemiş Sanayi;3.817.560.897.047.130;2.816.046.792.062.220;609-801-803-806
15121;Yağlar Çıkış;3.819.341.575.545.110;2.818.733.682.487.410;801-803-806
15122;Yağlar Çıkış;3.819.367.276.320.050;2.818.695.781.365.510;801-803-806
15123;Medeniyet;3.816.090.913.278.420;28.134.629.743.649;609-801-803-806
15124;Medeniyet;3.816.124.707.823.820;28.134.270.358.798;609-801-803-806
15125;Çaylı Yem Sokak;3.816.093.637.031.740;2.814.239.996.298.120;609-801-803-806
15126;Çaylı Yem Sokak;3.816.109.911.622.430;2.814.240.543.824.480;609-801-803-806
15127;Orhangazi;3.816.389.727.492.170;2.815.010.942.657.990;609-801-803-806
15128;Orhangazi;3.816.279.422.059.530;2.814.858.444.533.910;609-801-803-806
15129;Köfündere;3.818.472.828.295.310;2.817.258.698.438.220;801-803-806
15130;Köfündere;3.818.411.324.574.550;2.817.094.599.026.920;609-801-803-806
15131;Yağlar;3.819.572.593.540.620;28.197.679.829.004;801-803-806
15132;Yağlar;3.819.787.749.782.050;2.819.902.598.471.480;801-803-806
15133;Bahçe;3.820.476.234.655.210;2.820.139.355.789.750;801-803-806
15134;Bahçe;3.820.484.534.897.080;2.820.127.155.426.720;801-803-806
15135;Arkacılar;3.820.739.282.918.650;2.820.223.523.944.410;801-803-806
15136;Arkacılar;3.820.740.146.238.320;2.820.200.447.448.280;801-803-806
15137;Arkacılar Bulut;3.821.117.263.630.710;28.203.840.361.388;801-803-806
15138;Arkacılar Bulut;3.821.091.131.428.610;2.820.338.234.671.260;801-803-806
15139;Kiraz Giriş;3.821.912.700.041.680;2.820.740.411.781.450;801-803-806
15140;Kiraz Giriş;38.219.181;28.207.022;801-803-806
15141;Kiraz İlçe Tarım  Müdürlüğü;3.822.225.111.109.130;28.205.444.000.048;801-803-806
15142;Kiraz İlçe Tarım  Müdürlüğü;3.822.098.106.247.510;2.820.584.904.538.260;801-803-806
15143;Atatürk İlkokulu;3.822.473.320.160.230;2.820.422.290.890.530;801-803-806
15144;Atatürk İlkokulu;3.822.505.821.184.430;2.820.390.089.599.670;801-803-806
15145;Kiraz Yeni Mahalle Cami;3.822.730.229.320.670;2.820.280.381.388.110;801-803-806
15146;Kiraz Yeni Mahalle Cami;382.271;282.028;801-803-806
15147;Kiraz Son Durak;3.823.030.240.788.460;2.820.200.370.828.730;803-806
15148;Doyranlı Fidanlık;3.816.090.518.369.460;2.780.559.099.360.260;697-795-806
15149;Doyranlı Fidanlık;3.816.076.817.490.280;2.780.582.076.074.670;697-795-806
15150;Doyranlı Lale Bahçesi;3.816.530.429.996.390;2.781.451.176.394.750;697-795-806
15151;Doyranlı Lale Bahçesi;3.816.513.929.041.850;2.781.477.153.177.840;697-795-806
15152;Buruncuk Kirazlar;3.818.433.373.227.120;2.770.777.732.113.650;697-795-806-865
15153;Buruncuk Kirazlar;3.818.379.711.288.620;2.770.778.308.453.860;697-795-806-865
15154;Bayındır Tariş;3.821.912.741.624.310;2.765.856.027.714.240;679-790
15155;Bayındır Tariş;3.821.927.202.643.750;2.765.875.151.772.420;679-790
15156;Aslanlar Yol Ayrımı;3.817.446.895.527.980;2.740.939.272.829.940;697-795-806
15157;Aslanlar  Yol Ayrımı;3.817.409.654.996.940;2.740.981.649.653.180;697-795-806
15210;Yeniçiftlik Nar;38.121.963;27.508.736;798
15211;Yeniçiftlik Nar;38.121.826;27.509.027;798
15212;Yeniçiftlik Tavuk Çiftliği;38.120.939;27.515.389;798
15213;Yeniçiftlik Tavuk Çiftliği;38.120.808;27.515.087;798
15214;Yeniçiftlik Ekin;3.811.935.279.016.150;2.752.499.988.536.840;798
15215;Yeniçiftlik Ekin;38.119.351;27.524.306;798
15220;Işıklar Kantar;38.127.445;27.559.520;798
15221;Işıklar Kantar;38.127.351;27.559.974;798
15222;Tire Çiftlik;3.812.889.359.446.090;2.764.687.007.910.950;798
15223;Tire Çiftlik;3.812.872.621.236.470;2.764.711.261.845.820;798
15224;Eski Minare;38.118.321;27.531.480;798
15225;Eski Minare;38.118.457;27.531.563;798
15226;Işıklar;381.216;275.431;798
15227;Işıklar;381.213;275.427;798
15228;Yenioba;381.292;275.809;798
15229;Yenioba;3.812.904.985.045.710;2.758.055.367.437.520;798
15230;Eskioba;3.812.999.776.873.650;2.759.090.131.427.940;798
15231;Eskioba;3.812.979.776.602.060;27.590.501.312.118;798
15232;Tokatbaşı;381.313;276.101;798
15233;Tokatbaşı;381.312;276.095;798
15234;Mahmutlar;38.130.018;27.625.779;798
15235;Mahmutlar;3.812.951.165.977.640;2.762.708.557.107.450;798
15236;Turgutlu;3.812.816.861.808.070;2.763.729.279.564.850;798
15237;Turgutlu;381.280;276.366;798
15238;Akkoyunlu;381.286;276.546;798
15239;Akkoyunlu;3.812.849.757.017.510;2.765.410.177.530.180;798
15240;Selvili;381.314;276.683;798
15241;Selvili;38.131.369;27.667.830;798
15242;Karateke;381.306;276.748;798
15243;Karateke;381.305;276.740;798
15244;Karateke Orkide;381.293;276.811;798
15245;Karateke Orkide;381.293;276.806;798
15246;Tire Organize 1;38.121.076;27.699.036;798
15247;Tire Organize 1;381.215;276.990;798
15248;Tire Organize 2;38.117.830;27.703.939;798
15249;Tire Organize 2;38.118.026;27.704.166;798
15250;Ödemiş Kavşağı;38.105.825;27.713.568;774-798
15251;Ödemiş Kavşağı;38.105.652;277.133;774-798
15252;Maltepe;38.101.579;27.717.244;774-798
15253;Maltepe;38.101.504;27.716.984;774-798
15254;Tire Hastanesi;3.809.980.405.636.790;2.771.994.781.083.720;774-798
15255;Tire Hastane;3.809.965.131.071.920;2.771.984.919.059.970;774-798
15256;Tire Toplu Konutlar;3.809.860.037.408.580;2.772.183.329.832.110;743-774-798
15257;Tire Toplu Konutlar;38.097.777.664.523;2.772.232.054.074.980;743-774-798
15258;Tire Anadolu İmam Hatip Lisesi;380.963;277.261;743-774-798
15259;Tire Anadolu İmam Hatip Lisesi;38.096.403;27.725.197;743-774-798
15260;Tire Park;380.944;277.283;743-774-798
15261;Tire Park;38.094.854;27.727.481;743-774-798
15262;Tire İstasyon;38.091.492;27.730.439;743-774-798
15263;Tire İstasyon;3.809.313.017.836.410;2.772.903.218.502.660;743-774-798
15264;Tire Meydan;38.090.020;27.732.245;743-774-798
15265;Tire Meydan;380.892;277.316;743-774-798
15266;Tire Stadı;38.090.737;27.734.890;743-774-798
15267;Tire Stadı;380.905;277.348;743-774-798
15268;Tire Sanatkarlar;380.917;277.380;743-774-798
15269;Tire Sanatkarlar;380.917;277.383;743-774-798
15270;Tire Zümrüt;380.926;277.409;743-774-798
15271;Tire Zümrüt;38.092.873;27.741.973;743-774-798
15272;Tire Terminal;380.936;277.431;743-774-798
15273;Tire Terminal;38.093.491;27.743.901;743-774-798
15275;Tire Terminal İçi;38.094.288;27.743.501;743-798
15425;Gölcükler Bahçe;38.264.893;27.166.943;707
15426;Gölcükler Bahçe;38.265.064;27.166.885;707
15427;Yeni Mahalle Altyol;3.827.286.113.650.630;2.717.854.433.132.060;697-707-806-858
15428;Yeni Mahalle Altyol;38.272.991;27.178.634;707
15429;Ormancı Altyol;38.274.803.143.239;2.718.120.033.229.920;697-707-806-858
15430;Ormancı Altyol;38.274.971;27.181.404;707
15431;Kısıkköy Altyol;3.827.711.414.917.530;2.718.772.532.827.050;697-707-806-858
15432;Kısıkköy Altyol;38.277.244;27.187.941;707
15435;Fulya;3.816.939.307.474.780;2.734.470.012.503.540;714-715-724-727-770-780-781-782-798
15436;Çaybaşı Fabrikalar;38.125.254.389.171;2.739.423.814.416.580;727-770-780-781-798-858
15437;Çaybaşı Fabrikalar;3.812.575.839.648.970;2.739.374.748.178.030;727-770-780-781-798-858
15438;Kızıloba Ilıca Giriş;38.247.335.072.485;2.768.693.296.811.660;679-790
15439;Kızıloba Ilıca Giriş;3.824.713.553.890.350;2.768.692.528.860.260;679-790
15440;Dağkızılca Yol Ayrımı;3.831.258.807.555.940;2.738.810.248.627.080;784
15441;Dağkızılca  Yol Ayrımı;3.831.244.342.433.780;2.738.791.109.774.390;784
15448;Uzundere Mezarlığı;3.835.663.340.615.150;27.097.574.647.347;873
15449;Uzundere Mezarlığı;3.835.646.640.583.970;2.709.757.664.732.310;873
15450;Nasrettin Hoca Parkı;3.835.819.240.852.090;2.709.672.465.056.110;873
15451;Nasrettin Hoca Parkı;3.835.803.940.818.310;2.709.663.565.088.090;873
15453;Limontepe Merkez Cami;3.838.274.845.733.370;27.103.245.612.459;520
15454;Doğancılar Mezarlık;3.830.191.829.416.660;2.734.317.016.413.350;784
15455;Doğancılar Mezarlık;38.301.820.293.545;2.734.341.016.422.180;784
15456;Elifli Sera;3.819.521.097.519.530;2.758.783.101.139.860;697-727-787-788-793-795-806-858
15457;Elifli Sera;3.819.545.097.955.480;2.758.757.400.888.980;697-727-787-788-793-795-806-858
15458;Ahmetli Zeytinlik;3.808.169.999.213.350;2.736.173.669.523.260;783
15459;Ahmetli Zeytinlik;3.808.182.999.461.940;2.736.158.469.537.410;783
15460;Köfündere Çiftlik;3.818.956.051.746.770;2.817.723.986.935.750;801-803-806
15461;Köfündere Çiftlik;3.818.965.651.876.870;2.817.688.186.349.210;801-803-806
15462;Tekeli Beton Santrali;3.818.387.061.899.910;2.719.972.491.803.610;701
15463;Tekeli Beton Santrali;3.818.399.061.936.170;2.719.985.991.897.360;701
15466;Karakızlar Dört Yol;3.827.382.208.290.160;2.743.022.825.167.820;786
15467;Karakızlar Dört Yol;3.827.375.808.200.760;2.742.983.425.166.130;786
15468;Yakacık Çiftlik;3.819.022.985.692.180;2.770.017.060.271.410;697-795-806-865
15469;Yakacık Çiftlik;3.819.017.185.583.240;2.770.074.060.638.030;697-795-806-865
15470;Beydağ Hükümet Konağı;3.808.698.312.175.610;2.821.197.447.450.840;697
15471;Beydağ Denizli Yolu;3.808.759.716.749.030;2.821.707.652.500.720;697-796
15472;Beydağ Denizli Yolu;38.087.272;28.216.847;697-796
15473;Beydağ Stadı;3.808.903.724.364.860;2.821.914.350.768.690;697-796
15476;Beşevler;38.129.857.453.489;2.715.474.537.182.080;775
15477;Beşevler;3.812.952.345.263.730;2.715.449.036.759.940;775
15478;Ödemiş Devlet Hastanesi;3.823.161.878.611.630;2.798.816.048.422.410;611-616-618-796-803
15479;Ödemiş Devlet Hastanesi;3.823.176.478.951.810;2.798.796.047.978.810;611-616-618-796-803
15480;Şehit Polis Gökhan Kirazlı;3.823.012.471.582.250;2.798.410.649.763.270;611-616-618-796-803
15481;Şehit Polis Gökhan Kirazlı;3.823.012.971.460.720;2.798.386.749.626.190;611-616-618-796-803
15482;Atatürk Kültür Merkezi;3.841.513.379.495.730;2.712.585.269.907.040;10-152-233-284-417-508-887
15484;Ödemiş Son Durak;38.216.098.234.006;2.797.630.077.280.960;609-611-616-618-621
15485;Ödemiş Nikah Sarayı;3.823.058.478.316.690;27.993.183.534.674;611-616-618-796-803
15486;Ödemiş Nikah Sarayı;3.823.068.278.712.180;2.799.332.853.313.620;611-616-618-796-803
15487;Örentepe Yolu;38.190.032.964.752;2.751.433.072.616.470;697-727-795-806-858
15488;Örentepe Yolu;3.818.984.196.134.190;2.751.469.572.817.590;697-727-795-806-858
15489;Kırbaş Üçyol;3.811.793.107.881.090;2.744.537.039.028.530;780
15490;Kırbaş Meydan;3.811.795.907.154.640;2.744.723.340.113.890;780
15491;Naime Çiftlik;3.809.267.576.408.650;2.743.310.621.405.510;781
15492;Naime Çiftlik;3.809.252.176.226.690;2.743.301.621.270.670;781
15493;Karakuyu Çiftlik;3.825.432.987.381.220;2.739.484.628.026.980;786
15494;Karakuyu Çiftlik;3.825.452.787.585.230;2.739.477.627.980.040;786
15495;Narlık;3.805.782.328.947.970;2.742.469.194.063.680;783
15496;Narlık;3.805.764.128.667.610;2.742.469.793.934.410;783
15497;Belevi Çiftlik;3.805.395.820.975.780;27.427.971.937.494;783
15498;Belevi Çiftlik;3.805.376.120.704.290;2.742.792.193.562.730;783
15499;Belevi İstasyon;3.803.038.580.455.080;2.743.307.078.855.590;783
15500;Belevi İstasyon;3.803.063.281.051.460;2.743.279.178.826.410;743-783
15501;Kozpınar;38.024.397.402.247;2.744.091.079.433.530;743-783
15502;Kozpınar;3.802.428.864.662.310;2.744.115.280.747.750;743-783
15503;Belevi Depolar;3.802.139.958.181.150;2.744.344.280.288.230;743-783
15504;Belevi Depolar;3.802.124.858.035.250;2.744.330.180.021.220;743-783
15505;Lavanta;3.819.860.017.099.370;2.701.947.810.525.130;829
15506;Lavanta;3.819.853.117.048.140;2.701.962.910.431.660;829
15507;Halide Edib Adıvar;3.818.411.960.512.990;2.720.509.792.481.570;701
15508;Halide Edib Adıvar;3.818.407.660.571.860;27.204.796.924.236;701
15509;Ömer Seyfettin;3.818.703.462.132.980;27.205.947.944.666;701
15510;Ömer Seyfettin;3.818.726.362.298.380;2.720.587.794.607.540;701
15511;Peyami Safa ;3.818.937.162.969.740;2.720.832.296.161.950;701
15512;Peyami Safa ;3.818.925.462.992.140;2.720.796.696.057.410;701
15513;Reşat Nuri Güntekin ;3.819.343.265.139.360;2.720.991.298.775.940;701
15514;Reşat Nuri Güntekin ;3.819.356.865.297.140;2.720.964.198.835.650;701
15515;Ahmet Hamdi Tanpınar;3.819.661.567.891.250;2.720.705.300.448.140;701
15516;Ahmet Hamdi Tanpınar;3.819.638.467.794.550;2.720.686.500.299.560;701
15517;Sait Faik Abasıyanık ;3.820.042.170.714.520;2.720.522.002.533.680;701
15518;Sait Faik Abasıyanık ;3.820.022.070.612.760;2.720.513.002.413.910;701
15519;Sabahattin Ali;3.820.048.871.602.290;27.201.775.023.836;701
15520;Sabahattin Ali;3.820.019.071.381.930;2.720.193.402.219.640;701
15521;Kemal Tahir;3.819.726.769.730.370;2.720.141.100.470.850;701
15522;Kemal Tahir;3.819.726.869.677.110;2.720.162.300.484.260;701
15523;Rıfat Ilgaz;3.819.442.168.740.910;2.719.851.998.558.510;701
15524;Rıfat Ilgaz;3.819.441.568.675.760;2.719.875.498.569.910;701
15525;Orhan Kemal ;3.819.242.667.520.270;2.719.853.797.310.690;701
15526;Orhan Kemal ;3.819.245.467.474.190;2.719.877.497.344.790;701
15527;Tarık Buğra;3.819.077.165.342.170;2.720.284.496.584.040;701
15528;Tarık Buğra;38.190.875.653.439;2.720.307.896.667.870;701
15529;Yusuf Atılgan ;3.818.766.837.025.690;2.720.352.329.850.370;701
15530;Yusuf Atılgan ;3.818.783.463.284.970;2.720.363.094.775.810;701
15531;Konak;3.841.666.654.793.940;2.712.692.544.808.620;285-374
15532;Konak;38.416.361.548.199;2.712.736.444.701.570;72-105
15533;Ayrancılar Toki Giriş;3.823.031.974.250.580;2.729.489.919.704.380;712
15534;Ayrancılar Toki Giriş;3.823.043.548.709.830;2.729.481.639.438.630;712
15535;Fesleğen;3.825.736.910.958.780;2.714.124.033.292.190;707-729-775-776-789-792-794-799-804-808-829
15536;Fesleğen;3.825.750.210.965.560;2.714.160.533.294.220;707-729-775-776-789-792-794-799-804-808-829
15537;Yeniçiftlik Benzinlik;3.812.004.691.584.340;27.494.566.690.419;727-798-858
15538;Yeniçiftlik Benzinlik;38.119.823.913.567;27.494.216.687.965;727-798-858
15539;Pamukyazı Ova;3.810.750.508.710.360;2.740.971.314.392.080;770
15540;Pamukyazı Ova;3.810.753.208.880.250;27.409.424.142.402;770
15541;Havuzbaşı Zeytinlik;3.817.874.287.134.690;2.747.192.858.017.450;697-795-806
15542;Arslanlar Trafo;3.816.961.886.460.330;2.742.172.538.531.090;782
15543;Arslanlar Trafo;38.169.419.861.923;2.742.178.038.529.440;782
15544;Harmanlılar;3.816.751.084.183.260;2.742.015.937.683.730;782
15545;Harmanlılar;3.816.747.784.114.090;27.420.261.377.185;782
15546;Karakuyu Zeytinlik;3.826.064.693.759.170;2.739.927.727.009.130;786
15547;Karakuyu Zeytinlik;38.260.520.936.307;2.739.925.327.037.710;786
15548;Korucuk Yol Ayrımı;382.642.059.740;2.740.348.626.424.520;786
15549;Korucuk Yol Ayrımı;3.826.399.697.184.160;2.740.321.226.460.260;786
15550;Karakızlar Zeytinlik;38.269.401.031.027;27.419.052.259.866;786
15551;Karakızlar Çiftlik Evleri;3.827.019.204.169.870;2.742.547.326.177.780;786
15552;Karakızlar Zeytinlik;3.826.947.003.166.590;2.741.876.725.943.340;786
15553;Karakızlar Çiftlik Evleri;3.827.014.104.117.280;2.742.552.926.200.060;786
15554;Karakızlar Arılık;3.827.591.810.755.640;2.743.377.024.573.490;786
15555;Karakızlar Arılık;38.275.870.107.094;2.743.386.624.598.880;786
15556;Karakızlar Çiftlik;38.277.519.126.597;2.743.637.224.079.110;786
15557;Karakızlar Çiftlik;3.827.743.612.568.360;2.743.635.624.112.650;786
15558;Subaşı Ova;3.810.943.129.383.750;2.744.117.134.184.430;780
15559;Subaşı Ova;3.810.939.797.151.480;2.744.125.533.721.850;780
15560;Yıldırım Beyazıt;3.837.098.945.303.360;2.712.099.355.577.760;828
15561;Yıldırım Beyazıt;38.370.832.452.718;2.712.101.255.584.590;828
15562;Menderes SGK;3.824.444.545.996.540;2.713.476.886.960.420;508-707-799-804-814
15563;Menderes SGK;3.824.454.906.874.890;2.713.452.528.433.080;508-707-799-804-808-814
15564;Menderes Son Durak;3.824.147.725.206.660;2.713.595.877.239.350;508-707-799-808-814
15567;Arıtma;3.803.805.345.597.330;2.706.607.272.697.150;775-778
15568;Arıtma;3.803.851.545.987.120;2.706.579.173.554.070;775-778
15571;Bayındır Yağcı;3.820.704.819.155.980;2.766.604.527.378.310;697-795-806-865
15572;Menderes Düğün Salonu;3.824.195.705.796.160;2.713.489.927.101.070;799-804
15573;Menderes Düğün Salonu;3.824.185.805.798.850;2.713.463.627.081.880;508-799-804-808-814
15574;Ormancı;3.813.585.588.553.760;2.705.708.834.873.640;776
15575;Ormancı;3.813.601.148.957.820;2.705.484.813.307.330;776
15576;Pirenlik Çayır;3.830.193.427.371.270;27.133.650.481.702;353
15577;Pirenlik Çayır;3.830.179.027.325.390;2.713.364.448.143.060;353
15578;Pirenlik Orman;3.830.058.227.025.720;2.713.115.448.490.670;353
15579;Pirenlik Orman;3.830.060.627.029.580;2.713.125.948.470.640;353
15580;Pirenlik Tepe;38.302.066.275.442;2.712.962.449.166.430;353
15581;Pirenlik Tepe;3.830.213.034.901.920;2.712.972.490.666.250;353
15582;Pirenlik Depo;38.302.968.277.083;2.713.341.948.428.140;353
15583;Pirenlik Depo;3.830.303.333.685.470;2.713.357.580.852.070;353
15584;Gümüldür Stat;3.808.550.092.726.370;2.701.389.354.161.680;778
15585;Dirmil Yol Ayrımı;3.824.328.574.987.880;2.741.423.432.618.810;785
15586;Dirmil Yol Ayrımı;3.824.333.575.052.910;2.741.400.832.576.040;785
15587;Karakızlar Yol Ayrımı;38.285.845.217.849;2.743.797.020.541.680;786
15588;Karakızlar Yol Ayrımı;3.828.589.521.834.850;2.743.792.920.517.510;786
15589;Karaot Orman;3.828.954.826.018.810;2.744.062.418.915.380;786
15590;Karaot Orman;38.289.800.262.796;2.744.053.218.793.240;786
15591;Karaot Giriş;3.829.234.828.980.530;2.744.031.117.567.370;786
15592;Karaot Giriş;3.829.219.828.813.280;2.744.024.517.638.420;786
15593;Saipler Çiftlik;3.826.404.197.338.450;2.737.438.824.627.190;784
15594;Saipler Çiftlik;3.826.432.474.900.650;2.737.419.301.401.520;784
15595;Bozköy Köşe;3.828.146.513.398.350;2.737.028.520.703.640;784
15596;Bozköy Köşe;3.828.146.613.391.980;2.737.004.620.702.990;784
15597;Çakırbeyli Viraj;3.828.445.216.134.320;2.737.163.719.932.260;784
15598;Çakırbeyli Viraj;3.828.441.616.099.570;2.737.157.619.942.110;784
15604;Tünel İşletme Şefliği;38.399.032.041.911;2.713.916.488.561.340;200-234-417-515-539
15605;Halkapınar 2;3.843.538.566.718.310;27.168.116.205.035;140
15606;Halkapınar 2;3.843.535.366.685.410;2.716.800.320.565.980;125
15607;Torbalı OSB;3.809.014.024.192.590;2.733.468.161.166.240;783
15608;Pancar Prefabrik;3.820.879.165.508.550;2.725.220.509.992.360;701-709-712
15609;Pancar Prefabrik;3.820.906.965.620.740;2.725.262.210.140.320;701-709-712
15610;Pancar Zeytin;3.820.582.363.830.940;2.725.006.008.570.270;701-709-712
15611;Pancar Zeytin;3.820.560.363.753.240;2.724.969.508.442.820;701-709-712
15612;Sosyal Konutlar;3.830.543.056.776.040;2.713.747.595.801.490;353
15613;Şehit Uzman Çavuş Muhammed Mustafa Ak;3.837.412.443.512.670;2.709.527.965.142.250;124
15614;Şehit Uzman Çavuş Muhammed Mustafa Ak;3.837.428.943.557.370;2.709.547.465.055.390;124
15615;Ali Fuat Erden Mahallesi;3.837.116.843.015.160;2.709.518.165.344.640;124
15621;Albay Mustafa Mümin Aksoy;3.843.287.664.443.080;2.716.037.124.887.540;539
15622;Meslek Fabrikası;3.843.531.365.531.430;27.163.008.227.861;515-539
15623;İlkkent;3.836.301.141.451.840;2.709.285.566.480.690;193-873
15624;Ali Fuat Erden;3.837.264.443.303.260;27.095.669.650.769;124
15625;Serköy Çiftlik Evleri Giriş;3.807.932.827.227.310;2.724.370.110.675.190;792
15626;Şehit Mustafa Yaman Anadolu İmam Hatip Lisesi;3.832.051.433.065.860;2.712.069.954.644.480;491
15627;Irmak Mahallesi Park;3.832.270.833.653.770;2.711.956.255.255.490;491
15628;Irmak Mahallesi Park;3.832.263.133.632.250;2.711.935.355.306.260;491
15629;Gazi Umurbey Okul;3.832.648.234.642.780;2.711.868.655.956.540;491
15630;Gazi Umurbey Okul;3.832.631.034.596.680;2.711.858.055.969.010;491
15631;Zihni Dağlı;3.824.491.575.822.740;2.744.693.437.206.110;785
15632;Zihni Dağlı;3.824.471.075.580.370;2.744.686.037.258.540;785
15633;Ormanköy Giriş;3.824.780.179.196.170;2.745.390.537.378.920;785
15634;Ormanköy Giriş;38.247.786.791.776;2.745.402.837.403.920;785
15635;Gıda Sanayi;3.799.632.637.944.990;2.741.705.429.029.590;743-770
15636;Gıda Sanayi;3.799.641.037.664.360;2.741.755.029.619.410;743-770
15637;ÇİKOOP;3.821.225.427.422.020;2.762.531.405.459.750;727-787-788-791-793-795-858
15638;ÇİKOOP;3.821.216.827.269.750;27.625.492.055.991;727-787-788-791-793-795-858
15639;Bayındır Zeytin;3.821.510.532.630.060;2.762.524.003.194.190;727-787-788-791-793-795-858
15640;Bayındır Zeytin;3.821.534.733.064.180;2.762.506.302.933.130;727-787-788-791-793-795-858
15641;Bayındır Gül;3.821.710.036.598.340;27.632.025.042.638;727-787-788-791-793-795-858
15642;Bayındır Gül;3.821.737.137.123.480;2.763.251.204.232.090;727-787-788-791-793-795-858
15643;Karakuyu Cami;3.813.200.312.284.880;2.723.575.657.719.090;692
15644;Karakuyu Okul;3.813.405.914.135.470;2.723.524.359.401.350;692
15645;Karakuyu Okul;3.813.395.614.075.040;2.723.519.259.296.770;692
15646;Karakuyu Bahçe;3.813.729.916.592.470;2.723.550.062.290.290;692
15647;Karakuyu Bahçe;3.813.724.916.608.090;2.723.536.562.211.940;692
15648;Karakuyu Mezarlık;3.814.174.915.042.660;2.723.677.625.117.610;692
15649;Karakuyu Mezarlık;3.814.171.419.602.880;2.723.665.866.317.570;692
15650;Karakuyu Yolu Silo;3.815.999.935.723.820;2.723.083.979.339.560;692
15651;Karakuyu Yolu Silo;38.160.342.875.084;2.723.070.945.407.640;692
15652;Karakuyu Yolu Tarım;38.177.139.479.546;2.723.172.291.219.740;692
15653;Karakuyu Yolu Tarım;3.817.696.847.817.870;2.723.176.891.118.150;692
15654;Karakuyu Yolu Sanayi;3.818.244.194.077.430;2.722.753.435.653.170;692
15655;Karakuyu Yolu Sanayi;3.818.231.152.897.820;2.722.738.493.850.280;692
15656;Karakuyu Yolu Lojman;3.818.505.454.306.280;2.722.918.195.736.310;692
15657;Karakuyu Yolu Lojman;3.818.517.235.469.020;2.722.912.350.369.140;692
15658;Karakuyu Yolu Köprü;3.819.135.183.890.910;2.723.152.791.360.770;692
15659;Karakuyu Yolu Köprü;3.819.121.557.992.020;27.231.444.995.396;692
15660;Kılıç;38.372.825.443.575;2.710.699.960.688.950;124
15661;Kılıç;3.837.253.344.265.470;2.710.658.860.867.450;124
15662;Limontepe;3.837.328.043.557.510;2.709.733.464.390.060;517
15663;Merkez Cami;3.814.896.079.070.620;2.736.380.111.186.760;714-715-727
15664;Merkez Cami;3.814.874.578.811.970;2.736.384.011.113.980;714-715-727
15665;Torbalı Diş Hastanesi;38.145.708.746.495;2.736.578.110.610.350;714-715-727
15666;Torbalı Diş Hastanesi;3.814.539.574.265.630;2.736.584.610.504.610;714-715-727
15667;İmam Hatip 2;3.814.385.945.287.260;2.736.542.819.371.170;714
15668;İmam Hatip 2;3.814.369.972.583.170;2.736.508.309.478.730;714
15669;Torbalı Altgeçit;3.814.227.272.043.170;2.736.205.707.639.960;714
15670;Torbalı Altgeçit;3.814.232.872.224.790;27.361.737.075.372;714
15671;Lodos;38.144.176.748.974;2.736.019.507.754.530;714
15672;Lodos;3.814.405.674.836.480;2.735.998.607.619.080;714
15673;Güneybatı;3.814.496.376.907.340;2.735.709.706.901.910;714
15674;Güneybatı;3.814.536.077.460.350;2.735.680.306.967.280;714
15675;İbrahim Kesici;3.814.913.181.644.530;2.735.693.908.672.420;714
15676;İbrahim Kesici;3.814.932.981.929.250;2.735.675.708.689.330;714
15677;Uygar;3.815.071.186.449.080;2.734.812.006.142.560;714
15678;Uygar;3.815.057.586.345.230;2.734.799.206.035.940;714
15679;Siteler;3.815.394.989.897.110;2.734.832.907.632.120;714
15680;Siteler;3.815.391.889.923.730;2.734.815.007.556.570;714
15681;Koruluk;3.815.589.790.760.330;2.735.210.309.753.550;714
15682;Koruluk;3.815.606.891.040.370;2.735.181.909.724.710;714
15683;Değirmendere Seralar;3.811.636.236.398.250;2.715.684.921.798.260;775
15684;Değirmendere Seralar;3.811.656.936.666.650;2.715.654.021.983.170;775
15685;Saipler Çıkış;3.826.807.601.161.310;2.736.902.623.627.050;784
15686;Saipler Çıkış;3.826.822.701.300.690;2.736.905.623.599.350;784
15687;Taştepe Caddesi;3.821.947.250.352.270;2.739.639.232.731.930;763
15688;Taştepe Caddesi;3.821.963.407.549.250;2.739.626.267.052.590;763
15689;Cumhuriyet İlkokulu;3.815.788.993.448.830;2.735.050.410.008.250;715
15690;Cumhuriyet İlkokulu;3.815.788.093.500.320;2.735.031.509.940.750;715
15691;Hacı Nurşen Hüsnü Ay Cami;3.816.117.397.514.360;2.734.885.610.751.570;715
15692;Hacı Nurşen Hüsnü Ay Cami;3.816.118.397.572.620;2.734.870.510.706.190;715
15693;Çınar Evleri;3.816.444.501.040.790;2.734.876.011.956.680;715
15694;Çınar Evleri;3.816.444.001.087.360;2.734.859.011.901.110;715
15696;Şehit Çavuş Haydar Arda Erertingi Ortaokulu;3.814.933.476.998.410;2.737.107.214.129.740;715
15697;Şehit Çavuş Haydar Arda Erertingi Ortaokulu;3.814.940.454.227.280;27.370.974.282.373;715
15698;Çakabey Anaokulu;38.150.090.772.239;27.372.991.151.589;715
15699;Çakabey Anaokulu;3.815.019.277.327.860;2.737.303.515.213.840;715
15700;Meşe;3.815.263.180.138.510;2.737.311.416.132.650;715
15701;Meşe;3.815.267.480.225.210;2.737.300.316.105.880;715
15702;Zeytin;3.815.544.483.545.280;2.737.265.416.946.310;715
15703;Zeytin;3.815.535.583.465.530;2.737.258.316.889.390;715
15704;Torbalı Spor Salonu;3.815.672.885.789.930;2.737.026.416.510.830;715
15705;Torbalı Spor Salonu;3.815.682.085.928.480;2.737.016.016.504.690;715
15706;Tarla;3.816.042.889.938.630;2.737.049.817.829.910;715
15707;Tarla;3.816.050.990.070.020;27.370.371.178.114;715
15708;Yıldırım Beyazıt Cami;3.816.492.195.247.970;2.736.976.718.982.380;715
15709;Yıldırım Beyazıt Cami;3.816.493.795.291.160;2.736.968.218.958.530;715
15710;Tren Yolu Geçidi;3.816.788.898.662.290;2.736.949.219.763.960;715
15711;Tren Yolu Geçidi;3.816.798.298.779.660;2.736.945.019.777.130;715
15712;Mezarlık;3.817.098.601.788.580;2.737.069.621.010.870;715
15713;Mezarlık;3.817.067.938.232.330;2.737.033.358.332.070;715
15714;Torbalı Kabristan ;3.817.365.004.847.720;2.737.037.121.601.540;715
15715;Torbalı Kabristan ;3.817.337.504.549.190;2.737.034.421.523.150;715
15716;Beton Santrali;3.817.571.508.823.460;2.736.401.720.199.240;697-714-715-795-806
15717;Beton Santrali;3.817.565.608.989.060;2.736.315.519.927.060;697-714-715-795-806
15718;Torbalı Sanayi Sitesi;3.818.356.639.441.250;2.735.421.938.922.910;715
15719;Torbalı Sanayi Sitesi;3.818.356.039.278.280;2.735.452.339.080.550;715
15720;Torbalı Fatih Cami;3.818.320.018.273.060;2.735.851.620.518.080;715
15721;Torbalı Fatih Cami;3.818.331.818.414.260;27.358.450.205.286;715
15722;Şehit Binbaşı Ercan Ortaokulu;3.821.372.796.733.130;2.712.328.811.397.370;794
15723;Küner Yolu;3.821.141.095.002.910;2.712.675.409.578.340;794
15724;Küner Yolu;3.821.152.695.040.890;2.712.679.809.656.070;794
15725;Küner Küme Evler;3.821.080.893.921.360;27.130.375.089.592;794
15726;Küner Küme Evler;3.821.094.394.031.230;2.713.014.509.064.440;794
15727;Pirentepe;3.821.031.692.748.880;2.713.455.508.411.430;794
15728;Pirentepe;3.821.043.992.881.140;2.713.421.208.511.670;794
15729;Küner Kavşak;3.820.967.191.664.490;2.713.802.507.817.950;794
15730;Küner Kavşak;3.820.981.570.754.580;2.713.797.947.886.890;794
15731;Özdere Mezarlığı;3.804.579.353.449.950;2.705.905.186.356.560;778
15732;Özdere Mezarlığı;3.804.581.553.552.330;2.705.890.286.362.810;778
15733;Ortaköy Merkez Cami;3.804.886.655.927.520;2.705.713.891.963.850;778
15734;Ortaköy Merkez Cami;3.804.875.855.896.710;2.705.711.591.745.690;778
15735;Ekin;3.805.288.260.241.130;2.705.275.298.815.740;778
15736;Ekin;3.805.272.060.203.930;2.705.270.698.489.690;778
15737;Tire Mezarlık;3.809.389.049.103.870;27.746.853.805.964;774
15738;Kır Düğün Salonu;3.809.348.146.829.890;2.775.091.084.926.980;774
15739;Tire Mezarlık;3.809.409.049.691.080;2.774.664.780.238.780;774
15740;Kır Düğün Salonu;3.809.380.147.772.570;27.750.586.843.534;774
15741;Tire Küçük Sanayi Sitesi;3.809.220.941.861.970;2.775.629.991.314.730;774
15742;Tire Küçük Sanayi Sitesi;3.809.241.142.308.820;2.775.662.091.472.930;774
15743;Tire Küçük Sanayi Sitesi-2;38.091.797.391.164;2.776.192.197.306.610;774
15744;Tire Küçük Sanayi Sitesi-2;3.809.213.239.715.350;27.762.984.980.997;774
15745;Urgancı;38.092.225.388.776;2.776.680.901.884.460;774
15746;Urgancı;38.092.390.393.472;2.776.673.501.668.480;774
15747;Boynuyoğun Yağ Fabrikası;3.809.271.638.585.010;2.777.266.107.388.340;774
15748;Boynuyoğun Yağ Fabrikası;3.809.286.834.610.630;2.777.281.066.441.040;774
15749;Hilal;3.809.312.138.549.820;2.777.688.011.312.890;774
15750;Hilal;3.809.326.438.930.230;2.777.693.211.236.320;774
15751;Çukuryer;3.809.354.038.861.640;2.778.005.014.156.040;774
15752;Boynuyoğun Dörtyol;3.809.381.938.688.730;2.778.366.517.580.470;774
15753;Boynuyoğun Dörtyol;38.093.937.171.157;2.778.384.725.757.530;774
15754;Boynuyoğun Pazaryeri;3.809.424.739.001.520;2.778.709.320.673.650;774
15755;Boynuyoğun Pazaryeri;3.809.437.539.398.860;2.778.693.820.393.030;774
15756;Işıklı Köyü Giriş;3.809.480.639.394.460;2.779.177.624.918.550;774
15757;Işıklı Köyü Giriş;3.809.498.339.918.210;2.779.167.224.638.720;774
15758;Işıklı Mezarlık;3.809.540.940.134.580;2.779.571.328.349.730;774
15759;Işıklı Mezarlık;3.809.549.940.488.310;2.779.530.127.838.170;774
15760;Öztürk;3.809.662.442.829.860;2.779.886.930.347.860;774
15761;Saka;3.809.817.746.434.680;2.780.242.932.372.070;774
15762;Öztürk;3.809.689.743.563.960;2.779.904.430.247.530;774
15763;Saka;3.809.821.446.620.980;2.780.206.531.963.450;774
15764;Benzinlik;3.809.958.149.512.410;27.806.708.352.340;774
15765;Benzinlik;3.809.962.749.778.280;2.780.607.534.543.190;774
15766;Kürdüllü Giriş;3.810.052.251.266.310;2.781.126.238.833.410;774
15767;Kürdüllü Giriş;3.810.055.351.469.770;2.781.070.038.229.990;774
15768;Konserve Fabrikası;3.810.199.954.553.120;2.781.619.142.186.040;774
15769;Konserve Fabrikası;3.810.239.455.600.730;2.781.668.942.244.770;774
15770;Kireli;3.810.711.868.077.720;2.782.362.643.746.790;774
15771;Kireli;3.810.695.267.687.950;2.782.305.843.377.660;774
15772;Kireli Giriş;3.810.913.273.074.820;2.782.926.246.925.810;774
15773;Kireli Giriş;3.810.921.073.374.980;2.782.877.246.346.750;774
15774;Gökkurt;3.811.022.175.441.710;2.783.509.551.356.470;774
15775;Gökkurt;3.811.037.375.905.060;2.783.497.751.050.630;774
15776;Eken;3.811.117.177.606.260;27.839.963.549.743;774
15777;Peşrefli;3.811.249.980.462.490;2.784.923.362.422.810;774
15778;Peşrefli;38.112.614.809.084;2.784.831.361.361.360;774
15779;Tire Gökçen Mezbaha;3.811.269.880.353.060;2.785.591.968.788.690;774
15780;Tire Gökçen Mezbaha;3.811.280.380.683.260;2.785.579.268.520.580;774
15781;Gökçen Mezarlık Yolu;3.811.323.881.200.520;2.786.423.576.330.950;774
15782;Gökçen Mezarlık Yolu;3.811.337.281.602.190;2.786.432.376.232.070;774
15783;Gökçen Anadolu Lisesi;3.811.335.181.169.090;2.786.860.580.540.120;774
15784;Zafer Meydanı;3.811.337.583.940.060;2.787.201.269.605.910;774
15785;Gökçen Anadolu Lisesi;3.811.428.865.777.250;2.787.010.439.655.490;774
15786;Ekin;3.811.524.686.755.390;2.787.177.180.998.770;774
15787;Ekin;3.811.525.786.797.390;2.787.165.880.870.610;774
15788;Gün;3.811.889.698.071.020;2.787.013.274.131.280;774
15789;Gün;3.811.889.098.060.450;2.786.999.874.009.150;774
15790;Park;3.812.169.506.682.220;2.786.885.568.851.860;774
15791;Park;3.812.155.306.254.240;27.868.761.689.668;774
15792;Gökçen Efe İlkokulu;3.812.486.116.358.480;2.786.741.462.887.650;774
15793;Düzyol;3.812.792.725.662.990;2.786.594.657.050.220;774
15794;Düzyol;3.812.798.925.853.780;2.786.578.356.808.230;774
15795;Bahar Yeli;3.813.066.733.920.040;2.786.465.851.862.260;774
15796;Bahar Yeli;38.130.671.339.340;2.786.452.851.737.210;774
15797;Kahratlı;3.813.324.241.629.460;2.786.365.447.178.780;774
15798;Kahratlı;3.813.320.041.504.980;2.786.351.647.115.530;774
15799;Meydan;3.813.544.248.183.410;27.863.449.437.609;774
15800;Stad;38.108.756.963.286;2.771.331.338.249.380;774
15801;Stad;3.810.873.996.333.080;2.771.314.038.107.290;774
15802;Gökçen Yol Ayrımı;3.811.214.604.381.360;2.771.427.936.715.350;774
15803;Gökçen Yol Ayrımı;3.811.220.404.587.680;2.771.402.436.450.670;774
15804;Kutsan;3.811.692.315.648.520;2.771.594.034.675.150;774
15805;Kutsan;3.811.712.816.179.030;2.771.580.834.409.830;774
15806;Toki Yol Ayrımı;3.812.679.139.479.340;2.771.640.027.506.060;774
15807;Toki Yol Ayrımı;3.812.686.639.679.860;27.716.298.273.638;774
15808;Sarı Zeybek;3.812.477.833.863.360;2.772.019.232.214.240;774
15809;Sarı Zeybek;3.812.494.634.283.280;27.720.134.320.326;774
15810;Tire Toki Şehit Mehmet Çağlar Bölük İlkokulu;3.812.505.933.142.690;2.772.745.838.015.370;774
15811;Tire Toki Şehit Mehmet Çağlar Bölük İlkokulu;3.812.517.833.450.080;2.772.738.037.851.970;774
15812;Toki Konutlar;3.812.397.130.165.490;2.772.901.040.213.390;774
15813;Toki Konutlar;3.812.409.430.356.190;2.772.959.940.604.940;774
15814;Hacı Saim Mutlu Cami;3.812.519.032.713.070;2.773.147.341.253.490;774
15815;Hacı Saim Mutlu Cami;3.812.547.133.419.510;2.773.141.240.964.870;774
15816;Toki Son Durak;3.812.715.637.708.180;2.773.070.738.949.920;774
15817;Çapak Meydan;3.823.157.067.906.370;2.735.267.025.522.310;719
15828;Eken;3.811.134.578.112.040;2.784.003.754.826.150;774
15829;Gökçen Efe İlkokulu;3.812.467.815.807.420;2.786.732.763.070.970;774
15830;Çukuryer;3.809.340.238.454.980;2.778.014.214.376.820;774
15832;Uygur;38.151.217;27.352.317;783
15833;Uygur;38.151.151;27.352.023;783
15834;Torba Kent;3.818.195.318.018.050;2.735.427.019.063.330;697-712-713-715-722-795-806-858
15835;Torba Kent;38.182.196;27.353.793;697-712-713-715-722-795-806-858
15836;Bahriye Üçok Mahallesi Köprü;38.379.611;27.103.447;517-587
15837;Ormanköy Çıkış;3.824.803.479.467.360;2.745.932.038.174.660;785
15838;Ormanköy Çıkış;3.824.799.779.422.280;2.745.922.338.172.280;785
15839;Gündoğdu;38.245.529;27.459.662;785
15840;Gündoğdu;38.245.321;27.459.611;785
15841;İmbat;38.242.392;27.463.005;785
15842;İmbat;38.242.250;27.463.137;785
15844;Soğuk Hava Deposu;3.819.337.330.055.370;2.735.343.721.491.220;719
15845;Payidar;3.819.868.235.209.830;2.735.470.922.775.180;719
15847;Gıda Fabrikası;3.820.321.267.677.830;2.735.077.500.360.360;719
15848;Gıda Fabrikası;3.820.308.540.443.490;2.735.071.722.666.760;719
15849;Depolar;3.820.675.945.241.540;2.734.452.622.055.790;719
15850;Depolar;3.820.676.145.220.090;2.734.465.222.079.580;719
15851;Gün kurusu;3.821.011.048.119.050;2.734.667.322.949.590;719
15852;Gün kurusu;3.821.007.348.098.970;27.346.582.229.282;719
15854;Beton Fabrikası;3.819.658.332.382.420;27.357.986.231.483;719
15855;Ela;3.814.867.177.024.110;27.368.763.129.776;715
15856;Ela;3.814.881.877.121.210;27.368.974.131.170;715
15857;Yakamoz;3.838.670.145.414.920;2.709.465.064.295.470;575
15858;Yakamoz;3.838.667.345.393.940;2.709.449.964.360.810;575
15859;Maliyeciler Park;3.838.503.399.276.180;2.709.474.678.277.640;575
15860;Cemal Süreya Parkı;38.388.335.457.552;27.095.513.637.486;575
15861;Siteler;3.838.732.745.611.490;2.709.557.063.844.710;575
15862;Siteler;3.838.758.045.566.820;2.709.484.164.115.870;575
15863;Cemal Süreya Parkı;3.838.822.445.796.390;2.709.601.763.553.730;575
15864;Şehit Mehmet Kıvık;3.805.004.915.098.230;2.705.529.187.703.720;778
15865;Şehit Mehmet Kıvık;38.049.882.444.149;2.705.569.766.381.440;778
15866;Torbalı Caddesi;38.160.841.933.797;2.736.090.314.645.420;714
15867;Torbalı Caddesi;3.816.073.993.302.170;2.736.078.914.570.720;714
15868;Naci Tuncel Caddesi;3.816.483.198.003.490;2.736.018.215.767.490;714
15869;Naci Tuncel Caddesi;3.816.472.097.895.020;2.736.013.715.715.870;714
15870;Ekinci;3.816.871.503.111.450;2.735.722.016.086.390;714
15871;Ekinci;3.816.866.903.006.610;2.735.741.016.131.030;714
15872;Turkuaz Sitesi;3.817.369.709.174.040;2.735.470.516.871.990;714
15873;Turkuaz Sitesi;3.817.361.309.048.340;2.735.483.616.885.260;714
15874;Karaçam;3.829.536.327.684.910;2.739.606.216.180.640;784
15875;Karaçam;3.829.525.405.514.880;2.739.602.024.257.340;784
15876;Yenitepe Erguvan;3.836.018.042.823.140;2.711.946.656.830.050;516-539-873
15877;Yenitepe Meydan;3.836.195.835.290.220;27.120.120.394.597;516-539-873
15878;Yenitepe Meydan;3.836.217.415.370.280;2.712.037.742.792.310;516-539-873
15879;Yenitepe Erguvan;3.836.036.742.877.290;2.711.963.356.763.320;516-539-873
15880;Yenitepe Giriş;3.835.879.142.452.590;27.118.630.571.763;516-539-873
15881;Yenitepe Giriş;3.835.842.459.746.520;2.711.834.409.317.950;516-539-873
15882;Mezarlık;3.822.607.762.675.280;2.735.253.125.333.390;719
15883;Çapak Girişi;3.822.922.365.692.560;2.735.248.725.443.510;719
15884;Çapak Girişi;38.229.346.658.116;2.735.247.325.445.290;719
15885;Mezarlık;3.822.599.762.588.150;2.735.261.125.340.950;719
15886;Komutan;3.822.047.357.076.050;2.735.383.725.212.950;719
15887;Doğalgaz Akım Tesisi;3.821.302.149.651.270;2.735.450.424.694.840;719
15888;Doğalgaz Akım Tesisi;3.821.295.149.594.050;2.735.443.024.674.540;719
15889;Komutan;3.822.038.156.973.620;2.735.392.625.220.620;719
15890;Şenyüz;3.820.972.646.647.290;2.735.294.324.042.180;719
15891;Şenyüz;3.820.978.946.690.910;2.735.305.224.070.120;719
15892;Cemal Parkı;3.820.867.193.287.030;2.734.416.878.509.070;719
15893;Cemal Parkı;3.820.848.546.957.160;2.734.432.522.290.310;719
15894;Ayrancılar Sağlık Ocağı;3.824.326.386.514.740;27.276.627.210.781;705-712
15898;Uzundere Kavşağı;38.358.100.415.808;27.108.205.608.925;516-539-873
15899;Uzundere Kavşağı;3.835.843.196.086.750;2.710.804.902.822.360;516-539-873
15900;Hilal;3.837.359.643.481.640;2.709.590.064.931.070;124
15901;Hilal;3.837.370.943.494.580;2.709.583.664.949.270;124
15903;İPOSB Mesleki ve Teknik A.L.;3.821.664.071.776.360;2.724.889.812.785.290;701
15904;İPOSB Mesleki ve Teknik A.L.;3.821.720.372.143.660;2.724.904.213.002.070;701
15905;Kuşçu;3.826.624.613.865.130;2.714.615.335.922.950;814
15906;Kuşçu;3.826.624.413.861.750;2.714.617.835.918.340;814
15907;Köşe;3.826.729.214.484.380;2.714.407.236.619.050;814
15908;Köşe;3.826.725.514.412.620;27.144.636.365.158;814
15909;Mimar Sinan;3.814.535.572.072.820;2.737.189.012.894.090;715
15910;Mimar Sinan;3.814.512.271.729.220;27.372.089.128.805;715
15911;Mimar Kemaleddin;3.814.253.568.066.240;2.737.380.912.530.180;715
15912;Mimar Kemaleddin;3.814.271.868.264.580;2.737.385.912.625.880;715
15913;Ege;3.815.631.992.100.260;2.734.942.609.005.120;714
15914;Ege;3.815.623.091.953.840;2.734.957.809.020.490;714
15915;Ertuğrul Mahallesi;3.815.555.087.051.040;27.362.239.131.890;714
15916;Ertuğrul Mahallesi;3.815.551.386.875.850;2.736.264.813.321.860;714
15917;Yeşil Bahçe;3.810.207.941.906.240;2.691.263.287.526.290;829-989
15918;Yeşil Bahçe;3.810.205.041.849.530;2.691.276.687.454.130;829-989
15919;Havalimanı;3.829.458.324.643.380;2.714.109.444.934.690;697-806-858
15921;Keresteciler Sitesi;38.288.544;27.143.275;697-806-858
15922;Keresteciler Sitesi;38.288.625;27.143.546;697-806-858
15923;Mobilyacılar;38.282.624;27.145.862;697-806-858
15924;Mobilyacılar;38.282.794;27.146.063;697-806-858
15925;Aydın;38.273.330;27.152.882;697-806-858
15926;Aydın;38.273.464;27.153.120;697-806-858
15927;Gölcükler Yol Ayrımı;38.266.438.117.966;2.716.739.232.884.050;697-806-858
15928;Gölcükler Yol Ayrımı;38.266.643;27.167.284;697-806-858
15929;Ödemiş Müzesi;38.228.211;27.988.946;609-621-697-806
15930;Ödemiş Müzesi;38.228.084;27.988.934;609-621-697-806
15931;Bayındır Giriş;38.214.757;27.656.643;697-806
15932;Bayındır Giriş;38.214.438;27.656.736;697-806
15933;İzsu;38.213.378;27.647.538;697-806
15934;İzsu;38.213.418;27.649.338;697-806
15935;Beydağ Terminal;38.086.161;28.210.750;801
15936;Kiraz Devlet Hastanesi;38.231.042;28.218.045;801
15937;Özkan;38.231.803;28.216.513;801
15938;Özkan;38.231.918;28.216.143;801
15939;Ziya Gökalp;38.231.587;28.212.094;801
15940;Ziya Gökalp;38.231.432;28.212.040;801
15941;Beyazıt;38.231.755;28.209.687;801
15942;Beyazıt;38.231.599;28.209.716;801
15943;Kiraz Hükümet Konağı;38.231.494;28.206.588;801
15944;Kiraz Hükümet Konağı;3.823.143.650.159.650;2.820.676.169.768.660;801
15945;Okul;3.823.096.845.378.810;2.820.389.269.686.510;801
15946;Okul;3.823.091.845.177.720;2.820.389.569.856.870;801
15947;Soğutma Fabrikası;38.281.152;27.203.060;697-705-707-806-858
15948;Çamlık;38.280.409;27.199.183;697-707-806-858
15949;Kısıkköy Sanayi Estim;3.827.919.015.499.620;2.719.380.332.391.010;697-806-858
15950;Kısıkköy Giriş Alt Yol;38.277.366;27.187.039;697-806-858
15951;Ormancı Alt Yol;38.275.020;27.180.829;697-806-858
15952;Yeni Mahalle Alt Yol;38.272.686;27.177.819;697-806-858
15953;Benzinlik;38.275.098;27.151.894;697-806-858
15954;Benzinlik;38.275.170;27.151.495;697-806-858
15955;Torbalı Devlet Hastanesi Kavşağı;3.817.697.612.707.250;2.735.452.217.779.730;712-714-722
15956;Torbalı Devlet Hastanesi Kavşağı;3.817.685.583.259.170;2.735.432.579.702.710;712-714-722
15957;Yol Üstü Benzinlik Anayol;38.212.480;28.018.775;609-616-618-621-697-796-803-806
15958;Pancar Tekstil;3.821.335.868.692.860;2.725.270.711.818.950;701
15959;Pancar Tekstil;3.821.319.068.585.690;2.725.264.111.750.330;701
15960;Orhan Veli Kanık;3.821.585.970.944.120;2.725.034.212.588.790;701
15961;Orhan Veli Kanık;3.821.569.770.850.770;2.725.023.412.521.390;701
15962;Cahit Sıtkı;3.821.354.869.777.440;2.724.801.011.551.110;701
15963;Cahit Sıtkı;3.821.337.469.647.260;2.724.804.711.485.880;701
15964;Fazıl Hüsnü Dağlarca;3.821.096.468.394.960;2.724.589.110.367.350;701
15965;Fazıl Hüsnü Dağlarca;3.821.096.268.358.730;2.724.605.710.378.880;701
15966;Haldun Taner;3.820.866.966.495.360;2.724.719.609.521.050;701
15967;Haldun Taner;3.820.875.366.532.220;2.724.730.209.564.730;701
15968;Kemal Tahir;3.821.040.667.169.680;27.249.843.104.460;701
15969;Kemal Tahir;3.821.023.467.118.180;2.724.950.410.349.710;701
15973;Kosova Mahallesi;3.841.265.058.255.740;2.715.052.735.918.820;33
15974;Kaleiçi;3.841.340.858.353.690;2.715.018.535.836.970;33
15975;Kaleiçi;3.841.344.958.383.770;2.715.030.235.776.030;33
15976;Kadifekale Son Durak;3.841.419.758.048.760;2.714.762.236.674.620;33
15977;Beydağ Yol Ayrımı;3.815.966.501.135.880;2.813.381.640.017.870;611-697-796-801
15978;Beydağ Yol Ayrımı;3.815.961.200.833.030;2.813.365.140.016.980;611-697-796-801
15980;Kuyucak Yolu;3.819.030.723.117.450;26.990.712.068.283;829
15981;Kuyucak Yolu;3.819.044.623.254.130;2.699.026.507.065.210;829
15982;Akkoyunlu Mezarlık;3.813.067.059.885.480;2.766.204.182.284.110;798
15983;Akkoyunlu Mezarlık;3.813.086.060.256.490;2.766.224.182.323.930;798
15984;Orhangazi Yolu;3.818.145.911.778.610;2.816.838.105.187.810;609-801-803-806
15985;Orhangazi Yolu;3.818.155.794.043.690;2.816.814.882.531.840;609-801-803-806
15986;Çileme Açelya;3.814.976.247.193.650;2.717.992.561.883.710;792
15987;Çileme Açelya;3.814.974.347.221.070;27.179.821.618.497;792
15988;Peşrefli Çiftlik;3.811.198.579.515.280;27.844.099.580.177;774
15989;Peşrefli Çiftlik;3.811.212.279.911.420;2.784.419.657.936.220;774
15990;Tire Fabrika;3.812.311.430.432.040;2.771.718.231.024.590;774
15991;Tire Fabrika;38.123.128.304.923;2.771.705.530.908.130;774
15992;Çaylı Çıkış;3.814.571.800.267.670;2.814.375.652.893.060;611-697-796-801
15993;Çaylı Çıkış;3.814.582.649.006.350;2.814.386.289.715.170;611-697-796-801
15994;Çırpı Pazar;38.167.774.656.890;2.749.733.570.120.210;788
15995;Çırpı Pazar;3.816.765.265.503.890;2.749.733.470.135.850;788
15996;Çam;3.816.708.665.300.190;2.749.440.968.868.440;788
15997;Çam;3.816.698.465.155.750;2.749.436.668.860.870;788
15998;Tarla;3.816.656.065.074.070;27.491.912.677.873;788
15999;Tarla;3.816.643.364.890.130;2.749.188.167.786.780;788
16000;Güzçiçek;3.816.620.965.034.770;2.748.979.166.856.070;788
16003;Bayır;3.818.746.268.455.470;2.805.813.000.757.210;609-611-616-618-621-697-796-803-806
16004;Bayır;3.818.753.268.824.580;2.805.835.400.747.460;609-611-616-618-621-697-796-803-806
16005;Değirmenönü;3.821.516.182.794.920;2.820.660.224.617.980;801-803-806
16006;Değirmenönü;3.821.520.082.729.180;2.820.635.624.323.630;801-803-806
16007;Saipler Kavşak;3.825.083.784.334.890;2.738.160.327.389.430;784
16008;Saipler Kavşak;3.825.071.984.220.770;2.738.153.727.400.930;784
16009;Maliyeciler Son Durak;3.838.418.144.767.470;2.709.212.965.597.760;575
16010;Maliyeciler Park;3.838.513.945.184.890;27.094.684.644.528;575
16011;Torbalı İZSU;3.816.576.697.219.260;2.736.630.018.081.020;715
16012;Torbalı İZSU;3.816.577.897.292.180;2.736.609.818.017.870;715
16013;Torbalı Tren Yolu;3.816.588.597.374.610;2.736.622.318.092.180;715
16014;Torbalı Tren Yolu;3.816.598.993.356.320;2.736.624.399.205.890;715
16015;Çınaraltı Evleri;3.807.879.964.862.230;2.724.070.103.363.520;792
16016;Çınaraltı Evleri;3.807.891.165.040.360;2.724.056.503.440.320;792
16017;Tepeli;3.824.379.488.784.240;27.260.816.209.520;712
16019;TOKİ Yolu;3.824.112.687.597.570;2.725.574.520.342.950;712
16020;TOKİ Yolu;3.824.112.487.570.370;2.725.594.320.344.060;712
16021;Ayrancılar Yeni TOKİ;3.823.949.986.663.910;2.725.444.019.950.630;712
16022;Ayrancılar Yeni TOKİ;3.823.941.386.555.790;2.725.480.719.934.050;712
16023;Ayrancılar Anadolu Lisesi;3.823.967.886.214.730;2.725.870.420.045.480;712
16024;Ayrancılar Anadolu Lisesi;3.823.952.686.124.320;2.725.859.520.009.190;712
16025;Şehit Öğretmen Ayhan Kökmen;38.121.102.545.637;2.817.095.291.667.750;697-796-801
16026;Şehit Öğretmen Ayhan Kökmen;3.812.121.654.945.360;2.817.065.190.980.590;697-796-801
16027;Süt Toplama Merkezi;3.819.967.290.078.560;2.762.547.013.197.560;793
16028;Süt Toplama Merkezi;3.819.976.704.335.540;2.762.525.914.860.190;793
16029;Mermer Fabrikası;3.817.404.501.436.350;27.384.872.263.045;697-795-806
16030;Mermer Fabrikası;3.817.423.401.746.640;2.738.452.026.229.350;697-795-806
16031;Kışla Mahallesi;3.819.586.693.778.530;2.804.918.172.787.020;609-611-616-618-621-697-796-803-806
16032;Kışla Mahallesi;3.819.566.192.862.840;2.804.882.873.055.030;609-611-616-618-621-697-796-803-806
16033;Oğlananası Bahçe;3.825.778.600.512.290;2.723.649.824.266.940;707
16034;Oğlananası Bahçe;38.257.928.005.977;27.236.507.242.938;707
16035;Bahçe;3.814.793.684.200.640;27.345.914.040.764;714
16036;Bahçe;3.814.787.084.200.210;2.734.571.303.972.290;714
16037;Demir;3.814.594.482.851.560;2.734.363.802.291.860;714
16038;Demir;3.814.585.182.703.590;2.734.376.802.294.330;714
16039;Narenciye;3.801.036.741.141.610;2.718.816.470.825.590;775
16040;Narenciye;3.801.084.941.725.660;2.718.792.771.595.620;775
16041;Cumhuriyet Sitesi;3.809.762.766.873.580;2.771.968.951.691.070;743
16042;Cumhuriyet Sitesi;3.809.750.766.671.420;27.719.364.514.647;743
16043;Tire Hemzemin Geçit;3.809.421.957.836.840;2.772.112.555.327.580;743
16044;Tire Hemzemin Geçit;3.809.414.957.737.070;2.772.088.255.140.520;743
16045;Lale Park;38.091.443.504.595;2.772.218.158.171.980;743
16046;Lale Park;3.809.154.750.810.830;2.772.191.557.845.350;743
16047;Turgut Özal Bulvarı;3.808.656.038.107.450;27.721.913.610.363;743
16048;Turgut Özal Bulvarı;3.808.659.138.093.610;2.772.218.161.283.330;743
16049;Tire Linyit;3.808.441.033.376.740;2.771.975.760.214.110;743
16050;Tire Linyit;3.808.453.733.691.650;2.771.978.360.162.810;743
16051;Yapı Market;3.808.368.434.428.710;2.771.177.952.668.040;743
16052;Yapı Market;3.808.380.634.715.950;2.771.183.552.654.280;743
16053;Topalak;3.808.409.238.332.770;2.770.399.544.717.670;743
16054;Topalak;3.808.423.149.763.980;2.770.384.241.181.140;743
16055;Yuvalı;3.808.548.643.947.840;2.769.818.738.279.760;743
16056;Yuvalı;3.808.553.544.138.810;2.769.799.838.069.980;743
16057;Tire Fabrika;3.808.313.241.864.390;2.768.851.930.004.160;743
16058;Tire Fabrika;3.808.322.441.923.780;2.768.894.230.374.110;743
16059;Tarihi Çavuş Çeşmesi;3.807.492.133.402.150;2.766.165.006.853.120;743
16060;Tarihi Çavuş Çeşmesi;3.807.495.481.731.870;2.766.136.889.219.270;743
16061;Çayırlı;3.807.355.341.931.130;2.765.314.112.119.090;743
16062;Çayırlı;3.807.359.834.211.060;2.765.294.598.687.420;743
16063;Büyükkale Çıkış;3.804.398.923.474.780;2.755.423.400.615.450;743
16064;Büyükkale Çıkış;3.804.398.123.646.330;2.755.393.400.316.230;743
16065;Büyükkale Giriş;38.041.313;27.546.616;743
16066;Büyükkale Giriş;38.041.393;27.546.640;743
16067;Küçükkale;38.025.212.120.636;2.751.599.053.837.070;743
16068;Küçükkale;38.025.134.122.677;2.751.549.353.286.260;743
16069;Üzümler;3.802.066.507.117.520;2.751.076.345.726.410;743
16070;Üzümler;3.802.065.807.405.210;2.751.035.145.298.470;743
16071;Mehmetler;3.801.270.299.593.310;2.750.055.929.730.580;743
16072;Mehmetler;3.801.274.700.963.670;2.749.887.428.001.040;743
16073;Halkapınar;38.014.720.143.757;2.748.609.316.303.450;743
16074;Halkapınar;3.801.496.414.983.390;2.748.588.216.276.840;743
16075;Belevi Karayolları Şantiye;3.801.829.645.407.940;2.745.349.587.035.420;743
16076;Belevi Karayolları Şantiye;3.801.827.445.681.560;2.745.308.386.621.360;743
16077;Demokrasi Üniversitesi;38.348.291.386.680;2.709.065.296.626.520;977
16078;Veteriner İşleri Müdürlüğü;3.834.541.238.348.910;27.095.248.651.565;977
16079;Veteriner İşleri Müdürlüğü;3.834.552.338.380.280;27.095.489.650.796;977
16080;Uzundere Yol Ayrımı;3.834.747.838.929.210;2.709.928.363.866.410;977
16081;Uzundere Yol Ayrımı;3.834.726.638.884.370;2.709.923.263.874.020;977
16082;Trafo;3.835.081.539.710.680;2.710.158.863.186.860;977
16083;Trafo;3.835.041.939.631.370;2.710.159.663.172.330;977
16085;Ali Fuat Erden Son Durak;3.837.013.442.713.810;2.709.364.165.989.720;124
16086;Ali Fuat Erden Mahallesi;3.837.123.943.026.410;2.709.517.465.343.860;124
16087;Belevi İstasyon;38.030.216.801.799;2.743.307.578.711.460;743
16088;Saipler Zeytinlik;38.253.284.867.934;2.738.063.226.923.090;784
16089;Saipler Zeytinlik;3.825.346.186.973.470;2.738.047.826.881.690;784
16090;Saipler Tarla;3.825.618.689.668.290;2.737.978.126.377.830;784
16091;Saipler Tarla;3.825.627.389.757.220;2.737.965.126.353.030;784
16092;Saipler Yol Ayrımı;3.825.864.392.091.580;2.737.855.825.863.540;784
16093;Saipler Yol Ayrımı;3.825.869.192.141.550;27.378.418.258.453;784
16094;Saipler Yolu;3.826.167.795.038.320;2.737.750.325.244.830;784
16095;Saipler Yolu;3.826.174.695.107.010;2.737.735.925.223.250;784
16096;Elifli Meydan;3.820.030.406.798.850;2.757.969.194.754.040;793
16097;Çırpı Çiftlik;3.815.504.344.181.820;2.750.493.075.252.430;727-858
16098;Çırpı Çiftlik;3.815.474.843.807.720;2.750.458.275.103.270;727-858
16099;Payamlı Mezarlık;38.085.703.319.611;2.693.305.053.878.160;829-989
16100;Payamlı Mezarlık;3.808.567.432.031.370;2.693.289.353.830.170;829-989
16101;Büyükkale Villa;3.803.790.513.206.520;2.755.105.495.382.880;743
16102;Büyükkale Villa;3.803.801.213.450.210;27.551.012.953.792;743
16103;Büyükkale Bahçe;3.803.589.607.421.830;2.755.366.697.307.960;743
16104;Büyükkale Bahçe;3.803.588.207.307.960;2.755.379.697.435.740;743
16105;Büyükkale Sağlık Merkezi;3.803.450.003.356.030;2.755.550.998.691.020;743
16106;Büyükkale Sağlık Merkezi;3.803.446.603.220.290;2.755.560.998.781.660;743
16107;Büyükkale Meydan;3.803.232.297.321.180;2.755.785.800.327.540;743
16108;Büyükkale Meydan;3.803.244.597.505.390;2.755.796.200.481.010;743
16109;Büyükkale Cami;3.803.348.099.622.230;2.755.798.700.882.750;743
16110;Büyükkale Cami;3.803.355.599.869.610;2.755.784.700.764.540;743
16111;Nar Çiçeği;3.803.552.704.315.430;2.755.725.000.848.620;743
16112;Nar Çiçeği;3.803.560.604.556.270;27.557.130.007.530;743
16113;Hayvan Çiftliği;3.803.781.609.548.940;2.755.641.200.782.870;743
16114;Hayvan Çiftliği;3.803.790.809.817.210;2.755.628.800.688.070;743
16115;Büyükkale Zeytinlik;3.804.012.414.817.320;2.755.553.700.671.840;743
16116;Büyükkale Zeytinlik;3.804.014.214.912.760;2.755.544.500.585.170;743
16117;Tire Yolu;3.801.593.744.703.130;2.744.914.280.747.280;743-770
16118;Tire Yolu;3.801.609.945.082.470;2.744.900.580.763.110;743-770-783
16119;Belevi;3.801.706.222.891.030;2.744.548.122.936.090;743-770-783
16120;Kurşak Yolu;38.051.715.274.814;2.757.370.621.737.290;743
16121;Kurşak Yolu;3.805.159.727.267.240;2.757.365.421.664.010;743
16122;Alaylı Yolu;38.053.855.299.845;2.757.704.425.379.250;743
16123;Alaylı Yolu;3.805.365.529.627.230;2.757.694.225.247.060;743
16124;Mermer Fabrikası;3.822.573.360.136.010;2.737.022.627.933.020;784
16125;Mermer Fabrikası;3.822.574.560.178.310;2.736.997.527.893.890;784
16126;Gökçen Bahçe;3.811.294.380.668.190;2.786.026.272.777.050;774
16127;Gökçen Bahçe;3.811.307.481.079.320;2.786.012.672.461.760;774
16128;Taşkesik Benzinlik;3.817.122.281.326.040;2.745.091.749.982.430;697-782-806
16129;Taşkesik Benzinlik;38.171.418.816.016;2.745.088.149.969.560;697-782-795-806
16130;Taşkesik Yolu;3.817.066.285.186.610;2.743.203.442.549.620;697-782-795-806
16131;Taşkesik Yolu;3.817.092.285.535.490;2.743.199.542.553.570;697-782-795-806
16132;Osmanlar Yolu;3.829.234.041.153.520;2.752.340.821.492.670;787
16133;Osmanlar Yolu;3.829.232.541.119.810;27.523.331.214.980;787
16134;Emek;3.837.253.144.728.880;2.711.158.358.967.610;124
16135;Emek;3.837.256.144.749.340;2.711.173.958.906.140;124
16136;Duğrallar ilkokulu;3.837.227.844.832.790;2.711.321.658.371.080;124
16137;Duğrallar ilkokulu;3.837.240.244.879.850;2.711.345.658.270.410;124
16138;Günaltay;3.837.465.845.422.550;2.711.447.557.686.290;124
16139;Günaltay;3.837.491.245.482.940;2.711.458.157.622.130;124
16140;M.Kemal Kürekçi Parkı;3.837.725.845.740.560;2.711.263.858.135.960;124
16141;M.Kemal Kürekçi Parkı;3.837.746.145.787.690;2.711.272.158.083.330;124
16142;Kent;3.836.289.041.330.940;2.709.142.267.023.530;193-524-873-877
16143;Görece Zeytinlik;3.828.129.221.187.430;2.712.467.544.863.250;808
16144;Görece Zeytinlik;3.828.125.421.184.460;2.712.455.244.876.710;808
16145;İlkkurşun Ova;3.817.073.049.557.060;2.785.356.082.325.720;697-795-806
16146;İlkkurşun Ova;38.170.818.497.451;2.785.312.381.871.240;697-795-806
16147;Arslanlar Çıkış;3.817.028.586.207.840;2.742.604.440.232.680;782
16148;Arslanlar Çıkış;3.817.032.386.291.040;2.742.590.940.185.120;782
16149;Yel Değirmeni;3.822.405.255.327.730;2.739.662.432.488.920;763
16150;Yel Değirmeni;3.822.389.155.156.870;2.739.658.532.493.510;763
16151;Kurucuova Çifttlik;3.817.103.925.002.880;2.809.278.871.766.240;609-611-616-697-796-803-806
16152;Kurucuova Çiftlik;3.817.125.819.492.650;2.809.301.978.799.450;609-611-616-697-796-803-806
16153;Akçaşehir;3.805.956.223.074.510;2.761.140.059.642.460;743
16154;Akçaşehir;3.805.966.223.243.910;2.761.149.459.734.410;743
16155;Saha;3.824.926.609.084.410;2.713.190.131.035.730;789-829
16156;Saha;3.824.937.509.112.970;2.713.199.131.074.740;789-829
16157;İlkkurşun Küme;3.818.672.600.064.880;2.788.102.075.336.070;697-795-806
16158;İlkkurşun Küme;38.186.930.006.612;2.788.107.075.017.470;697-795-806
16162;Karakuyu Tarım;3.823.957.771.758.850;2.739.990.131.256.840;785
16163;Karakuyu Tarım;3.823.962.971.822.420;2.739.977.431.230.890;785
16164;Dirmil Gazi;38.241.111.731.268;2.740.440.731.643.090;785
16165;Dirmil Gazi;3.824.120.473.226.380;2.740.441.431.627.940;785
16166;Halide Onbaşı;3.828.657.319.463.760;27.398.155.193.296;784
16167;Halide Onbaşı;3.828.637.819.272.480;2.739.810.519.396.340;784
16168;Dağkızılca Çiftlik;3.831.631.845.290.360;2.738.365.408.466.420;784
16169;Dağkızılca Çiftlik;3.831.639.445.320.650;2.738.338.008.456.430;784
16170;Fidanlık;3.800.042.940.037.660;2.742.255.439.153.820;743-770
16171;Fidanlık;3.800.054.740.452.940;27.422.284.390.205;743-770
16172;Nar;3.800.623.643.941.540;2.742.944.652.194.090;743-770
16173;Nar;3.800.590.643.415.470;2.742.942.551.825.930;743-770
16174;Tire ATATÜRK Std.;38.103.445.826.263;27.715.508.438.782;774-798
16175;Tire ATATÜRK Std.;3.810.330.582.349.510;2.771.526.343.749.120;774-798
16176;Belevi Meydan;38.013.786.410.833;2.744.910.078.732.430;743-770-783
16177;Belevi Meydan;3.801.366.881.315.470;2.744.939.657.824.860;743-770-783
16178;Kent;3.836.293.382.700.970;2.709.159.833.913.640;193-524-873
16179;Gümüldür Bahçeler;3.807.973.383.918.120;2.701.229.087.066.520;776
16180;Gümüldür Bahçeler;3.808.017.492.436.890;2.701.160.144.287.290;776-778
16181;M.Akif ERSOY İÖO;3.822.588.213.615.460;2.729.159.255.728.450;712
16182;M.Akif ERSOY İÖO;3.822.595.471.217.790;2.729.188.118.615.030;712
16183;Göllüce;3.803.554.446.189.470;2.752.895.644.567.510;743
16185;Çayırlı;38.045.229.237.628;2.755.780.504.521.460;743
16186;Çayırlı;3.804.541.323.692.910;2.755.852.205.283.510;743
16187;Göllüce;3.803.594.823.136.680;2.753.006.573.570.290;743
16188;Torbalı Anadolu İmam-Hatip Lisesi;3.814.908.470.186.250;2.734.692.709.953.610;714
16189;Torbalı Anadolu İmam-Hatip Lisesi;3.814.902.470.149.750;2.734.679.309.801.580;714
16190;Pancar OSB Trafo;3.821.909.820.300.920;2.724.923.741.099.940;701
16191;Pancar OSB Trafo;3.821.900.446.550.030;2.724.973.127.389.570;701
16193;Torbalı Şantiye;3.824.131.273.749.310;2.726.233.440.908.960;712
16194;Menderes Son Durak;3.824.138.211.081.470;2.713.507.253.581.660;799-814
16195;Menderes Devlet Hastanesi;3.823.884.704.270.810;27.136.643.253.193;814
16196;Menderes Devlet Hastanesi;3.823.859.904.141.670;2.713.681.825.172.220;814
16197;Altıntepe Sera;3.823.403.400.941.750;2.714.445.622.039.580;814
16198;Altıntepe Sera;3.823.414.401.001.810;2.714.438.122.104.110;814
16199;Altıntepe İlkokulu;3.823.659.402.267.620;2.714.975.645.760.780;814
16200;Altıntepe İlkokulu;3.823.671.902.334.370;2.714.988.145.863.420;814
16201;Altıntepe Cami;3.824.581.809.847.960;2.715.092.954.273.990;814
16202;Altıntepe Cami;38.246.201.101.504;2.715.101.154.598.470;814
16203;Armutlu 1 Küme;3.825.029.215.576.610;27.143.931.598.738;814
16204;Armutlu 1 Küme;3.825.003.115.365.210;2.714.393.059.644.460;814
16205;Spor Sahası;3.824.964.715.819.140;27.141.210.599.853;814
16206;Spor Sahası;3.824.965.915.895.010;2.714.097.560.055.540;814
16207;Öztürkler;38.246.353.204.524;27.139.642.860.256;814
16208;Öztürkler;3.824.630.320.379.350;2.713.967.185.944.660;814
16209;Menderes Jandarma;3.824.457.112.665.980;27.138.124.560.188;814
16210;Menderes Jandarma;3.824.438.312.528.560;2.713.808.255.847.250;814
16211;Çatalca Köşe;3.826.096.021.235.720;2.706.835.748.395.120;789
16212;Çatalca Köşe;3.826.091.921.234.690;2.706.828.948.388.640;789
16213;Karpuzlu İstasyon;3.818.419.281.494.560;2.755.733.892.984.180;788
16214;Karpuzlu İstasyon;3.818.425.581.593.860;2.755.738.992.980.940;788
16217;Sempati;3.822.952.737.060.360;2.820.142.673.094.560;801-803-806
16218;Sempati;3.822.937.736.678.890;2.820.166.073.735.990;801-803-806
16219;Menderes Damlar;3.823.290.999.700.030;2.714.874.421.082.970;814
16220;Menderes Damlar;3.823.271.099.610.730;2.714.875.620.977.890;814
16221;Altıntepe Nefes;3.824.192.303.204.020;2.715.124.325.320.430;814
16222;Altıntepe Nefes;3.824.170.103.105.860;2.715.125.725.214.980;814
16223;Altıntepe Çiftçi;3.824.406.304.105.130;2.715.138.026.295.710;814
16224;Altıntepe Çiftçi;3.824.392.404.058.760;2.715.129.226.241.340;814
16225;Altıntepe Tarım;3.824.872.606.335.080;2.714.968.328.560.350;814
16226;Altıntepe Tarım;3.824.864.906.277.090;2.714.986.428.505.950;814
16227;Menderes Meslek lisesi;3.824.761.607.151.530;2.714.081.729.119.060;814
16228;Menderes Meslek Lisesi;3.824.768.807.162.140;2.714.094.329.136.730;814
16229;Menderes Oto Sanayi;3.824.209.905.261.780;2.713.862.826.743.770;814
16230;Menderes Oto Sanayi;3.824.206.105.206.590;2.713.888.026.696.550;814
16231;Gümüldür Atatürk;3.808.364.293.241.820;2.701.187.350.652.530;778
16232;Gümüldür Atatürk;3.808.362.093.129.660;2.701.208.250.628.630;778
16233;Karaot Köşe;3.829.454.131.078.990;2.743.829.016.469.660;786
16234;Karaot Köşe;3.829.457.131.122.780;27.438.395.164.565;786
16235;Havuzbaşı Mezarlık;3.816.778.972.240.060;2.746.895.357.521.250;788
16236;Havuzbaşı Mezarlık;3.816.803.072.639.630;27.468.719.574.122;788
16237;Havuzbaşı İç Yolu;3.816.921.374.439.590;2.746.823.057.158.940;788
16238;Havuzbaşı İç Yolu;3.816.908.974.260.690;2.746.824.157.168.510;788
16239;Yoğurtçular Giriş;3.826.707.703.105.880;2.728.212.723.459.430;709
16240;Yoğurtçular Giriş;3.826.679.102.922.820;2.728.180.323.458.530;709
16241;Hardal Damları;3.820.791.621.728.410;2.753.606.674.138.550;788
16242;Hardal Damları;3.820.789.521.704.260;27.535.935.741.016;788
16243;Halkapınar Metro;3.843.323.266.652.290;2.716.984.520.598.890;555
16244;Halkapınar Metro;3.843.296.166.558.690;2.716.969.420.771.320;418
16245;Toprak;3.816.300.963.106.940;2.715.723.671.286.620;775
16246;Toprak;3.816.336.063.226.790;2.715.744.671.625.330;775
16247;Torbalı Huzurevi;3.816.253.999.158.790;27.348.272.110.867;715
16248;Torbalı Huzurevi;3.816.247.499.057.950;2.734.837.311.094.420;715
16249;Yeniköy Yolu;3.823.653.414.727.660;2.707.112.233.227.380;829
16250;Yeniköy Yolu;3.823.640.791.235.940;2.707.090.744.496.060;829
16251;Zeytin Dalı;3.804.716.523.427.440;2.756.478.711.950.840;743
16252;Zeytin Dalı;3.804.723.747.543.930;2.756.447.123.313.140;743
16253;Çatalca Üzüm;3.825.371.022.267.690;2.704.879.448.749.340;789
16254;Çatalca Üzüm;38.253.356.222.075;2.704.871.348.552.150;789
16255;Segen Göleti;3.825.696.622.327.730;27.053.202.496.577;789
16256;Segen Göleti;3.825.699.422.303.410;2.705.342.649.621.430;789
16257;Efemçukuru Yolu;3.827.727.133.366.540;2.698.030.882.949.910;789
16258;Efemçukuru Yolu;3.827.729.833.377.120;2.698.021.382.999.090;789
16259;Yukarı Çakaltepe;3.811.436.101.347.870;2.722.861.538.692.930;792
16260;Yukarı Çakaltepe;3.811.441.601.391.160;27.228.617.387.499;792
16272;Değirmendere Bahçe;3.812.732.097.140.820;2.714.391.964.823.220;729
16273;Değirmendere Bahçe;3.812.724.748.517.420;27.143.947.323.296;729
16274;Köfündere Meydan;3.820.644.002.663.730;2.815.431.117.187.140;609
16275;Köfündere Küme Evler;38.205.393.005.011;2.815.686.622.201.940;609
16276;Köfündere Küme Evler;3.820.532.200.277.020;2.815.694.122.474.060;609
16277;Bayır;3.820.422.997.036.820;2.815.836.926.859.580;609
16278;Bayır;3.820.421.096.918.840;2.815.831.526.880.220;609
16279;Ova;3.820.023.282.554.710;2.816.035.740.673.840;609
16280;Ova;3.820.018.082.346.370;2.816.035.840.835.790;609
16281;Gelincik;3.820.082.686.782.270;28.162.746.405.660;609
16282;Gelincik;3.820.078.586.593.120;2.816.271.540.671.150;609
16283;İncir;3.819.769.576.351.050;2.816.564.652.461.120;609
16284;İncir;3.819.767.576.220.280;2.816.558.152.475.260;609
16285;Köfündere Giriş;3.818.468.727.200.220;2.817.129.397.515.490;609
16289;Tulum Çıkış;38.087.610.499.702;2.742.143.222.179.930;781
16290;Tulum Son Durak;3.808.729.046.233.790;2.742.412.125.359.360;781
16294;Alaşarlı Giriş;3.814.353.741.106.390;2.814.745.800.010.850;611
16295;Üçmezar;38.147.023;28.149.659;611
16296;Üçmezar;38.147.182;28.149.729;611
16297;Yıldırım;3.814.874.865.097.620;2.815.161.988.942.650;611
16298;Yıldırım;3.814.876.765.109.690;2.815.148.588.753.320;611
16299;Alaşarlı Meydan;3.815.014.971.867.770;2.815.331.986.491.880;611
16300;Çaylı Giriş;3.814.839.158.806.770;2.814.197.680.399.960;611
16301;Çaylı Ortaokulu;3.815.004.166.183.570;2.814.300.176.629.680;611
16302;Çaylı Ortaokulu;3.815.007.066.216.780;2.814.282.576.372.230;611
16303;Çaylı Meydan;3.815.334.680.497.360;2.814.412.468.105.410;611
16304;Çaylı Meydan;3.815.326.480.070.770;2.814.395.768.183.020;611
16305;Dere;3.815.402.582.202.340;2.814.196.564.043.690;611
16306;Dere;38.153.934.818.152;2.814.194.564.289.040;611
16307;Çaylı Sağlık Ocağı;3.815.441.482.649.380;2.813.970.260.738.950;611
16308;Çaylı Sağlık Ocağı;3.815.435.082.349.830;2.813.963.360.858.090;611
16309;Yeşilpınar;38.173.964.170.595;2.805.318.931.014.910;618
16310;Ertuğrul Meydan;3.817.386.518.239.670;2.805.659.934.066.760;618
16311;Ertuğrul Meydan;38.173.943.185.172;2.805.658.133.855.520;618
16312;Irmak;3.817.422.020.563.890;2.805.883.335.008.680;618
16313;Irmak;3.817.423.220.555.940;2.805.872.034.885.390;618
16314;Ova;3.817.615.527.923.260;2.805.939.230.562.440;618
16315;Ova;3.817.615.705.372.640;2.805.928.750.166.130;618
16316;Dörtyol;3.817.814.035.735.020;2.806.052.326.428.660;618
16317;Dörtyol;3.817.812.997.407.950;2.806.035.108.467.450;618
16318;Saha;3.818.078.546.122.040;2.806.196.720.821.770;618
16319;Saha;3.818.079.446.110.420;2.806.187.720.727.520;618
16320;Ödemiş Cezaevi;3.816.884.638.781.040;28.134.505.141.020;616
16321;Kaymakçı Mezarlık;3.816.259.710.755.030;2.812.949.027.616.880;616
16322;Kaymakçı Mezarlık;3.816.254.910.516.770;2.812.940.727.678.520;616
16323;Kurucuova Son Durak;3.818.043.858.861.480;2.808.905.543.341.970;621
16324;Kurucuova İlköğretim Okulu;3.817.896.152.293.240;2.808.721.945.832.790;621
16325;Kurucuova İlköğretim Okulu;3.817.893.352.251.680;2.808.734.046.006.080;621
16326;Kurucuova Mezarlık;3.817.610.037.241.590;2.807.895.746.697.510;621
16327;Kurucuova Mezarlık;3.817.602.336.967.590;28.078.987.469.251;621
16328;Çiftlik;3.816.960.711.437.260;2.807.612.061.336.640;621
16329;Çiftlik;38.169.568.113.142;2.807.617.161.481.780;621
16330;Kurucuova Trafo;3.816.623.798.078.450;2.807.471.268.875.390;621
16331;Kurucuova Trafo;3.816.631.798.472.350;2.807.491.568.844.660;621
16332;Zeytin;3.816.825.803.739.930;2.807.042.659.959.170;621
16333;Zeytin;3.816.818.603.474.540;2.807.043.660.153.030;621
16334;Çayır Mahalle İlkokulu;3.816.980.308.291.990;2.806.773.053.691.110;621
16335;Çayır Mahalle İlkokulu;3.816.979.007.923.990;2.806.764.170.092.180;621
16336;Kurucuova Muhtarlık;3.817.105.513.340.940;2.806.855.751.176.070;621
16337;Kurucuova Muhtarlık;3.817.108.513.406.970;2.806.845.851.015.540;621
16338;Market;3.817.265.419.728.850;2.806.947.347.826.550;621
16339;Market;3.817.264.919.660.260;2.806.936.747.750.940;621
16340;Kurucuova Üçyol;3.817.410.525.465.540;2.807.017.244.659.720;621
16341;Kurucuova Üçyol;3.817.400.753.401.530;2.806.998.794.808.730;621
16342;Başak;3.817.448.628.267.520;2.807.303.446.040.120;621
16343;Akasya;38.177.176.610.725;2.806.950.088.469.280;621
16344;Gereli Sağlık Ocağı;3.819.971.705.611.140;2.804.599.760.807.680;621
16345;Gereli Sağlık Ocağı;3.819.975.005.679.010;28.045.910.606.641;621
16346;Gereli Cami;3.820.078.810.415.620;2.804.787.859.390.930;621
16347;Gereli Cami;3.820.087.410.687.550;2.804.782.459.135.440;621
16348;Sevgi;3.820.341.520.814.030;2.804.994.654.107.660;621
16349;Sevgi;3.820.340.620.726.760;2.804.984.954.065.150;621
16350;Gereli Mezarlık;3.820.739.436.754.510;28.053.313.461.334;621
16351;Gereli Mezarlık;3.820.729.836.314.920;2.805.314.146.267.980;621
16352;Sera;3.821.513.168.387.060;2.806.053.330.590.410;621
16353;Sera;3.821.515.168.365.180;2.806.039.030.448.790;621
16354;Gerçekli;3.821.871.184.170.240;2.806.542.524.121.080;621
16355;Gerçekli;3.821.869.184.061.170;2.806.536.724.139.120;621
16356;Bayır;3.821.861.380.822.120;2.806.090.021.637.290;621
16357;Bayır;38.218.563.807.159;2.806.100.421.832.340;621
16358;Zeytin;3.821.777.974.139.230;2.805.511.420.315.770;621
16359;Zeytin;3.821.770.173.828.210;2.805.505.220.481.710;621
16360;Dutluk;3.821.404.056.590.550;2.804.784.425.522.750;621
16361;Dutluk;38.213.970.563.275;2.804.781.025.681.320;621
16362;Topçukuyu;38.213.130.516.971;2.804.498.426.065.260;621
16363;Topçukuyu;3.821.309.051.618.620;28.045.082.262.288;621
16364;Çiftlik;3.821.074.742.228.530;28.042.908.308.182;621
16365;Çiftlik;38.210.745.422.792;2.804.300.530.885.090;621
16366;Trafo;3.820.672.925.859.890;28.038.591.381.653;621
16367;Trafo;3.820.672.425.889.840;28.038.674.382.322;621
16368;Atatürk Ortaokulu;3.831.297.730.856.260;2.713.102.250.752.060;491-828
16369;Atatürk Ortaokulu;3.831.284.392.439.670;2.713.127.351.999.160;491-828
16370;Nevvar Salih İşgören Devlet Hastanesi;38.310.503.300.567;2.713.435.849.511.820;491-828
16371;Nevvar Salih İŞgören Devlet Hastanesi;3.831.168.230.439.570;2.713.298.550.045.520;491-828
16372;Gaziemir Şantiye;3.830.936.129.690.520;2.713.497.549.175.170;491-828
16373;Gaziemir Şantiye;3.831.077.230.142.620;2.713.419.249.595.920;491-828
16376;Kazım Dirik;38.165.766.148.171;2.811.306.603.873.920;609-611-616-697-796-803-806
16377;Kazım Dirik;3.816.584.415.182.440;2.811.317.603.754.460;609-611-616-697-796-803-806
16378;Hasançavuşlar Yolu;3.804.072.447.055.950;2.754.383.878.414.670;743
16379;Hasançavuşlar Yolu;3.804.065.823.375.460;2.754.386.489.208.050;743
16380;Elmalı;3.831.702.044.526.140;2.737.288.709.085.760;784
16381;Elmalı;3.831.704.944.535.140;2.737.276.309.085.280;784
16382;Patlak Mevki;3.805.749.442.573.810;2.724.527.678.114.580;792
16383;Patlak Mevki;3.805.756.642.542.380;2.724.543.178.291.950;792
16384;Torbalı OSB;3.809.035.524.377.410;2.733.480.261.413.170;783
16385;Torbalı OSB 2;3.809.500.129.652.190;2.733.498.765.374.120;783
16386;Torbalı OSB 2;3.809.507.929.657.480;2.733.515.065.522.540;783
16387;Köfündere Mezarlık;3.819.230.813.475.980;2.816.876.243.328.570;609
16388;Köfündere Mezarlık;3.819.233.013.818.620;2.816.887.143.359.180;609
16389;Sahil;3.799.687.578.199.540;2.712.787.810.617.030;775
16390;Sahil;3.799.645.777.527.480;2.712.837.309.961.120;775
16391;Yolüstü Kahveler;38.210.287.309.021;2.802.602.221.238.840;
16392;Yolüstü Meydan;3.821.030.632.266.660;2.802.832.722.652.580;611
16393;Yolüstü Seralar;3.820.774.225.826.870;2.803.238.131.593.480;611
16394;Nehir;3.812.828.279.548.980;2.757.092.918.279.630;798
16395;Nehir;3.812.841.223.719.390;2.757.114.070.918.230;798
16396;Benzinlik;3.816.330.011.556.250;2.812.565.122.117.820;609-611-616-697-796-803-806
16397;Benzinlik;3.816.324.311.287.820;2.812.557.722.212.780;609-611-697-796-803-806
16398;Ceviz;38.027.559.287.315;2.751.912.916.715.480;743
16399;Ceviz;3.802.763.814.749.990;2.751.879.258.060.610;743
16400;Limon;3.803.033.134.448.370;2.752.271.226.933.970;743
16401;Limon;3.803.047.817.679.170;27.522.458.632.886;743
16402;Montrö;3.842.896.959.708.620;2.714.163.434.573.130;470
16403;Medeniyet;38.156.293.885.481;2.813.612.651.897.090;611-697-796-801
16404;Medeniyet;3.815.622.488.202.250;2.813.600.451.980.220;611-697-796-801
16405;Topçu Kuyu;3.821.328.960.341.840;2.805.804.833.866.380;621
16406;Topçu Kuyu;3.821.336.260.584.480;2.805.802.733.662.190;621
16407;Ahmetbeyli Yolayrımı;3.799.406.096.186.530;2.718.688.488.982.640;775
16408;Ahmetbeyli Yolayrımı;3.799.440.768.452.040;27.187.218.392.238;775
16409;Şahin;3.819.039.693.114.170;2.754.567.285.320.430;788
16410;Şahin;3.819.004.292.539.090;2.754.567.785.465.470;788
16411;Yakapınar;3.818.671.287.028.490;2.754.640.487.099.720;788
16412;Yakapınar;3.818.688.287.316.070;2.754.632.586.998.830;788
16413;Buğday;3.840.717.353.764.910;2.713.074.845.643.750;33
16414;Buğday;3.840.707.053.681.690;2.713.035.245.834.750;33
16415;Kavacık Çıkış;3.831.261.435.584.370;2.695.910.009.150.590;24
16416;Orkide;38.311.660.356.747;2.695.685.009.692.070;24-28
16417;Kavacık Yol Ayrımı;3.832.577.038.973.960;2.700.355.419.128.360;24
16418;Efem Çukuru;3.831.926.634.227.190;2.701.215.590.337.810;24
16419;Tırazlı Mezarlık;3.832.536.534.200.910;2.707.078.970.930.280;24
16420;Benzinlik;3.812.646.276.058.760;2.816.590.169.971.040;697-796-801
16421;Benzinlik;3.812.634.475.480.390;28.165.756.701.585;697-796-801
16422;Taziye Evi;3.816.248.392.438.740;2.736.995.118.294.380;715
16423;Taziye Evi;38.162.819.928.206;2.736.994.618.397.930;715
16424;Ortaç;3.823.206.778.584.020;2.798.571.546.112.070;611-616-618-796-803
16425;Ortaç;3.823.206.256.707.790;2.798.535.291.873.940;611-616-618-796-803
16427;Zeytinler;3.823.353.981.491.340;2.726.177.718.647.990;712
16428;Zeytinler;3.823.363.681.584.440;2.726.161.118.666.930;712
16429;Çatalca Bahçe;3.824.935.716.935.750;2.707.851.439.828.180;789-799
16430;Çatalca Bahçe;3.824.949.216.972.790;2.707.850.739.907.460;789-799
16431;Torbalı OSB Yolu;3.809.072.016.906.120;2.734.965.969.797.850;783
16432;Karateke;3.808.372.998.090.280;2.736.843.775.156.140;783
16433;Torbalı OSB Yolu;3.809.053.516.641.510;2.734.973.769.693.950;783
16434;Karateke;3.808.383.998.318.230;2.736.827.875.145.690;783
16435;Dağtekke Yolu;3.824.385.074.533.260;2.750.172.447.850.120;785
16436;Dağtekke Yolu;3.824.393.374.651.020;27.501.979.478.634;785
16437;Çakaltepe Köprü;3.806.605.280.584.840;2.719.614.167.245.630;775
16438;Çakaltepe Köprü;3.806.567.580.204.490;2.719.628.266.758.620;775
16439;Kışlalı Kümesi;3.820.016.905.345.190;2.804.263.057.345.580;609-611-616-618-621-697-796-803-806
16440;Peker;3.836.099.383.192.770;2.712.192.815.924.950;156
16441;Peker;3.836.098.643.182.250;2.712.181.355.965.730;156
16442;Türkönü Küme Evler;3.818.967.775.800.190;2.805.689.794.165.430;697-796-803-806
16443;Türkönü Küme Evler;3.818.969.875.682.890;2.805.653.093.838.350;697-796-803-806
16446;Küme Evler;3.821.510.640.897.710;2.801.512.902.750.610;618-621-697-796-803-806
16447;Küme Evler;38.215.010.404.562;2.801.491.002.849.590;618-621-697-796-803-806
16448;Değirmenci;3.812.209.759.563.480;2.733.646.685.901.270;783
16449;Değirmenci;3.812.181.559.286.440;2.733.638.585.683.170;783
16450;Tarla;3.821.670.468.954.610;2.805.284.921.733.620;621
16451;Tarla;3.821.668.668.936.740;2.805.291.921.823.240;621
16452;Torbalı Mezarlık;3.817.506.901.714.620;27.388.363.276.431;697-806
16453;Torbalı Mezarlık;3.817.536.302.013.690;2.738.852.927.752.760;697-806
16454;Yoğurtçular Çıkış;38.270.641.055.718;2.728.279.223.540.370;709
16455;Yoğurtçular Çıkış;38.270.723.056.345;2.728.267.623.546.770;709
16458;Demiryolu;3.817.668.079.687.870;2.749.441.667.510.920;727-788-858
16459;Demiryolu;38.176.757.798.254;2.749.429.867.448.210;727-788-858
16460;Çukur;3.826.352.630.247.650;2.699.932.468.246.360;789
16461;Çukur;3.826.366.530.242.870;2.699.947.768.288.410;789
16462;Doğa Evi;38.220.100.482.414;2.769.574.827.505.520;790
16463;Doğa Evi;3.821.999.648.046.610;2.769.589.227.677.970;790
16464;Eğerci;3.812.874.558.585.780;2.764.987.474.229.110;798
16465;Eğerci;3.812.865.158.337.730;2.765.006.074.417.210;798
16466;Sevgi;3.830.776.779.131.850;2.713.791.508.186.480;491-828
16467;Sevgi;3.830.783.519.155.730;2.713.779.838.226.150;491-828
16468;Saha;3.814.709.779.385.550;2.735.688.007.768.390;714
16469;Saha;3.814.700.879.214.790;2.735.708.007.805.140;714
16470;Festival;3.825.147.613.361.120;2.710.738.535.807.480;789-799
16471;Festival;3.825.150.013.357.860;2.710.746.335.806.760;789-799
16472;Çağlayan;3.836.321.942.010.660;2.710.012.963.749.460;224
16473;Yüzbaşı Şerafettin Muhtarlık;3.836.347.141.953.730;2.709.872.064.269.590;224
16476;Yeni Kent;3.822.167.363.928.790;2.731.565.320.156.190;697-701-712-722-806-858
16477;Sağlık Son Durak;3.808.495.282.770.690;2.739.964.095.369.220;783
16478;Turkuaz;3.838.014.374.728.880;2.709.775.443.702.650;520
16479;Turkuaz;3.838.004.334.713.230;2.709.775.983.709.560;520
16480;Fide;3.815.951.662.215.270;2.739.590.453.810.810;782
16481;Fide;3.815.972.462.776.070;2.739.581.353.844.170;782
16482;Köşem Parkı;3.830.515.028.300.390;2.713.735.447.881.090;353
16484;Konak;3.841.524.954.507.390;2.712.664.945.313.160;10
16485;Kızılcaağaç Çıkış;3.823.534.123.427.110;2.763.691.373.384.410;678
16486;Kızılcaağaç Çıkış;3.823.516.870.020.130;2.763.726.490.543.830;678
16487;Kiraz;3.824.490.784.967.050;27.619.473.763.697;678
16488;Kiraz;3.824.484.584.856.670;2.761.944.676.416.390;678
16489;Esbaş Otopark;3.833.568.137.565.020;2.713.641.751.353.650;353
16490;Mesire Alanı;3.826.102.313.044.970;2.762.308.862.614.180;678
16491;Mesire Alanı;3.826.102.313.006.540;2.762.288.562.567.120;678
16492;Orman İşletme Şefliği;3.828.379.051.621.740;2.762.618.440.740.360;678
16493;Orman İşletme Şefliği;3.828.385.351.702.250;2.762.609.940.662.330;678
16494;Alankıyı Giriş;3.828.587.355.212.110;2.762.686.838.694.140;678
16495;Alankıyı Giriş;3.828.588.055.196.490;27.626.769.386.721;678
16496;Alankıyı Meydan;38.287.276.579.230;2.762.838.337.456.360;678
16497;Kızıloba Giriş;3.827.729.856.632.040;27.682.684.582.340;679
16498;Kızıloba Giriş;3.827.733.956.694.980;2.768.264.458.176.370;679
16499;Kızıloba Meydan;3.827.819.458.796.050;2.768.432.557.488.890;679
16500;Sarıyurt Giriş;38.283.114.769.014;2.771.034.356.511.120;679
16501;Sarıyurt Giriş;3.828.321.777.076.220;2.771.028.256.363.120;679
16502;Sarıyurt Meydan;3.828.341.778.368.650;2.771.275.456.589.530;679
16503;Yakamoz 2;3.805.798.664.697.460;27.048.641.078.176;778
16504;Yakamoz 2;38.057.859.644.525;2.704.897.407.641.090;778
16505;Karanfil;3.805.842.466.156.580;2.704.644.108.220.490;778
16506;Karanfil;3.805.844.366.031.350;2.704.666.708.301.560;778
16507;Tahtalı;3.815.587.159.974.210;2.715.501.764.383.260;775
16508;Tahtalı;3.815.579.560.001.490;2.715.482.664.289.520;775
16510;İstiklal;3.808.367.797.359.680;2.820.846.715.333.040;796
16511;İstiklal;3.808.375.477.385.440;2.820.844.152.672.430;796
16512;Cumhuriyet;3.808.747.732.833.540;2.820.608.077.239.340;796
16513;Cumhuriyet;3.808.727.730.824.290;28.206.900.726.401;796
16514;Zambak;3.808.646.804.967.980;2.820.305.739.387.990;796
16515;Zambak;3.808.610.591.778.080;2.820.284.619.513.020;796
16516;Adnan Menderes;3.808.443.027.799.310;2.820.452.297.705.980;796
16517;Adnan menderes;3.808.451.093.989.470;2.820.456.296.521.290;796
16518;Beydağ Hastane;3.808.488.833.720.040;2.821.473.033.614.970;796
16519;Beydağ Hastane;3.808.505.174.857.870;2.821.472.802.431.840;796
16520;Sevgi Mahalle Muhtarlığı;3.838.404.147.346.150;27.115.613.561.819;224-522-823-879
16521;Sevgi Mahalle Muhtarlığı;38.383.899.473.164;2.711.558.656.211.410;224-522-823-879
16523;Eser;3.805.460.061.244.050;27.052.226.020.379;778
16524;Eser;38.054.277.609.842;2.705.244.501.459.570;778
16525;Kızılcaağaç Meydan;38.242.724.836.193;2.763.736.583.625.620;678
16526;Kızılcaağaç Kümeevler;3.824.037.778.904.760;2.763.357.184.623.660;678
16527;Kızılcaağaç Kümeevler;3.824.037.278.919.240;2.763.374.784.682.880;678
16528;Kızılcaağaç Giriş;3.823.588.570.619.250;2.763.138.787.971.270;678
16529;Kızılcaağaç Giriş;38.235.915.706.835;2.763.147.987.974.530;678
16530;Otuzbirler Kümeevler;3.824.096.077.694.140;2.761.563.578.661.670;678
16531;Otuzbirler Kümeevler;3.824.091.577.615.090;2.761.562.178.695.760;678
16532;Otuzbirler Üçyol;3.824.023.776.243.960;2.761.381.478.731.080;678
16533;Otuzbirler Üçyol;3.824.028.276.337.350;2.761.395.878.736.160;678
16534;Otuzbirler Mezarlık;3.824.196.580.218.490;27.622.123.797.230;678
16535;Otuzbirler Mezarlık;3.824.211.980.459.220;2.762.190.979.524.390;678
16536;Kurucuova Ova;38.178.562.430.557;2.807.224.334.776.580;609-611-616-621-697-796-803-806
16537;Kurucuova Ova;3.817.833.442.212.880;2.807.225.135.377.550;609-611-616-697-796-803-806
16538;Çatalca Çiftlik;3.826.959.129.505.410;2.701.133.368.305.960;789
16539;Çatalca Çiftlik;3.826.952.359.013.580;2.701.125.036.583.110;789
16540;Çatalca Manzara;3.826.337.126.496.110;2.702.985.759.328.050;789
16541;Çatalca Manzara;38.262.936.264.114;2.702.999.159.035.040;789
16542;Botanik;38.171.821.515.657;2.784.573.274.989.490;697-795-806
16543;Botanik;3.817.185.151.614.970;2.784.547.074.755.770;697-795-806
16544;Karakuyu Meydan;3.813.269.412.579.240;2.723.636.658.502.210;692
16545;Karakuyu Meydan;3.813.273.512.675.850;2.723.621.458.496.620;692
16546;Fatih Sultan Mehmet;3.813.090.713.537.460;2.723.075.755.352.590;792
16547;Fatih Sultan Mehmet;3.813.084.613.518.090;2.723.069.055.278.510;792
16550;Karakuyu Bahçeler;3.825.636.989.441.270;2.739.579.327.688.680;786
16551;Karakuyu Bahçeler;3.825.632.889.398.420;2.739.584.427.702.090;786
16552;Gözlem;38.042.438.632.309;2.719.397.630.053.570;775
16553;Gözlem;3.804.260.863.292.250;2.719.408.830.383.410;775
16554;Alankıyı Dörtyol;3.826.906.326.118.570;2.762.111.054.506.520;678
16555;Alankıyı Dörtyol;38.269.035.260.874;2.762.118.254.548.170;678
16556;Alankıyı Yolu;3.827.919.943.641.910;2.762.444.445.130.560;678
16557;Alankıyı Yolu;38.279.239.437.189;27.624.489.450.979;678
16560;Havuzbaşı Seralar;3.817.381.682.865.440;2.745.966.053.454.140;697-782-795-806
16561;Havuzbaşı Seralar;3.817.360.482.592.430;27.459.569.534.246;697-782-795-806
16586;Mimar Kemalettin;3.842.368.357.186.740;2.713.351.139.879.050;121-202-253-910-920-940-950
16623;Ağaçlı Yol;3.826.427.404.299.770;2.752.949.041.494.770;787
16624;Ağaçlı Yol;3.826.424.404.250.230;2.752.941.641.502.090;787
16625;Esen;3.816.457.797.201.780;2.736.192.216.255.670;715
16626;Esen;3.816.485.397.466.130;2.736.205.716.390.420;715
16627;Arslanlar Trafo;3.816.601.382.947.610;2.741.766.836.525.610;782
16628;Arslanlar Trafo;38.166.071.829.803;2.741.781.936.591.980;782
16629;Hakkı Efendi;3.805.533.261.720.040;2.705.191.603.387.120;778
16630;Hakkı Efendi;3.805.527.461.734.020;2.705.185.403.261.760;778
16631;Karakuyu Zeytinlik;3.825.773.690.819.820;2.739.664.227.464.980;786
16632;Karakuyu Zeytinlik;3.825.773.990.821.130;2.739.675.227.473.890;786
16635;Çatal;3.825.528.422.287.220;2.705.095.149.193.730;789
16636;Çatal;3.825.500.122.239.950;2.705.087.349.042.920;789
16637;Ergenli Şantiye;3.823.718.781.776.410;2.768.978.806.591.390;679-790
16638;Ergenli Şantiye;3.823.713.381.686.090;2.768.987.906.683.520;679-790
16639;Şehitler Giriş;3.816.081.182.048.060;2.739.803.528.030.580;782
16640;Şehitler Giriş;3.816.074.782.006.740;2.739.791.127.968.360;782
16641;Permakültür;3.825.982.998.083.320;2.752.924.444.289.240;787
16642;Permakültür;3.825.992.198.199.660;2.752.911.244.207.940;787
16643;Çiftçi Gediği Mezarlık;3.819.819.810.071.490;2.750.344.666.103.180;788
16644;Çiftçi Gediği Mezarlık;38.198.233.101.146;2.750.351.566.117.680;788
16645;Çamönü Güven;3.810.218.927.810.420;2.715.662.103.882.190;
16646;Çamönü Güven;38.102.236.277.579;2.715.678.403.984.810;729
16647;Akçaköy Yolu;3.824.885.512.267.660;2.710.900.134.197.770;789-799
16648;Akçaköy Yolu;3.824.896.412.309.210;2.710.896.434.260.260;789-799
16649;Çamlık Müze;3.788.604.292.716.920;2.738.038.203.860.810;694
16650;Çamlık Müze;3.788.608.192.233.650;2.738.082.104.550.450;694
16651;Çamlık Market;3.788.438.285.355.360;2.738.398.005.275.230;694
16652;Çamlık Market;3.788.458.485.563.260;2.738.409.105.864.270;694
16653;Havutçulu Giriş;3.788.330.640.811.630;2.741.767.251.100.610;694
16654;Havutçulu Giriş;3.788.324.940.606.750;2.741.775.051.099.640;694
16655;Havutçulu Meydan;3.788.481.443.806.540;2.741.751.553.902.180;694
16656;Zeytinköy Bakkal;3.798.830.843.970.440;2.728.011.194.178.430;693
16657;Zeytinköy Bakkal;3.798.829.643.890.870;2.728.018.794.218.660;693
16658;Taşduvar;3.798.990.044.507.570;2.728.163.398.153.090;693
16659;Taşduvar;3.798.990.744.349.960;2.728.182.698.319.670;693
16660;Kazangöl;3.798.808.351.991.610;2.727.679.748.884.260;693
16661;Kazangöl;3.798.819.546.550.260;2.727.697.391.466.990;693
16663;Nar Ağacı;37.990.068.417.068;2.728.512.401.243.990;693
16664;Nar Ağacı;3.799.012.341.764.460;2.728.513.201.344.330;693
16665;Zeytinköy Mezarlık;37.982.406.287.184;2.728.958.791.676.160;693
16666;Zeytinköy Mezarlık;3.798.233.728.534.590;2.728.970.191.651.310;693
16667;Zeytinköy;3.797.687.781.787.270;2.729.212.783.475.940;693
16668;Zeytinköy;3.797.619.718.337.560;2.729.277.783.430.730;693
16669;Zeytinköy Çiftlik;3.797.302.410.962.310;2.729.657.881.086.230;693
16670;Zeytinköy Çiftlik;3.797.279.710.520.780;2.729.675.280.832.950;693
16671;Mandalina Bahçesi;3.797.320.601.054.260;2.730.761.191.288.470;693
16672;Mandalina Bahçesi;3.797.327.901.100.670;2.730.766.291.462.550;693
16673;Barutçu Yol Ayrımı;3.797.792.974.917.960;2.734.313.032.035.180;693
16674;Barutçu Yol Ayrımı;3.797.793.875.004.870;2.734.304.831.971.910;693
16675;Transfer Merkezi;37.976.259.632.466;2.735.335.939.200.830;693
16676;Transfer Merkezi;3.797.621.666.137.890;2.735.351.163.378.060;693
16677;Tariş Arkası;3.797.458.157.325.450;27.357.181.403.137;693
16678;Tariş Arkası;3.797.457.557.210.970;2.735.729.640.417.230;693
16679;Ayvalık Küme Evleri;37.970.311.493.344;2.735.909.235.509.980;693
16680;Ayvalık Küme Evleri;3.797.055.549.697.110;2.735.908.635.889.440;693
16681;Tariş Küme Evleri;3.796.482.837.056.550;2.736.351.531.267.820;693
16682;Tariş Küme Evleri;3.796.492.036.722.890;2.736.400.831.922.880;693
16683;Zeytinköy Fabrika;3.796.448.633.641.160;2.736.655.333.857.490;693
16684;Zeytinköy Fabrika;3.796.448.433.350.220;2.736.685.434.166.120;693
16685;Zeytinköy Çıkış;3.798.749.648.104.650;2.727.424.988.064.950;693
16686;Tarla;3.821.716.254.280.560;2.806.303.453.551.320;621
16687;Tarla;38.217.180.773.183;2.806.320.426.831.490;621
16688;Zeytin Ağacı;3.801.170.394.789.780;2.711.876.237.825.330;775-778
16689;Zeytin Ağacı;3.801.180.194.874.840;2.711.873.038.015.270;775-778
16690;Develi Demiryolu;3.820.297.981.435.720;2.716.744.402.874.830;729
16691;Develi Demiryolu;3.820.304.881.518.080;2.716.725.402.918.120;729
16692;Develi Bahçeler;3.820.776.884.662.560;2.716.422.705.928.470;729
16693;Develi Bahçeler;3.820.765.184.605.450;2.716.421.805.855.040;729
16694;Develi Seralar;3.820.669.783.114.220;2.716.848.805.242.080;729
16695;Develi Seralar;3.820.668.683.077.640;2.716.861.905.235.220;729
16696;Eskiizmir Anaokulu;38.373.086.445.910;2.710.898.159.912.270;124
16697;Eskiizmir Anaokulu;3.837.333.344.613.760;2.710.872.859.989.370;124
16699;İZTAŞIT Garaj;38.219.143.418.079;2.765.271.710.707.380;865
16700;Zeytinova Yol Ayrımı;3.817.186.444.947.330;2.772.180.091.116.950;865
16701;Zeytinova Yol Ayrımı;3.817.194.845.141.380;2.772.171.590.979.550;865
16702;Küme Evler;3.818.301.570.471.790;2.772.665.082.628.890;865
16703;Küme Evler;3.818.299.070.408.420;2.772.643.882.530.110;865
16704;Fen İşleri;3.818.603.077.396.910;2.772.832.780.393.160;865
16705;Fen İşleri;3.818.599.077.299.160;2.772.817.180.345.750;865
16706;Bayındır Anadolu Lisesi;3.819.100.388.705.350;2.772.887.675.304.170;865
16707;Bayındır Anadolu Lisesi;3.819.101.988.731.770;2.772.872.075.199.280;865
16708;Aile Sağlığı Merkezi;3.820.202.913.452.970;2.772.890.263.010.950;865
16709;Aile Sağlığı Merkezi;3.820.206.713.515.320;2.772.868.662.856.360;865
16710;Zeytinova Meydan;3.820.543.220.861.930;2.772.756.758.454.640;865
16711;Zeytinova Meydan;3.820.542.520.831.170;2.772.743.358.395.420;865
16712;Zeytinova Çıkış;3.820.730.824.730.560;2.772.526.155.166.930;865
16713;Zeytinova Çıkış;3.820.724.024.569.760;2.772.516.555.197.110;865
16714;Karapınar Yol Ayrımı;3.822.996.977.777.430;27.744.313.362.716;865
16715;Karapınar Yol Ayrımı;38.230.051.779.390;2.774.423.036.131.370;865
16716;Karahayıt Yol Ayrım;38.240.724.011.821;2.774.417.822.168.360;865
16717;Karahayıt Yol Ayrımı;3.824.072.201.099.880;27.743.880.220.597;865
16718;Gaziler;3.823.946.301.602.510;2.775.608.228.376.790;865
16719;Gaziler;3.823.953.401.719.850;2.775.593.728.224.110;865
16720;Alanköy;3.824.542.842.141.510;2.777.675.755.527.670;865
16721;Alanköy;3.824.536.241.810.530;2.777.670.755.683.650;865
16722;Lütuflar Meydan;3.827.036.977.329.040;2.780.495.796.642.090;865
16723;Lütuflar Meydan;3.827.035.988.571.650;2.780.479.898.291.090;865
16724;Orman İşletme;38.296.536.415.645;2.779.424.652.588.590;865
16725;Orman İşletme;3.829.649.641.400.620;2.779.409.952.628.250;865
16726;Kızılkeçili Meydan;38.321.607.930.855;2.779.167.010.012.880;865
16737;Keller Kırığı Küme Evleri;3.807.857.735.544.030;2.767.688.820.561.080;743
16738;Keller Kırığı Küme Evleri;3.807.858.235.486.530;2.767.705.520.723.420;743
16739;TOKİ Evleri;3.835.816.141.302.750;2.710.382.262.469.620;23-516-523-873-877-977
16740;TOKİ Evleri;3.835.807.841.300.610;2.710.403.962.391.750;23-516-523-873-877-977
16741;Armutluk;3.813.284.801.176.620;2.815.980.544.345.450;697-796-801
16742;Armutluk;3.813.258.300.057.690;28.159.864.451.916;697-796-801
16743;Yıldız Kenter Kültür Merkezi;3.838.783.347.085.950;2.710.761.458.863.020;16
16744;Yıldız Kenter Kültür Merkezi;3.838.793.947.067.560;2.710.730.858.972.430;16
16745;Mehmetler Mezarlığı;3.801.536.101.456.770;27.504.754.359.943;743
16746;Mehmetler Mezarlığı;3.801.539.401.752.810;2.750.444.435.694.310;743
16787;7 Eylül;3.816.039.892.257.990;2.736.292.115.181.480;858
16788;7 Eylül;38.160.039.919.345;2.736.267.514.971.540;858
16789;Orman Fidanlığı;3.816.981.003.757.520;2.735.910.217.017.070;858
16790;Orman Fidanlığı;3.817.090.505.163.440;2.735.833.117.115.020;858
16791;Acil Servis;3.817.444.609.280.440;27.357.235.178.386;858
16792;Acil Servis;3.817.449.609.439.280;2.735.684.917.739.440;858
16793;Kızılcaova Çiftlik;3.819.647.305.626.810;2.751.950.572.577.890;787
16794;Kızılcaova Çiftlik;3.819.636.405.464.260;2.751.947.572.603.610;787
16795;Karahalilli Bahçe;3.820.737.818.390.580;2.761.848.706.334.560;697-727-787-793-858
16796;Karahalilli Bahçe;3.820.738.018.401.310;2.761.948.506.751.630;697-727-787-793-858
16797;Yakapınar Çayırı;3.818.401.308.849.340;2.754.753.223.757.580;788
16798;Yakapınar Çayırı;3.818.367.181.876.020;2.754.768.288.839.490;788
16799;Zeytinköy Giriş;3.799.123.441.073.110;2.728.746.405.109.930;693
16800;Zeytinköy Giriş;37.991.286;27.287.117;693
16801;Acarlar;3.791.468.160.005.080;2.736.347.841.168.730;694
16802;Acarlar;37.915.176.605.230;2.736.371.242.440.910;694
16803;Menderes Devlet Hastanesi 2;3.823.912.704.495.240;2.713.596.725.537.440;799
16804;Menderes Devlet Hastanesi 2;3.823.929.304.538.480;2.713.610.925.607.510;799
16805;Çiftlik;3.818.133.850.159.570;2.806.598.922.578.870;609-611-616-621-697-796-803-806
16806;Çiftlik;3.818.139.750.093.420;2.806.542.821.983.460;609-611-616-621-697-796-803-806
16807;Organize Sanayi;3.822.281.652.601.350;2.768.683.320.919.990;679-790
16808;Organize Sanayi;3.822.302.153.014.550;2.768.683.620.706.790;679-790
16809;İntepe;3.819.211.401.030.390;2.750.397.068.007.710;788
16810;İntepe;3.819.165.600.323.550;2.750.416.668.205.020;788
16811;Kavaflar 2;3.842.235.857.473.490;27.136.214.391.002;27-36-234-838
16812;Arap Mahallesi;3.827.121.104.044.880;2.736.247.522.841.110;784
16813;Arap Mahallesi;3.827.122.204.054.420;2.736.276.022.845.680;784
16814;İşciler;3.843.377.463.529.250;27.155.438.267.302;253
16815;Üst Geçit;3.807.964.889.142.240;2.701.767.343.867.730;778
16817;Yapı Market;3.831.873.132.596.620;2.714.265.848.427.010;491
16818;Yapı Market;3.831.864.794.554.370;2.714.260.372.358.250;491
16819;İstasyon Alt Geçidi;3.832.388.634.191.070;2.714.097.849.351.030;491
16820;İstasyon Alt Geçidi;3.832.445.634.364.820;27.140.894.494.199;491
16821;Gaziemir İstasyon;3.832.680.035.062.440;27.140.000.498.428;491
16822;Gaziemir İstasyon;3.832.704.735.137.780;2.714.004.249.848.230;491
16823;İstasyon Üst Geçit;38.330.658.361.817;2.713.865.050.467.820;491
16824;İstasyon Üst Geçit;3.833.081.436.229.230;2.713.871.150.458.820;491
16825;Nazım Hikmet Parkı;3.833.560.337.576.450;2.713.736.751.067.650;491
16826;Nazım Hikmet Parkı;3.833.556.137.578.650;2.713.776.750.947.190;491
16827;Beyazevler Köprü;3.833.636.137.858.040;2.713.911.950.570.660;491
16828;Beyazevler Köprü;38.336.611.379.344;27.139.233.505.438;491
16829;Beyazevler;3.833.883.938.652.150;2.714.107.850.038.870;491
16830;Beyazevler;3.833.900.638.692.780;27.140.903.500.939;491
16831;Zeytinlik Ek Hizmet Binası;3.842.110.283.868.740;2.716.465.055.198.850;49
16833;Tepecik Otopark;3.842.220.691.629.770;2.716.411.359.142.060;49
16834;Yeşildere Mahalle Muhtarlığı;3.841.121.088.764.040;2.715.503.914.480.730;234
16835;Yüzbaşı Şerafettin Muhtarlık 2;3.836.332.241.930.210;2.709.876.964.254.480;224
16836;Alankıyı Bahçe;3.827.496.836.670.980;2.762.448.649.375.720;678
16837;Alankıyı Bahçe;3.827.550.737.600.430;2.762.464.348.867.720;678
16838;Çeşme;3.823.034.768.409.440;2.769.138.714.685.570;679-790
16839;Çeşme;3.823.052.968.739.230;27.691.168.144.037;679-790
16840;Sarnıç Aktarma Merkezi;3.831.287.430.704.090;2.714.453.947.277.660;491
16841;Ödemiş İtfaiye;3.822.111.439.287.640;2.797.659.166.193.620;609-611-616-618-621-795-796-803
16842;Ödemiş İtfaiye;3.822.118.039.576.990;2.797.674.966.134.110;609-611-616-618-621-795-796-803
16843;Üçyol Sevgi Yolu Parkı;38.405.236.520.517;2.712.212.549.719.290;887
16847;Zeytin;3.820.888.224.776.910;2.751.362.366.047.290;787
16849;Vadi Park;3.824.400.488.170.830;2.726.711.421.047.680;
16850;Yeniköy Küme Evleri;3.823.503.514.782.160;2.706.859.332.665.220;829
16851;Yeniköy Küme Evleri;38.235.052.148.204;270.684.043.271;829
16852;Karapınar;3.825.888.756.113.460;27.789.609.119.520;865
16853;Karapınar;3.825.875.155.696.590;2.778.932.812.071.440;865
16854;Zeytin;3.824.874.528.347.770;2.777.610.522.659.550;865
16855;Zeytin;3.824.861.928.044.840;2.777.604.722.823.990;865
16856;Pirenlik Park;3.830.327.327.857.840;2.713.165.448.914.860;353
16857;Pirenlik Park;3.830.311.927.817.160;2.713.140.048.946.440;353
16858;Kale;3.808.453.000.606.230;2.821.261.655.984.670;796
16859;Kale;3.808.452.900.351.570;2.821.178.454.838.140;796
16861;Arslanlar Zeytinlik;3.816.120.379.564.890;2.740.813.832.009.390;782
16862;Sultan Abdülhamit İlkokulu;3.824.685.990.308.890;2.726.592.521.552.720;712
16863;Binbaşı Reşatbey Mahallesi;3.835.228.842.140.650;2.713.689.751.203.390;232
16864;Aslanlar İlkokulu;3.835.186.841.906.990;2.713.503.751.826.610;232
16865;Serdar;3.838.865.549.448.220;2.712.555.551.574.910;550-556
16866;Sarnıç Mezarlık;3.829.135.122.141.890;2.717.004.938.450.990;889
16867;Sarnıç Mezarlık;3.829.127.332.106.730;2.717.012.488.423.190;889
16868;Sarnıç Kızılçam;3.829.151.622.037.180;2.717.410.937.732.980;889
16869;Sarnıç Kızılçam;3.829.145.422.013.220;2.717.406.337.730.930;889
16870;Tepeli;3.824.359.988.664.060;2.726.070.020.911.720;712
16871;Torbalı Şantiye;3.824.129.986.882.770;2.726.220.020.449.930;712
16872;Masal Konutları;3.824.179.987.599.370;2.725.930.020.523.180;712
16874;Kapalıbağ;3.819.631.700.657.270;2.772.863.769.299.080;865
16875;Kapalıbağ;38.196.860.037.904;2.772.886.037.623.520;865
16876;Şehit Fethibey;38.423.735.570.046;2.713.251.140.304.310;234
16878;Gazi Mahallesi;3.832.556.034.534.920;27.129.988.525.712;891
16879;Gazi Mahallesi;3.832.558.334.546.090;2.713.032.852.476.260;891
16884;Tokatbaşı Meydan;3.816.679.142.063.730;2.761.949.333.418.070;793
16887;Şehit Fethibey;3.842.300.356.807.380;2.713.212.140.700.320;39
20001;Karşıyaka İskele;3.845.559.359.119.550;2.712.154.634.122.760;135-137-742
20002;Karşıyaka İskele;38.455.611.684.051;2.712.193.154.853.990;222-853
20003;Karşıyaka İskele;3.845.564.375.411.380;27.122.291.128.443;126-326
20004;Karşıyaka İskele;3.845.565.065.093.030;2.712.258.071.070.010;136-361-487-920
20020;Bostanlı İskele;3.845.357.156.046.240;2.709.735.290.272.270;443
20021;Bostanlı İskele;38.453.435;270.974;820-827
20022;Bostanlı İskele;3.845.334.353.504.550;2.709.767.346.774.470;212-213-290
20023;Bostanlı İskele;3.845.350.079.457.480;27.097.262.491.250;330-543
20024;Bostanlı İskele;38.453.292;27.097.380;423-442
20025;Bostanlı İskele;38.453.165;27.097.438;229-429
20026;Bostanlı İskele;38.453.050;27.097.387;221-322-327
20027;Bostanlı İskele;38.453.643;27.097.137;446
20028;Bostanlı İskele;38.453.190;27.097.160;595
20029;Bostanlı İskele;3.845.303.046.455.830;2.709.727.006.336.670;821
20030;Bostanlı İskele;3.845.327.488.604.140;2.709.749.575.209.960;428
20031;Bostanlı İskele;38.453.326;27.097.239;547
20032;Bostanlı İskele;38.453.636.207.601;2.709.753.693.961.220;
20033;Bostanlı İskele;3.845.319.713.518.540;2.709.730.685.329.360;445-447
20040;Çınarlı Hastanesi;3.844.192.069.186.560;2.717.267.215.787.320;77-78-125-140-147-148-240-335-426-434-477-577
20041;Çınarlı Hastanesi;384.418;271.728;77-78-125-140-147-148-240-335-426-434-477-577
20042;Egem;384.436;271.730;77-78-125-140-147-148-240-335-426-434-477-577
20043;Egem;3.844.403.014.699.480;2.717.321.414.505.690;125-240-335-426-434-477-577
20044;Zafer Payzın Kavşağı;384.455;271.729;77-78-125-140-147-148-240-335-426-434-477-577
20045;Salhane İş Merkezi;38.449.910;27.172.302;77-78-125-140-147-148-240-335-426-434-477-577
20046;Salhane İş Merkezi;384.508;271.716;77-78-125-140-147-148-240-335-426-434-477-577
20047;Makine Mühendisleri Odası;384.537;27.17;77-78-125-140-147-148-240-335-426-434-477-577
20048;Makine Mühendisleri Odası;384.525;271.705;77-78-125-140-147-148-240-335-426-434-477-577
20049;Körfez;3.845.614.340.348.350;2.716.884.571.101.550;77-78-125-147-240-335-426-434-477-577
20050;Körfez;3.845.642.170.981.860;27.168.476.112.510;77-78-125-140-147-148-240-335-426-434-477-577
20051;Çevre ve Şehircilik İl Müdürlüğü;3.845.930.071.135.490;2.716.710.010.552.680;77-78-125-140-147-148-240-335-426-434-477-577
20052;Çevre ve Şehircilik İl Müdürlüğü;3.845.887.231.665.450;2.716.715.453.673.020;77-78-125-140-147-148-240-335-426-434-477-557-577
20053;Bayraklı İstasyon;38.463.232;27.164.705;77-78-125-140-147-148-240-335-426-434-477-577
20054;Bayraklı İstasyon;384.630;271.647;77-78-125-140-147-148-240-335-426-434-477-557-577
20055;Bayraklı Çamlık;3.846.710.070.804.650;2.716.110.009.701.530;77-78-102-125-140-147-148-240-335-426-434-477-501-502-504-577-598-662
20056;Bayraklı Park;384.646;271.635;77-78-125-140-147-148-240-335-426-434-477-577
20057;Turan;38.467.551;27.149.388;77-78-121-125-140-147-148-200-213-240-290-330-335-426-434-477-543-577-602-608-660-800-912-920
20058;Bayraklı Çamlık;3.846.760.070.493.870;2.715.970.010.141.750;77-78-125-140-147-148-240-335-426-434-477-577
20059;Naldöken;3.846.670.062.256.340;2.712.930.025.590.990;77-78-125-140-147-148-240-426-434-577-602-608-660-800-912
20060;Turan;384.675;271.503;77-78-121-125-140-147-148-200-213-240-290-330-335-426-434-477-543-577-602-608-660-800-912-920
20061;Öztürk;3.846.832.260.307.610;2.712.100.529.045.610;77-78-125-140-147-148-240-426-434-577-602-608-660-800-912
20062;Naldöken;384.661;271.297;77-78-125-140-147-148-240-335-426-434-477-577-602-608-660-800-912
20063;Soğukkuyu Trafik;384.675;271.174;77-78-125-140-147-148-240-426-434-577-602-608-660-800-912
20064;Öztürk;38.468.321;27.122.283;77-78-125-140-147-148-240-426-434-577-602-608-660-800-912
20065;Dedebaşı;384.722;271.081;125-126-222-326-535-602-608-660-800-853-912-920
20066;Soğukkuyu Trafik;384.674;271.179;77-78-125-140-147-148-240-426-434-577-602-608-660-800-912
20067;Ege Üniversitesi Karşıyaka Sağlık Yerleşkesi;3.847.330.056.998.890;2.710.630.034.388.190;125-126-222-326-535-602-608-660-800-853-912-920
20068;Dedebaşı;384.722;271.077;125-126-222-326-535-602-608-660-800-853-912-920
20069;Serin Kuyu;3.847.544.698.901.330;2.710.285.954.335.420;125-126-222-326-535-602-608-660-800-853-912-920
20070;Serinkuyu;3.847.410.056.598.810;2.710.450.034.971.480;125-126-222-326-535-602-608-660-800-853-912-920
20071;Kayalar Mezarlığı;384.772;270.993;327-535-602-608-660-800-853-912-920
20072;Kayalar Mezarlığı;384.769;270.994;535-602-608-660-800-853-912-920
20073;Karşıyaka Jandarma;384.785;270.951;327-535-602-608-660-800-853-912-920
20074;Karşıyaka Jandarma;384.784;270.947;535-602-608-660-800-853-912-920
20077;Ayyıldız;3.848.105.053.482.840;27.090.758.391.377;327-535-602-608-660-800-853-912-920
20078;Ayyıldız;384.796;270.924;535-602-608-660-800-853-912-920
20079;15 Temmuz Şehitler Anadolu Lisesi;3.848.300.052.723.320;2.708.750.040.010.830;327-535-602-608-660-800-853-912-920
20080;15 Temmuz Şehitler Anadolu Lisesi;3.848.210.052.948.040;27.088.500.398.765;535-602-608-660-800-853-912-920
20081;Çiğli İtfaiye;384.885;270.722;229-247-329-344-428-429-443-445-446-447-529-535-602-608-660-800-820-827-853-912-920
20082;Çiğli İtfaiye;384.882;270.726;229-247-329-344-428-429-443-445-446-529-535-602-608-660-800-820-827-853-912-920
20083;Eğitim Gönüllüleri;38.49;270.689;229-247-329-344-428-429-443-445-446-529-535-602-608-660-800-820-827-853-912-920
20084;Eğitim Gönüllüleri;384.896;270.690;229-247-329-344-428-429-443-445-446-529-535-602-608-660-800-820-827-853-912-920
20085;Çiğli Belediye;3.849.150.095.763.020;2.706.630.092.845.430;229-247-329-344-428-429-443-446-529-535-602-608-660-800-820-827-853-912-920
20086;Çiğli Belediye;3.849.110.047.506.880;2.706.650.047.820.050;229-247-329-344-428-429-443-446-529-535-602-608-660-800-820-827-853-912-920
20087;Çiğli Şaraphane;3.849.850.045.052.990;2.705.730.049.574.250;428-446-535-595-602-608-660-800-820-827-912-920
20088;Çiğli Şaraphane;3.849.865.644.884.420;2.705.665.849.863.890;428-446-535-595-602-608-660-800-820-827-912-920
20089;Çiğli Santral;3.850.091.344.229.770;2.705.436.050.110.820;428-446-535-595-602-608-660-800-820-827-912-920
20090;Çiğli Santral;3.850.044.544.263.920;2.705.443.750.286.280;428-446-535-595-602-608-660-800-820-827-912-920
20091;Küçük Çiğli;38.504.356;27.051.658;428-446-535-595-602-608-660-800-820-827-912-920
20092;Küçük Çiğli;38.503.133;27.052.173;428-446-535-595-602-608-660-800-820-827-912-920
20093;Ata;38.505.601;27.050.345;428-446-535-595-602-608-660-800-820-827-912-920
20094;Ata;385.059;270.495;428-446-535-595-602-608-660-800-820-827-912-920
20095;Balatçık Kahveler;3.851.282.541.232.440;2.704.486.549.814.720;128-295-428-595-596-602-608-660-695-800-820-827-920
20096;Balatçık Kahveler;385.119;270.452;128-295-346-428-595-596-602-608-660-695-800-810-816-817-820-827-853-912-920
20097;Eski Sinema;38.515.859;27.042.617;128-295-428-595-596-602-608-660-695-800-817-820-827-920
20098;Eski Sinema;385.161;270.421;128-295-428-595-596-602-608-660-695-800-817-820-827-920
20134;Bayraklı Üst Geçit;3.846.410.070.706.890;2.716.250.010.471.870;102-121-200-213-290-330-501-502-504-543-598-602-608-660-662-800-912-920
20135;Bayraklı Üst Geçit;384.641;271.631;121-200-213-290-330-543-602-608-660-800-912-920
20137;Nikah Salonu;384.667;271.606;121-200-290-330-543-602-608-660-800-912-920
20144;Tersane;38.461.587;27.128.038;121-196-200-290-330-543-920
20145;Tersane;384.629;271.282;121-196-200-290-330-543-920
20146; Selçuk Yaşar Alaybey Ortaokulu;384.596;271.265;121-196-200-290-330-543-920
20147; Selçuk Yaşar Alaybey Ortaokulu;38.459.512;27.126.278;121-196-200-290-330-543-920
20148;Muammer Aksoy Parkı;38.457.293;27.125.002;121-196-200-290-330-543-920
20149;Muammer Aksoy Parkı;38.457.540;27.124.995;121-196-200-290-330-543-920
20151;Karşıyaka İskele;384.560;271.223;121-126-135-136-137-197-200-212-213-222-258-290-326-330-361-487-543-741-742-777-847-853-920
20153;Osman Bey Parkı;384.541;271.178;121-126-135-136-137-197-200-222-258-290-326-330-361-487-543-741-742-777-847-853-920
20154;Osman Bey Parkı;384.545;271.187;121-126-135-136-137-197-200-222-258-290-326-330-361-487-543-741-742-777-847-853-920
20155;Tarık Dursun Kakınç;3.845.200.057.333.940;2.711.550.038.481.810;121-126-135-136-137-197-200-222-258-290-326-330-361-487-543-741-742-777-847-853-920
20157;Dokuz Eylül Dispanser;384.504;271.126;121-126-135-136-137-197-200-222-258-290-326-330-361-487-543-741-742-777-847-853-920
20159;Karşıyaka Yelken Kulübü;384.503;271.085;121-126-135-136-137-197-200-222-258-290-326-330-361-487-543-741-742-777-847-853-920
20161;Yunuslar;384.509;271.060;121-126-135-136-137-197-200-222-258-290-326-330-361-487-543-741-742-777-847-853-920
20172;Bostanlı İskele;3.845.428.753.571.740;27.097.643.464.449;121-200-777
20185;Yıllar;384.526;271.022;121-200-290-330-430-435-532-543-777
20189;Bostanlı Pazaryeri;384.609;270.869;121-200-229-322-327-423-428-429-442-443-445-446-447-595-777-820-821-827
20191;Beşikçioğlu Cami;3.846.359.551.190.160;27.084.305.497.404;121-200-229-322-327-423-428-429-442-443-445-446-447-595-777-820-821-827
20194;Bostanlı Pazaryeri;384.606;270.869;121-200-229-322-327-423-428-429-442-443-445-446-447-595-777-820-821-827
20196;Beşikçioğlu Cami;384.631;270.844;121-200-229-322-327-423-428-429-442-443-445-446-447-595-777-820-821-827
20197;Bostanlı Market;384.573;270.914;121-200-229-322-327-423-428-429-442-443-445-446-447-595-777-820-821-827
20198;Bostanlı Market;384.571;270.913;121-200-229-322-327-423-428-429-442-443-445-446-447-595-777-820-821-827
20199;Şehit Diplomat Erdoğan Özen;38.452.672;27.105.261;126-135-136-137-197-222-258-326-361-430-435-487-532-741-742-847-853-920
20200;Şehit Diplomat Erdoğan Özen;384.525;271.047;126-135-136-137-197-222-258-326-361-430-435-487-532-741-742-847-853-920
20201;Metin Aşıkoğlu Ortaokulu;3.845.439.592.224.960;2.710.642.594.199.090;126-135-136-137-197-222-258-326-361-430-435-487-532-741-742-847-853-920
20202;Metin Aşıkoğlu Ortaokulu;38.454.431;27.106.258;126-135-136-137-197-222-258-326-361-430-435-487-532-741-742-847-853-920
20203;Geçit 2;38.457.590;27.107.376;126-135-136-137-197-222-258-326-361-430-435-487-532-741-742-847-853-920
20204;Geçit 2;384.574;271.070;126-135-136-137-197-222-258-326-361-430-435-487-532-741-742-847-853-920
20205;Geçit 1;384.589;271.076;126-135-136-137-197-222-258-326-361-430-435-487-532-741-742-847-853-920
20206;Geçit 1;38.458.502;27.107.243;126-135-136-137-197-222-258-326-361-430-435-487-532-741-742-847-853-920
20207;Girne Bulvarı;384.610;271.081;126-135-136-137-197-222-258-326-361-430-435-487-532-741-742-847-853-920
20208;Girne Bulvarı;38.460.889;27.107.785;126-135-136-137-197-222-258-326-361-430-435-487-532-741-742-847-853-920
20209;Çayırcı;384.647;271.090;126-135-136-137-197-222-258-326-430-435-487-532-741-742-847-853-920
20211;Zafer Takı;38.467.061;27.109.770;126-135-136-137-197-222-258-326-430-435-487-532-741-742-847-853-920
20212;Çayırcı;384.649;271.088;126-135-136-137-197-222-258-326-430-435-487-532-741-742-847-853-920
20214;Zafer Takı;384.671;271.096;126-135-136-137-197-222-258-326-430-435-487-532-741-742-847-853-920
20223;Lunapark;38.462.571;27.110.124;361
20224;Lunapark;38.462.694;27.110.086;361
20225;Atatürk Bulvarı;38.461.990;27.112.996;361
20226;Atatürk Bulvarı;38.462.102;27.113.202;361
20230;Remzi Bey;38.462.350;271.148;361
20231;Remzi Bey;384.625;27.115.060;361
20232;Bahriye Üçok;38.465.570;27.115.450;361
20233;Bahriye Üçok;38.465.870;27.115.760;361
20238;Bahriye Üçok;3.846.547.481.527.230;2.712.701.414.657.620;361
20239;Karşıyaka Öğretmen Evi;3.846.575.060.599.960;2.712.317.029.079.010;361
20240;Karşıyaka Öğretmen Evi;3.846.567.060.549.120;2.712.300.029.199.010;361
20241;Ptt Santral;384.660;271.204;361
20242;Ptt Santral;38.465.910;27.120.160;361
20243;Fevzi Paşa İlkokulu;3.846.626.559.349.680;2.711.796.631.474.560;361
20244;Fevzi Paşa İlkokulu;3.846.614.059.363.820;2.711.807.031.475.780;361
20249;Faik Muhittin Adam İlkokulu;38.468.268;27.101.566;221
20250;Faik Muhittin Adam İlkokulu;38.467.722;27.101.778;221
20251;Nalkesen;384.703;271.016;221-487
20253;Adnan Menderes Anadolu Lisesi;3.846.820.156.862.340;27.107.227.361.051;487
20256;Nalkesen;384.704;271.020;221-487
20258;Adnan Menderes Anadolu Lisesi;3.846.841.096.011.940;2.710.729.732.446.030;487
20260;Velidedeoğlu;384.558;270.976;221-547
20261;Nergiz Sağlık Ocağı;38.469.560;27.104.180;487
20262;Nergiz Sağlık Ocağı;3.846.976.056.252.590;2.710.428.036.956.730;487
20263;Onur;384.583;270.994;221-547
20264;Onur;384.582;270.992;221-547
20265;Ümit;38.459.663;27.101.129;221-547
20266;Ümit;384.598;271.011;221-547
20273;Cengiz Parkı;384.609;270.999;221
20274;Cengiz Parkı;384.607;270.999;221
20275;Şehit Hikmet Ayerdem Parkı;3.846.234.354.211.290;27.097.866.432.716;221
20276;Şehit Hikmet Ayerdem Parkı;3.846.210.054.248.560;2.709.810.043.248.060;221
20281;Tren Yolu 2;384.615;271.025;547
20282;Tren Yolu 2;384.614;271.025;547
20283;Tren Yolu 1;38.462.750;27.101.216;547
20284;Tren Yolu 1;384.629;271.009;547
20289;İl Özel İdare Lojmanları;38.461.189;27.096.567;221-547
20290;İl Özel İdare Lojmanları;384.615;270.967;221-547
20291;Arya;3.846.377.854.571.910;2.709.899.342.128.840;547
20292;Arya;384.635;270.985;547
20295;Sadi Hoşses Parkı;38.461.685;27.096.304;221-547
20296;Sadi Hoşses Parkı;384.614;270.960;221-547
20297;Kanalboyu;38.463.526;27.096.050;221-547
20298;Kanalboyu;38.463.514;27.095.753;221-547
20330;Spor Kompleksi;38.466.701;27.088.803;547
20331;Spor Kompleksi;38.466.825;27.089.081;547
20332;Zübeyde Hanım Sağlık Merkezi;38.463.656;27.093.467;547
20333;Zübeyde Hanım Sağlık Merkezi;38.463.840;27.093.088;547
20334;Efes Sitesi;384.692;270.868;547
20335;Efes Sitesi;384.696;270.866;547
20336;Haydar Aliyev Parkı;3.847.270.051.413.740;2.708.360.046.500.730;229-327-423-428-429-442-443-445-446-447-547-595-820-827
20337;Haydar Aliyev Parkı;38.472.687.632.483;2.708.404.293.460.760;229-322-327-423-428-429-442-443-445-446-447-547-595-820-827
20338;Mavişehir;3.847.490.049.325.830;2.707.450.050.425.980;229-322-327-423-428-429-442-443-445-446-447-547-595-820-827
20339;Mavişehir;38.475.761.267.976;2.707.490.965.776.820;121-229-322-327-423-428-429-442-443-445-446-447-547-595-777-820-821-827
20340;Karya;3.847.626.357.524.710;2.706.671.964.042.450;229-322-327-423-428-429-442-443-445-446-447-547-595-777-820-827
20341;Karya;38.478.456;27.065.578;229-322-327-423-428-429-442-443-445-446-447-547-595-777-820-827
20352;Spor Merkezi;384.682;270.810;121-200-777-821
20353;Spor Merkezi;384.683;270.812;121-200-777-821
20354;Pamukkale Sitesi;384.694;270.785;121-200-777-821
20355;Pamukkale Sitesi;384.695;270.786;121-200-777-821
20356;Mavişehir Dört Yol;384.694;270.764;121-200-777-821
20357;Mavişehir Dört Yol;384.695;270.765;121-200-777-821
20358;Kuğu;384.694;270.722;121-777-821
20359;Kuğu;384.695;270.723;121-777-821
20360;Albatros;384.682;270.691;121-777-821
20361;Albatros;384.682;270.689;121-777-821
20362;Martı;384.708;270.671;121-777-821
20363;Martı;384.707;270.671;121-777-821
20366;Flamingo Sitesi 2;384.723;270.708;121-777-821
20367;Flamingo Sitesi 2;384.723;270.709;121-777-821
20368;Flamingo Sitesi;384.723;270.731;121-777-821
20369;Flamingo Sitesi;384.722;270.730;121-777-821
20382;Pamukkale Sitesi 2;38.469.889;27.075.362;200
20383;Pamukkale Sitesi 2;384.702;270.755;200
20384;Süleyman Demirel Lisesi;384.738;270.738;121-200-777-821
20385;Süleyman Demirel Lisesi;3.847.406.849.624.920;2.707.585.450.043.460;121-200-777-821
20395;Atakent Anadolu Lisesi;3.846.970.051.508.140;2.708.450.047.246.580;229-322-327-423-428-429-442-443-445-446-447-595-820-827
20396;Atakent Anadolu Lisesi;3.846.920.051.370.660;2.708.400.047.708.570;229-322-327-423-428-429-442-443-445-446-447-595-820-827
20410;Şemikler Meydan;3.847.099.832.600.820;2.709.424.814.805.760;221-222
20411;Şemikler Lisesi;384.720;270.964;221-222
20412;Şemikler Lisesi;384.720;270.963;221-222
20415;Birlik;3.847.488.855.619.330;27.100.408.367.583;222
20416;Birlik;3.847.495.755.628.350;2.710.042.836.717.770;222
20417;Naldöken İtfaiye;384.666;271.343;196-335-477
20418;Naldöken İtfaiye;384.668;271.342;196-335-477
20419;Çam;38.467.371;27.137.276;196-335-477
20420;Çam;3.846.741.064.354.220;27.137.070.213.940;196-335-477
20421;Naldöken Yol Ayrımı;384.666;271.310;196-335-477
20422;Leylak;38.472.183;27.097.962;221-487
20423;Leylak;38.471.922;27.097.967;221-487
20426;Soğukkuyu;384.690;271.167;77-78-135-137-197-577-742
20428;Demirci;38.471.214;27.118.158;77-78-135-137-197-577-742
20429;Bahçe;3.847.115.461.124.440;2.712.313.626.704.380;77-197-537
20430;Bahçe;3.847.119.461.290.390;2.712.376.126.368.770;77-197-537
20431;Gümüşpala Çamlık;384.702;271.257;77-197-537
20432;Gümüşpala Çamlık;38.470.035;27.126.010;77-197-537
20433;Terzi;384.694;271.279;77-197-537
20434;Terzi;384.695;271.279;77-197-537
20439;Ellinci Yıl İlkokulu;3.846.947.462.724.410;2.712.994.324.021.720;77-197-537
20440;Ellinci Yıl İlkokulu;3.846.952.662.725.030;2.712.992.424.007.670;77-197-537
20441;Gümüşpala Dört Yol;38.469.316;27.131.674;77-197-537
20442;Gümüşpala Dört Yol;3.846.942.253.122.890;2.713.163.434.185.670;77-197-537
20443;Gümüşpala Karakol;38.469.305;27.134.717;77-197-537
20444;Gümüşpala Karakol;38.469.405;27.134.929;77-197-537
20447;Gümüşpala Kahveler;38.468.627.644.438;2.713.685.620.942.910;196-335-477
20448;Gümüşpala Kahveler;3.846.852.164.385.260;2.713.668.221.078.530;196-335-477
20449;Muhtar;38.470.336;27.137.376;77-196-197-335-477-537
20450;Muhtar;384.701;271.372;77-196-197-335-477-537
20451;Emek;38.472.206;27.138.245;77-196-197-335-477-537
20452;Emek;38.472.070;27.138.014;77-196-197-335-477-537
20453;Gümüşpala Merkez;384.742;271.403;77-196-197-335-477-537
20454;Gümüşpala Merkez;384.743;27.14;77-196-197-335-477-537
20455;Gümüşpala Su Deposu;38.476.539;27.140.546;77-135-196-197-335-477-577-742
20456;Gümüşpala Su Deposu;384.766;271.405;77-135-196-197-335-477-577-742
20457;Cemil Atlas İlköğretim Okulu;384.791;271.415;135-335-742
20458;Cemil Atlas İlköğretim Okulu;384.789;271.413;135-335-742
20459;Doğançay Viyadüğü;3.848.380.068.200.560;2.714.410.009.879.090;135-335-742
20460;Doğançay Viyadüğü;3.848.360.068.120.120;2.714.390.010.084.710;135-335-742
20461;Kentaş;384.887;271.468;135-335-742
20462;Kentaş;384.890;271.469;135-335-742
20463;Doğançay Mezarlık;38.494.537;27.150.663;135-335-742
20464;Doğançay Mezarlık;384.945;271.505;135-335-742
20465;Çolakoğlu ;3.849.549.315.556.850;2.715.405.629.459.850;135-335-537-742
20466;Çolakoğlu;384.956;271.541;135-335-537-742
20467;Doğançay Meydan;384.955;271.550;135-335-537-742
20468;Doğançay Meydan;384.956;271.550;135-335-537-742
20469;Doğançay;384.978;271.559;135-537-742
20470;Doğançay;38.497.820;27.155.747;335-537-742
20481;Kuyumcu Abdullah Altınçubuk İlkokulu;3.847.221.274.911.380;2.711.901.614.958.890;77-78-135-137-197-577-742
20482;Girne Konutları;384.737;271.148;136-140-147-148-240-258-426-430-434-435-532-535-741-847
20483;Girne Konutları;384.737;271.151;77-78-135-137-147-148-197-240-258-426-430-434-435-532-535-537-577-741-742-847
20484;Yeni Girne;384.758;271.152;147-148-240-258-426-430-434-435-532-535-537-741-847
20485;Yeni Girne;384.754;271.155;147-148-240-258-426-430-434-435-532-535-537-741-847
20486;Girne Pazaryeri;384.788;271.151;240-426-430-434-435-535-537-741
20487;Girne Pazaryeri;384.788;271.155;240-426-430-434-435-535-537-741
20488;Zihni Üstün İlkokulu;38.481.010;27.114.532;240-426-430-434-435-535-537-741
20489;Zihni Üstün İlkokulu;384.812;271.149;240-426-430-434-435-535-537-741
20492;Soğukkuyu Atölye;384.733;271.214;78-135-137-577-742
20493;Soğukkuyu Atölye;384.732;271.214;78-135-137-577-742
20494;Dostluk;3.847.414.561.706.950;2.712.428.324.755.540;78-135-137-577-742
20495;Dostluk;3.847.410.061.733.670;2.712.440.024.716.480;78-135-137-577-742
20496;Kadızade Zühtü Işıl;384.740;271.274;78-135-137-577-742
20497;Kadızade Zühtü Işıl;384.739;271.277;78-135-137-577-742
20498;Pazaryeri;3.847.443.503.755.660;2.713.129.180.532.640;135-537-577-742
20499;Bakkal;384.740;271.289;135-537-577-742
20500;Kubilay;384.748;271.337;135-537-577-742
20501;Anadolu Cami;384.750;271.370;135-537-577-742
20502;Anadolu Cami;384.751;271.366;135-537-577-742
20503;Yunus;384.757;271.395;135-537-577-742
20504;Yunus;384.758;271.398;135-537-577-742
20515;Gümüşpala Ticaret Lisesi;384.774;271.351;77-196-197-477-577
20516;Gümüşpala Ticaret Lisesi;38.477.386;27.134.356;77-196-197-477-577
20517;Karşıyaka Endüstri Meslek Lisesi;38.477.232;27.136.836;77-196-197-477-577
20518;Karşıyaka Endüstri Meslek Lisesi;38.477.176;27.136.569;77-196-197-477-577
20519;Nafiz Gürman Muhtarlık;384.775;271.398;77-196-197-477-577
20520;Nafiz Gürman Muhtarlık;3.847.751.062.725.930;2.713.969.865.609.030;77-196-197-477-577
20523;Gümüşpala Lisesi;38.478.821;27.134.748;77-196-197-477-577
20524;Gümüşpala Lisesi;38.478.442;27.134.303;77-196-197-477-577
20525;Nuri Atik Mesleki ve Teknik Anadolu Lisesi;3.847.978.865.408.610;27.135.840.161.444;77-196-197-477-577
20526;Nuri Atik Mesleki ve Teknik Anadolu Lisesi;3.847.966.865.336.830;2.713.562.816.312.250;77-196-197-477-577
20527;Vali Namık Kemal İlköğretim Okulu;38.480.957;27.136.690;77-196-197-477-577
20528;Vali Namık Kemal İlköğretim Okulu;38.480.898;27.136.445;77-196-197-477-577
20529;Nafiz Gürman Eski Son Durak;3.848.227.666.470.020;2.713.867.613.448.440;77-196-197-477-577
20530;Nafiz Gürman Eski Son Durak;3.848.224.132.670.420;2.713.821.727.405.860;77-196-197-477-577
20531;Kayalık;3.848.388.079.511.140;27.140.058.018.077;77-196-197-477-577
20532;Kayalık;3.848.386.148.774.940;2.713.989.100.659.260;77-196-197-477-577
20535;Orkide;384.860;271.419;77-196-197-477-577
20536;Orkide;384.863;271.418;77-196-197-477-577
20543;Yamanlar PTT;38.474.939;27.128.506;78-137-537
20544;Yamanlar PTT;38.475.076;27.128.404;78-137-537
20545;Yamanlar Çeşme;3.847.767.911.083.430;2.712.991.719.123.870;78-137-537
20546;Yamanlar Çeşme;384.779;271.287;78-137-537
20547;Cemal Gürsel İlköğretim Okulu;38.478.881;27.131.153;78-137-537
20548;Yamanlar Semt Kütüphanesi;384.802;271.304;78-137-537
20549;Yamanlar Karakol;38.480.908;27.132.750;78-137-537
20550;Yamanlar Karakol;384.814;271.325;78-137-537
20551;Nergis;384.826;271.357;78-137-537
20552;Nergis;384.825;271.355;78-137-537
20553;Tünel;384.839;271.378;78-137-537
20554;Tünel;384.840;271.378;78-137-537
20558;Seyir Tepe;38.488.476;27.129.102;147-847
20559;Seyir Tepe;38.488.572;27.129.573;147-847
20560;Seyit Onbaşı;3.848.264.762.577.770;2.712.471.920.498.730;147-847
20561;Seyit Onbaşı;3.848.261.262.626.640;2.712.490.620.418.330;147-847
20562;Zehra Semahat İlköğretim Okulu;3.847.700.060.479.790;2.711.870.026.306.210;148-258
20563;Zehra Semahat İlköğretim Okulu;3.847.680.060.542.810;2.711.900.026.243.810;148-258
20564;Çiçek Parkı;3.847.710.131.726.040;2.712.130.309.038.870;148-258
20565;Çiçek Parkı;3.847.730.061.410.090;2.712.210.024.410.590;148-258
20566;Gürgen;38.479.953;27.124.798;148-258
20567;Gürgen;38.479.722;27.124.710;258
20568;Çınar Parkı;3.848.388.262.968.490;2.712.575.219.355.440;147-847
20569;Çınar Parkı;3.848.390.363.022.240;2.712.593.819.247.990;147-847
20570;Mutlu Parkı;384.778;271.178;147-532-847
20571;Mutlu Parkı;38.478.418;27.117.855;147-532-847
20572;Okul;38.480.412;27.117.294;147-532-847
20573;Okul;384.805;271.174;147-532-847
20574;Postacılar Muhtarlık;38.482.600.608.645;2.711.850.023.769.820;147-532-847
20575;Postacılar Muhtarlık;384.827;271.181;147-532-847
20576;Postacılar Trafo;384.822;271.204;147-532-847
20577;Postacılar Trafo;3.848.202.361.591.590;2.712.132.322.571.670;147-532-847
20578;İnönü Kültür Merkezi;3.848.197.332.130.860;2.712.306.928.575.750;147-532-847
20579;İnönü Kültür Merkezi;3.848.181.861.915.360;2.712.307.515.466.010;147-532-847
20581;Halit Özpirinç Lisesi;3.848.160.063.119.530;2.712.700.019.822.030;148-258-532
20582;Halit Özpirinç Lisesi;3.848.170.063.183.780;2.712.720.019.669.530;148-258-532
20593;Milli İrade Orta Okulu;38.482.900.642.977;2.713.080.017.211.510;148-258-532
20594;Milli İrade Orta Okulu;3.848.285.931.032.990;2.713.065.039.916.020;148-258-532
20595;Salkım Söğüt;384.838;271.329;148-258
20596;Salkım Söğüt;384.839;271.330;148-258
20597;Kurtuluş İpek İşeri İlköğretim Okulu;3.848.450.065.612.590;2.713.490.014.282.980;148-258
20598;Kurtuluş İpek İşeri İlköğretim Okulu;3.848.460.065.650.880;2.713.500.014.180.580;148-258
20599;Camcı;384.866;271.370;148-258
20600;Camcı;384.866;271.369;148-258
20601;Kahvehane;384.882;271.384;148-258
20602;Kahvehane;384.882;271.382;148-258
20603;Market;384.899;271.392;148-258
20604;Market;384.897;271.389;148-258
20605;Şirin Camii;3.849.090.067.570.590;2.713.950.008.577.010;148-258
20606;Şirin Camii;3.849.092.449.737.240;2.713.941.104.980.440;148-258
20607;Mutlu;384.926;271.397;148-258
20608;Mutlu;384.926;271.396;148-258
20609;Barış;384.945;271.399;148-258
20610;Barış;384.944;271.398;148-258
20611;Onur Mahallesi;384.961;271.403;148-258
20622;Şehit Yarbay Songül Yakut;3.848.521.445.570.030;2.711.202.489.568.660;136
20623;Şehit Yarbay Songül Yakut;3.848.539.759.423.820;2.711.213.317.243.370;136
20624;İmbatlı Muhtarlık Durağı;38.475.367;27.111.486;136-140
20626;Havva Özişbakan Lisesi;3.847.622.058.091.380;2.710.979.331.279.260;136-140
20627;İmbatlı Merkez Cami;3.847.351.257.795.090;2.710.938.932.697.080;136-140
20628;Örnekköy İlköğretim Okulu;384.780;271.102;136-140
20629;Havva Özişbakan Lisesi;38.476.203;27.109.963;136-140
20630;Örnekköy  Muhtarlık;384.806;271.106;136-140
20631;Örnekköy İlköğretim Okulu;384.778;271.102;136-140
20632;Örnekköy Polis Merkezi;3.848.250.058.937.270;27.111.400.275.437;136-140
20633;Örnekköy Pazaryeri;384.805;271.106;136-140
20634;Deniz Baykal Kültür Merkezi;3.848.419.679.610.650;2.711.318.821.328.760;136
20635;Örnekköy Polis Merkezi;3.848.230.058.924.290;2.711.140.027.637.910;136-140
20636;Mandıra;384.885;271.129;136
20637;Deniz Baykal Kültür Merkezi;3.848.382.559.400.980;2.711.280.126.177.720;136
20638;Şehit Profesör Doktor İlhan Varank İmam Hatip Lisesi;38.490.300.602.470;2.711.440.022.175.020;136
20640;Köprü;38.491.408;27.115.328;136-240-430-535-741
20641;Şehit Profesör Doktor İlhan Varank İmam Hatip Lisesi;3.849.020.060.269.110;2.711.450.022.171.390;136
20642;Şantiye;384.946;271.159;136-240-430-535-741
20643;Köprü;38.491.701;27.115.471;136-240-430-535-741
20645;Şantiye;384.947;271.161;136-240-430-535-741
20650;Mezbaha;3.849.884.848.994.320;2.711.674.901.447.180;741
20651;Mezbaha;3.849.870.849.064.120;2.711.714.901.290.480;741
20652;Zübeyde Hanım Huzurevi;38.496.682;271.167;741
20653;Zübeyde Hanım Huzurevi;38.496.632;27.116.827;741
20656;Çam;38.474.853;27.113.245;136-140
20657;Örnekköy;3.848.150.057.309.410;2.710.550.031.118.260;136-140-240
20658;Dizdar Cami;384.850;271.062;136-240
20659;Dizdar Cami;384.849;271.062;136-240
20660;Dostlar;384.864;271.063;136-240
20661;Dostlar;384.867;271.063;136-240
20662;Nuri Vesugay Parkı;384.940;271.119;136-240
20663;Nuri Vesugay Parkı;3.849.380.047.890.620;2.711.180.090.904.350;136-240
20664;Örnekköy Saha;384.834;271.102;140
20665;Örnekköy Saha;384.836;271.103;140
20666;Çilek;38.484.472;27.107.473;140
20667;Çilek;384.847;271.066;140
20672;Daryol;384.949;271.137;136-240-430
20673;Daryol;384.950;271.136;136-240-430
20674;Halime Çavuş;3.848.145.654.713.880;2.709.552.036.421.790;126
20675;Halime Çavuş;3.848.129.454.727.550;27.095.825.063.855;126
20676;Geçit;38.477.391;27.099.240;125-126-326-327
20677;Geçit;38.478.114;27.098.692;125-126-326
20678;Cumhuriyet Mahallesi Trafo;38.479.613;27.096.854;125-126-326-327
20679;Cumhuriyet Mahallesi Trafo;384.797;270.969;125-126-326
20680;Cumhuriyet Mahallesi Üçyol;3.848.138.773.492.090;2.709.596.865.055.340;125-326-327
20681;Cumhuriyet Mahallesi Üçyol;3.848.138.199.449.680;2.709.618.567.696.920;125-326
20682;Mürşide Altınçubuk İlköğretim Okulu;384.830;270.969;125-326-327
20683;Mürşide Altınçubuk İlköğretim Okulu;384.828;270.968;125-326
20684;Atatürk İlköğretim Okulu;384.832;270.946;126
20685;Atatürk İlköğretim Okulu;3.848.349.987.893.210;2.709.459.963.225.110;126
20687;Daryol;38.484.263;27.091.446;126
20688;Daryol;3.848.437.443.328.570;2.709.139.136.931.460;126
20689;Hüseyin Tokatlı Parkı;3.848.494.354.316.430;27.093.438.359.470;126
20695;Surlar;38.483.436;27.096.464;126
20696;Hüseyin Tokatlı Parkı;38.485.065.542.699;2.709.324.235.996.070;126
20697;Şair Eşref İlköğretim Okulu;38.482.588;27.098.690;126
20698;Surlar;384.834;270.967;126
20699;Şair Eşref İlköğretim Okulu;384.827;270.987;126
20700;Nafiz Gürman;38.488.182;27.143.249;77-196-197-477-577
20701;Fırın;384.834;270.985;125-326
20702;Fırın;384.835;270.985;125-326-327
20703;Behçet Uz Anadolu Lisesi;3.848.228.555.822.750;2.709.966.033.846.860;126
20704;Behçet Uz Anadolu Lisesi;3.848.212.909.332.870;27.100.330.407.374;126
20705;Saraç;38.480.706;27.102.039;126
20706;Saraç;384.808;271.021;126
20707;Cumhuriyet;3.847.960.056.704.330;2.710.360.032.988.920;126
20716;İnönü Mahallesi Muhtarlığı;384.840;270.997;125-326-327
20717;İnönü Mahallesi Muhtarlığı;384.842;270.999;125-326
20718;Marangoz;38.485.395;27.100.020;125-326-327
20719;Marangoz;384.859;271.002;125-326
20720;Yamaç Parkı;38.487.922;27.099.657;125-326-327
20721;Yamaç Parkı;384.882;270.995;125-326
20729;Dörtyol;384.917;271.092;136-240
20730;Dörtyol;384.918;271.088;136-240
20731;Elit Sitesi;384.933;271.063;136-240
20732;Elit Sitesi;384.933;271.062;136-240
20733;Ata;384.914;271.059;136-240
20734;Ata;384.911;271.054;136-240
20735;Martı Parkı;384.896;271.067;136-240
20736;Martı Parkı;384.896;271.069;136-240
20737;Meydan;38.492.187;27.109.975;136-240
20738;Meydan;38.492.524;27.110.510;136-240
20749;Denge Koleji;384.897;270.733;344-447
20751;Çiğli Emniyet Müdürlüğü;384.879;270.775;247-344-447
20752;Çiğli Emniyet Müdürlüğü;38.488.060;27.077.493;247-344-447
20753;Göknar;38.488.356;27.079.847;247-344-447
20754;Göknar;384.884;270.795;247-344-447
20755;Akasya;384.883;270.825;247-447
20756;Akasya;384.883;270.828;247-447
20757;Aydınlıkevler Muhtarlık;384.903;270.834;247-447
20758;Aydınlıkevler Muhtarlık;384.902;270.833;247-447
20759;Aydınlıkevler Cami;384.907;270.839;247-447
20760;Aydınlıkevler Cami;384.908;270.840;247-447
20761;Fakir Baykurt Parkı;38.488.718;27.081.151;247-447
20762;Fakir Baykurt Parkı;384.888;270.813;247-447
20763;Aydınlıkevler Park;384.905;270.862;247-447
20764;Aydınlıkevler Park;384.905;270.861;247-447
20769;Çifte Havuzlar;384.897;270.801;344
20770;Çifte Havuzlar;38.489.925;27.079.737;344
20771;Yamanlar Sitesi;384.917;270.826;344
20772;Dostlar;384.918;270.825;344
20773;Su Deposu;384.934;270.837;344
20774;Su Deposu;384.935;270.837;344
20779;Eczane;384.979;270.881;344-445
20780;Eczane;384.977;270.881;344-445
20781;Yamaç;384.946;270.851;344-445
20782;Yamaç;384.950;270.847;344-445
20783;Evka 2 Telekom;384.950;270.877;344-445
20784;Evka 2 Telekom;384.949;270.873;344-445
20785;Evka 2 Postane;384.959;270.889;344-445
20786;Evka 2 Postane;384.959;270.887;344-445
20789;Evka 2 Merkez Cami;3.849.990.052.979.470;2.708.710.032.253.240;344-445
20790;Evka 2 Merkez Cami;38.50;270.868;344-445
20791;Milli Piyango Anadolu Lisesi;3.850.050.052.157.770;2.708.410.033.619.510;344-430-445
20792;Milli Piyango Anadolu Lisesi;3.850.040.052.157.040;2.708.410.033.669.030;344-430-445
20793;Eski Son Durak;3.849.940.051.548.250;2.708.190.035.383.180;344-430-445
20794;Eski Son Durak;384.989;270.816;344-430-445
20795;Dede;385.013;270.826;344-445
20796;Dede;385.013;270.828;344-445
20797;Evka 2 Manzara;384.997;270.809;344-445
20798;Evka 2 Manzara;38.499.710;27.081.090;344-445
20799;Evka 2 Son Durak;3.849.719.465.685.740;2.707.979.414.324.690;344-445
20815;Sevgi Ormanı;385.044;270.891;247-426-430-447
20816;Sevgi Ormanı;385.045;270.889;247-426-430-447
20818;Akçaağaç;384.916;270.874;247-447
20819;Akçaağaç;384.917;270.875;247-447
20820;Acer;384.933;270.893;247-430-447
20821;Acer;384.933;270.895;247-430-447
20822;Kızılağaç;384.953;270.909;247-430-447
20823;Kızılağaç;384.954;270.911;247-430-447
20824;Ketenci;3.849.630.054.268.280;2.709.200.031.330.660;247-430-447
20825;Ketenci;3.849.621.469.634.810;2.709.205.176.363.530;247-430-447
20826;Yıldız;384.984;270.918;247-426-447
20827;Yıldız;384.985;270.918;247-426-447
20828;Şehit Jandarma Komando Fikri Koruer Parkı;3.849.940.053.803.390;2.709.010.030.842.970;247-426-447
20829;Şehit Jandarma Komando Fikri Koruer Parkı;3.849.970.053.724.870;2.708.980.030.859.170;247-426-447
20830;Kamelya;385.010;270.879;247-426-447
20831;Kamelya;385.011;270.878;247-426-447
20832;Şehit Astsubay Uğur Görkem Harmankaya;3.850.300.053.151.070;2.708.760.030.421.760;247-426-430-447
20833;Şehit Astsubay Uğur Görkem Harmankaya;3.850.330.053.266.230;2.708.800.030.047.110;247-426-430-447
20834;Gürgen;385.035;270.906;247-426-430-447
20835;Gürgen;385.033;270.905;247-426-430-447
20836;Evka 6;3.850.129.054.085.420;2.709.100.329.396.270;125-247-322-326-426-430-447
20853;Mustafa Kemal Mahallesi Muhtarlığı;3.849.430.055.534.570;2.709.680.029.688.940;125-247-322-326-426-430
20854;Şehit Üsteğmen Onur Özkaya;38.491.700.539.392;2.709.120.033.993.790;125-322-326-426
20855;Şehit Üsteğmen Onur Özkaya;38.491.821.540.151;2.709.147.133.788.640;125-322-326-426
20856;Körfez Köy;384.938;270.940;125-247-322-326-426-430
20857;Körfez Köy;384.936;270.935;125-247-322-326-426-430
20858;Mustafa Kemal Mahallesi Muhtarlığı;3.849.440.055.455.120;2.709.650.029.803.310;125-247-322-326-426-430
20865;Maltepe Giriş;3.849.100.048.114.670;27.068.900.465.389;445
20866;Maltepe Giriş;3.849.090.048.013.510;2.706.850.046.804.960;445
20867;Maltepe;384.920;270.709;445
20868;Maltepe;384.920;270.711;445
20869;Kıraathane;384.933;270.732;445
20870;Kıraathane;384.934;270.734;445
20871;Teğmen Ali Rıza Akıncı Anadolu Lisesi;3.849.430.050.526.320;2.707.820.039.882.580;445
20872;Teğmen Ali Rıza Akıncı Anadolu Lisesi;3.849.440.050.263.590;2.707.720.040.387.320;445
20873;Kömürcü;384.942;270.834;445
20874;Kömürcü;384.942;270.837;445
20875;Cemil Meriç Parkı;3.849.390.051.236.050;2.708.090.038.584.040;445
20876;Cemil Meriç Parkı;3.849.410.051.158.640;2.708.060.038.654.520;445
20885;Mobilyacı;3.849.341.331.847.060;2.706.542.271.549.340;229-329-429-529
20887;Dereyolu;38.496.431;27.067.324;229-329-429-529
20889;Çiğli Kız Meslek Lisesi;384.980;270.685;229-329-429-529
20890;Çiğli Kız Meslek Lisesi;384.984;270.686;229-329-429-529
20891;Üçyol;385.065;270.712;229-529
20892;Üçyol;385.064;270.711;229-529
20893;Park;385.048;270.717;229-529
20894;Park;385.046;270.716;229-529
20895;Düzyol;385.045;270.746;229-529
20896;Düzyol;385.044;270.746;229-529
20897;Site;385.045;270.779;229-529
20898;Site;385.046;270.777;229-529
20899;Yakakent;38.505.775.505.705;2.707.835.434.193.420;229-529
20902;Köyiçi Mahallesi Muhtarlık;3.849.500.046.656.660;2.706.330.047.824.450;229-329-429-529
20904;Okul;384.965;270.657;229-329-429-529
20906;Güzeltepe Dört Yol;385.001;270.702;229-329-429-529
20907;Güzeltepe Dört Yol;38.50;270.703;229-329-429-529
20908;Güzeltepe Muhtarlık;385.010;270.724;229-329-429-529
20909;Güzeltepe Muhtarlık;385.010;270.726;229-329-429-529
20910;Güzeltepe Esentepe Cami;3.850.186.842.131.190;2.707.530.954.889.170;229-329-429-529
20911;Güzeltepe Esentepe Cami;3.850.180.122.943.710;2.707.530.238.188.470;229-329-429-529
20912;Kemal Hadımlı Ortaokulu;3.850.246.248.952.020;2.707.717.616.600.650;229-329-429-529
20913;Kemal Hadımlı Ortaokulu;3.850.230.050.214.050;2.707.700.036.688.530;229-329-429-529
20923;Güzeltepe Futbol Sahası;3.850.390.031.126.580;2.707.700.054.073.960;229-430-529
20924;Güzeltepe Futbol Sahası;3.850.370.050.856.050;2.707.690.035.343.750;229-430-529
20925;Kanuni İlkokulu;3.850.370.126.093.770;2.707.499.936.253.020;229-430-529
20926;Kanuni İlkokulu;3.850.360.085.889.220;2.707.499.970.864.140;229-430-529
20927;Çiğli Kooperatif 1;38.503.700.500.058;2.707.300.031.059.070;229-430-529
20928;Çiğli Kooperatif 1;385.036;270.728;229-430-529
20929;Mehmetçik;3.850.417.249.359.920;27.071.094.385.018;229-430-529
20930;Mehmetçik;3.850.420.048.508.250;2.707.080.039.234.040;229-430-529
20931;Çiğli Kooperatif 2;385.069;270.704;229-430-529
20932;Çiğli Kooperatif 2;385.071;270.704;229-430-529
20934;Bayır;38.505.726.483.219;2.707.045.353.471.740;229-430-529
20935;Bayır;3.850.584.648.355.980;2.707.058.553.337.570;229-430-529
20937;Şehit Erdal Kılıç;3.849.816.304.031.250;2.707.229.441.381.520;329-429
20938;Şehit Erdal Kılıç;3.849.835.093.874.420;2.707.251.781.194.980;329-429
20939;Güzeltepe Üçyol;385.006;270.766;329-429
20940;Güzeltepe Üçyol;385.005;270.764;329-429
20941;Güzeltepe Manzara;384.997;270.738;329-429
20942;Güzeltepe Manzara;384.997;270.737;329-429
20943;Güzeltepe İlkokulu;3.849.650.048.713.890;27.071.300.426.684;329-429
20944;Güzeltepe İlkokulu;3.849.660.048.713.390;2.707.130.042.621.260;329-429
20945;Güzeltepe Karakol;384.950;270.694;329-429
20946;Güzeltepe Karakol;384.949;270.694;329-429
20947;Şirintepe Market;3.849.320.047.902.050;2.706.810.045.979.760;329-429
20948;Şirintepe Market;3.849.330.047.927.120;2.706.820.045.878.460;329-429
20949;Güzeltepe Kahve;3.849.362.072.434.010;2.707.046.831.272.980;329-429
20950;Güzeltepe Kahve;3.849.374.055.080.920;2.707.045.514.557.920;329-429
20951;Güzeltepe Eski son durak;384.951;270.727;329-429
20952;Güzeltepe Eski Son Durak;384.952;270.727;329-429
20953;Şehit Ahmet Ay Parkı;3.849.511.600.582.750;2.707.387.010.607.350;329-429
20954;Şehit Ahmet Ay Parkı;384.951;270.739;329-429
20956;Güzeltepe;384.961;270.754;329-429
20965;Egekent Dispanser;38.496.768;27.061.033;123-342-423-442-443-816
20966;Egekent Dispanser;384.969;270.609;123-342-423-442-443-816
20967;Ormancı Sitesi;385.001;270.644;123-342-442-443-816
20968;Ormancı Sitesi;385.010;270.645;123-342-442-443-816
20969;Çağdaş Sitesi;3.850.290.647.252.070;27.066.061.425.406;123-442
20970;Çağdaş Sitesi;385.031;270.659;123-442
20971;Egekent Üçyol;38.506.486;27.067.086;123-442
20972;Egekent Üçyol;385.060;270.668;123-442
20973;Egekent Köşe;385.076;270.666;123
20974;Egekent Köşe;3.850.749.069.916.440;2.706.675.090.360.710;123
20975;Egekent Devlet Hastanesi;385.068;270.633;123
20976;Egekent Devlet Hastanesi;385.067;270.633;123
20977;Büyük Çiğli Anadolu Lisesi;3.849.830.046.502.190;2.706.290.046.517.190;123-342-423-442-443-816
20978;Büyük Çiğli Anadolu Lisesi;3.849.830.046.398.420;2.706.250.046.741.780;123-342-423-442-443-816
20985;Akiş Öğütçü İlköğretim Okulu;3.850.250.047.003.420;27.065.100.432.796;342-443-816
20986;Akiş Öğütçü İlköğretim Okulu;38.501.400.464.692;2.706.300.044.993.310;342-443-816
20987;Egekent Postane;385.023;270.605;342-443-816
20988;Egekent Postane;385.024;270.602;342-443-816
20989;Turan Çakın İlkokulu;3.850.420.045.238.490;2.705.860.046.140.350;342-443-816
20990;Turan Çakın İlkokulu;3.850.408.473.831.140;2.705.846.587.089.780;342-443-816
20991;Egekent Trafo;385.065;270.572;342-443-816
20992;Egekent Trafo;385.064;270.571;342-443-816
20993;Adliyeciler Sitesi;3.850.677.189.889.980;2.705.830.032.644.030;342-443-816
20994;Adliyeciler Sitesi;385.072;270.585;342-443-816
20995;Eshotçular Sitesi;3.850.504.145.479.470;2.705.960.045.164.710;342-443-816
20996;Eshotçular Sitesi;385.054;270.598;342-443-816
20997;Egekent Park;3.850.431.434.988.630;2.706.155.880.617.470;342-443-816
20998;Egekent Park;385.052;270.614;342-443-816
20999;Egekent Cami;3.850.664.946.070.830;2.706.197.743.025.640;342-443-816
21000;Egekent Cami;385.078;270.632;123-342-443-816
21001;İzkent Çay Bahçesi;3.850.810.046.661.710;2.706.430.040.983.470;123-342-443-816
21002;İzkent Çay Bahçesi;3.850.910.436.402.680;2.706.467.569.705.330;123-342-443-816
21003;İzkent Meydan;3.851.013.046.790.250;2.706.496.639.584.450;123-342-443-816
21004;İzkent Meydan;3.851.086.835.999.460;2.706.457.295.699.890;123-342-442-443-816
21019;İzkent Üçyol;3.851.350.046.758.020;2.706.520.037.731.410;123-342-443-816
21020;İzkent Üçyol;3.851.349.536.558.190;2.706.514.028.753.090;123-342-443-816
21021;Tepe;385.148;270.663;123-342-443-816
21022;Tepe;385.152;270.663;123-342-443-816
21023;Çiğli İzkent;385.163;270.672;123-342-443-816
21024;Çiğli İzkent;385.174;270.667;123-342-443-816
21025;Yoldaş;385.177;270.661;123-342-443-816
21026;Yoldaş;3.851.800.774.482.230;2.706.550.611.106.880;123-342-443-816
21027;Atatürk Mahallesi Zirve;3.851.900.046.317.250;2.706.430.035.377.890;123-342-346-442-443-446-810-816
21028;İzkent Son Durak;3.851.790.046.585.440;2.706.510.035.496.220;123-342-346-442-443-446-810
21029;Atatürk Mahallesi Gezer;3.851.990.046.513.040;2.706.510.034.436.340;346-442-446-810-816
21031;Atatürk Mahallesi Doğan;3.852.090.046.851.040;2.706.640.033.147.850;346-442-446-810-816
21035;Atatürk Mahallesi Zirve;3.851.880.507.973.940;2.706.407.915.190.080;123-342-346-442-443-446-816
21049;Münevver Öğretmen Ortaokulu;3.851.198.742.920.420;2.705.100.846.672.580;346-446-810-816
21050;Münevver Öğretmen Ortaokulu;3.851.233.848.030.710;2.705.135.300.735.470;346-446-810-816
21051;Çiğli İMKB Mesleki ve Teknik Anadolu Lisesi;38.513.400.435.315;2.705.350.044.523.370;346-446-810
21052;Çiğli İMKB Mesleki ve Teknik Anadolu Lisesi;3.851.340.043.422.570;2.705.310.044.754.670;346-446-810
21053;Evka 5 Park;385.159;270.546;346-446-810
21054;Evka 5 Park;385.158;270.551;346-446-810
21055;İlkevler;385.149;270.533;346-446-810
21056;İlkevler;385.150;270.534;346-446-810
21057;Atatürk;3.851.452.897.989.380;2.704.970.969.403.420;346-446-810
21058;İlkevler 2;385.138;270.518;346-446-810
21059;9 Eylül;3.851.620.043.155.130;2.705.260.043.621.620;346-446-810
21060;Atatürk;3.851.500.042.339.290;2.704.940.046.091.080;346-446-810
21061;Evka 5 İş Merkezi;385.170;270.529;346-446-810
21062;9 Eylül;3.851.543.269.494.560;2.705.196.413.111.930;346-446-810
21063;Evka 5 Cumhuriyet;3.851.866.763.177.720;2.705.416.485.932.740;346-446-810
21064;Evka 5 Cumhuriyet;3.851.880.043.416.290;2.705.400.041.465.250;346-446-810
21065;Gülen Kora Ortaokulu;3.851.957.065.111.370;2.705.659.278.734.260;346-446
21066;Gülen Kora Ortaokulu;3.851.970.044.130.370;2.705.670.039.422.350;346-446
21069;Palmiye;38.517.565;27.050.539;810
21070;Palmiye;38.517.583;27.050.627;810
21071;Önder;38.518.861;27.049.665;810
21072;Önder;38.518.962;27.049.772;810
21073;Yıldız Tınas İzmiroğlu Anadolu Lisesi;3.851.760.641.964.260;2.704.853.045.270.440;810
21074;Yıldız Tınas İzmiroğlu Anadolu Lisesi;3.851.758.341.915.590;2.704.834.845.388.410;810
21094;Söğüt;3.848.616.373.315.650;2.706.005.416.806.540;423-442-595-816-817
21095;Söğüt;3.848.621.545.656.350;2.705.885.654.187.960;423-442-595-816-817
21096;Bayraktar Sitesi;3.848.585.845.056.560;2.705.634.955.724.020;423-442-595-816-817
21097;Bayraktar Sitesi;384.860;270.561;423-442-595-816-817
21106;Organize Sanayi;384.759;27.039.920;
21114;Tenis Kulübü;384.871;270.533;423-442-595-816-817
21115;Tenis Kulübü;3.848.699.615.324.730;2.705.350.056.499.420;423-442-595-816-817
21116;Kent Hastanesi;3.849.050.043.968.990;2.705.220.056.033.820;423-442-816-817
21117;Kent Hastanesi;3.849.070.044.013.130;2.705.240.055.835.020;423-442-816-817
21122;Büyük Çiğli Mezarlık;3.848.947.258.429.280;2.705.498.318.835.950;123-149-247-329-342-344-529-595-751-816
21123;Büyük Çiğli Mezarlık;38.489.400.446.986;2.705.510.054.895.540;123-149-247-329-342-344-529-595-751-816
21129;Eshotçular Sitesi;3.849.169.845.081.260;2.705.682.952.924.390;123-149-247-329-342-344-529-595-751-816
21130;Eshotçular Sitesi;3.849.217.245.200.350;2.705.734.452.426.640;123-149-247-329-342-344-529-595-751-816
21132;Şehit Ali Karaoğlan Lisesi;384.932;270.545;149-423-442-751-853
21133;Şehit Ali Karaoğlan Lisesi;384.935;270.530;149-423-442-751-853
21135;Tariş depoları;384.936;270.498;751
21136;Tariş depoları;384.935;270.493;751
21137;Tariş İpek;384.939;270.431;149-751
21138;Tariş İpek;384.936;270.434;149-751
21139;Organize Sanayi Cami;384.939;270.381;149-751
21140;Organize Sanayi Cami;384.937;270.381;149-751
21142;Benzinlik;3.847.549.940.715.360;2.703.637.070.877.240;149
21145;Sasalı Piknik Alanı;384.951;269.845;751-777
21146;Sasalı Piknik Alanı;384.949;269.843;751-777
21147;Ana Jet Üssü;384.952;269.804;751-777
21148;Ana Jet Üssü;384.950;269.804;751-777
21149;Çakabey;384.923;269.588;751-777
21150;Çakabey;384.920;269.584;751-777
21151;Hanımeli;38.491.554.891.891;2.694.506.687.587.120;751-777
21152;Hanımeli;3.849.153.131.060.180;2.694.519.945.895.650;751-777
21153;Çiğli Fen Lisesi;38.495.246.200.501;2.694.544.716.510.710;751-777
21154;Neşeli;38.492.946;26.946.403;751-777
21155;Kutup Yıldızı;384.947;270.020;149-751-777
21156;Kutup Yıldızı;384.944;270.022;149-751-777
21157;Kaklıç Kavşağı;384.949;269.936;149-751-777
21158;Kaklıç Kavşağı;384.946;269.942;149-751-777
21161;Neşeli;3.849.288.720.665.050;2.694.680.016.548.560;751-777
21169;Tel Örgü;38.500.316;26.990.217;149
21170;Tel Örgü;38.500.456;26.990.021;149
21171;Fabrika;385.041;269.890;149
21172;Fabrika;385.044;269.888;149
21173;Kaklıç Köprü;38.506.200.278.411;26.988.500.860.942;149
21174;Kaklıç Köprü;3.850.588.027.930.090;26.988.733.860.935;149
21175;Kaklıç Mezarlık;3.850.749.881.189.450;2.698.788.876.161.510;149
21176;Kaklıç Mezarlık;3.850.760.027.545.810;2.698.790.085.843.510;149
21177;Kaklıç Cami;38.509.300.272.824;2.698.760.085.274.980;149
21178;Kaklıç Cami;38.509.200.272.707;2.698.750.085.379.310;149
21179;Kaklıç İlkokulu;3.851.028.927.133.570;2.698.745.184.924.990;149
21180;Kaklıç İlkokulu;3.851.029.527.092.780;2.698.727.985.025.750;149
21181;Kaklıç;385.115;269.858;149
21193;Eyüp Sitesi;3.849.430.043.477.270;2.705.060.055.257.910;149-816-817-853
21194;Eyüp Sitesi;3.849.440.043.400.110;27.050.300.553.822;149-816-817-853
21195;Çiğli Devlet Hastanesi;3.849.670.943.075.620;2.704.928.454.919.730;149-816-817-853
21196;Çiğli Devlet Hastanesi;3.849.719.548.424.830;2.704.878.952.419.670;149-816-817-853
21200;Bankalar;384.914;270.369;149
21201;Serbay;384.992;270.438;853
21203;Zakkum;3.850.080.041.134.490;2.704.217.057.104.340;
21204;Sistaş;38.502.918;27.039.959;853
21205;Sistaş;385.034;270.402;853
21207;Tepaş;385.045;270.376;853
21208;Banka;384.978;270.445;149
21209;Çiftel;385.026;270.370;
21210;Tepaş;38.504.402;27.038.921;853
21211;Lider;384.998;270.369;
21212;Zakkum;3.850.093.041.063.340;27.041.910.571.935;853
21213;Pırıl;384.969;270.369;
21214;Serbay;38.499.322;27.043.796;853
21215;Bankalar;384.920;270.367;149
21216;Metro;384.846;270.366;149
21217;Elektral;3.848.830.040.302.390;2.703.650.065.773.240;149
21220;Elektral;3.848.873.778.166.330;2.703.676.021.455.710;149
21221;Metro;384.843;270.364;149
21223;Vena;3.848.210.040.850.630;2.703.790.067.497.130;
21225;Trafo 2;384.821;270.414;
21227;Bora;384.821;270.447;
21229;Polibak;384.820;270.483;
21231;Egepen;384.839;270.490;
21233;Senkromeç;38.486.191.071.678;2.704.839.776.766.640;
21235;Namlı;384.862;270.450;
21237;Gökova;384.867;270.419;
21239;Ege Fermuar;384.889;270.420;
21241;Ata Sanayi Dispanser;384.910;270.392;
21246;Ahmet Yesevi Cami;38.511.307;27.037.769;817-920
21247;Ahmet Yesevi Cami;38.511.393;27.037.847;817-920
21248;Kyk Çiğli Öğrenci Yurdu;3.851.291.254.149.330;2.703.765.689.736.840;817-920
21249;Kyk Çiğli Öğrenci Yurdu;38.512.724.648.511;2.703.769.467.589.540;817-920
21252;Şerbetçi;385.083;270.402;817
21253;Şerbetçi;38.508.023;27.040.269;817
21254;Neyhan;38.510.625;27.040.479;817
21255;Neyhan;385.107;270.406;817
21256;Düğüm;3.851.427.139.281.830;2.703.783.753.193.510;817-920
21257;Düğüm;3.851.442.539.298.720;2.703.793.853.058.270;817-920
21258;Çiğli Ege Sanayi Sitesi;3.851.640.241.795.340;2.703.500.122.324.320;817-920
21259;Çiğli Ege Sanayi Sitesi;3.851.660.025.153.570;2.703.499.921.932.360;817-920
21263;Doğal Yaşam Sitesi;3.849.920.622.444.690;26.959.917.061.941;751
21264;Koza Sitesi;3.850.313.863.382.570;26.959.268.793.130;751
21266;Flamingo Sitesi;38.505.145.804.590;2.695.870.107.642.780;751
21269;Gazi Çiçek;385.075;269.579;751
21271;Sasalı Doğal Yaşam Parkı;3.848.780.023.751.460;2.695.890.111.051.920;751-777
21272;Sasalı Giriş;384.919;26.953.360;777
21273;Sasalı Giriş;384.919;26.953.470;751-777
21274;Sasalı Meydan;3.849.444.043.133.970;2.695.243.225.109.680;751-777
21275;Sasalı Meydan;3.849.423.021.684.960;2.695.287.112.366.030;751-777
21276;Çiçek;38.493.980;26.951.460;751-777
21277;Çiçek;384.940;26.951.380;751-777
21278;Manolya;384.931;26.950.530;751-777
21279;Manolya;38.493.080;26.950.530;751-777
21280;Portakal;38.492.275;26.949.395;751-777
21281;Portakal;38.492.160;26.949.630;751-777
21296;Tuz İşletmesi Lokali;3.847.774.225.069.520;2.691.456.912.268.250;751
21297;Tuz İşletmesi Lokali;3.847.741.985.829.990;2.691.453.626.656.920;751
21317;Şehit Üsteğmen İbrahim Fahri Efendi;38.537.916;27.056.072;295-608-820
21318;Şehit Üsteğmen İbrahim Fahri Efendi;38.537.871;27.056.307;295-608-820
21321;Tekel Lojmanlar;385.184;270.336;595-596-817-920
21322;Tekel Lojmanlar;385.183;270.332;595-596-817-920
21325;Yörük;385.398;270.567;295-608-820
21326;Yörük;3.853.981.532.636.380;2.705.648.384.182.550;295-608-820
21328;Katip Çelebi Üniversitesi;3.851.780.737.273.560;2.703.116.555.352.990;207-595-596-817-920
21329;Meydan Yolu;38.520.113.397.909;2.704.113.848.312.780;295-608-695-820-827
21330;Meydan Yolu;3.851.960.039.542.080;2.704.010.049.186.040;295-608-695-820-827
21333;Uğur Mumcu Sağlık Ocağı;3.852.240.040.706.970;2.704.500.044.855.380;295-608-695-827
21334;Uğur Mumcu Sağlık Ocağı;3.852.250.040.645.050;2.704.480.044.920.720;295-608-695-820-827
21335;Uğur Mumcu;3.852.545.040.820.460;2.704.610.542.593.690;295-608-695-820-827
21336;Uğur Mumcu;3.852.524.840.698.970;2.704.562.742.983.380;295-608-695-820-827
21337;İnönü Mahallesi;385.270;270.472;295-608-695-820-827
21338;İnönü Mahallesi;385.270;270.470;295-608-695-820-827
21339;Papatya;38.528.432;27.047.613;295-608-695-820-827
21340;Papatya;38.528.408;27.047.373;295-608-695-820-827
21341;Zambak;385.314;270.488;295-608-820-827
21342;Zambak;385.314;270.486;295-608-820-827
21343;Jandarma;3.851.858.459.620.060;2.704.058.695.868.490;128-295-428-595-596-602-608-660-695-800-817-820-827-920
21344;Jandarma;3.851.869.739.486.230;2.703.989.624.989.190;128-295-428-595-596-602-608-660-695-800-817-820-827-920
21345;Sarmaşık;385.318;270.525;295-820
21346;Sarmaşık;385.318;270.524;295-820
21348;Askeri Havaalanı;3.851.348.036.419.170;2.702.663.960.145.130;595
21351;Harmandalı Mezarlık;38.537.583;27.051.776;295-608-820
21352;Harmandalı Mezarlık;385.378;270.508;295-608-820
21353;Cumhuriyet Mahallesi Muhtarlığı;3.853.845.241.962.470;2.705.303.731.285.720;295-608-820
21354;Cumhuriyet Mahallesi Muhtarlığı;385.384;270.529;295-608-820
21355;Site 1;38.54;270.538;295-608-820
21356;Site 1;385.403;270.538;295-608-820
21357;Site 2;385.418;270.551;295-608-820
21358;Site 2;385.418;270.549;295-608-820
21359;Site Son Durak;3.854.465.642.500.030;2.705.624.925.748.860;295-820
21362;Simge Sitesi;385.421;270.427;695-749-826-827
21365;Simge Sitesi;385.420;270.426;695-749-826-827
21367;Harmandalı Sağlık Ocağı;385.311;270.505;295-820
21368;Harmandalı Sağlık Ocağı;385.312;270.506;295-820
21370;Fevzi Çakmak;3.854.075.843.440.140;2.705.841.426.737.350;295-608-820
21371;Fevzi Çakmak;3.854.089.643.371.020;27.058.219.267.736;295-608-820
21372;Harmandalı;38.537.627;27.054.363;295-608-820
21373;Harmandalı İlköğretim Okulu;385.339;270.511;295-820
21374;Harmandalı İlköğretim Okulu;385.337;270.513;295-820
21375;Harmandalı Eski Belediye;385.349;270.499;295-608-820-827
21376;Harmandalı Eski Belediye;385.348;270.498;295-608-820-827
21377;Harmandalı Cumhuriyet;385.382;270.497;608-827
21378;Harmandalı Cumhuriyet;38.537.862;27.049.985;608-827
21381;Subay Lojmanları;385.249;270.326;128-428-602-660-800
21382;Subay Lojmanları;38.525.138;27.032.010;128-428-602-660-800
21385;Astsubay Lojmanları;38.536.893;27.033.148;128-428-602-660-800
21388;Eski Yol;38.540.877;27.033.754;128-428-602-660-695-749-800-826-827
21389;Eski Yol;385.405;270.340;128-428-602-660-695-749-800-826-827
21390;Kargılar;385.445;270.346;128-428-602-660-695-749-800-826-827
21391;Kargılar;38.543.936;27.034.745;128-428-602-660-695-749-800-826-827
21392;Ulukent Gar;385.465;270.351;128-428-602-660-695-749-800-826-827
21393;Jandarma Ormanı;385.529;270.394;128-602-660-698-748-800-848
21394;Ulukent Trafo;385.558;270.408;128-602-660-698-748-800-848
21395;Ulukent Trafo;385.559;270.413;128-602-660-698-748-800-848
21396;Üst Geçit;38.559.494;27.043.420;128-602-660-698-748-800-848
21397;Üst Geçit;385.580;270.428;128-602-660-698-748-800-848
21398;Bakım Merkezi;38.563.360;27.047.660;602-660-698-748-749-800
21399;Egekent 2;38.559.905;27.044.426;128-602-660-698-748-800-848
21400;Tarımsal Araştırma;385.665;270.515;602-660-698-748-749-800
21401;Tarımsal Araştırma;3.856.674.039.292.320;2.705.219.014.608.270;602-660-698-748-749-800
21402;Koyundere;3.857.410.041.298.920;2.706.030.004.787.990;602-660-698-748-749-800
21403;Koyundere;38.573.552;27.060.114;602-660-698-748-749-800
21404;Koyundere İlkokulu;38.577.350;27.063.510;602-648-660-749-800
21405;Koyundere İlkokulu;385.771;27.063.670;602-660-749-800
21406;Asarlık Giriş;38.582.180;270.693;602-648-660-749-800
21407;Asarlık Giriş;3.858.273.304.822.190;2.707.049.199.992.960;602-648-660-749-800
21408;Haldun Koşay Lisesi;38.586.420.444.146;2.707.250.988.802.770;602-648-660-749-800
21409;Haldun Koşay Lisesi;3.858.698.400.780.630;2.707.308.398.355.250;602-648-660-749-800
21410;Asarlık Mezarlık;38.590.110;27.074.110;602-660-800
21411;Asarlık Mezarlık;3.859.099.636.211.060;2.707.478.805.829.130;602-660-749-800
21412;Asarlık Esat Paşa Mahallesi;38.597.060;27.076.350;602-660-800
21413;Asarlık İnönü Mahallesi;3.859.734.044.874.190;27.076.759.783.961;602-660-800
21414;Son Direk;38.601.680;27.077.820;602-660-800
21415;Son Direk;38.602.030;27.078.330;602-660-800
21416;Menemen Jandarma;386.069;270.764;602-648-658-660-747-748-749-753-759-800-868
21417;Menemen Jandarma;386.069;270.767;602-648-658-660-747-748-749-753-759-800-868
21418;Menemen Üst Geçit;38.608.924;27.075.339;602-648-658-660-747-748-749-753-759-800-868
21419;Menemen Üst Geçit;386.085;27.075.850;602-648-658-660-747-748-749-753-759-800-868
21420;Astsubay Lojmanları;3.853.707.036.142.550;2.703.288.279.219.920;128-428-602-660-800
21442;Aliağa Sanayi;3.874.350.970.573.990;2.696.834.930.223.060;661-745-746
21444;Aliağa Sanayi Çıkış;38.748.010;26.964.580;661-745-746
21445;Aliağa Sanayi;387.435;26.968.760;661-745-746
21459;Ulukent Gar;38.546.946;27.035.865;128-602-660-695-749-800-826-827
21470;Ulukent İlköğretim Okulu;3.853.762.839.885.180;2.703.937.540.001.610;695
21471;Ulukent İlköğretim Okulu;3.853.779.993.059.370;2.703.964.279.934.030;695
21472;Yamaçevler;38.535.957;27.041.069;695
21473;Yamaçevler;3.853.605.238.079.920;2.704.114.198.393.960;695
21474;Harmandalı Siteler;38.530.216;27.040.927;695
21475;Harmandalı Siteler;3.853.033.705.245.910;2.704.072.969.869.530;695
21476;Harmandalı Kuzey Kent;3.852.973.728.478.980;2.704.346.677.893.930;695
21477;Harmandalı Kuzey Kent;3.852.987.173.319.360;2.704.345.837.319.630;695
21478;Gönül;38.529.119;27.046.166;695
21479;Gönül;3.852.930.440.510.060;2.704.598.082.818.960;695
21487;Kule;3.868.734.517.935.520;2.692.723.005.909.830;744
21488;Kule;3.868.726.838.458.380;2.692.787.375.587.630;744
21489;35 Evleri;3.853.402.813.295.260;2.704.184.000.431.210;695
21490;35 Evleri;3.853.397.672.588.040;2.704.155.298.406.470;695
21491;Eski Foça Çiftlik;3.868.645.384.215.310;2.695.991.485.250.560;744
21492;Eski Foça Çiftlik;3.868.633.084.369.130;26.960.259.851.277;744
21493;Gerenköy Fabrika;38.666.054;26.903.715;750-756
21494;Gerenköy Fabrika;38.666.198;26.903.463;750-756
21495;Ulukent Aktarma;385.478;270.353;619-750-757-812-850
21496;Subay Lojmanları 4;385.254;270.343;595
21497;Subay Lojmanları 4;385.252;270.344;595
21498;Subay Lojmanları 3;385.277;270.354;595
21499;Subay Lojmanları 3;385.277;270.356;595
21500;Subay Lojmanları 2;385.305;270.366;595
21501;Subay Lojmanları 2;385.305;270.367;595
21502;Subay Lojmanları 1;3.853.288.505.699.560;2.703.666.139.713.280;595
21503;Subay Lojmanları 1;3.853.290.037.605.030;2.703.670.044.167.860;595
21504;Hava Üssü Lojmanları Son Durak;385.348;270.345;595
21507;Şair Namık Kemal;3.865.822.698.378.710;2.682.751.065.898.180;744
21508;Şair Namık Kemal;3.865.810.253.363.420;2.682.704.466.177.970;744
21509;Ulukent Ortaokulu;38.538.368;27.038.815;749-826-827
21510;Ulukent Ortaokulu;38.538.513;27.038.991;749-826-827
21511;Ulukent İlköğretim Okulu;385.442;270.363;428
21513;Ulucak Cami;385.442;270.382;428
21515;Ulukent Meydan;385.459;270.390;428
21516;Gazi Mahallesi Son Durak;38.561.978;27.067.973;826
21517;Ulukent Çıkış;385.480;270.378;428
21519;9 Eylül Muhtarlık;385.383;270.356;695-749-826-827
21520;9 Eylül Muhtarlık;385.386;270.356;695-749-826-827
21521;Zirve;385.402;270.419;749-826-827
21522;Zirve;385.405;270.418;749-826-827
21523;Market;385.601;270.453;128-749-848
21524;Market;38.559.772;27.045.221;128-749-848
21526;İrem Sitesi;38.557.659;27.045.549;128-749-848
21527;İrem Sitesi;385.573;270.458;128-749-848
21528;Ege;385.569;270.483;128-428-749-848
21529;Ege;385.568;270.483;128-428-749-848
21530;Cansu Sitesi;385.581;270.499;128-428-608-749-848
21531;Cansu Sitesi;385.581;27.May;128-428-608-749-848
21532;Centaş;385.596;270.528;128-428-749-848
21533;Centaş Sitesi;38.559.790;27.053.143;128-428-749-848
21534;Centaş 2 Sitesi;38.558.481;27.055.427;128-428-749-848
21535;Centaş 2 Sitesi;385.584;270.551;128-428-749-848
21536;Taş Duvar;385.555;270.544;128-428-749-848
21537;Taş Duvar;38.555.207;27.054.641;128-428-749-848
21538;Ulu-Koop;38.540.518;27.044.089;749-826-827
21539;Ulu-Koop;38.540.530;27.044.289;695-749-826-827
21540;Manzara;38.554.387;27.055.925;128-428-749-826
21541;Manzara;3.855.375.941.580.650;2.705.558.220.672.040;128-428-749-826
21542;Metrokent;385.519;270.542;128-428-749-826
21543;Metrokent;385.520;270.542;128-428-749-826
21545;Ulukent Aktarma;385.494;270.381;428-695-698-748-749-826-827-848
21546;Santral;38.550.151;27.052.778;128-428-749-826
21547;Santral;38.550.035;27.052.417;128-428-749-826
21548;Şelale;38.549.438;27.048.738;128-428-608-749-826
21549;Şelale;38.549.206;27.048.759;128-428-608-749-826
21550;Kent 2;38.551.649;27.048.987;128-428-608-749-826
21551;Kent 2;3.855.182.724.880.460;2.704.922.941.017.290;128-428-608-749-826
21552;EGEKENT-2-SON DURAK;3.855.479.961.290.250;2.704.980.002.926.250;128-428-749-826
21553;Celalettin Akar;385.486;270.402;428
21555;Otuz Ağustos;3.855.239.232.508.680;2.704.218.637.751.790;428
21556;Otuz Ağustos;385.524;270.423;428
21557;Esenlik;385.547;270.445;428
21558;Esenlik;385.547;270.443;428
21559;Simge Sitesi;385.568;270.459;428
21560;Simge Sitesi;385.564;270.457;428
21561;Top Sahası;385.507;270.409;428
21562;Top Sahası;385.511;270.408;428-698-748-848
21563;Yamaç;38.559.539;27.054.921;128-428-749-848
21564;Yamaç;385.595;270.554;128-428-749-848
21565;Geri Gönderme Merkezi;3.855.481.546.133.450;2.706.983.111.369.410;648-826
21566;Umut;38.546.931;27.051.013;128-428-749-826
21567;Umut;38.547.143;27.050.930;128-428-749-826
21568;Asarlık Köprü;38.590.534;27.084.476;648-658-748-749
21569;Keyifli Yaşam Evleri;3.859.514.223.696.940;2.693.552.681.590.430;750-757
21570;Keyifli Yaşam Evleri;3.859.495.252.206.130;2.693.538.048.352.560;750-757
21571;Ova Küme Evleri;3.855.486.629.634.450;2.701.705.743.634.790;619-750-757-812-850
21572;Çitlenbik;3.855.587.328.581.140;2.701.391.144.986.970;619-750-757-812-850
21575;Hobi Park;3.856.339.024.848.150;2.700.470.046.221.020;619-750-757-812-850
21576;Hobi Park;38.563.080.249.131;2.700.477.046.365.120;619-750-757-812-850
21577;Günerli Üçyol;38.566.342;27.002.320;619-750-757-812-850
21578;Günerli Üçyol;38.566.228;27.002.462;619-750-757-812-850
21579;Günerli Dörtyol;38.570.798;26.996.396;619-750-757-812-850
21580;Günerli Dörtyol;38.570.696;26.996.259;619-750-757-812-850
21581;Ekin Koleji;3.857.533.164.895.590;2.698.527.329.438.620;619-750-757-812-850
21582;Ekin Koleji;3.857.521.017.250.590;2.698.521.051.237.130;619-750-757-812-850
21583;Seyrek Belediyesi;38.578.292;26.978.718;619-750-757-850
21584;Seyrek Belediyesi;38.578.022;26.978.837;619-750-757-850
21585;Kumtepe;38.579.270;26.977.310;619-750-757-850
21586;Kumtepe;38.579.240;26.977.240;619-750-757-850
21587;Seyrek İlköğretim Okulu;3.858.035.013.481.510;2.697.544.054.227.340;619-750-757-850
21588;Seyrek İlköğretim Okulu;385.803;26.975.530;619-750-757-850
21589;Seyrek Meydan;38.581.650;26.973.550;619-750-757-850
21590;Seyrek Meydan;38.581.612;26.973.467;619-750-757-850
21591;Aşağı Çeşme;38.582.150;26.967.520;619-750-757-812-850
21592;Aşağı Çeşme;38.582.090;26.967.440;619-750-757-812-850
21593;Bakırçay Üniversitesi;38.582.290.098.352;2.696.410.060.273.350;207-619-750-757-812-850
21594;Bakırçay  Üniversitesi;3.858.240.909.559.170;26.963.217.607.660;750-757
21595;Villakent Giriş;38.598.420;269.359;657-750-757
21596;Villakent Giriş;3.859.829.598.337.530;2.693.544.068.416.440;657-750-757
21597;Teraslı Park;38.599.550;26.930.090;657-750-757
21598;Teraslı Park;38.599.340;26.930.190;657-750-757
21599;Hüseyin Baradan Parkı;3.860.115.494.645.470;2.692.456.973.615.070;657-750-757
21600;Spor Sahası;38.599.930;26.927.188;657-750-757
21601;Spor Sahası;38.600.188;26.926.866;657-750-757
21602;Hüseyin Baradan Parkı;38.600.930;26.924.480;657-750-757
21603;Merdivenli Park;38.603.110;26.921.880;657-750-757
21604;Çiftlik;38.621.155;26.950.260;756
21605;Çiftlik;38.621.130;26.950.514;756
21606;Merdivenli Park;38.603.060;26.921.320;657-750-757
21607;Villakent Merkez;38.604.746;26.917.957;657-750-757
21608;Menemen Serbest Bölge;3.862.176.691.085.610;2.692.936.756.047.160;756
21609;Şehit Astsubay Ümit İnce;3.860.617.991.146.890;2.691.623.775.672.610;657-750-757
21610;Villakent Merkez;38.604.652;26.918.005;657-750-757
21611;Maltepe Giriş;38.625.968;26.907.925;657-750-757
21612;Şehit Astsubay Ümit İnce;3.860.609.091.126.610;2.691.608.575.833.770;657-750-757
21613;Maltepe Ortaokulu;3.862.949.083.374.970;2.690.939.663.557.060;657-750-757
21614;Maltepe Giriş;38.627.497;26.908.648;657-750-757
21615;Villakent Anadolu Lisesi;3.860.257.597.864.440;2.693.718.264.388.770;657-750-757
21616;Villakent Anadolu Lisesi;3.860.241.276.885.650;2.693.696.495.909.820;657-750-757
21617;Florya;38.606.280;26.913.630;657-750-757
21618;Florya;38.606.190;26.913.543;657-750-757
21619;Şahin;38.608.732;26.912.964;657-750-757
21620;Şahin;38.608.835;26.913.012;657-750-757
21621;Menemen Serbest Bölge;3.862.189.990.979.990;2.692.911.756.115.330;756
21622;Maltepe Mezarlık;38.630.517;269.240;756
21623;Maltepe Mezarlık;38.630.750;269.237;756
21624;Maltepe Ortaokulu;3.862.920.083.417.340;2.690.928.063.848.010;657-750-757
21626;Koyundere Eski Son Durak;38.576.649;27.064.099;648-698-748
21627;Koyundere Eski Son Durak;38.576.568;27.064.011;648-698-748
21628;Koyundere Kahveler;38.574.540;27.067.450;648-698-748-848
21629;Koyundere Kahveler;38.574.410;27.067.290;648-698-748-848
21630;İstiklal;385.729;270.690;648-698-748-848
21631;İstiklal;38.572.960;27.068.860;648-698-748-848
21632;Ege;38.574.905;270.699;698-748
21633;Ege;38.574.960;27.070.030;698-748
21634;Çocuk Parkı;38.577.114;27.070.447;698-748
21635;Çocuk Parkı;38.577.012;27.070.514;698-748
21636;Kılıçkent;3.857.759.845.206.720;2.707.238.794.940.750;698-748
21637;Kılıçkent;3.857.690.045.175.310;2.707.212.395.577.240;698-748
21638;Güvenel;38.579.120;27.073.830;698-748
21639;Güvenel;3.857.891.650.857.480;2.707.402.350.033.450;698-748
21640;Aksu;38.581.440;270.762;698-748
21641;Aksu;38.581.260;27.076.250;698-748
21642;Şehit Er Serdar Amak Ortaokulu;3.858.337.946.795.860;2.707.821.287.351.890;698-748
21643;Şehit Er Serdar Amak Ortaokulu;3.858.394.966.144.770;2.707.901.904.481.750;698-748
21644;Mutlu;38.584.260;27.080.560;648-698-748
21645;Mutlu;385.843;27.080.520;648-698-748
21646;Vali Kutlu Aktaş;38.581.650;27.082.420;648-698-748
21647;Vali Kutlu Aktaş;38.581.620;27.082.320;648-698-748
21648;Koyundereli Hacı Mehmet Camii;3.858.244.049.491.630;2.708.527.983.602.860;648-698-748
21649;Koyundereli Hacı Mehmet Camii;3.858.229.466.114.840;2.708.518.057.974.120;648-698-748
21650;Fatma Koşay İlköğretim Okulu;38.584.060;27.088.830;648-698-748
21651;Fatma Koşay İlköğretim Okulu;38.584.010;27.088.710;648-698-748
21652;Asarlık Toki Evleri;3.858.335.133.082.480;2.709.173.875.657.660;648-658-698-748
21653;Asarlık Toki Evleri;3.858.331.051.810.540;2.709.163.979.038.940;648-658-698-748
21655;Gazi Toki Yol Ayrımı;38.565.066.454.637;2.707.009.004.676.760;648-848
21656;Gazi Toki Yol Ayrımı;3.856.471.945.583.060;2.707.035.904.737.130;648-848
21657;Koyundere Mezarlık;38.567.761;27.069.995;648-848
21658;Aktaşlar;38.585.450;27.089.890;648-658-748
21659;Aktaşlar;385.855;27.Eyl;648-658-748
21660;Beyaz Ev;38.586.530;27.086.050;648-658-748
21661;Beyaz Ev;38.586.550;27.086.130;648-658-748
21662;Duman;3.858.644.648.410.020;2.708.329.882.035.470;648-658-748
21663;Duman;3.858.653.848.373.370;2.708.322.282.018.290;648-658-748
21664;Asarlık Pazar Yeri;3.858.868.048.387.370;2.708.376.980.165.360;648-658-748-749
21665;Asarlık Pazar Yeri;3.858.863.048.463.650;2.708.395.980.081.750;648-658-748
21666;Asarlık Park;38.593.417;270.821;648-658-748-749
21667;Asarlık Park;38.593.498;27.082.141;648-658-748
21668;Fırın;38.595.514;27.079.922;658-748-749
21669;Fırın;38.595.341;27.080.082;658-748-749
21670;Zerdeçal;38.596.094;27.083.057;658-748-749
21671;Zerdeçal;38.595.988;27.083.041;658-748-749
21672;Miyase İnceer İlkokulu-Ortaokulu;38.602.630.484.289;2.708.735.967.833.950;648-658-748-749
21673;Miyase İnceer İlkokulu-Ortaokulu;3.860.263.048.503.920;2.708.754.967.713.420;648-658-748-749
21674;Menemen Devlet Hastanesi;38.606.214;27.086.651;648-658-748-749
21675;Menemen Devlet Hastanesi;38.606.738;27.086.593;648-658-748-749
21676;Sekseninci Yıl İlköğretim Okulu;38.583.990;270.919;658
21677;Sekseninci Yıl İlköğretim Okulu;38.583.950;270.917;658
21678;Genç;3.858.270.051.890.830;2.709.172.979.410.990;658-698
21679;Genç;3.858.274.051.949.430;2.709.189.279.281.660;658-698
21680;Asarlık Toki Evleri Trafo;3.858.232.051.919.410;2.709.172.979.677.260;658-698
21681;Asarlık Toki Evleri Trafo;38.582.210.518.937;2.709.163.979.810.180;658-698
21682;Asarlık Toki Evleri Üçyol;385.813;27.092.060;658-698
21683;Asarlık Toki Evleri Üçyol;38.581.420;27.091.930;658-698
21684;Asarlık Toki Evleri Tepe;38.579.560;27.090.190;658-698
21685;Asarlık Toki Evleri Tepe;38.579.560;27.090.030;658-698
21686;Asarlık Toki Evleri Son Durak;38.579.830;27.090.870;658-698
21687;Menemen Devlet Hastanesi Acil;38.607.545;27.086.330;747-868
21688;Koyundere Mezarlık;38.567.404;27.070.174;648-848
21689;Koyundere Mera;38.570.610;27.069.847;648-848
21690;Koyundere Mera;38.570.440;27.070.064;648-848
21691;Nergis;38.599.670;27.087.615;658-748-749
21692;Nergis;38.599.790;27.087.475;658-748-749
21695;Papatya;38.597.811;27.086.964;658-748-749
21696;Papatya;38.597.779;27.086.702;658-748-749
21697;İstasyon Köprü;3.860.428.045.161.690;2.707.947.971.626.510;648-658-747-748-749-753-759-868
21698;İstasyon Köprü;3.860.521.645.478.280;2.708.055.870.252.080;648-658-747-748-749-753-759-868
21699;Anadolu Lisesi;3.860.962.150.580.990;2.709.451.358.083.450;747-753-759
21702;Anadolu Lisesi;3.860.981.550.665.430;2.709.476.957.774.220;747-753-759
21703;Menemen İZSU;3.861.193.154.632.720;2.710.486.349.727.110;747-753-759
21706;Menemen İZSU;3.861.218.854.418.040;2.710.441.049.820.890;747-753-759
21709;Mermerci;38.616.460;27.115.290;747-753-759
21711;Fabrikalar;38.616.960;27.120.750;747-753-759
21712;Mermerci;38.616.580;27.115.450;747-753-759
21713;Menemen Devlet Hastanesi Kavşak;3.860.770.547.008.250;2.708.513.665.495.360;648-658-747-748-749-753-759-868
21714;Fabrikalar;38.617.110;27.120.550;747-753-759
21717;Maltepe Saha;38.628.374;26.927.734;756
21718;Maltepe Saha;38.628.203;26.927.784;756
21719;Çiftlik;38.630.767;27.032.221;657-756
21720;Çiftlik;38.631.527;27.030.986;657-756
21721;Gerenköy Bahçe;38.660.670;26.901.980;750-756
21722;Gerenköy Bahçe;38.660.680;26.901.870;750-756
21723;Yumurtacı;38.674.410;26.897.880;744-750
21724;Yumurtacı;38.673.920;26.896.656;744-750
21727;Çileklik;3.861.880.068.383.870;2.713.754.323.445.410;747-753-759
21728;Çileklik;3.861.910.068.754.880;2.713.839.922.656.910;747-753-759
21729;Yol;3.862.045.569.912.020;2.714.111.519.830.670;747-753-759
21730;Yol;3.862.064.570.015.610;2.714.136.719.516.790;747-753-759
21731;Emiralem Kabristan;38.621.390;27.139.010;747
21732;Emiralem Kabristan;3.862.135.451.614.450;2.713.896.127.229.410;747
21733;Yayla Muhtarlık;3.862.247.367.912.810;2.713.710.220.810.070;747
21734;Yayla Muhtarlık;3.862.253.867.859.950;2.713.699.820.825.390;747
21735;Beyaz Çeşme;3.862.305.635.945.680;2.714.007.736.629.650;747
21736;Beyaz Çeşme;3.862.313.494.427.680;2.714.015.758.454.790;747
21737;Yayla;38.623.491;27.142.512;747
21738;Yayla;386.235;271.424;747
21739;Gönül;38.623.270;27.143.980;747
21740;Gönül;38.623.190;27.144.040;747
21741;Küçük Çay;38.622.110;27.144.550;747
21742;Küçük Çay;38.622.090;27.144.610;747
21743;Trafo;3.862.110.272.065.710;2.714.583.516.271.170;747-753-759
21744;Trafo;3.862.121.472.076.710;2.714.587.416.156.280;747-753-759
21746;Emiralem Dörtyol;3.862.156.272.861.210;2.714.759.314.768.210;747
21747;Emiralem Dörtyol;3.862.146.672.823.090;2.714.749.914.905.930;747
21748;Emiralem Jandarma;3.862.307.372.932.850;2.714.795.113.322.030;747
21749;Emiralem Jandarma;3.862.312.572.993.260;2.714.808.613.192.910;747
21750;Emiralem İstasyon;3.862.430.126.654.830;2.714.739.807.235.370;747
21751;Emiralem İstasyon;3.862.436.072.572.470;2.714.736.912.661.270;747
21752;Belediye;3.862.607.572.761.550;2.714.801.410.858.080;747
21753;Belediye;3.862.588.272.798.130;2.714.806.310.982.460;747
21754;Değirmendere;3.862.694.673.253.020;2.714.917.109.402.060;747
21755;Sera;38.621.686;27.150.070;747
21756;Merkez İlköğretim Okulu;38.620.410;27.153.040;747-753-759
21757;Merkez İlköğretim Okulu;386.205;27.152.630;747-753-759
21758;Emiralem Üçyol;386.182;27.158.030;747-753-759
21759;Emiralem Üçyol;38.618.730;27.157.120;747-753-759
21760;Sebahat Akşıray Otistik Eğitim Merkezi;38.620.040;27.162.580;747
21761;Sebahat Akşıray Otistik Eğitim Merkezi;38.619.660;27.162.430;747
21762;Yağ Fabrikası;38.625.890;27.162.080;747
21763;Yağ Fabrikası;38.625.610;27.162.150;747
21764;Emiralem;38.627.367;27.165.944;747
21765;Süleymanlı;38.635.249;27.177.897;754-755
21766;Süleymanlı;38.635.281;27.177.599;754-755
21767;Hanımeli;38.636.650;27.176.620;754-755
21768;Hanımeli;38.636.670;27.176.520;754-755
21769;Defne;38.640.390;271.759;754-755
21770;Defne;386.404;271.758;754-755
21771;Görece Eski Yol;3.864.630.082.273.380;2.717.000.879.683.180;754-755
21772;Görece Eski Yol;3.864.627.466.201.720;2.717.006.324.292.930;754-755
21773;Görece Çocuk Parkı;3.864.878.983.697.020;2.716.612.133.259.190;754-755
21774;Görece Çocuk Parkı;3.864.857.950.390.080;2.716.607.533.650.670;754-755
21775;Bahçe;3.867.770.003.481.910;2.700.640.961.998.210;744
21776;Bahçe;3.867.749.503.861.050;2.700.726.861.601.770;744
21778;Gerenköy Son Durak;3.864.969.976.678.370;2.690.487.351.162.560;750-756
21789;Maltepe Kubilay;386.298;26.910.750;657-750-756-757
21790;Maltepe Kubilay;38.629.881;26.910.830;657-750-756-757
21791;Maltepe Son Durak;3.863.109.984.825.030;2.691.590.058.073.890;657-750-756-757
21792;Maltepe Son Durak;3.863.121.584.789.080;2.691.587.958.001.560;657-750-756-757
21793;Gerenköy Mezarlık;38.646.438;26.903.690;750-756
21794;Gerenköy Mezarlık;38.647.120;26.903.620;750-756
21795;Gerenköy Üçyol;38.648.407;26.904.006;750-756
21796;Gerenköy Üçyol;38.648.738;26.904.361;750-756
21797;Gerenköy İlkokulu;3.865.200.275.073.880;2.690.153.651.555.350;750-756
21798;Gerenköy İlkokulu;3.865.158.975.128.280;2.690.133.052.015.890;750-756
21799;Gerenköy Bakkal;38.652.855;26.901.773;750-756
21800;Gerenköy Bakkal;38.653.060;26.901.720;750-756
21801;Gerenköy Atatürk;38.657.490;26.901.120;750-756
21802;Gerenköy Atatürk;386.576;269.010;750-756
21803;Gerenköy Çeşme;386.623;26.902.510;750-756
21804;Gerenköy Çeşme;38.662.430;26.902.480;750-756
21805;Gerenköy Çam;38.655.306;26.901.415;750-756
21806;Gerenköy Çam;386.555;269.013;750-756
21807;Maltepe Köşe;38.629.880;26.912.733;657-750-756-757
21808;Maltepe Köşe;38.629.934;26.912.673;657-750-756-757
21809;Yıldırım;38.677.706;26.998.784;744
21810;Yıldırım;38.677.520;269.989;744
21811;Fatih;38.680.208.911.960;2.697.495.780.589.190;744
21812;Fatih;3.868.006.991.332.470;2.697.523.780.520.480;744
21816;Yeni Bağarası Giriş;38.662.199;26.843.210;750
21817;Yeni Bağarası Giriş;38.662.309;26.843.274;750
21819;Yeni Bağarası İlkokulu;3.866.350.055.626.310;2.684.283.481.052.060;750
21821;Alan Çiftliği;3.868.718.976.518.190;2.693.785.999.048.240;744
21822;Alan Çiftliği;3.868.706.221.722.680;2.693.786.384.753.320;744
21824;Cemalettin Asku;38.687.825;27.006.110;660-744
21825;Türkelli Karakol;3.867.842.005.962.080;2.701.326.956.888.260;744
21826;Türkelli Karakol;3.867.831.005.968.780;2.701.321.957.011.950;744
21827;Helvacı Ovası;3.867.762.502.218.590;2.700.305.464.267.280;744
21828;Helvacı Ovası;3.867.741.202.373.170;2.700.332.464.265.060;744
21829;Foça Bahçelievler;3.868.214.988.833.930;2.696.975.982.389.190;744
21830;Foça Bahçelievler;3.868.204.988.821.450;2.696.964.982.544.250;744
21831;Güven;386.873;26.933.460;744
21832;Güven;38.687.220;26.933.480;744
21835;Ilıpınar Meydan;3.868.516.885.234.560;2.691.800.982.189.830;744
21836;Ilıpınar Meydan;38.685.090;269.184;744
21837;Ilıpınar Benzinlik;3.868.592.487.089.890;2.692.043.538.965.150;744
21838;Gerenköy Dörtyol;38.675.547;26.904.538;750-756
21839;Gerenköy Dörtyol;3.867.637.750.109.790;2.690.461.241.709.640;744
21840;Gerenköy Dörtyol;38.676.394.692.145;2.690.503.229.518.870;744
21841;Bağarası Giriş;386.710;26.886.990;744-750
21842;Bağarası Giriş;386.709;268.872;744-750
21843;Bağarası Buz;38.668.482;26.881.043;744-750
21844;Bağarası Buz;38.668.930;268.826;744-750
21845;Bağarası Küçük Sanayi;38.666.630;26.876.410;744-750
21846;Bağarası Küçük Sanayi;3.866.711.504.260.190;2.687.770.883.295.080;744-750
21847;Malaçay;38.661.630;26.865.780;744-750
21848;Malaçay;38.661.810;26.866.350;744-750
21849;Bağarası Mavi;38.660.120;26.861.520;744-750
21850;Bağarası Mavi;38.66;26.861.460;744-750
21851;Halim Foçalı Spor Salonu;386.584;268.561;744-750
21852;Halim Foçalı Spor Salonu;38.658.230;26.856.340;744-750
21853;Bağarası İlkokulu;38.659.350;26.851.380;744-750
21854;Bağarası İlköğretim Okulu;38.659.230;26.851.210;744-750
21855;Bağarası Atatürk Parkı;38.659.630;268.488;744-750
21856;Bağarası Atatürk Parkı;38.659.474;26.848.174;744-750
21857;Yeni Bağarası;38.659.889;26.843.745;750
21858;Yeni Bağarası;38.659.927;26.843.672;750
21859;Foça Cezaevi;38.656.570;26.813.630;744
21860;Foça Cezaevi;38.656.470;26.813.590;744
21861;Selvi;38.684.740;26.953.310;744
21862;Selvi;38.684.620;26.953.280;744
21863;Hilal;38.685.927;26.947.509;744
21864;Hilal;38.685.849;26.947.283;744
21865;Arpa Deresi;3.865.872.556.021.540;2.683.875.587.670.360;744
21866;Arpa Deresi;38.658.508;26.837.937;744
21867;Ekiz;38.687.150;26.943.780;744
21868;Ekiz;38.687.090;26.943.310;744
21869;Mehmetçik Parkı;38.662.970;26.868.294;744-750
21870;Mehmetçik Parkı;38.662.971;26.868.603;744-750
21871;Foçaköy;38.657.572;26.817.917;744
21872;Foçaköy;38.657.342;26.817.691;744
21874;Foça Yolu;38.656.563;26.808.247;744
21875;Türkelli Üçyol;386.845;270.287;752
21876;Türkelli Üçyol;386.845;270.284;752
21877;Türkelli Belediye;386.858;270.312;752
21881;Yeldeğirmenleri;38.669.890;26.758.110;664-744
21882;Yeldeğirmenleri;38.670.240;26.758.320;744
21883;Esnaf Sanatkarlar Odası;3.866.764.234.259.890;2.675.817.433.799.180;744
21884;Esnaf Sanatkarlar Odası;3.866.746.834.249.490;2.675.787.134.154.160;744
21885;Kuşburnu;3.866.250.836.686.580;2.676.182.535.811.330;664-744
21886;Kuşburnu;3.866.231.536.781.430;26.761.979.358.741;664-744
21887;Barış;38.664.050;26.759.690;664-744
21888;Barış;38.664.341;26.759.169;664-744
21889;Foça Stad;3.866.536.934.733.150;26.757.021.365.561;664-744
21890;Foça Stad;3.866.547.134.721.920;2.675.711.936.401.570;664-744
21891;Eski Foça;386.662;267.552;744
21892;Yıldırım;38.675.254;27.016.732;660-752
21893;Yıldırım;38.675.164;27.017.277;660-752
21894;Türkelli Giriş;386.792;270.144;752
21895;Türkelli Giriş;386.794;270.147;752
21896;İrem;386.829;270.206;752
21897;İrem;386.828;270.204;752
21898;Türkelli Düğün Salonu;386.839;270.245;752
21899;Türkelli Düğün Salonu;386.837;270.240;752
21900;Türkelli Belediye;386.857;270.311;752
21901;Türkelli Çıkış;38.688.100.106.504;2.703.069.937.336.220;752
21902;Türkelli Çıkış;3.868.830.010.520.650;2.703.049.937.300.930;752
21903;Helvacı Tekel;38.698.026;27.027.489;752
21904;Helvacı Tekel;38.697.945;27.027.376;752
21905;Helvacı İlkokulu;38.699.660;27.027.070;752
21906;Helvacı İlkokulu;38.699.660;27.026.960;752
21907;Helvacı Meydan;38.701.630;27.027.590;752
21908;Helvacı Meydan;38.701.330;27.027.580;752
21909;Helvacı Muhtarlık;3.870.232.585.089.540;2.702.619.833.274.810;752
21910;Helvacı Muhtarlık;3.870.230.005.185.920;27.025.899.285.155;752
21911;Helvacı Belediye;38.701.640;27.023.150;752
21912;Helvacı Belediye;38.701.620;27.023.270;752
21913;Helvacı Çeşme;3.869.988.004.815.930;2.701.820.248.876.270;752
21914;Helvacı Çeşme;3.869.974.493.614.430;2.701.824.600.426.290;752
21915;Helvacı Tekstil;38.697.198;27.014.283;752
21916;Helvacı Tekstil;38.697.374;27.014.363;752
21917;Helvacı Hayratı;3.869.539.201.786.860;27.009.252.522.181;744
21918;Helvacı Hayratı;38.694.630;27.009.170;744
21919;Helvacı Çıkış;38.691.640;27.003.720;744
21920;Helvacı Çıkış;38.691.390;270.036;744
21921;Ahşap Ev;38.670.815;26.903.124;750-756
21922;Ahşap Ev;38.670.491;26.902.983;750-756
21923;Yeniköy Küme Evleri;38.698.286;26.900.501;756
21924;Yeniköy Küme evleri;38.698.416;26.900.396;756
21927;Mimar Sinan;38.729.080;26.888.980;660-661-745-746
21929;Yeniköy;38.690.267;26.900.270;756
21930;Yeniköy;38.690.144;26.900.230;756
21931;Kozbeyli Giriş;3.871.224.155.993.480;2.689.701.603.900.510;756
21932;Kozbeyli Giriş;3.871.234.955.886.940;2.689.677.903.957.010;756
21933;Kozbeyli Meydan;387.157;26.893.820;666-756
21934;Kozbeyli Meydan;3.871.549.553.961.080;2.689.371.003.127.010;666-756
21939;Lale;38.694.628;26.899.902;756
21940;Lale;3.869.366.462.484.320;2.689.963.718.436.810;756
21941;Doğakent;3.873.747.048.086.640;2.687.316.707.325.840;660-661-666-745
21942;Doğakent;38.736.936.366.966;2.687.335.992.829.730;660-661-666-745
21943;Alize;38.740.220;26.870.050;660-661-666-745
21944;Alize;38.740.250;26.869.630;660-661-666-745
21945;Meltem Sitesi;3.874.488.535.501.260;2.686.363.595.155.310;660-661-666-745
21946;Meltem Sitesi;38.744.695;26.863.566;660-661-666-745
21947;Foça Şahin Tepesi;38.747.730;26.861.920;660-661-666-745
21948;Foça Şahin Tepesi;38.747.780;26.859.820;660-661-666-745
21949;Petra Koyu;3.874.753.165.152.730;2.685.645.394.209.110;660-661-666-745
21950;Petra Koyu;3.874.740.132.576.290;2.685.629.797.325.370;660-661-666-745
21951;Öğretmen Evi;38.747.320;26.852.220;660-661-666-745
21952;Öğretmen Evi;38.747.250;268.520;660-661-666-745
21953;Mercan;3.874.699.930.212.180;2.684.730.003.273.940;660-661-666-745
21954;Mercan;38.746.020;26.845.950;660-661-666-745
21955;Gazi Mustafa Kemal;38.743.580;26.844.940;660-661-666-745
21956;Gazi Mustafa Kemal;38.743.470;26.845.040;660-661-666-745
21957;Yeni Foça Birlik Evleri;387.386;26.844.210;660-661-666-745
21958;Yeni Foça Birlik Evleri;38.738.580;26.844.380;660-661-666-745
21961;Doğal Kent;38.735.708;26.839.629;660-661-666-745
21962;Doğal Kent;3.873.544.124.404.430;2.683.915.532.273.320;660-661-666-745
21963;Yücel Sitesi;38.735.770;26.836.290;660-661-666-745
21964;Yücel Sitesi;38.735.587;26.836.741;660-661-666-745
21967;Yeni Foça Otogar;3.873.807.929.690.240;2.683.431.019.850.470;660-661-664-665-666-745-750
21968;Ilıpınar Benzinlik;3.868.619.683.481.830;2.692.196.473.452.170;744
21969;Ulus;38.729.736;26.891.583;660-661-745-746
21970;Ulus;3.873.012.041.646.760;2.689.207.988.303.080;660-661-745-746
21971;Fatih;38.731.844.163.017;26.897.004.037.146;660-661-745-746
21972;Fatih;38.731.776;26.896.234;660-661-745-746
21973;Ören;3.873.340.948.212.520;2.690.096.214.709.370;660-661-745-746
21974;Ören;3.873.345.194.215.760;2.690.055.278.031.160;660-661-745-746
21975;Çakmaklı Yolu;3.873.450.951.559.980;2.690.540.278.524.970;660-661-745-746
21976;Çakmaklı Yolu;3.873.457.151.422.290;26.905.033.787.026;660-661-745-746
21977;Horozgediği;38.735.810;26.916.660;660-661-745-746
21978;Horozgediği;38.735.930;26.916.747;660-661-745-746
21979;Çakmaklı;38.737.506;26.923.014;660-661-745-746
21980;Çakmaklı;38.737.723;269.231;660-661-745-746
21981;Sanayi;38.734.660;26.942.520;660-661-745-746
21983;Tır parkı;3.873.485.266.908.130;2.695.104.349.083.280;660-661-745-746
21984;Tır parkı;3.873.504.267.272.320;2.695.084.647.935.960;660-661-745-746
21985;Sarı Evler;384.838;270.719;547
21986;Sarı Evler;384.839;270.717;547
21987;Yetmiş Beşinci Yıl Lisesi;38.485.019;27.072.095;547
21988;Yetmiş Beşinci Yıl Lisesi;38.484.881;27.071.937;547
21991;İstasyon Altı 1;38.487.079;27.064.905;547
21992;İstasyon Altı 1;38.488.329;27.065.043;547
21993;İsmail Rahmi Karadavut İlkokulu;3.848.925.992.728.560;2.706.187.402.398.880;547-816-817
21994;İsmail Rahmi Karadavut İlkokulu;3.848.943.992.658.220;2.706.173.902.389.710;547-816-817
21995;Park;38.485.774;27.067.266;547
21996;Park;384.859;270.671;547
21997;Elit;384.848;270.676;547
21998;Elit;384.847;270.677;547
21999;İsmail Cem Kültür Merkezi;384.962;271.120;430
22000;İsmail Cem Kültür Merkezi;384.961;271.115;430
22001;Müyesser Turfan Güçsüzler Evi;384.961;271.066;430
22002;Müyesser Turfan Güçsüzler Evi;384.960;271.068;430
22003;Elit Sitesi Yol Ayrımı;384.955;271.044;430
22004;Elit Sitesi Yol Ayrımı;384.952;271.046;430
22005;Buruncuk Son Durak;38.667.136;27.025.492;752
22009;Şehit Üsteğmen Ahmet Konuksever;384.987;270.921;125-322-326-426-430
22010;Şehit Üsteğmen Ahmet Konuksever;384.985;270.920;125-322-326-426-430
22011;Oyak Blokları;384.931;270.903;247-430
22012;Oyak Blokları;384.930;270.906;247-430
22013;Taş Duvar;3.850.010.054.484.860;2.709.250.029.167.730;125-322-326-426-430
22014;Taş Duvar;38.50;270.923;125-322-326-426-430
22015;Yüksek Vadi;3.850.150.054.622.750;2.709.290.028.240.090;125-322-326-426-430
22016;Yüksek Vadi;385.014;270.934;125-322-326-426-430
22017;Asarlık Köprü;38.590.722;27.084.220;648-658-748
22021;Karanfil Parkı;385.007;270.868;430
22022;Karanfil Parkı;385.008;270.871;430
22023;Tarihi Su Kemeri;385.022;270.840;430
22024;Tarihi Su Kemeri;385.022;270.837;430
22025;Güzeltepe Parkı;385.046;270.827;430
22026;Güzeltepe Parkı;385.046;270.825;430
22027;Güzeltepe Bloklar;385.040;270.796;430
22028;Güzeltepe Bloklar;385.039;270.798;430
22029;Güzeltepe;385.031;270.785;430
22030;Güzeltepe;385.028;270.786;430
22031;Hakimevleri Giriş;384.922;271.349;434-435
22032;Hakimevleri Giriş;384.921;271.348;434-435
22035;Körfez Mahallesi;3.848.730.065.239.350;2.713.270.014.010.870;434-435-537
22036;Körfez Mahallesi;3.848.710.065.163.680;2.713.250.014.217.430;434-435-537
22037;Körfez Evleri Giriş;384.888;271.342;434-435-537
22038;Körfez Evleri Giriş;384.890;271.340;434-435-537
22039;Körfez Koru Evleri;38.489.600.662.633;2.713.550.011.358.980;434-435
22040;Körfez Koru Evleri;3.848.940.066.215.740;2.713.540.011.515.310;434-435
22041;Körfez Evleri;3.849.103.629.221.580;2.713.531.454.344.330;434-435
22042;Körfez Evleri;3.849.110.066.368.230;2.713.540.010.629.420;434-435
22044;Körfez Evleri Son Durak;384.929;271.342;434-435
22045;Yüksek Vadi 2;38.500.808;27.094.740;125-322-326-426-430
22046;Yüksek Vadi 2;38.500.891;27.094.687;125-322-326-426-430
22047;Doğa Koleji;384.803;270.839;121-200-821
22048;Emiralem İlköğretim Okulu;3.862.383.587.396.420;2.714.967.948.074.790;747
22049;Albayrak Mavişehir Evleri;3.848.187.050.857.940;2.708.019.244.436.020;121-200-821
22050;Soyak;38.476.623;27.075.705;121-200-821
22051;Soyak;384.772;270.759;121-200-821
22052;Fotoğraf Müzesi;38.479.140;27.075.715;121-200-821
22053;Fotoğraf Müzesi;3.847.960.131.501.520;2.707.586.897.335.870;121-200-821
22054;Bayrak;38.481.711;27.077.231;121-200-821
22055;Bayrak;38.481.576;27.077.425;121-200-821
22058;Albayrak Mavişehir Evleri;3.848.197.522.129.560;2.708.160.514.092.460;121-200-821
22061;Yaşam;384.785;270.856;121-200-821
22065;Ormancı Sitesi 2;3.850.108.947.220.930;2.706.582.443.550.920;423
22066;Ormancı Sitesi 2;3.850.121.647.183.820;2.706.569.243.564.280;423
22067;Bahar;385.026;270.671;423
22068;Bahar;385.024;270.669;423
22069;Şirinevler Giriş;385.052;270.683;423
22070;Şirinevler Giriş;385.050;270.681;423
22071;Şirinevler Son Durak;3.850.626.576.698.380;2.706.900.217.442.530;423
22072;Osman Gazi;38.739.771;26.833.466;665-745
22073;Osman Gazi;3.873.964.929.449.370;2.683.330.122.230.570;665-745
22074;Doğan Çingil;38.742.618;26.832.426;665-745
22075;Doğan Çingil;3.874.241.927.595.750;2.683.235.523.544.690;665-745
22077;Atatürk Mahallesi TOKİ İlkokulu;3.852.190.045.886.960;2.706.320.034.470.630;346-442-446-810-816
22078;Atatürk Mahallesi TOKİ İlkokulu;3.852.230.045.899.150;2.706.330.034.197.540;346-442-446-810-816
22079;Prim Konutları;385.127;270.617;442
22080;Prim Konutları;385.126;270.615;442
22081;İzkent Su Deposu;3.851.500.044.894.030;2.705.870.040.703.520;442
22082;İzkent Su Deposu;3.851.500.044.838.530;2.705.850.040.819.070;442
22083;Ahmet Yesevi;38.518.068;27.058.279;442-816
22084;Ahmet Yesevi;385.178;270.582;442-816
22085;Atatürk Mahallesi Toki Evleri 1;3.852.128.193.366.020;2.705.943.235.392.580;346-442-446-810-816
22086;Atatürk Mahallesi Toki Evleri 1;3.852.127.009.960.510;2.705.940.487.866.450;346-442-446-810-816
22087;Atatürk Mahallesi Toki Evleri 2;3.852.130.045.624.150;2.706.220.035.373.730;346-442-446-810-816
22088;Atatürk Mahallesi Toki Evleri 2;3.852.130.045.595.430;2.706.210.035.431.910;346-442-446-810-816
22090;Atatürk Mahallesi Nergis;3.851.986.044.495.720;2.705.802.038.569.790;346-442-446-816
22122;Türkelli Katı Atık;3.869.195.720.698.790;2.702.798.230.208.350;752
22123;Türkelli Katı Atık;386.924;270.284;752
22125;Menemen Cezaevi;386.961;27.026.480;752
22126;Hatundere 3;38.699.922;27.040.901;752
22127;Hatundere 3;38.699.818;27.040.940;752
22128;Menemen Cezaevi;38.696.025;27.026.317;752
22129;Helvacı Jandarma;38.701.017;27.021.677;752
22130;Helvacı Jandarma;38.700.726;27.021.140;752
22137;Mehmetçik;3.849.395.455.164.670;2.712.928.282.114.030;147-847
22138;Mehmetçik;3.849.378.563.519.090;2.712.936.075.624.070;147-847
22139;Bayraklı Evleri;3.849.074.164.648.320;2.712.965.713.847.490;147-847
22140;Tuzçullu;3.854.979.809.290.160;26.938.720.957.508;850
22141;Soyak;384.883;270.917;125-322-326
22142;Soyak;384.883;270.916;125-322-326-327
22143;Çiğli Aktarma Merkezi;3.849.182.946.215.270;2.706.139.050.326.410;149-751-816-817
22144;Çiğli Aktarma Merkezi;3.849.198.046.252.680;2.706.154.750.171.470;123-342
22145;Çiğli Aktarma Merkezi;3.849.189.846.239.190;2.706.148.950.240.470;329-529-817
22146;Çiğli Aktarma Merkezi;3.849.206.946.264.590;2.706.159.950.102.640;247-344-547
22152;Çağlayan;384.862;270.695;547
22153;Çağlayan;384.864;270.695;547
22168;Tüvtürk;385.104;270.435;128-295-346-535-695-810-816-817-853-912
22170;Egekent Aktarma Merkezi;38.507.586;27.046.441;535-912
22171;Egekent Aktarma Merkezi;3.850.722.166.295.410;2.704.651.514.209.090;128-853
22172;Egekent Aktarma Merkezi;3.850.737.876.380.640;2.704.637.149.612.380;295-695
22173;Egekent Aktarma Merkezi;3.850.734.715.866.910;2.704.652.720.984.390;596-816-817
22174;Egekent Aktarma Merkezi;3.850.749.509.376.890;2.704.638.868.502.420;346-535-810
22190;Mavişehir Aktarma Merkezi;384.810;270.837;121-200-821
22192;Mavişehir Aktarma Merkezi;3.848.096.780.736.680;2.708.367.904.560.040;
22220;Salhane Aktarma Merkezi;38.451.281;27.172.254;328-338-359-539
22230;Gazeteci Çetin Altan Anadolu Ticaret Lisesi;384.737;271.172;77-78-135-137-197-577-742
22237;Hatundere İstasyon;38.690.366;27.017.638;744-752
22244;Biçerova İstasyon;38.750.189;26.961.530;661-745-746
22255;Menemen Aktarma Merkezi;38.603.738;27.076.372;748-749
22256;Menemen Aktarma Merkezi;38.603.675;27.076.181;648-658
22257;Menemen Aktarma Merkezi;38.603.665;27.076.036;657-753-754-755-756
22258;Menemen Aktarma Merkezi;38.603.642;27.075.835;747-758-759-868
22272;Yağmur;385.218;270.579;810
22273;Yağmur;385.219;270.576;810
22274;Orkide;385.210;270.565;810
22275;Orkide;385.209;270.564;810
22276;Helvacı Cem Evi;3.869.824.931.749.060;2.703.061.602.534.150;752
22277;Helvacı Cem Evi;3.869.794.840.322.380;2.703.091.498.974.390;752
22278;Hatundere 2;3.869.948.742.407.310;270.356.211.872;752
22279;Hatundere 2;38.699.221;27.035.793;752
22280;Hatundere Meydan;38.700.780;27.043.850;752
22281;Bulut;385.203;270.546;810
22282;Bulut;385.204;270.546;810
22288;Yeniköy Türktelekom;38.686.095;26.900.498;756
22289;Yeniköy Türktelekom;38.686.780;26.900.730;756
22290;Yeniköy Çiftlik;38.683.180;26.901.430;756
22291;Yeniköy Çiftlik;38.683.160;26.901.550;756
22292;Kozbeyli Çamlık;38.707.070;268.974;756
22293;Kozbeyli Çamlık;387.073;26.897.570;756
22294;Kozbeyli Karanfil;3.871.451.454.654.740;2.689.497.003.193.750;756
22295;Kozbeyli Karanfil;3.871.438.654.703.440;2.689.499.803.289.810;756
22298;Doğançay Mezarlık Üstü;385.020;271.532;742
22299;Doğançay Mezarlık Üstü;385.019;271.533;742
22300;Çamlıkent;38.514.203;27.075.548;229-430-529
22301;Çamlıkent Giriş;3.851.045.654.870.830;2.707.086.293.810.530;229-430-529
22302;Çamlıkent Giriş;3.851.052.448.488.210;2.707.111.535.876.810;229-430-529
22303;Çamlıkent Meydan;3.851.196.348.792.670;2.707.230.134.460.710;229-430-529
22304;Çamlıkent Meydan;3.851.191.138.675.670;2.707.249.004.351.550;229-430-529
22305;Çamlıkent Çıkış;3.851.269.749.025.140;2.707.317.433.582.160;229-430-529
22306;Çamlıkent Çıkış;38.512.644.939.619;2.707.332.803.548.750;229-430-529
22311;Sancaklı Giriş;385.174;271.535;742
22312;Sancaklı Giriş;385.174;271.533;742
22313;Sancaklı Meydan;385.183;271.528;742
22321;Kabristan;3.850.324.961.165.510;2.711.521.615.049.440;
22322;Örnekköy Mezarlık;38.502.661;27.115.686;741
22323;Örnekköy Mezarlık;38.502.773;27.115.508;741
22324;Yamanlar Mesire Yeri;38.516.461;27.125.209;741
22325;Yamanlar Mesire Yeri;38.516.489;27.125.586;741
22327;Yamanlar Köyü Son Durak;38.541.932;27.134.131;741
22332;Süleymanlı Tavuk Çiftliği;3.864.152.088.650.820;2.718.201.416.198.780;754
22333;Süleymanlı Tavuk Çiftliği;3.864.139.088.908.890;2.718.228.245.923.490;754
22334;Süleymanlı Üst Yol;3.864.037.825.926.770;2.717.815.749.102.560;754
22335;Süleymanlı Üst Yol;3.864.058.086.922.080;2.717.820.979.094.570;754
22336;Kır Mahalle Girişi;38.627.694;27.163.222;747
22337;Kır Mahalle Girişi;38.627.586.055.556;27.163.221.388.889;747
22338;Süleymanlı Meydan;38.635.040;27.178.421;754
22339;Süleymanlı Meydan;38.634.938.333.333;27.178.460;754-755
22340;Süleymanlı İlköğretim Okulu;38.637.131;27.178.621;754
22341;Süleymanlı İlköğretim Okulu;38.636.971.463.675;27.178.801.720.085;754
22342;Telekler Köyü;38.661.584.214.286;27.216.111.533.333;754
22343;Telekler Köyü;38.661.495;27.216.160;754
22344;Sarı Nasuhlar Yolu;3.867.795.436.097.780;2.721.083.657.770.770;754
22345;Sarı Nasuhlar Yolu;3.867.806.102.637.770;2.721.063.924.478.370;754
22346;Bozalan Keçi Çiftliği;3.868.948.944.302.140;2.720.206.685.231.080;754
22347;Bozalan Keçi Çiftliği;3.868.958.096.518.950;2.720.218.720.029.190;754
22348;Bozalan Giriş;38.700.360.283.019;27.196.952.993.711;754
22349;Bozalan Giriş;38.700.435;27.196.959;754
22350;Bozalan Düğün Salonu;38.702.053.166.667;27.195.576.833.333;754
22351;Bozalan Düğün Salonu;38.701.934;27.195.682;754
22353;Bozalan Meydan;38.704.205.907.286;2.719.543.811.648.990;754
22354;Telekler Çeşme;386.634;272.180;754
22355;Telekler Çeşme;38.663.606;27.218.244;754
22364;Menemen Toplum Sağlığı Merkezi;3.860.966.434.554.380;2.707.126.740.806.660;602-648-657-658-747-748-749-753-754-755-756-758-759-800-868
22365;Menemen Toplum Sağlığı Merkezi;3.860.949.194.516.060;2.707.096.009.304.740;602-648-657-658-747-748-749-753-754-755-756-758-759-800-868
22366;Gökbaş;38.616.559;27.084.571;754-755
22367;Gökbaş;38.616.895;270.851;754-755
22368;Öğretmen Evi;3.861.288.510.063.980;2.707.419.222.560.850;754-755
22369;Öğretmen Evi;3.861.272.177.741.450;2.707.414.321.110.690;754-755
22370;Menemen Garaj Karşısı;386.112;27.071.811;602-648-657-658-747-748-749-753-754-755-756-758-759-800-868
22371;Menemen Garaj Karşısı;386.109;27.071.607;602-648-657-658-747-748-749-753-754-755-756-758-759-800-868
22372;Belen Meydan;38.636.388;27.102.061;754-755-758
22373;Belen Meydan;38.636.315;27.102.154;754-755-758
22374;Çukurköy Yolu;38.637.779;27.110.667;754-755
22375;Çukurköy Yolu;38.637.756;27.110.843;754-755
22376;Haykıran Çıkış;3.863.845.655.737.590;2.711.389.123.096.270;754-755
22377;Haykıran Çıkış;3.863.834.039.894.860;2.711.415.045.463.050;754-755
22378;Haykıran Meydan;38.639.363;27.117.322;754-755
22379;Haykıran Meydan;38.639.391;27.117.515;754-755
22380;Haykıran Giriş;38.640.527;27.118.851;754-755
22381;Haykıran Giriş;38.640.518;27.118.979;754-755
22382;Hasanlar;38.639.894;27.126.023;754-755
22383;Hasanlar;38.639.952;27.125.747;754-755
22384;Görece Meydan;38.649.728;27.164.271;754-755
22385;Görece Meydan;38.649.802;27.164.289;754-755
22387;Görece;38.650.438;27.163.598;754-755
22388;Görece;38.650.307;27.163.336;754-755
22389;İğnedere Meydan;38.656.282;27.159.556;755
22390;Menemen Şehir Parkı;3.860.731.094.504.720;2.707.398.020.308.620;602-648-657-658-747-748-749-753-754-755-756-758-759-800-868
22391;Menemen Şehir Parkı;3.860.723.800.937.260;2.707.391.288.533.530;602-648-657-658-747-748-749-753-754-755-756-758-759-800-868
22392;Sarıkaya Mevki;3.864.157.059.168.020;2.712.214.915.168.620;754-755
22393;Sarıkaya Mevki;3.864.141.159.319.650;2.712.243.615.109.590;754-755
22398;Gül Körfezi;38.732.231;26.883.061;660-661-666-745
22399;Gül Körfezi;3.873.205.830.427.510;2.688.293.865.399.860;660-661-666-745
22400;Yeni Foça Yol Ayrımı;3.873.364.675.190.660;2.697.250.636.312.220;660-661-745-746
22401;Yeni Foça Yol Ayrımı;3.873.347.675.198.490;2.697.239.036.537.780;660-661-745-746
22402;Beş Kardeşler;3.873.472.940.996.460;2.696.081.885.803.030;660-661-745
22403;Beş Kardeşler;3.873.445.479.199.820;2.696.183.513.339.460;660-661-745-746
22404;Gencelli;3.873.000.166.484.070;2.688.562.296.133.510;660-661-666-745
22407;Donat Kent;387.346;26.877.860;660-661-666-745
22408;Çamkoru Sitesi;38.741.870;26.865.990;660-661-666-745
22409;Çamkoru Sitesi;38.741.760;26.866.580;660-661-666-745
22421;Siesta Konutları 2;3.848.562.176.937.170;2.708.808.624.251.550;322-326
22422;Siesta Konutları Yolu;3.848.688.053.748.330;2.709.100.636.362.040;322-326
22423;Siesta Konutları Yolu;3.848.674.953.361.070;2.708.953.737.214.630;326
22424;Siesta Konutları;3.848.536.952.949.270;2.708.810.438.618.410;322-326
22425;Soyak İzsu;384.869;270.952;125-326
22426;Soyak İzsu;384.867;270.952;125-326-327
22427;İnönü Mahallesi Trafo;384.874;270.971;125-326-327
22428;İnönü Mahallesi Trafo;384.874;270.970;125-326
22454;Menemen Karakol;38.615.990;27.066.750;657-660-756-758
22455;Menemen Karakol;3.861.617.038.820.410;2.706.700.970.787.920;657-660-756-758
22456;Yıldız Mandıra;3.862.357.034.330.630;2.705.822.970.878.730;657-660-756-758
22457;Yıldız Mandıra;38.622.120.349.808;2.705.933.871.258.220;657-660-756-758
22458;Menemen Fidanlık;38.631.630;27.054.330;660-758
22459;Menemen Fidanlık;38.631.490;27.054.760;660-758
22460;Çukurköy Yol Ayrımı;3.864.294.427.183.040;2.704.823.562.451.040;
22461;Çukurköy Yol Ayrımı;3.864.328.797.352.420;2.704.825.685.345.030;
22462;Gediz;38.647.156;27.049.417;
22463;Gediz;3.864.684.126.917.180;270.493.445.866;
22464;Yanık köy Mezarlık;38.650.965;27.078.761;758
22465;Yanık köy Mezarlık;38.650.816;27.078.595;758
22467;Yanıkköy;38.652.500.390.542;2.708.079.933.495.240;758
22469;Doğa köyü Meydan;38.649.460;27.091.630;758
22470;Belen Eski Okul;38.636.792;27.099.464;758
22471;Belen Eski Okul;38.636.824;27.099.383;758
22506;Çukurköy Meydan;38.695.799;27.117.585;758
22509;Ahıska;38.560.070;27.063.532;648-826-848
22510;Ahıska;38.560.182;27.063.475;648-826-848
22511;Çukurköy Çınaraltı;3.869.503.979.249.160;2.711.792.101.722.050;758
22512;Çukurköy Çınaraltı;3.869.457.249.187.510;2.711.809.478.789.290;758
22513;Gazi Mah  Toki Evleri;38.562.124;27.065.755;648-826-848
22514;Gazi Mah  Toki Evleri;38.561.511;27.065.319;648-826-848
22516;Toki Okul;38.560.448;27.061.844;648-826-848
22520;Ulukent Mezarlık;3.854.403.838.926.630;2.704.440.333.254.560;749-826
22521;Ulukent Mezarlık;3.854.410.538.957.720;2.704.452.533.141.890;749-826
22522;Çocuk Bahçesi;38.549.440;27.043.925;749-826
22523;Çocuk Bahçesi;38.549.353;27.044.177;749-826
22524;Egekent 2 Sağlık Ocağı;38.552.394;27.045.481;749-826
22525;Egekent 2 Sağlık Ocağı;385.531;270.464;749-826
22528;Cumhuriyet Mahallesi Son Durak;3.857.040.441.843.260;2.706.084.606.885.510;848
22529;Koyundere Muhtarlık;3.857.318.441.753.720;27.061.361.047.366;848
22530;Koyundere Muhtarlık;3.857.325.141.862.570;2.706.169.604.484.640;848
22531;İnkılap;38.575.346;27.063.886;848
22532;İnkılap;38.575.495;27.063.412;848
22533;Ulukent Üçyol;3.854.298.739.347.390;2.704.550.633.198.090;695-749-826-827
22534;Ulukent Üçyol;38.543.015;27.045.032;695-749-826-827
22537;Egekent 2 Pazaryeri;38.555.221;27.047.839;608-749-826
22538;Egekent 2 Pazaryeri ;38.555.281;27.047.610;608-749-826
22539;Toki Okul;38.560.478;27.061.989;648-826-848
22540;Yamanlar Muradiye Cami;38.487.329;27.139.970;78-137-537
22541;Yamanlar Muradiye Cami;384.870;271.399;78-137-537
22543;Şehit Yüzbaşı Ali Rıza Sadak İlkokulu;3.848.940.067.873.010;2.714.100.008.580.390;78-137-537
22544;Şehit Yüzbaşı Ali Rıza Sadak İlkokulu;3.848.944.667.789.680;2.714.070.508.710.570;78-137-537
22545;Anıt Park;384.928;271.420;78-137-537
22546;Anıt Park;384.928;271.419;78-137-537
22547;Ahmet Taner Kışlalı;38.495.953.694.428;2.714.407.603.447.750;78-137-537
22548;Ahmet Taner Kışlalı;3.849.556.669.098.460;2.714.308.004.186.530;78-137-537
22550;Yamanlar Yeni Son Durak;384.972;271.468;78-137-537
22560;Maltepe Üçyol;38.637.716;26.916.994;750-756
22561;Maltepe Üçyol;38.637.738;26.917.111;750-756
22562;Maltepe Arıtma Tesisi;3.861.594.188.241.170;26.914.413.700.624;657-750-757
22563;Maltepe Arıtma Tesisi;38.615.985;26.914.558;657-750-757
22564;Maltepe Çiftlik;3.861.164.609.088.210;2.691.407.315.598.090;657-750-757
22565;Maltepe Çiftlik;3.861.162.036.908.630;2.691.415.073.222.330;657-750-757
22566;Maltepe Üçyol;3.862.204.680.892.170;26.907.199.747.603;657-750-757
22567;Maltepe Üçyol;3.862.204.929.260.070;2.690.728.311.389.560;657-750-757
22569;Maltepe Gediz;3.862.936.296.944.240;2.691.020.582.356.210;756
22570;Maltepe Gediz;3.862.920.163.844.960;2.691.038.051.681.630;756
22571;Maltepe Cumhuriyet;386.288;269.129;756
22572;Maltepe Cumhuriyet;38.629.129;26.913.087;756
22573;Maltepe Cami;38.630.074;26.914.675;756
22574;Maltepe Cami;38.630.107;26.914.529;756
22575;Maltepe Sevgi;38.631.024;26.918.063;756
22576;Maltepe Sevgi;38.631.138;26.918.213;756
22620;Ata;38.672.920;26.903.380;750-756
22621;Ata;38.673.040;26.903.470;750-756
22624;Fidelya;38.497.867;27.094.536;125-322-326-426
22625;Fidelya;38.498.006;27.094.596;125-322-326-426
22626;Ortanca;38.497.142;27.095.414;125-322-326-426
22627;Ortanca;38.497.295;27.095.524;125-322-326-426
22630;Yonca;384.958;270.983;125-322-326-426-430
22631;Yonca;384.954;270.986;125-322-326-426-430
22634;İncirlik;38.918.635;27.062.014;835-837-936
22635;İncirlik;3.891.840.522.949.220;2.706.200.531.904.880;835-837-936
22737;Aliağa İlçe Emniyet Müdürlüğü;38.791.664;26.970.197;834-835-837-849-935-936
22738;Aliağa Terminal İçi;38.790.064;26.967.581;835-837-936
22739;Gazeteci Hasan Tahsin;38.796.881;26.975.939;835-837-936
22740;Aliağa İlçe Emniyet Müdürlüğü;3.879.169.755.260.250;2.697.011.685.438.220;834-835-837-849-935-936
22741;Aliağa Santral;3.880.129.954.539.080;2.697.689.872.440.930;835-837-936
22742;Gazeteci Hasan Tahsin;387.965;269.755;835-837-936
22743;Aliağa Liman;3.880.519.953.339.170;2.697.739.868.574.590;835-837-936
22744;Aliağa santral;38.800.964;26.976.667;835-837-936
22745;Karayolları;388.116;269.787;835-837-849-935-936
22746;Aliağa Liman;38.804.999.533.312;2.697.719.868.881.080;835-837-936
22747;Aliağa Sahil;3.881.383.551.213.910;2.697.992.659.144.670;835-837-849-935-936
22748;Karayolları;388.116;269.785;835-837-849-935-936
22749;Termik Santral Tesisleri;388.165;269.818;835-837-849-935-936
22750;Aliağa Sahil;3.881.469.951.046.790;2.698.029.858.129.240;835-837-849-935-936
22751;Kombine;388.199;269.836;835-837-849-935-936
22752;Termik Santral Tesisleri;38.816.169;26.981.306;835-837-849-935-936
22753;Aliağa İskele;3.882.310.749.668.420;2.698.457.347.866.860;835-837-849-935-936
22754;Kombine;38.819.608;26.983.128;835-837-849-935-936
22755;Sahil Sağlık Denetleme;388.263;269.841;835-837-849-935-936
22756;Aliağa İskele;38.823.724.493.391;2.698.433.447.454.910;835-837-849-935-936
22757;Tabakçı plajı;38.829.119;26.983.197;835-837-849-935-936
22758;Sahil Sağlık Denetleme;388.263;269.839;835-837-849-935-936
22759;Fabrika;388.351;269.896;835-837-849-935-936
22760;Tabakçı plajı;38.829.003;26.982.994;835-837-849-935-936
22761;Pınarcık  Yol Ayrımı;3.884.327.353.487.670;2.701.152.913.246.040;835-837-849-936
22762;Fabrika;388.351;269.891;835-837-849-935-936
22763;Saha;3.885.354.568.483.740;2.703.393.811.801.030;835-837-849-936
22764;Pınarcık  Yol Ayrımı;3.884.417.153.451.180;2.701.223.412.019.650;835-837-849-936
22765;Çaltılıdere;3.885.449.961.251.720;2.703.789.787.090.540;835-837-849-936
22766;Saha;3.885.352.159.307.250;27.033.000.909.915;835-837-849-936
22767;Çoraklar;388.553;270.456;835-837-849-936
22768;Çaltılıdere;3.885.434.360.379.310;2.703.594.488.445.810;835-837-849-936
22769;Kalabak;388.569;270.517;835-837-849-936
22770;Çoraklar;388.555;270.451;835-837-849-936
22771;Hacıömerli Jandarma;3.886.512.070.784.170;2.705.928.303.879.780;835-837-849-936
22772;Kalabak;38.857.074;27.051.398;835-837-849-936
22773;Mavi Köşe;38.867.445.448.144;2.706.147.814.114.620;835-837-849-936
22774;Hacıömerli Jandarma;3.886.519.967.381.670;2.705.899.764.718.210;835-837-849-936
22775;Hacı Ömerli Muhtarlık;38.871.422;270.647;835-837-849-936
22776;Mavi Köşe;38.867.543;27.061.335;835-837-849-936
22777;Yeni Şakran Giriş;3.888.070.467.695.210;2.706.882.139.073.130;835-837-936
22778;Hacı Ömerli Muhtarlık;38.871.212;27.064.284;835-837-849-936
22779;Üst Geçit;3.888.434.163.842.370;2.706.758.243.479.430;835-837-849-936
22780;Yeni Şakran Giriş;3.888.073.466.404.890;2.706.848.627.913.160;835-837-936
22781;Yeni Şakran  Merkez;388.882;270.665;835-837-849-936
22782;Üst Geçit;3.888.241.481.075.740;2.706.807.171.698.990;835-837-849-936
22783;Yeni Şakran Yol Ayrımı;3.889.435.158.100.690;2.706.487.137.088.820;835-837-936
22784;Yeni Şakran  Merkez;38.888.091;27.066.143;835-837-936
22785;Demirkent;3.891.629.946.737.160;2.706.199.721.563.960;835-837-936
22786;Yeni Şakran Yol Ayrımı;3.889.283.858.752.470;2.706.485.338.314.930;835-837-849-936
22787;Ilıca;389.276;270.598;835-837-936
22788;Demirkent;389.153;270.617;835-837-936
22789;Mavi Kent;3.893.969.930.109.750;2.705.109.710.275.510;835-837-936
22790;Ilıca;3.892.748.840.219.380;27.059.503.145.051;835-837-936
22791;Kazıkbağları Merkez;389.436;270.484;835-837-936
22792;Mavi Kent;38.939.439;27.050.806;835-837-936
22793;Çandarlı Yol Ayrımı;38.958.722;27.045.081;835-837-936
22794;Kazıkbağları Merkez;38.944.708;27.047.261;835-837-936
22796;Çandarlı Yol Ayrımı;389.595;270.440;835-837-936
22797;Çandarlı Zeytin;389.610;26.993.253;837
22799;Çandarlı Bahçe;389.554;269.676;837
22800;Çandarlı Zeytin;38.960.897;26.992.958;837
22801;Çandarlı Sevgi;38.949.336;26.955.150;837
22802;Çandarlı Bahçe;3.895.519.886.252.180;2.696.749.742.949.040;837
22803;Çandarlı Mezarlık;389.465;269.470;837
22804;Çandarlı Sevgi;38.949.211;26.955.178;837
22805;Çandarlı Yakamoz;38.940.492;26.944.142;837
22806;Çandarlı Mezarlık;389.468;269.474;837
22807;Çandarlı Sahil;38.938.656;26.938.575;837
22808;Çandarlı Yakamoz;38.940.578;26.944.525;837
22809;Çandarlı Terminal;38.940.239;26.938.203;837
22810;Çandarlı Sahil;389.384;269.381;837
22811;Çandarlı Dörtyol;38.941.139;26.939.789;837
22812;Çandarlı Dörtyol;38.940.983;26.939.461;837
22813;Deliktaş;389.892;269.532;837
22814;Deliktaş;389.894;269.530;837
22815;Demirtaş Cami;389.990;269.522;837
22816;Demirtaş Cami;38.999.014;26.951.989;837
22817;Demirtaş ;390.029;269.505;837
22818;Demirtaş ;390.030;269.503;837
22819;Esentepe;390.250;269.122;837
22820;Esentepe;39.024.847;26.912.325;837
22821;Uzunburun;3.903.232.029.122.720;2.690.666.908.775.510;837
22822;Uzunburun;3.903.231.718.962.140;2.690.651.630.762.980;837
22823;Dikili Nergis;390.570;268.895;837
22824;Dikili Nergis;3.905.679.812.970.050;2.688.969.696.186.540;837
22825;Dikili Sarmaşık;39.059.208;26.886.081;837
22826;Dikili Sarmaşık;390.592;268.857;837
22827;Dikili Zeyrek;39.063.217;26.881.392;837
22828;Dikili Zeyrek;390.633;268.810;837
22829;Dikili Sahil;39.065.617;26.883.125;837
22830;Dikili Sahil;39.065.833;26.883.208;837-839
22831;Dikili Çocuk Bahçesi;39.067.317;26.886.067;837
22832;Dikili Çocuk Bahçesi;39.067.464;26.886.075;837-839
22833;Dikili Hastane;39.071.219;26.888.456;837
22834;Dikili Hastane;39.071.497;26.888.464;837-839
22835;Bülent Ecevit Meydanı;3.907.553.103.490.820;2.689.033.883.253.440;837
22836;Bülent Ecevit Meydanı;39.075.608;26.890.181;837-839
22837;Dikili Lise;390.762;268.916;837
22838;Dikili Lise;390.763;268.914;837-839
22839;Burmalı Çeşme;39.077.786;26.894.353;837
22840;Burmalı Çeşme;390.780;268.944;837-839
22841;Dikili Terminal İçi;39.079.705.622.710;2.689.554.577.132.880;
22842;Dikili Terminal;3.907.976.866.764.070;2.689.649.170.862.640;837-839
22843;Aliağa Organize Sanayi Yol Ayrımı;388.391;270.023;835-837-849-936
22844;Aliağa Organize Sanayi Yol Ayrımı;388.393;270.020;835-837-849-936
22847;Çelik;3.873.401.661.872.870;26.968.399.038.473;660-661-745-746
22848;Çelik;38.733.846.735.792;2.696.836.077.204.380;660-661-745-746
22849;Çeşme;3.873.673.635.115.690;26.974.414.707.075;661-745-746
22850;Çeşme;3.873.672.274.782.250;2.697.390.332.682.440;661-745-746
22975;Desen;39.078.736;27.118.468;835-842-936
22976;Desen;3.907.620.969.342.380;2.711.748.686.839.090;835-842-936
22979;Tekkedere;389.959;270.578;835-842-936
22980;Tekkedere;389.961;270.576;835-842-936
22981;Yenikent;3.900.715.601.092.330;27.063.665.583.232;835-842-936
22982;Yenikent;390.074;270.635;835-842-936
22983;Kurfallı;390.180;270.723;835-842-936
22984;Kurfallı;390.179;270.718;835-842-936
22985;Sarıdere;39.031.761;27.082.536;835-842-936
22986;Sarıdere;390.316;270.821;835-842-936
22987;Eğrigöl;3.906.210.143.854.650;2.710.996.566.804.270;835-842-936
22988;Eğrigöl;3.906.199.892.540.910;2.710.929.608.243.680;835-842-936
22989;Bergama Park;3.908.688.791.518.520;2.712.289.206.987.740;645-646-651-652-653-835-842-936
22990;Terminal;390.839;271.180;835
22991;Yalnız Ev;3.908.960.085.477.560;2.712.869.389.731.240;645-646-651-652-653-835-842-936
22992;Bergama Park;3.908.714.536.428.970;2.712.284.555.595.140;645-646-651-652-653-835-842-936
22993;Küçükkaya;3.909.259.887.733.860;2.713.589.585.331.650;645-646-651-652-653-835-842-936
22994;Yalnız Ev;3.908.932.485.012.440;2.712.758.990.360.760;645-646-651-652-653-835-842-936
22995;Termal;39.097.868;27.152.052;645-646-651-652-653-835-842-936
22996;Küçükkaya;3.909.257.087.145.760;2.713.489.285.853.180;645-646-651-652-653-835-842-936
22997;Yuvam;3.909.910.395.656.810;2.715.585.673.538.040;645-646-651-652-653-835-842-936
22998;Bergama Termal;3.909.779.493.437.230;2.715.093.776.394.860;645-646-651-652-653-835-842-936
22999;Eroğlu;391.008;271.610;645-646-653-835-842-936
23000;Yuvam;390.995;271.564;645-646-835-842-936
23001;Karayolları Bakımevi;3.910.439.898.762.410;2.716.639.566.998.320;645-646-653-835-842-936
23002;Eroğlu;39.101.204;27.161.380;645-646-652-653-835-842-936
23003;Bergama Tuna;3.910.589.899.277.040;2.716.879.565.480.340;645-646-835-842-936
23004;Karayolları Bakımevi;3.910.445.103.296.560;2.716.614.320.845.970;645-646-652-653-835-842-936
23005;Mezarlıkbaşı Cami;3.910.595.103.027.090;2.717.441.462.393.860;645-646-835-842-936
23006;Bergama Tuna;3.910.609.899.265.860;2.716.899.565.343.950;645-646-835-842-936
23007;Bergama Sardunya;3.910.699.904.300.070;2.717.739.560.609.920;645-646-835-842-936
23008;Mezarlıkbaşı Cami;3.910.616.602.808.340;2.717.432.262.416.410;645-646-835-842-936
23009;Bergama Begonya;3.910.919.904.204.680;2.717.959.559.128.330;645-646-652-835-842-936
23010;Bergama Sardunya;3.910.719.904.085.670;27.177.295.606.407;645-646-835-842-936
23011;Bergama Salkım;3.911.070.603.981.920;2.718.087.558.253.630;645-646-652-835-842-936
23012;Bergama Begonya;3.910.922.103.959.040;2.717.926.259.310.810;645-646-835-842-936
23014;Bergama Salkım;3.911.069.303.741.910;2.718.051.458.455.540;645-646-835-842-936
23016;Bergama Son Durak;3.911.096.310.875.850;2.719.096.152.550.910;643-644-645-646-831-832-833-835-836-842
23127;Bergama Sanayi;391.151;271.874;643-644-651-652-653-656-836-936
23128;Bergama Sanayi;3.911.512.504.654.130;2.718.653.354.693.710;643-644-651-656-836-936
23129;Bergama Hastane;3.911.686.312.705.910;2.719.960.147.159.760;643-644-836-936
23130;Bergama Hastane;39.117.182;27.199.407;643-644-836-936
23131;Saklıbahçe;3.911.769.979.991.210;2.721.699.544.105.470;836-936
23132;Bergama Saklıbahçe;3.911.799.925.317.660;2.721.759.536.516.460;836-936
23133;Dündarlı;3.910.186.312.755.260;2.730.441.578.429.490;836-936
23134;Dündarlı;39.102.218;27.305.084;836-936
23135;Kınık Ocak;39.095.811;27.323.787;836-936
23136;Kınık Ocak;390.959;273.239;836-936
23137;Poyracık Beyaz Zambak;3.909.493.799.744.340;2.733.952.681.072.790;836-936
23138;Poyracık Beyaz Zambak;3.909.509.889.588.110;2.733.929.489.800.540;836-936
23139;Poyracık Zeytinlik;390.936;273.444;836-936
23140;Poyracık Zeytinlik;3.909.340.060.159.310;2.734.499.447.052.140;836-936
23141;Poyracık Meydan;390.919;273.465;836-936
23142;Poyracık Meydan;390.918;273.472;836-936
23143;Poyracık Anıt;390.911;273.504;836-936
23144;Poyracık Anıt;39.091.283;27.349.708;836-936
23145;Poyracık Park;390.910;273.555;836-936
23146;Poyracık Park;390.913;273.552;836-936
23147;Kınık Stad;3.909.024.720.287.620;2.736.138.641.733.230;836-936
23148;Kınık Stad;390.906;273.608;836-936
23149;Kınık Ulu Cami;3.908.990.090.647.760;2.737.059.425.849.820;836-936
23150;Kınık Ulu Cami;3.909.030.089.908.790;2.737.019.426.176.640;836-936
23151;Kınık Sanayi;390.871;273.761;836-936
23152;Kınık Sanayi;3.908.779.596.967.520;2.737.485.222.285.210;836-936
23153;Kınık Kaymakamlık;390.874;273.804;836-936
23154;Kınık Kaymakamlık;390.875;273.806;836-936
23156;İsmet İnönü Parkı;3.908.870.108.955.070;2.738.589.412.652.170;836-936
23207;Kesik Tarla;38.618.653;26.977.843;657-756
23208;Kesik Tarla;38.618.714;26.978.361;657-756
23209;Kesik Kanal;38.617.831;26.983.416;657-756
23210;Kesik Kanal;38.617.955;26.983.434;657-756
23211;Kesik Mavi;38.617.226;26.990.860;657-756
23212;Kesik Mavi;38.617.321;26.990.729;657-756
23213;Kesik Çocuk Bahçesi;38.616.841;26.993.167;657-756
23214;Kesik Çocuk Bahçesi;38.616.958;26.993.042;657-756
23215;Kesik Meydan;38.616.930;26.995.973;657-756
23216;Kesik Meydan;38.616.837;26.995.881;657-756
23217;Kesik Fabrikalar;38.618.858;26.995.398;657-756
23218;Kesik Fabrikalar;38.618.413;26.995.318;657-756
23219;Kesik Saha;38.617.115;26.987.041;657-756
23220;Kesik Saha;38.617.266;26.986.854;657-756
23237;Musabey Meydan;38.636.670;27.008.612;657-756
23238;Musabey Meydan;386.367;270.085;657-756
23239;Musabey Çamlar;386.368;270.105;657-756
23240;Musabey Çamlar;386.369;270.106;657-756
23241;Çavuş Köy Cami;3.863.683.019.027.380;2.702.401.183.000.860;657-756
23242;Çavuş Köy Cami;38.636.898;27.023.950;657-756
23243;Çavuş Köy Üçyol;38.634.731;27.026.106;657-756
23244;Çavuş Köy Üçyol;38.634.796;27.026.202;657-756
23245;Tarımsal Araştırma ve Eğitim Merkezi;38.625.896;27.044.950;657-756
23246;Tarımsal Araştırma ve Eğitim Merkezi;38.626.001;27.044.931;657-756
23247;Musabey Yol Ayrımı;3.862.572.317.387.850;2.701.363.098.152.830;657-756
23248;Musabey Yol Ayrımı;3.862.592.217.418.060;2.701.382.297.879.880;657-756
23249;Uzman Çavuş Asım Türkel ;3.851.170.401.805.340;2.706.716.658.843.270;442
23250;Uzman Çavuş Asım Türkel ;3.851.191.082.102.490;2.706.724.677.385.510;442
23251;Uzman Çavuş Ferruh Dikmen;3.850.901.147.555.560;27.067.641.386.237;442
23252;Uzman Çavuş Ferruh Dikmen;3.850.912.937.402.160;2.706.785.378.498.820;442
23253;Çilek Bahçesi;3.861.963.676.607.630;27.155.273.113.661;747-753-759
23254;Çilek Bahçesi;3.861.945.276.657.270;2.715.535.711.460.250;747-753-759
23255;Egekent 2 Koruluk;3.855.546.606.793.080;2.705.674.304.419.690;826-848
23256;Egekent 2 Koruluk;3.855.570.594.832.490;2.705.680.814.509.260;826-848
23257;Egekent 2 İstiklal;3.855.625.597.792.850;2.705.828.107.612.580;826-848
23258;Egekent 2 İstiklal;3.855.643.612.747.730;2.705.821.459.972.310;826-848
23259;Seyrek Konutlar;3.857.895.412.069.330;2.696.967.958.804.070;812-850
23260;Seyrek Konutlar;3.857.888.012.048.320;2.696.955.858.928.340;812-850
23261;Akkoç;3.858.186.012.007.370;2.697.133.955.894.390;619-750-757-850
23262;Akkoç;3.858.172.012.053.890;2.697.140.955.938.840;619-750-757-850
23263;Belen Yayla;3.863.301.250.643.540;2.710.095.835.875.140;754-755
23264;Belen Yayla;3.863.324.850.711.550;2.710.118.135.543.340;754-755
23265;Gediz;3.862.643.949.448.220;2.709.631.644.047.470;754-755
23266;Gediz;3.862.671.649.602.220;2.709.675.643.546.770;754-755
23267;Şehit Pilot Albay Gökselin Saylan;3.856.432.444.952.140;2.706.841.706.182.650;648-848
23268;Şehit Pilot Albay Gökselin Saylan;3.856.421.344.872.660;2.706.815.706.413.680;648-848
23269;Site Son Durak;3.854.402.942.443.180;2.705.591.826.317.920;295-820
23270;Süleymanlı Gölet yolu;3.864.417.886.106.270;2.717.706.376.803.340;754-755
23271;Süleymanlı Gölet yolu;3.864.443.586.193.680;2.717.726.076.454.520;754-755
23274;Foça İlçe Terminali;38.670.594.057.406;26.762.546.223.553;744
23275;Katip Çelebi Üniversitesi Öğrenci Yurdu;3.851.236.639.601.270;2.703.859.953.686.060;920
23276;Kemal Atatürk Parkı;3.857.716.545.925.710;2.707.429.094.053.630;698-748
23277;Kemal Atatürk Parkı;3.857.717.445.844.010;27.074.064.941.877;698-748
23278;Dikili Liman;3.906.945.406.107.940;2.688.755.887.972.320;837-839
23279;Kozbeyli At Çifliği;3.870.425.159.096.910;2.689.907.409.615.730;756
23280;Kozbeyli At Çifliği;3.870.415.059.065.280;26.898.870.098.359;756
23281;İğnedere Giriş;38.655.231.768.575;2.716.102.978.088.820;755
23282;İğnedere Giriş;3.865.544.376.860.790;2.716.107.477.878.720;755
23283;İzkent mahalle muhtarlığı;3.851.071.746.853.670;2.706.525.439.122.740;442
23284;Çağdaş Sitesi Çıkış;3.850.463.347.488.490;2.706.706.141.132.350;123-442
23285;Kaklıç muhtarlık;3.850.573.628.519.530;2.699.123.284.663.390;149
23286;Kaklıç muhtarlık;3.850.559.228.593.520;2.699.148.684.574.340;149
23287;Kaklıç Üçyol;3.850.440.929.755.440;2.699.598.982.407.430;149
23288;Kaklıç Üçyol;38.504.587.297.010;2.699.583.282.423.530;149
23289;Bergama Zeytinlik;3.911.329.603.868.050;2.718.346.656.559.790;643-644-651-652-831-832-833-836-936
23290;Bergama Zeytinlik;3.911.357.403.581.380;2.718.335.056.599.260;643-644-651-831-832-833-936
23291;Osman Nuri Ersezin Orta Okulu;3.911.126.913.067.860;2.718.513.611.631.750;643-644-645-646-651-831-832-833-835-836-842
23292;Osman Nuri Ersezin Ortaokulu;3.911.103.613.260.480;2.718.502.811.798.590;643-644-645-646-651-831-832-833-835-836-842
23293;Saltukbey;3.910.926.409.029.130;2.718.658.655.201.770;643-644-645-646-651-831-832-833-835-836-842
23294;Saltukbey;3.910.929.008.874.110;27.186.393.553.082;643-644-645-646-651-831-832-833-835-836-842
23295;Bergama Meslek Yüksek Okulu;3.910.945.135.765.250;2.718.997.934.507.320;643-644-645-646-651-831-832-833-835-836-842
23296;Bergama Meslek Yüksek Okulu;3.910.940.111.469.450;2.719.017.553.148.750;643-644-645-646-831-832-833-835-836-842
23301;Ada;3.849.774.054.860.150;2.709.402.329.508.980;125-322-326-426
23302;Ada;38.497.566.548.036;2.709.383.429.699.220;125-322-326-426
23303;Sancaklı Yolu Son Durak;3.849.768.464.473.620;2.712.731.111.458.350;147-847
23304;Bayraklı Evleri;38.491.182.293.758;2.712.967.127.225.260;147-847
23305;Mustafa Kemal Mahallesi Eski Son Durak;3.850.022.955.526.880;2.709.619.427.065.710;125-322-326-426
23306;Spor Kondisyon Parkı;3.849.950.155.033.310;2.709.450.028.366.110;125-322-426
23307;Spor Kondisyon Parkı;3.849.909.954.950.740;2.709.423.728.712.740;125-322-326-426
23308;Hasanlar Çıkış;386.417.176.404;2.713.254.308.225.190;754-755
23309;Ulukent Aktarma Merkezi;3.854.912.236.825.420;2.703.897.933.568.620;695-749
23310;Ulukent Koop Giriş;3.854.358.540.086.180;2.704.811.231.278.760;695-827
23311;Ulukent Koop Giriş;3.854.322.140.111.570;2.704.809.931.498.440;695-827
23312;Ulukent Siteler;3.854.803.738.938.650;2.704.558.130.195.580;695
23313;Ulukent Siteler;3.854.827.638.934.790;2.704.563.730.020.030;695
23314;Çiftel;3.850.282.939.796.660;2.703.723.359.005.260;
23317;MKE Aliağa Hurda Müdürlüğü;3.873.683.255.696.420;2.692.040.266.889.820;660-661-745-746
23318;MKE Aliağa Hurda Müdürlüğü;3.873.687.555.535.850;2.691.996.067.131.930;660-661-745-746
23319;Oruç Reis;3.874.190.327.596.670;2.683.119.418.121.430;664-745
23320;Oruç Reis;3.874.167.627.640.660;2.683.107.318.414.560;664-745
23321;Görece Seralar;3.864.396.676.630.840;2.715.864.889.167.660;754-755
23322;Görece Seralar;3.864.378.076.605.620;2.715.856.889.376.110;754-755
23323;Görece Giriş;38.647.228.780.085;2.716.188.484.287.790;754-755
23324;Görece Giriş;3.864.710.777.878.270;2.716.161.084.571.320;754-755
23325;Nezahat Onbaşı;3.848.523.363.199.490;2.712.617.518.466.880;147-847
23326;Nezahat Onbaşı;3.848.511.863.096.280;2.712.584.218.698.260;147-847
23327;Ulukent Park;38.546.055.400.687;2.704.871.629.467.080;608-695
23328;Ulukent Park;3.854.656.139.914.430;27.048.350.293.901;608-695
23332;İzsu Hizmet Binası;3.850.999.643.356.180;2.705.230.346.913.570;816
23333;İzsu Hizmet Binası;3.850.987.743.456.240;27.052.658.467.680;816
23334;Çakır;3.850.903.887.501.290;2.705.363.093.245.060;816
23335;Çakır;3.850.920.243.819.760;2.705.391.346.379.420;816
23336;Kooperatif Sitesi;3.850.883.944.494.110;2.705.637.645.145.140;816
23337;Kooperatif Sitesi;3.850.906.844.355.380;27.055.891.453.101;816
23338;Şehit Uzman Onbaşı Ahmet Alpaslan;3.851.146.844.133.950;2.705.541.544.389.670;816
23339;Şehit Uzman Onbaşı Ahmet Alpaslan;3.851.136.544.195.590;2.705.562.744.319.180;816
23340;Şehit Uzman Onbaşı Emre Baysal;3.851.420.344.388.660;2.705.675.542.234.940;816
23341;Şehit Uzman Onbaşı Emre Baysal;3.851.461.244.509.670;2.705.725.541.737.250;816
23349;Gurbet;3.855.650.444.184.050;2.706.429.013.676.010;648-826
23350;Gurbet;38.556.656.442.369;2.706.448.613.461.680;648-826
23351;Göç İdaresi Yolu;3.855.558.044.716.870;2.706.570.013.396.650;648-826
23352;Göç İdaresi Yolu;3.855.579.544.744.060;27.065.831.131.828;648-826
23353;Kanal;3.867.940.992.920.540;2.697.917.878.480.550;744
23354;Kanal;3.867.929.292.882.180;26.978.988.787.018;744
23355;Bergama Höyük;3.911.627.409.535.510;2.719.461.250.053.020;643-644-651-652-653-656-836-936
23356;Bergama Höyük;3.911.629.972.411.430;2.719.321.442.226.780;643-644-651-652-653-656-836-936
23363;Şehit Sezai Geçkin İlkokulu;3.908.978.710.721.520;2.738.809.210.686.530;836-936
23364;Şehit Sezai Geçkin İlkokulu;3.909.075.812.046.070;27.389.832.091.283;836-936
23365;Kınık Mesleki ve Teknik Anadolu Lisesi;3.909.456.113.842.030;2.739.372.905.633.160;836-936
23366;Kınık Mesleki ve Teknik Anadolu Lisesi;3.909.449.213.460.520;2.739.336.205.958.590;836-936
23368;Atatürk Caddesi;3.909.548.013.545.330;2.739.405.005.348.240;836-936
23370;Şehit Gökhan Çakır Anadolu Lisesi;3.878.899.962.940.730;26.986.998.772.799;834
23371;Şehit Gökhan Çakır Anadolu Lisesi;3.878.931.192.793.240;2.698.593.135.597.040;834
23372;Cengiz Topel ;3.879.069.961.578.030;26.985.098.769.394;834
23373;Cengiz Topel ;3.879.058.661.518.130;2.698.485.477.195.850;834
23374;Mevlana Anaokulu;3.879.033.740.899.160;2.698.177.266.835.470;834
23375;Mevlana Anaokulu;3.879.014.919.337.840;2.698.162.084.813.970;834
23376;Şehit Çavuş Bülent Kula İlköğretim Okulu;38.789.071;26.976.856;834
23377;Şehit Çavuş Bülent Kula İlköğretim Okulu;38.789.255.504.435;2.697.689.102.001.260;834
23378;Aliağa Devlet Hastanesi;3.878.669.959.511.450;2.697.649.885.994.190;834
23379;Aliağa Devlet Hastanesi;3.878.688.264.204.760;2.697.632.789.285.650;834
23380;Siteler;3.878.660.055.245.690;2.697.811.408.507.190;834
23381;Siteler;3.878.657.844.819.880;2.697.814.260.043.610;834
23382;Pazaryeri;3.878.909.959.955.170;2.697.969.881.796.180;834
23383;Pazaryeri;3.878.929.959.845.740;2.697.959.881.677.310;834
23384;Yeni Mahalle Muhtarlık;3.879.364.551.136.760;26.978.913.561.313;834
23385;Yeni Mahalle Muhtarlık;3.879.379.007.691.880;2.697.868.324.123.210;834
23386;Kurtuluş Camii;3.879.735.491.314.480;26.974.238.946.939;834
23387;Kurtuluş Camii;3.879.744.191.357.030;2.697.438.491.429.820;834
23388;13.Nis;3.880.189.953.806.270;2.697.559.872.702.610;834
23389;13.Nis;3.880.157.753.783.510;2.697.525.173.212.220;834
23390;Çocuk Parkı;38.802.699.530.824;2.697.449.872.655.960;834-849-935
23391;Zeytinli Parkı;3.880.299.951.985.960;2.697.199.873.932.740;834-849-935
23392;Atatürk İlkokulu;3.880.291.968.471.650;26.974.180.705.735;834-849-935
23393;Aliağa 80. Yıl Lisesi;38.801.699.514.319;2.696.939.876.733.160;661-834-849-935
23394;Demokrasi Meydanı;3.880.109.952.825.040;2.697.239.875.421.610;834-849-935
23395;Ahmet Taner Kışlalı Parkı;38.800.399.512.734;26.967.798.789.151;661-834-849-935
23396;Meydan;3.879.942.357.142.450;26.970.502.864.671;834-849-935
23397;Park;3.879.729.951.024.740;2.696.429.883.926.930;661-834-849-935
23398;Atatürk Parkı;3.879.827.880.865.590;2.696.700.608.059.750;834-849-935
23399;Saha;3.879.479.951.259.580;2.696.259.887.276.580;661-834-849-935
23400;Saha;38.794.699.512.567;2.696.249.887.430.470;661-834-849-935
23401;Meslek Yüksek Okulu;3.879.269.953.850.650;2.696.739.886.217.660;834-849-935
23402;Meslek Yüksek Okulu;38.792.849.567.923;2.696.741.252.460.250;834-849-935
23403;Bozköy;39.044.649.938.334;2.709.195.624.264.170;835-842-936
23404;Bozköy;3.904.752.293.646.450;2.709.487.321.498.930;835-842-936
23407;Sanayi;3.847.296.940.702.970;2.703.598.772.017.880;149
23408;İsmet İnönü Parkı;3.908.847.708.910.630;27.385.716.128.162;836-936
23409;Yeni Foça Jandarma;38.695.020.434.462;2.683.352.660.112.460;750
23410;Sadullah Sever;3.868.959.323.227.640;2.683.299.801.746.030;750
23411;Sadullah Sever;3.868.822.045.432.870;2.683.292.066.512.090;750
23412;Sadullah Sever Kümesi;3.868.488.846.704.110;2.683.379.868.851.820;750
23413;Sadullah Sever Kümesi;3.868.473.646.795.840;2.683.396.968.872.530;750
23414;Fevzi Çakmak;3.868.114.548.279.560;2.683.537.671.064.990;750
23415;Yeni Bağarası Çıkış;3.866.676.554.280.210;2.684.146.279.253.360;750
23416;Fevzi Çakmak;3.868.098.248.394.680;2.683.562.571.042.680;750
23417;Yeni Bağarası Çıkış;3.866.685.954.225.450;2.684.136.179.241.780;750
23418;Yenifoça Caddesi;3.867.170.352.161.890;2.683.910.776.669.910;750
23419;Yenifoça Caddesi;3.867.198.252.058.430;2.683.903.876.480.070;750
23420;Dikili Çandarlı Yolu Sokak;3.901.791.043.116.520;2.693.165.110.550.460;837
23421;Dikili Çandarlı Yolu Sokak;3.901.775.743.373.450;2.693.226.610.431.430;837
23422;Atatürk Mahallesi Nergis;3.851.968.844.528.720;2.705.810.938.608.560;346-442-446-816
23423;Yeni Bağarası Yol Ayrımı;3.865.937.456.959.560;2.684.317.484.212.270;744
23424;Yeni Bağarası Yol Ayrımı;3.865.929.357.009.220;2.684.327.284.213.450;744
23425;Üç Kemer Caddesi;39.116.564;27.185.917;656-831-832-833
23426;Üç Kemer Caddesi;39.116.497;27.185.776;656-831-832-833
23427;Üç Kemer Köprüsü;39.119.444;27.184.283;656-831-832-833
23428;Üç Kemer Köprüsü;39.119.285;27.184.184;656-831-832-833
23429;Tabak Köprüsü;39.123.119;27.181.153;831-832-833
23430;Tabak Köprüsü;39.123.023;27.181.157;831-832-833
23431;Camikebir Caddesi;39.124.340;27.179.070;831-832-833
23432;Camikebir Caddesi;39.124.364;27.178.925;831-832-833
23433;Kozak Caddesi;39.126.527;27.177.878;831-832-833
23434;Kozak Caddesi;39.126.370;27.177.936;831-832-833
23435;Tekkeboğazı Sokak;39.128.232;27.176.530;831-832-833
23436;Tekkeboğazı Sokak;39.128.490;27.176.517;831-832-833
23437;Hasan Dede Turbesi;39.132.002;27.175.255;831-832-833
23439;Hasan Dede Turbesi;39.131.951;27.175.112;831-832-833
23440;Kozak Bergama Yolu;39.140.811;27.171.003;831-832-833
23441;Kozak Bergama Yolu;39.140.927;27.171.034;831-832-833
23442;Selçuk Mahallesi;39.143.921;27.168.939;831-832-833
23443;Selçuk Mahallesi;39.143.569;27.168.873;831-832-833
23444;Çavuşali Sokak;39.157.065;27.157.407;831-832-833
23445;Çavuşali Sokak;39.157.171;27.157.195;831-832-833
23446;Kozak Yaşam Vadisi;39.243.344;27.091.432;831-832-833
23447;Kozak Yaşam Vadisi;39.243.485;27.091.291;831-832-833
23448;Yukarıbey Giriş;39.248.885;27.092.886;831-832-833
23449;Yukarıbey Giriş;39.248.956;27.092.724;831-832-833
23450;Yukarıbey Cami;3.925.175.815.316.390;2.709.212.282.907.530;831-832-833
23451;Yukarıbey Cami;3.925.180.140.502.560;2.709.197.714.664.290;831-832-833
23452;Yukarıbey;39.254.124;27.095.694;833
23453;Yukarıbey;39.253.993;27.095.581;833
23454;Çamavlu Köyü Yolu;39.290.696;27.128.021;833
23455;Çamavlu Köyü Yolu;39.290.823;27.127.821;833
23456;Karaveliler Giriş;3.928.923.230.187.930;2.714.591.325.635.220;833
23457;Karaveliler Giriş;3.928.913.830.277.110;2.714.590.925.565.360;833
23458;Karaveliler Köy İçi;3.928.977.631.127.030;2.714.888.425.384.470;833
23459;Karaveliler Köy İçi;3.928.974.831.223.930;2.714.902.425.331.560;833
23460;Karaveliler İlköğretim Okulu;39.288.783;27.146.644;833
23461;Karaveliler İlköğretim Okulu;39.288.738;27.146.726;833
23462;Karaveliler;39.290.880;27.149.540;833
23463;Karaveliler;39.290.840;27.149.650;833
23464;Çamavlu Giriş;39.317.520;27.142.815;833
23465;Çamavlu Giriş;39.317.323;27.142.713;833
23466;Çamavlu;39.317.827;27.140.249;833
23467;Çamavlu;39.317.913;27.140.297;833
23468;Çamavlu Çıkış;39.317.858;27.138.595;833
23471;Güneşli;39.344.003;27.125.702;833
23472;Yukarıcuma Giriş;3.931.652.683.192.430;2.709.608.754.291.820;832
23474;Terzihaliler Son Durak;39.290.788;27.069.431;832
23475;Terzihaliler Son Durak;39.290.714;27.069.493;832
23476;Terzihaliler Camii;39.289.299;27.067.917;832
23477;Terzihaliler Camii;39.289.290;27.068.002;832
23478;Hacıhamzalar Meydan;39.292.301;27.045.267;832
23480;Aşağıcuma Giriş;39.271.983;27.016.436;832
23481;Aşağıcuma Giriş;39.272.060.111.674;2.701.633.060.383.720;832
23482;Aşağıcuma Okul;39.270.206;27.011.442;831-832
23483;Aşağıcuma Okul;39.270.111;27.011.537;832
23484;Okçular Meydan;39.286.007;26.966.639;832
23485;Okçular Meydan;39.285.887;26.966.512;832
23486;Okçular Son Durak;39.285.599;26.964.624;832
23488;Demircidere Son Durak;39.264.912;26.919.884;831
23490;Kaplan Son Durak;39.234.940;26.958.460;831
23492;Kaplanköy Giriş;39.236.202;26.957.954;831
23493;Kaplanköy Giriş;39.236.305;26.957.844;831
23494;Aşağıbey Son Durak;3.924.746.987.974.050;26.965.634.937.735;831
23495;Aşağıbey Son Durak;3.924.739.710.237.520;2.696.559.624.607.220;831
23496;Aşağıbey Okul;39.250.290;26.966.776;831
23497;Aşağıbey Okul;39.250.286;26.966.932;831
23498;Aşağıbey Camii;39.250.946;26.968.662;831
23499;Aşağıbey Camii;39.250.865;26.968.678;831
23500;Aşağıbey Giriş;39.251.638;26.970.038;831
23501;Aşağıbey Giriş;39.251.591;26.970.181;831
23503;Hisarköy Merkez;3.925.658.708.131.790;2.699.485.226.435.650;831
23504;Hisarköy Okul;39.258.545;26.994.371;831
23505;Hisarköy Okul;39.258.417;26.994.207;831
23506;Hisarköy Giriş;39.260.644;26.993.262;831
23507;Hisarköy Giriş;392.608;26.993.309;831
23508;Ayvatlar Merkez;39.267.078;26.981.785;831
23509;Ayvatlar Merkez;39.266.997;26.981.822;831
23510;Ayvatlar Giriş;39.266.975;26.984.072;831
23511;Ayvatlar Giriş;39.266.874;26.984.059;831
23512;Göbeller Merkez;39.251.987;27.018.837;831
23514;İlkevler 2;3.851.392.810.415.230;2.705.188.793.206.920;346-446-810
23515;Kıranlı Merkez;3.930.112.880;2.715.817.030;833
23516;Yayla Mevkii;3.867.760.304.839.950;2.700.987.659.796.180;744
23517;Yayla Mevkii;3.867.744.204.910.570;2.700.995.959.874.170;744
23518;Yıldırım Mahalle Muhtarlığı;3.868.490.511.169.640;2.703.013.240.381.920;752
23519;Süleymanlı Giriş;3.863.790.186.140.390;2.717.642.182.535.360;754-755
23520;Süleymanlı Giriş;3.863.803.986.196.060;2.717.654.382.338.780;754-755
23521;Yıldırım Mahalle Muhtarlığı;3.868.480.511.186.080;2.703.011.540.476.570;752
23522;Görece Çıkış;3.864.909.678.379.270;2.716.291.082.031.560;754-755
23523;Görece Çıkış;3.864.912.878.464.160;27.163.080.818.916;754-755
23524;Yeni Bağarası İlkokulu;3.866.368.553.070.530;2.684.259.407.024.130;750
23525;Yerlitahtacı Yol Ayrımı;3.914.951.864.093.930;2.716.535.865.151.690;831-832-833
23526;Yerlitahtacı Yol Ayrımı;3.914.940.064.050.080;2.716.514.565.249.520;831-832-833
23527;Kapıkaya;3.916.571.741.552.170;2.714.971.173.528.690;831-832-833
23528;Kapıkaya;3.916.549.341.875.540;2.714.995.273.401.280;831-832-833
23529;Kozak Yaylası;3.924.431.705.184.020;2.711.233.613.102.680;831-832-833
23530;Kozak Yaylası;3.924.414.155.806.720;2.711.211.106.934.620;831-832-833
23531;Konutlar;3.855.704.342.848.830;27.060.343.157.421;648-826
23532;Konutlar;3.855.689.042.887.670;2.706.042.415.788.210;648-826
23533;Atatürk Mahallesi Gezer;3.851.990.646.479.190;2.706.498.334.500.960;346-442-446-810-816
23534;Güzelhisar Caddesi;3.879.550.956.518.570;2.697.670.777.838.340;834
23535;Güzelhisar Caddesi;3.879.530.356.545.440;2.697.659.278.098.030;834
23536;Menemen İzban;3.860.324.644.625.210;2.707.779.973.451.930;648-658-747-748-749-753-759-868
23537;Zeytinköy Yol Ayrımı;3.867.457.450.884.150;2.683.758.075.245.040;750
23538;Zeytinköy Yol Ayrımı;38.674.564.508.358;2.683.738.175.384.270;750
23539;Mehmet Akif Ersoy;38.583.270;27.093.579;648
23541;Asarlık Polis Merkezi;38.588.229.458.429;2.707.686.384.810.010;648-749
23542;Asarlık Polis Merkezi;3.858.825.345.629.650;2.707.629.585.149.190;648
23543;Dikili Liman;3.906.947.006.134.510;2.688.774.587.916.190;837
23545;Çamavlu Meydan;3.931.902.691.227.750;2.714.050.455.366.580;833
23546;Çamavlu Meydan;3.931.913.730.748.840;2.714.048.931.347.670;833
23547;Yukarıbey İlkokulu;3.925.233.071.762.380;2.709.364.473.410.610;833
23548;Yukarıbey İlkokulu;3.925.220.740.768.930;2.709.351.014.541.990;833
23549;Karaveliler Meydan;3.928.878.831.986.890;2.714.868.124.680.770;833
23550;Karaveliler Meydan;3.928.884.732.003.240;2.714.882.924.691.770;833
23551;Göktepe Köy Girişi;3.861.510.879.031.220;2.715.991.712.024.450;753
23552;Göktepe Köy Girişi;3.861.522.179.136.490;27.160.148.117.856;753
23553;Göktepe;3.861.272.280.600.860;2.716.302.311.951.340;753
23554;Göktepe;3.861.249.480.596.850;2.716.299.812.150.180;753
23555;Göktepe Manzara;3.861.118.980.835.820;2.716.340.912.933.210;753
23556;Göktepe Manzara;38.611.384.306.243;2.716.319.445.371.940;753
23557;Göktepe İlkokulu;3.861.087.380.047.650;2.716.172.414.260.860;753
23558;Göktepe İlkokulu;3.861.079.579.951.960;2.716.151.614.455.810;753
23559;Göktepe Meydan;3.860.922.780.428.480;2.716.241.815.131.810;753
23561;Bağcılar Çeşme;3.862.184.088.949.730;2.719.789.605.633.910;759
23562;Bağcılar Çeşme;3.862.178.098.899.420;2.719.992.780.751.890;759
23563;Bağcılar Tepe;3.862.058.398.976.790;2.720.006.581.670.590;759
23564;Bağcılar Tepe;3.862.054.799.047.180;2.720.019.981.614.160;759
23565;Bağcılar Meydan;3.861.993.299.355.360;2.720.078.481.753.210;759
23566;Bağcılar Meydan;3.861.982.999.270.550;2.720.062.281.944.620;759
23567;Bağcılar Köprü;3.861.899.697.853.070;2.719.790.484.400.390;759
23568;Bağcılar Köprü;38.618.966.979.359;2.719.806.384.322.850;759
23569;Ayvacık Girişi;38.616.914.949.993;2.719.235.389.716.550;759
23570;Ayvacık Girişi;3.861.663.994.987.320;2.719.232.689.962.370;759
23571;Ayvacık Park;3.861.440.594.308.780;2.719.096.992.685.350;759
23572;Ayvacık Park;38.613.780.939.162;27.190.188.937.024;759
23573;Kardan;38.614.200.386.795;2.718.784.865.130.780;759
23574;Kardan;3.861.408.792.809.750;2.718.800.094.851.950;759
23575;Ayvacık Çıkış;3.861.353.866.634.530;27.185.101.978.560;759
23576;Ayvacık Çıkış;3.861.347.991.529.840;2.718.544.096.992.520;759
23577;Alaniçi Yol Ayrımı;3.860.714.789.963.530;27.182.181.042.357;759
23578;Alaniçi Yol Ayrımı;3.860.697.289.981.480;27.182.216.043.552;759
23579;Alaniçi Meydan;3.860.873.903.746.780;2.720.945.085.575.620;759
23580;Alaniçi Meydan;3.860.880.903.795.950;2.720.954.185.459.090;759
23581;Alaniçi Çıkış;3.860.881.304.775.130;2.721.141.884.258.970;759
23582;Alaniçi Çıkış;3.860.868.304.777.720;2.721.143.084.360.210;759
23583;Çaltı Giriş;3.861.831.503.423.480;2.722.584.384.598.370;759
23584;Çaltı Giriş;3.861.831.198.753.350;2.722.589.321.328.450;759
23585;Çaltı Meydan;3.861.883.123.328.660;27.227.090.749.668;759
23586;Çaltı Meydan;38.618.721.525.982;2.722.716.372.417.310;759
23587;Karaorman Giriş;3.860.813.726.926.090;2.723.217.927.088.720;759
23588;Karaorman Giriş;3.860.821.226.965.060;2.723.224.315.883.710;759
23589;Karaorman Meydan;3.860.644.615.404.780;2.723.157.973.417.090;759
23590;Kamyoncular Kooperatifi;3.926.259.506.856.130;2.701.181.827.791.410;831
23591;Kamyoncular Kooperatifi;39.262.805.066.781;2.701.176.327.861.130;831
23592;Park Kozak;3.917.460.472.655.970;2.715.296.246.397.450;831-832-833
23593;Park Kozak;3.917.480.716.676.140;2.715.312.612.675.710;831-832-833
23594;Koca Çeşme;3.925.170.339.212.180;2.708.852.415.282.860;831-832
23595;Koca Çeşme;3.925.178.339.227.960;2.708.873.915.276.460;831-832
23596;Zeytinyağ Fabrikası;39.094.663;27.297.347;836-936
23597;Zeytinyağ Fabrikası;39.094.690;27.297.027;836-936
23598;Çandarlı Üçyol;3.897.881.369.825.030;2.695.379.230.804.340;837
23599;Çandarlı Üçyol;38.978.648.699.701;2.695.397.730.849.040;837
23600;Karşıyaka İskele;3.845.564.259.394.890;2.712.269.333.541.650;121-200-212-213-290-330-543-777
23601;Karşıyaka İskele;3.845.558.531.430.030;2.712.139.679.952.280;196-197-258-741-847
23602;İncecikler;3.918.299.329.256.980;2.715.264.174.718.480;831-832-833
23603;İncecikler;3.918.383.228.360.870;2.715.229.975.017.280;831-832-833
23604;Menemen Devlet Hastanesi Kavşak;3.860.809.846.983.940;2.708.518.465.172.570;648-658-747-748-749-753-759-868
23605;Kocamehmetler Yol Ayrımı;38.679.003.495.740;2.683.780.571.317.470;750
23606;Kocamehmetler Yol Ayrımı;3.867.898.449.530.560;2.683.761.571.458.240;750
23607;Tarım Geliştirme Merkezi;38.493.465;26.968.927;751-777
23608;Tarım Geliştirme Merkezi;38.493.604;26.968.691;751-777
23610;Aşağıbey Köy İçi Yolu;3.925.196.668.400.380;2.697.197.788.287.140;831
23611;Aşağıbey Köy İçi Yolu;3.925.179.707.968.990;2.697.219.625.407.520;831
23612;Aşağıbey Muhtarlık;3.924.970.638.099.140;2.696.606.852.404.080;831
23613;Aşağıbey Muhtarlık;3.924.984.207.602.690;2.696.606.845.840.610;831
23614;Aşağıbey;3.924.919.708.883.580;2.696.519.624.864.660;831
23615;Aşağıbey;3.924.913.208.940.090;2.696.526.724.856.220;831
23616;Düğün Salonu;3.884.564.354.214.980;2.701.522.608.878.570;835-837-849-936
23617;Düğün Salonu;3.884.645.954.308.890;2.701.614.507.594.680;835-837-849-936
23618;Doğançay Aile Sağlığı Merkezi;3.847.796.166.577.850;27.140.713.145.511;135-335-742
23619;Doğançay Aile Sağlığı Merkezi;3.847.801.666.632.950;2.714.088.714.435.360;135-335-742
23621;Aşağıcuma Meydan;3.927.080.521.635.240;2.701.407.765.608.590;832
23622;Yukarı Mahalle;3.927.109.836.435.780;2.701.552.598.424.020;832
23623;Yukarı Mahalle;39.271.006.009.712;2.701.568.330.640.050;832
23624;Aşağıcuma Meydan;3.927.083.500.040.480;2.701.391.066.885.910;832
23625;Barbaros;3.874.782.733.358.020;2.685.957.094.893.910;660-661-666-745
23626;Yeniköy Yolu;3.867.710.868.908.730;2.690.470.429.139.920;756
23629;Deliktaş Meydan;38.990.681.565.091;2.693.074.431.490.310;837
23641;Günerli Çeşme;3.856.681.132.844.130;2.699.961.757.326.360;750-757-850
23642;Günerli Çeşme;3.856.686.284.800.210;2.699.986.551.615.890;750-757-850
23643;Günerli Cami;38.569.134.875.957;2.699.758.509.830.580;750-757-850
23644;Günerli Cami;3.856.828.170.623.090;2.699.798.251.981.760;750-757-850
23645;Yakakent Son Durak;3.850.909.232.683.960;2.707.852.987.681.590;229-529
23646;Yakakent;3.850.599.650.611.830;2.707.850.733.995.650;229-529
23647;Yeni Foça Jandarma;3.869.483.743.522.560;2.683.359.760.229.160;750
23650;Ekin;3.871.932.835.592.230;2.683.331.838.136.180;750
23651;Ekin;3.871.953.335.504.520;2.683.323.837.996.440;750
23654;Ata;3.872.595.333.069.690;2.683.195.032.811.720;750
23655;Ata;3.872.583.133.058.280;2.683.175.433.049.780;750
23656;Taşkent;3.872.966.532.008.270;2.683.255.128.937.690;750
23657;Taşkent;3.872.992.431.914.350;2.683.251.828.713.780;750
23658;Hancı;38.732.341.618.764;2.683.183.653.705.170;750
23659;Hancı;3.873.217.431.008.470;2.683.189.326.975.990;665-750
23660;Aygün;3.873.605.859.705.340;2.683.238.445.953.020;750
23661;Aygün;38.735.956.298.722;2.683.232.923.108.690;665-750
23662;Sürgün Abidesi;3.856.288.744.537.980;2.706.685.408.065.620;648-826-848
23663;Güneş Panelleri;3.867.319.866.817.350;2.689.387.839.471.260;744-750
23664;Güneş Panelleri;3.867.319.898.111.620;2.689.435.640.146.210;744-750
23665;Ahıskakent İlkokulu;3.856.096.061.724.830;2.706.074.618.736.020;648-826-848
23666;Ahıskakent ilkokulu;3.856.077.442.690.480;2.706.080.213.116.340;648-826-848
23667;Kır Mahalle Giriş;38.617.161.790.054;27.160.047.102.893;753-759
23668;Kır Mahalle Giriş;3.861.707.179.017.010;2.716.006.310.351.560;753-759
23669;Uğur Mumcu;38.598.501;27.077.648;648-868
23670;Uğur Mumcu;38.598.662;27.077.809;648-868
23671;Kazım Karabekir Cami;3.859.627.245.758.440;2.707.878.577.884.390;648
23672;Kazım Karabekir Cami;3.859.617.645.758.890;2.707.876.077.969.180;648
23673;Başak;3.860.022.948.374.020;2.708.660.070.075.330;648
23674;Başak;3.860.003.148.451.840;2.708.674.870.126.320;648
23675;Uğur Mumcu Muhtarlık;3.860.117.546.315.460;2.708.157.372.569.190;648
23676;Uğur Mumcu Muhtarlık;3.860.064.746.485.220;27.081.866.727.685;648
23677;Menemen Cumhuriyet Ortaokulu;38.600.481.454.777;2.707.921.674.568.660;648-868
23678;Menemen Cumhuriyet Ortaokulu;3.860.023.045.497.470;2.707.919.774.763.120;648-868
23679;Kantar;3.863.400.914.447.540;2.700.992.294.335.280;657-756
23680;Kantar;3.863.408.214.506.620;2.701.012.894.145.650;657-756
23681;Kınık Havuz;3.909.059.283.711.320;2.736.482.230.724.280;836-936
23682;Kınık Havuz;3.909.083.183.886.340;2.736.513.730.449.620;836-936
23683;Aslan;3.872.809.032.457.870;26.832.291.305.866;750
23684;Aslan;3.872.799.732.514.160;2.683.238.930.612.630;750
23685;Bostanlı İskele;3.845.377.953.441.580;2.709.722.846.837.750;430-435-532
23686;Asarlık Su;3.858.569.747.495.860;2.708.067.184.202.170;749
23687;Deliktaş Meydan;3.899.077.756.443.330;2.693.068.331.440.260;837
23688;Deliktaş Bakkal;3.899.041.157.517.890;2.693.360.330.518.530;837
23689;Deliktaş Bakkal;3.899.032.957.576.220;2.693.366.130.558.390;837
23690;Deliktaş Şehit Cengiz Topel Ortaokulu;3.898.875.356.131.660;2.692.636.034.814.030;837
23691;Deliktaş Şehit Cengiz Topel Ortaokulu;3.898.866.056.190.220;2.692.640.434.869.690;837
23692;Deliktaş Dörtyol;3.898.540.356.937.330;26.923.596.386.256;837
23693;Deliktaş Dörtyol;3.898.549.456.930.950;2.692.372.338.500.110;837
23694;Deliktaş Son Durak;38.981.619.582.403;2.692.183.142.412.880;837
23695;Doğakan Güngör Parkı;3.847.095.655.262.840;2.709.992.138.700.350;221-487
23696;Doğakan Güngör Parkı;3.847.122.155.282.880;2.709.993.638.580.350;221-487
23698;Dikili Yakamoz Spor Alanı;3.906.381.507.414.450;2.687.901.393.951.560;839
23699;Dikili Belediyesi Sosyal Tesisleri;3.906.266.007.678.540;2.687.723.795.204.040;839
23701;Emine Münevver Denizoğlu Anaokulu;3.906.243.408.254.050;2.687.983.294.729.980;839
23703;Barışkent;3.906.285.508.795.410;2.688.394.793.411.850;839
23705;Dikili Trafo;3.906.539.907.802.960;2.688.554.491.242.710;839
23707;Dikili Orman;3.906.625.707.931.730;2.688.855.489.905.560;839
23709;Dikili Pazaryeri;3.907.450.004.796.030;2.689.442.282.959.020;839
23710;Lise;3.906.487.319.090.730;2.689.321.079.342.590;837-839
23711;Beyköy Küme Evleri;3.860.126.296.291.440;2.719.510.900.830.760;759
23712;Beyköy Küme Evleri;38.601.396.961.730;2.719.486.500.875.610;759
23713;Raks Evleri;3.906.032.408.700.650;2.687.642.897.077.910;839
23714;Seçkinler Sitesi;3.906.046.908.930.690;2.687.812.596.554.120;839
23715;Esnaflar Sitesi;3.906.149.309.626.450;2.688.470.994.176.470;839
23716;Emek Sitesi;3.906.266.309.160.760;2.688.538.093.186.620;839
23717;Cumhuriyet Ortaokulu;3.906.232.009.615.050;2.688.685.993.051.830;839
23718;Bahri Yün Cami;3.906.815.007.384.020;2.689.077.188.067.490;839
23719;Melek;3.907.031.406.660.280;2.689.281.286.111.090;839
23720;Samyeli;3.872.267.533.964.740;2.683.127.236.311.820;750
23721;Samyeli;38.722.943;26.831.302;750
23722;Spor Salonu;3.866.638.834.366.930;26.756.827.357.973;744
23723;Spor Salonu;3.866.610.734.439.460;26.756.749.360.949;744
23724;Menemen İmam-Hatip Ortaokulu;3.854.876.641.073.880;2.705.268.225.457.140;128-428-749-826
23725;Menemen İmam-Hatip Ortaokulu;3.854.891.141.191.170;2.705.309.525.120.210;128-428-749-826
23726;Çakmaklı Çiftlik;3.873.907.849.218.630;2.690.270.176.063.670;746
23727;Çakmaklı Çiftlik;38.739.072;26.902.569;746
23728;Çakmaklı Liman;3.874.132.349.197.350;2.690.493.272.597.580;746
23729;Çakmaklı Liman;3.874.143.749.154.340;2.690.491.472.504.380;746
23730;Çakmaklı Son Durak;3.875.378.045.984.920;2.690.772.859.354.080;746
23733;Foça Devlet Hastanesi;3.865.896.538.796.070;2.676.633.035.815.550;744
23734;Foça Devlet Hastanesi;3.865.905.538.789.370;2.676.642.935.672.440;744
23735;Foça Belediye Yerleşkesi;3.865.388.940.954.760;2.676.885.638.393.520;744
23736;Foça Belediye Yerleşkesi;3.865.375.240.958.520;2.676.867.738.628.910;744
23737;Organize Sanayi;3.859.132.739.415.620;2.706.022.693.099.580;868
23738;Kübra;3.859.496.038.445.410;2.705.874.691.483.850;868
23739;Kübra;38.594.906.384.229;2.705.866.691.572.550;868
23740;Okul;3.859.663.337.825.140;2.705.760.991.021.730;868
23741;Okul;38.596.549.794.078;2.705.736.599.605.460;868
23742;Onmaz;3.859.690.938.999.220;2.706.091.288.733.050;868
23743;Onmaz;3.859.685.938.981.460;2.706.084.788.809.740;868
23744;Cami;3.859.826.039.181.030;2.706.185.487.174.360;868
23745;Cami;3.859.820.239.216.180;2.706.193.087.167.530;868
23746;Orman;3.860.059.841.423.160;2.706.861.881.205.790;868
23747;Orman;3.860.053.641.449.720;2.706.866.981.218.140;868
23748;Anıt;38.602.124.422.618;2.707.130.778.394.110;868
23749;Anıt;3.860.231.842.202.410;2.707.121.178.314.310;868
23750;Menemen Stadı;3.860.243.143.300.620;27.074.120.763.839;868
23751;Menemen Stadı;3.860.252.587.436.710;2.707.400.782.327.470;868
23752;Zambak;3.859.758.345.118.340;2.707.746.877.772.840;648
23753;Zambak;38.597.601.451.435;2.707.753.977.714.970;648
23754;Park;3.859.732.144.562.570;2.707.593.478.931.360;868
23755;Park;3.859.735.544.602.590;2.707.604.978.834.180;868
23756;Esatpaşa;3.859.911.287.752.860;2.707.464.556.912.820;868
23757;Esatpaşa;3.859.910.943.920.210;2.707.475.978.386.460;868
23758;Menemen Gençlik Eğitim;3.858.580.646.911.280;2.707.912.485.092.620;648
23759;Menemen Gençlik Eğitim;3.858.592.846.958.670;2.707.928.284.908.570;648
23760;Deniz Komutanlığı;3.865.034.446.131.630;2.678.701.429.081.130;744
23761;Deniz Komutanlığı;3.865.016.246.251.140;26.787.290.290.441;744
23762;Şehit Uğur Yıldız Ortaokulu;3.852.230.189.491.570;2.703.135.961.032.370;817
23763;Dikili Tepe;39.065.836.085.788;2.689.080.289.629.720;839
23764;Arap Seyit Parkı;39.072.224.060.922;2.689.499.484.310.470;839
23765;Aşağıcuma Yolu;3.926.920.902.650.750;2.701.677.129.946.320;832
23766;Aşağıcuma Yolu;39.269.208.025.660;2.701.637.729.955.490;832
23767;Kınık Kız Yurdu;3.909.289.513.308.990;2.739.223.906.964.650;836-936
23768;Kınık Kız Yurdu;3.909.263.412.989.010;2.739.180.407.352.680;836-936
23769;Bakırçay  YDY;3.857.740.614.884.450;2.697.843.154.178.420;207-812
23770;Jandarma Lojmanı;3.870.166.241.535.710;2.683.428.953.676.750;750
23771;Jandarma Lojmanı;3.870.198.241.478.430;2.683.446.053.278.470;750
23772;Zeytindağ Giriş;3.896.026.016.622.890;27.044.431.991.120;842
23773;Zeytindağ Giriş;3.896.044.516.607.640;2.704.459.398.891.380;842
23774;Zeytindağ Fabrika;3.896.756.824.569.480;2.706.771.481.034.240;842
23775;Zeytindağ Fabrika;3.896.754.224.740.660;2.706.801.780.879.850;842
23776;Zeytindağ Meydan;3.896.853.926.083.210;2.707.157.278.190.240;842
23777;Yayakent Meydan;3.908.667.427.009.460;2.730.759.476.911.470;836-936
23778;Yayakent Mezarlık;39.089.369.225.037;2.730.496.378.677.470;836-936
23779;Yayakent Mezarlık;3.908.961.322.275.140;27.304.910.786.980;836-936
23780;Masal Evi;3.850.142.092.820.710;2.706.277.890.217.540;342-816
23781;Esatpaşa Köşe;3.859.591.388.835.120;2.707.515.260.871.930;868
23782;Esatpaşa Köşe;3.859.589.044.366.060;2.707.500.980.542.840;868
23783;Şehit Er Hakan Sağınç Caddesi;3.908.710.914.373.470;2.738.956.909.476.030;836-936
23784;Şehit Er Hakan Sağınç Caddesi;3.908.688.428.209.940;2.738.919.719.622.440;836-936
23785;Maarif Sokak;3.908.730.221.307.920;2.738.648.724.363.280;836-936
23786;Maarif Sokak;3.908.717.821.625.310;2.738.654.724.268.030;836-936
23787;Toki Konutları;3.908.597.844.723.420;2.739.567.908.182.330;836-936
23788;Yayakent;3.909.317.915.815.140;2.730.090.681.446.490;836-936
23789;Yayakent;3.909.309.415.835.260;2.730.086.281.485.040;836-936
23790;Görece Köprü;3.864.023.772.249.210;2.714.922.798.478.090;754-755
23791;Görece Köprü;3.864.026.272.306.540;2.714.934.898.377.860;754-755
23792;Zeytinyağı Fabrikası;38.641.901.694.867;2.714.389.100.613.420;754-755
23793;Zeytinyağı Fabrikası;3.864.185.569.422.780;2.714.375.100.743.510;754-755
23794;Kuzey Şehir;38.597.005.405.918;2.706.525.985.911.590;868
23795;Kuzey Şehir;3.859.706.440.636.040;2.706.539.785.782.160;868
23796;Kuzey Şehir Üst Yol;3.859.831.139.797.840;2.706.353.886.070.130;868
23797;Kuzey Şehir Üst Yol;38.598.264.397.546;2.706.340.686.187.390;868
23798;Dündarlı Giriş;3.909.861.427.120.080;2.731.659.469.309.040;836-936
23799;Dündarlı Giriş;3.909.839.627.617.520;2.731.693.169.057.330;836-936
23800;Bergama Kantar;3.911.215.903.590.320;2.718.185.657.561.890;645-646-835-842-936
23801;Bergama Kantar;3.911.223.203.786.110;2.718.221.657.354.740;645-646-652-835-842-936
23802;Menemen Aktarma Merkezi;3.860.375.144.039.490;27.076.433.739.509;602-800
23803;95 Evler;3.875.076.924.689.030;2.683.143.909.399.540;665
23804;Market;38.729.700.323.734;2.683.398.128.007.240;665
23805;Güler;3.873.165.332.119.650;2.683.545.425.239.440;665
23806;Sempati;3.873.355.131.748.560;2.683.641.622.841.630;665
23807;Uğur Mumcu;38.734.057.322.422;2.683.889.420.813.060;665
23808;Yeni Foça Stadı;3.873.660.362.863.130;2.683.901.436.649.120;665
23811;Terminal;3.873.805.029.585.430;2.683.387.720.147.520;665
23812;Okul;3.874.585.326.400.280;2.683.166.714.022.760;665
23813;Okul;3.874.578.926.392.570;26.831.556.141.530;665
23814;Onay;38.748.320.253.759;2.683.091.712.097.070;665
23815;Onay;3.874.844.125.299.360;2.683.078.012.063.930;665
23821;Benzin İstasyonu;3.872.862.428.060.420;2.698.020.171.080.930;660
23822;Benzin İstasyonu;3.872.918.079.474.350;2.698.021.535.251.620;660
23823;Bozköy-Ş.Kemal Üstgçt;3.872.381.781.527.320;2.698.143.639.161.980;660
23824;Bozköy-Ş.Kemal Üstgçt;3.872.389.281.626.480;26.981.752.388.905;660
23825;Tır Deposu;3.871.148.886.860.320;2.698.612.246.814.830;660
23826;Tır Deposu;3.871.183.186.799.870;2.698.621.646.457.370;660
23827;Helvacı Giriş;3.869.083.898.919.380;2.700.304.153.285.730;660
23828;Helvacı Giriş;3.869.240.698.270.910;2.700.240.452.387.050;660
23829;Novada;3.867.746.106.990.680;2.701.532.056.328.030;660-752
23830;Novada;3.867.752.006.767.930;2.701.478.656.631.180;660-752
23831;Buruncuk İ.Ö;3.866.561.613.736.230;27.025.652.592.033;660-758
23832;Buruncuk İ.Ö;38.665.669.138.119;2.702.587.459.014.260;660
23837;Karayolları Denetim İst.;3.875.807.460.616.320;2.695.417.226.164.050;661
23838;Karayolları Denetim İst.;3.875.804.760.432.940;2.695.364.926.520.530;661
23839;Siteler;3.877.678.355.093.540;2.695.616.907.825.440;661
23840;Siteler;3.877.695.754.869.830;2.695.572.907.941.790;661
23841;112 Acil Yardım;3.878.862.056.325.830;2.697.009.188.265.780;661
23842;112 Acil Yardım;3.878.880.056.156.310;2.696.981.788.272.910;661
23843;Kapalı Katlı Pazaryeri;3.879.387.353.313.290;2.696.707.985.341.180;661
23844;Kapalı Katlı Pazaryeri;3.879.375.253.417.220;2.696.723.785.353.640;661
23845;Aliağa Cumhuriyet İ.Ö.;3.879.997.050.038.190;2.696.421.281.527.770;661
23846;Aliağa Ortaokulu;3.880.195.950.152.540;2.696.635.378.378.790;661
23847;Park;3.879.711.651.170.360;2.696.450.783.965.370;661
23848;Uslu;3.874.769.495.407.390;2.682.887.321.932.780;664
23849;Uslu;38.747.521.251.361;2.682.897.314.066.670;664
23850;Karaçukur Koyu;3.875.005.121.997.620;2.682.008.217.052.620;664
23851;Karaçukur Koyu;3.874.988.422.053.760;26.820.082.172.162;664
23852;Asmaderesi;3.874.385.118.517.430;2.679.753.636.965.930;664
23853;Asmaderesi;3.874.385.418.586.460;2.679.782.936.783.180;664
23854;Asmadere Koyu;3.874.456.117.722.370;2.679.519.037.701.050;664
23855;Asmadere Koyu;3.874.443.117.758.330;2.679.515.937.849.020;664
23856;Sazlıca Koyu;3.873.525.817.219.060;2.677.977.356.422.380;664
23857;Sazlıca Koyu;3.873.499.817.356.140;2.677.999.856.540.740;664
23858;Polen Tatil Köyü;3.873.521.515.384.180;2.677.157.861.535.660;664
23859;Polen Tatil Köyü;3.873.506.115.437.510;2.677.159.061.681.930;664
23860;Fotaş;3.873.415.015.374.250;2.676.996.163.599.190;664
23861;Fotaş;3.873.431.015.430.420;2.677.045.063.136.760;664
23862;Çanak Koyu;3.873.449.914.739.360;2.676.761.364.704.070;664
23863;Çanak Koyu;3.873.420.714.839.690;2.676.763.364.983.720;664
23864;Güvercin Adası;3.873.034.811.138.720;2.674.449.283.221.120;664
23865;Güvercin Adası;3.873.025.811.098.880;2.674.416.083.518.710;664
23866;Kosova;3.872.047.412.262.150;2.673.443.499.485.370;664
23867;Kosova;38.720.776.121.841;2.673.452.999.121.860;664
23868;Foça Port;3.871.538.213.445.330;2.673.218.806.005.920;664
23869;Foça Port;38.715.183.135.449;26.732.362.060.939;664
23870;Küçük Ayani Koyu;38.709.323.156.170;26.733.268.113.228;664
23871;Küçük Ayani Koyu;3.870.947.215.588.320;26.733.362.111.159;664
23872;Yıldız;3.869.813.519.500.570;2.673.465.621.310.720;664
23873;Yıldız;3.869.806.019.549.680;2.673.477.721.304.180;664
23874;Hanedan;3.869.539.819.867.360;2.673.217.325.549.920;664
23875;Hanedan;38.695.805;26.732.838;664
23876;Zeytinlik;3.869.210.821.417.330;2.673.456.727.119.450;664
23877;Zeytinlik;3.869.221.221.390.790;2.673.460.026.999.290;664
23878;Foça Dinlenme Tesisleri;3.868.772.923.811.280;2.673.931.728.125.870;664
23879;Foça Dinlenme Tesisleri;38.687.761.238.498;2.673.955.027.942.860;664
23880;Halim Foçalı And. Lisesi;3.868.516.125.096.970;2.674.151.929.067.160;664
23881;Halim Foçalı And. Lisesi;3.868.516.125.137.780;2.674.171.328.939.340;664
23882;Arıtma Tesisi;3.868.235.126.487.150;2.674.384.030.129.770;664
23883;Arıtma Tesisi;3.868.243.026.478.330;2.674.391.830.005.630;664
23884;Reha Necla Midilli İ.Ö;38.679.082.283.270;2.674.757.630.646.150;664
23885;Reha Necla Midilli İ.Ö;3.867.914.028.335.070;2.674.770.130.510.610;664
23886;İsmet Paşa;3.867.524.830.717.590;2.675.301.230.500.580;664
23887;İsmet Paşa;3.867.533.730.696.480;2.675.304.630.398.180;664
23888;Foça Hükümet Konağı;3.867.299.332.307.530;2.675.703.629.837.630;664
23889;Foça Hükümet Konağı;3.867.288.832.377.930;26.757.206.298.178;664
23890;Eski Foça Otogar;3.866.621.615.432.880;2.675.515.170.001.080;664
23891;Kozbeyli İlkokulu;3.871.762.853.203.980;2.689.343.101.398.620;666-756
23892;Kozbeyli İlkokulu;3.871.772.453.155.330;2.689.337.101.351.050;666-756
23893;Sağlık Ocağı;3.871.917.152.683.670;2.689.332.400.083.720;666-756
23894;Sağlık Ocağı;3.871.915.905.315.070;2.689.322.600.314.750;666-756
23895;Kozbeyli Ova;3.872.298.102.331.510;2.689.231.794.593.620;666-756
23896;Kozbeyli Ova;3.872.290.002.343.330;2.689.225.294.822.750;666-756
23897;Şehit Çeşmesi;3.872.497.699.489.810;2.688.975.394.249.560;666-756
23898;Şehit Çeşmesi;3.872.487.499.579.530;2.688.979.394.383.510;666-756
23899;Papatya;3.872.600.797.683.680;2.688.787.094.773.970;666-756
23900;Papatya;3.872.587.497.829.780;2.688.797.094.888.440;666-756
23901;Dündarlı Çıkış;3.909.967.813.670.130;2.730.367.179.050.220;836-936
23902;Dündarlı Çıkış;3.909.955.813.929.350;2.730.384.778.923.070;836-936
23903;Aliağa Kamyon Garajı;3.879.222.051.774.340;2.696.156.190.289.290;834
23904;Aliağa Kamyon Garajı;3.879.204.551.898.180;2.696.172.490.348.740;834
23905;Aliağa Park;3.878.997.551.230.850;2.695.804.894.535.440;834
23906;Aliağa Park;3.878.975.651.310.380;2.695.805.594.732.540;834
23907;Şehit Bahattin Elden Anadolu İmam Hatip Lisesi;3.878.577.851.785.880;2.695.562.099.906.470;834
23908;Şehit Bahattin Elden Anadolu İmam Hatip Lisesi;3.878.599.551.690.810;2.695.556.899.739.180;834
23909;Şht. Binbaşı Yavuz Başayar;3.878.618.152.446.880;2.695.775.498.206.920;834
23910;Şht. Binbaşı Yavuz Başayar;3.878.603.452.376.850;2.695.743.298.542.640;834
23911;Aliağa Mesleki ve Teknik Anadolu Lisesi;3.878.820.252.917.590;2.696.086.194.414.620;834
23912;Aliağa Mesleki ve Teknik Anadolu Lisesi;3.878.841.152.806.160;2.696.076.094.285.670;834
23913;Şehit Murat Çoşkun Ortaokulu;3.878.974.753.286.730;2.696.324.591.511.290;834
23914;Şehit Murat Çoşkun Ortaokulu;3.878.973.753.453.070;2.696.367.091.255.560;834
23915;Ege Üniversitesi Aliağa Meslek Yüksekokulu;3.879.208.553.611.040;2.696.622.187.513.540;834
23916;Ege Üniversitesi Aliağa Meslek Yüksekokulu;38.791.761.534.852;2.696.560.088.197.360;834
23917;Sedir;3.857.901.042.644.220;2.706.554.798.237.010;602-648-660-749-800
23918;Maltepe Su;3.849.456.749.866.230;2.707.568.541.145.790;445
23919;Maltepe Su;3.849.451.749.775.640;2.707.534.041.360.020;445
23920;Aliağa Balıkçı Barınağı;3.880.449.752.684.670;2.697.512.470.626.070;849-935
23921;Aliağa Balıkçı Barınağı;3.880.473.552.692.420;2.697.535.970.263.090;849-935
23922;Uğur Mumcu Parkı;3.880.692.352.297.670;2.697.635.167.651.940;849-935
23923;Uğur Mumcu Parkı;3.880.695.352.385.510;2.697.659.867.471.550;849-935
23924;Yenibahar;3.888.675.963.184.540;2.706.830.141.065.680;849
23925;Yenibahar;3.888.671.363.305.590;2.706.849.440.981.730;849
23926;Mustafa Güngör Çolakoğlu Anadolu Lisesi;3.888.520.665.623.470;2.707.166.640.204.840;849
23927;Mustafa Güngör Çolakoğlu Anadolu Lisesi;3.888.526.665.633.310;2.707.173.340.113.970;849
23928;Kestanepazarı;38.885.491.667.474;27.074.011.384.924;849
23929;Kestanepazarı;38.885.463.668.889;2.707.425.438.361.250;849
23930;Şakran Cezaevi;3.887.844.778.981.240;2.709.100.433.294.550;849
23931;Fatih;3.879.652.253.754.690;2.697.061.680.714.510;661
23932;Fatih;3.879.636.853.833.940;2.697.067.980.816.130;661
23933;95 Evler;3.875.084.243.582.370;2.683.157.715.446.560;665
23934;Yel Değirmenleri;3.866.951.633.700.320;2.675.834.532.040.020;664
23935;Fatih;3.868.990.109.665.410;27.029.348.367.194;752
23936;Fatih;3.868.976.809.657.720;2.702.925.236.894.520;752
23937;Fabrika;3.862.847.525.980.420;2.703.851.079.937.370;657-756
23938;Fabrika;3.862.844.225.945.470;2.703.840.280.032.450;657-756
23939;Enver Aktürk;3.869.832.795.033.480;2.699.803.250.260.770;660
23940;Enver Aktürk;3.869.917.494.576.970;2.699.743.249.936.410;660
23941;Recep Kerman Lisesi;3.874.484.326.394.530;2.683.035.515.807.230;664
23942;Recep Kerman Lisesi;3.874.478.526.378.090;2.683.021.815.947.760;664
23943;Şıra Mevki;3.873.536.712.529.410;26.758.789.692.869;664
23944;Şıra Mevki;3.873.523.412.530.510;2.675.859.269.542.820;664
23945;Aşık Veysel Şatıroğlu Parkı;3.848.174.762.680.190;2.712.536.520.599.930;532
23946;Aşık Veysel Şatıroğlu Parkı;3.848.164.562.653.510;2.712.530.020.683.190;532
23947;Çakmaklı Sahil;3.875.235.946.202.090;2.690.693.661.166.130;746
23948;Çakmaklı Sahil;3.875.219.046.283.240;2.690.701.361.274.430;746
23949;Çakmaklı Sezer Erşan Spor Tesisi;3.875.038.147.565.790;2.690.911.661.629.140;746
23950;Çakmaklı Sezer Erşan Spor Tesisi;3.875.036.347.530.810;2.690.899.061.724.810;746
23951;Çakmaklı Sahil Yolu;3.874.840.648.763.210;2.691.078.862.400.030;746
23952;Çakmaklı Sahil Yolu;3.874.835.748.765.360;2.691.074.562.472.190;746
23953;Çakmaklı Cami;3.874.692.449.100.140;2.691.032.364.056.280;746
23954;Çakmaklı Cami;3.874.709.749.095.930;2.691.048.563.795.230;746
23955;Çakmaklı Benzinlik;3.873.488.951.334.930;2.690.508.178.382.680;746
23956;Çakmaklı Benzinlik;3.873.499.351.324.950;2.690.515.578.241.060;746
23957;Musabey Ova;3.863.634.616.607.830;27.017.184.878.222;657-756
23958;Musabey Ova;3.863.624.016.740.530;2.701.749.087.703.730;657-756
23960;Çandarlı Zeytinlik;3.895.076.980.438.350;2.694.532.657.262.540;837
23961;Çandarlı Zeytinlik;3.895.086.180.438.320;2.694.545.257.126.070;837
23962;Çandarlı Atabey;38.948.304.838.306;2.695.175.256.220.180;837
23963;Çandarlı Atabey;3.894.842.283.796.950;2.695.181.456.092.540;837
23964;Yeşilpınar Meydan;3.858.216.553.939.920;2.709.702.276.500.250;648
23965;Yeşilpınar Meydan;3.858.239.953.948.150;2.709.708.676.295.830;648
23966;Dere;3.858.394.253.054.560;2.709.503.576.482.240;648
23967;Dere;3.858.394.752.987.730;2.709.486.176.586.920;648
23968;Yeniköy Yolu;3.867.717.767.140.180;2.690.455.846.636.080;756
23969;Gerenköy Dörtyol;3.867.536.169.407.930;26.904.685.306.031;750-756
23970;Yeşilpınar Muhtarlık;3.858.385.852.449.610;2.709.343.277.538.420;748
23971;Yeşilpınar Muhtarlık;3.858.394.952.474.380;2.709.351.577.422.670;748
23972;Bozalan Kümeevler;3.869.888.995.090.440;27.201.524.121.475;754
23973;Bozalan Kümeevler;3.869.873.395.326.980;2.720.188.212.036.590;754
23974;4. Cadde;3.854.671.038.150.080;2.704.260.832.781.580;749-826
23975;4. Cadde;3.854.656.238.208.820;2.704.275.832.777.380;749-826
23976;Menemen Garaj;3.861.176.042.151.910;2.707.405.069.562.080;602-648-658-660-747-748-749-753-759-800-868
23977;Gencelli;3.872.976.246.944.310;2.688.560.095.406.530;660-661-666-745
23978;Yayakent Giriş;3.909.759.901.352.090;2.728.904.789.913.280;836-936
23979;Yayakent Giriş;3.909.789.000.803.380;27.288.689.901.570;836-936
23980;Kozak Maden;3.925.886.917.061.060;2.704.083.124.760.660;832
23981;Kozak Maden;3.925.880.217.199.540;2.704.112.724.709.450;831-832
23982;Fener;3.849.579.864.947.360;27.129.343.113.709;147-847
23983;Fener;3.849.559.364.894.820;27.129.218.115.462;147-847
23984;Doğa;3.849.671.859.261.240;2.710.973.621.449.250;430
23985;Doğa;3.849.656.818.528.230;2.710.977.043.015.380;430
23986;Yurt;3.849.129.978.737.990;2.717.510.689.854.840;207-557-558-559-598
23987;8. Etap;38.491.073.799.109;27.178.795.880.909;557-558-559-598
23988;Havacılık Lisesi;3.858.041.443.168.530;2.706.741.596.120.360;602-648-660-749-800
23989;Havacılık Lisesi;3.858.049.843.027.120;27.067.041.962.963;602-648-660-749-800
23992;Ilıpınar Zeytinlik;3.868.286.270.772.510;2.691.616.816.842.380;744
23993;Ilıpınar Zeytinlik;3.868.289.370.811.140;2.691.632.016.717.140;744
23994;Alıç;3.878.733.660.824.160;2.698.034.482.991.370;834
23995;Alıç;3.878.748.860.700.750;2.698.016.782.964.890;834
23996;Kınık Orman İşletme;3.908.749.008.103.910;2.738.440.314.004.840;836-936
23997;Kınık Orman İşletme;3.908.766.731.809.410;2.738.437.256.067.120;836-936
23998;Yakakent Ahlat;3.850.471.550.836.850;2.707.929.434.199.360;229
23999;Yakakent Ahlat;3.850.463.550.791.070;2.707.912.834.332.730;229
24000;Tepeköy Kavşak;39.085.320.825.709;2.711.874.095.876.150;651-653
24001;Tepeköy Kavşak;3.908.535.982.449.540;2.711.857.595.947.810;651
24002;Bayatlı;39.100.605.908.431;27.149.981.763.732;651-652-653
24003;Bayatlı;3.910.060.490.974.620;2.715.018.876.264.890;652-653
24004;Akif Ersezgin Lisesi;3.909.960.390.986.240;2.714.908.377.028.270;651-652-653
24005;Akif Ersezgin Lisesi;3.909.964.791.142.390;2.714.938.076.864.420;652-653
24006;Mert Öztüre İlkokulu;39.098.708.924.354;2.715.037.576.517.590;651-652-653
24007;Mert Öztüre İlkokulu;3.909.881.192.361.320;2.715.037.376.499.230;652-653
24008;Bayatlı Çıkış;3.909.945.392.808.080;2.715.179.375.631.030;651-652-653
24009;Bayatlı Çıkış;3.909.927.223.040.790;2.715.115.541.376.240;652-653
24010;Ilıca;3.910.085.693.829.950;2.715.495.273.707.540;651-652-653
24011;Ilıca;3.910.098.193.803.250;2.715.504.973.634.260;652-653
24012;İmam Hatip Lisesi;3.910.028.498.068.430;27.160.865.706.427;651-652
24013;İmam Hatip Lisesi;3.910.040.897.931.610;2.716.079.170.661.530;651
24014;Altınkent;3.909.983.600.717.960;2.716.440.668.798.660;651-652
24015;Altınkent;3.909.996.700.646.930;2.716.444.068.758.180;651
24016;Market;3.910.096.802.531.660;27.168.349.664.568;652
24017;Mezarlık 1;3.910.192.403.534.360;2.717.086.464.924.030;652
24018;Mezarlık 2;3.910.246.504.455.560;2.717.280.363.771.360;652
24019;Eski Mezarlık;3.910.428.803.827.770;2.717.381.862.948.280;652
24020;Bayrak;3.910.658.198.557.090;2.716.845.865.569.820;651-652-653
24021;Bayrak;3.910.668.398.287.040;2.716.816.465.715.470;651-653
24022;Tariş;3.910.823.298.396.610;2.717.001.264.508.720;651-652-653
24023;Tariş;3.910.778.298.162.610;2.716.917.365.022.040;651-653
24024;Barış Merdivenleri;3.911.061.698.137.710;2.717.221.863.021.410;651-652-653
24025;Barış Merdivenleri;3.911.084.297.844.910;2.717.202.963.098.180;651-652-653-656
24026;Meslek Lisesi;39.111.720.979.863;2.717.319.462.367.210;651-652-653
24028;Kültür Merkezi;3.911.467.997.355.330;2.717.548.360.822.280;651-652-653
24029;Hükümet Konağı;3.911.720.796.336.030;2.717.674.259.916.190;651-652-653
24030;Yeni Cami;3.911.968.395.975.490;2.717.892.158.547.590;651-652-653-656
24031;Banka;3.912.139.695.343.670;2.717.987.457.920.150;651-652-653-656
24032;İstiklal Meydanı;3.912.214.695.398.650;2.718.077.657.387.530;651-652-653-831-832-833
24033;İstiklal Meydanı;3.912.220.795.170.750;2.718.051.157.527.740;651-652-653-831-832-833
24034;Bazilika;3.912.243.897.129.220;2.718.360.355.833.510;651-652-653
24035;Bazilika;3.912.232.397.238.820;2.718.363.655.821.430;651-652-653
24036;Akasya;3.912.128.299.471.540;2.718.571.854.734.840;651-652-653
24037;Akasya;3.912.113.899.573.030;2.718.570.854.748.170;651-652-653
24038;Cumhuriyet Lisesi;3.912.053.402.148.160;2.718.873.053.108.960;651-652-653
24039;Cumhuriyet Lisesi;3.912.040.502.117.820;2.718.854.953.216.530;651-652-653
24040;Ulu Cami Muhtarlık;3.911.875.207.865.340;2.719.487.849.753.680;651-652-653
24041;Ulu Cami Muhtarlık;3.911.883.107.579.620;2.719.456.349.927.890;651-652-653
24042;Poliklinik;39.119.274.094.845;2.719.766.848.140.050;651-652-653
24043;Poliklinik;3.911.914.209.692.810;2.719.781.848.060.930;651-652-653
24044;Hastane;3.911.769.811.412.830;2.719.868.847.638.010;651-652-653
24045;Hastane;39.118.427.110.359;2.719.892.547.463.560;651-652-653-656
24046;Hastane;3.911.843.321.779.420;2.719.872.895.149.130;656
24047;Sanayi;3.910.959.312.108.530;2.719.127.052.504.230;652-653
24048;Sanayi;3.910.941.012.428.570;2.719.152.952.373.870;651-653
24049;Fen İşleri;3.910.667.515.927.040;2.719.360.051.462.140;652
24050;Fen İşleri;39.107.124;27.193.121;651-653
24051;Fen İşleri;39.107.027;27.193.028;653
24052;Fevzipaşa İ.Ö.;3.910.785.616.787.020;2.719.599.349.952.970;652
24053;Fevzipaşa Cami;3.910.624.419.127.860;2.719.758.249.191.420;652
24054;Fevzipaşa Stadı;3.910.441.418.465.550;27.194.822.510.038;652-653
24055;Fevzipaşa Stadı;3.910.459.718.369.340;2.719.487.450.952.490;651-653
24056;Su Deposu;3.910.306.520.242.140;2.719.591.450.524.090;651-653
24057;Su Deposu;39.103.118.200.583;2.719.571.450.634.880;652-653
24058;Derman Yolu;3.910.073.521.279.980;2.719.500.851.346.490;651
24059;Derman Yolu;3.910.087.521.141.420;2.719.495.751.358.230;652
24060;Trafo;3.910.012.920.124.240;2.719.280.152.719.750;651
24061;Trafo;39.100.261.200.373;2.719.281.352.694.940;652
24062;Barbaros;3.909.980.719.339.080;2.719.138.553.590.280;651
24063;Barbaros;39.099.933.191.920;2.719.130.753.618.380;652
24064;Park;3.909.931.717.945.310;2.718.894.155.080.040;651
24065;Park;3.909.945.117.795.890;2.718.886.755.103.870;652
24066;Bakırçay;3.909.930.416.220.740;2.718.649.956.494.020;652
24067;Fatih Cami;3.910.146.814.610.220;2.718.643.256.227.690;652
24068;Genç Osman;3.910.314.413.332.650;2.718.634.456.055.020;652
24069;Bakırçay Lisesi;3.910.492.611.997.680;2.718.629.055.861.190;
24070;Dumlupınar;3.910.369.611.273.890;2.718.398.757.327.140;652
24071;Çatalhöyük;3.910.239.809.992.840;2.718.080.259.306.390;652
24072;Yıldız Cami;3.910.205.908.122.780;2.717.774.361.076.850;652
24073;Anafartalar;3.910.363.207.238.020;2.717.811.060.650.420;652
24074;Aslı Garden;3.910.577.305.761.630;2.717.822.360.303.690;652
24075;Karadut;3.912.003.096.581.250;2.718.018.457.838.170;651-652-653-656
24076;Eski Belediye;3.911.804.797.166.280;2.717.887.558.691.060;651-652-653-656
24077;Hatuniye;3.911.623.197.978.940;27.178.087.592.661;651-652-653-656
24078;Çaltıcı Bahçe;3.911.377.300.040.320;2.717.843.659.295.350;651-652-653-656
24079;Kültür Merkezi;3.911.369.398.959.040;2.717.676.960.215.680;651-652-653-656
24080;Çamlı Park;3.911.369.997.508.240;2.717.464.161.374.550;651-652-653-656
24081;Öğretmen Evi;3.910.999.695.691.430;2.716.788.565.437.990;652-656
24082;Ali Rıza İlkokulu;3.910.872.795.680.990;2.716.647.666.355.610;652
24083;Bahçelievler Park;3.910.720.896.176.460;2.716.555.867.051.460;652
24084;Yılan Yokuşu;3.910.535.896.519.940;2.716.405.168.123.840;652
24085;Otel;39.102.781.986.314;27.164.440.683.031;645-646-652-653-835-842-936
24086;Otel;3.910.259.198.875.480;2.716.460.368.244.490;645-646-653-835-842-936
24087;Yalnızev Arayol;3.909.135.583.089.320;27.126.691.903.092;652
24089;Yalnızev Meydan;3.909.107.382.273.330;2.712.497.291.242.290;652
24090;Tepeköy Giriş;3.908.532.982.299.520;2.711.827.996.104.020;652-653
24091;Köy Yolu;3.908.727.979.534.270;2.711.575.196.820.990;653
24092;Köy Yolu;3.908.723.079.516.780;2.711.566.296.878.360;653
24093;Tepeköy Meydan;3.908.766.874.620.240;2.710.746.300.757.050;653
24094;Tepeköy İçyol;3.908.830.220.309.340;2.710.632.710.259.330;653
24095;Tepeköy Ortaokulu;3.909.123.872.176.850;2.710.740.899.795.770;653
24096;Orta Mahalle;3.909.133.473.478.640;2.710.987.798.586.950;653
24097;Zeytinli Mahalle;3.909.194.774.550.920;2.711.254.497.139.420;653
24098;Terminal;3.908.361.367.315.520;2.711.862.692.822.620;651-652-653
24099;Terminal;39.083.602.836.695;2.711.863.596.411.030;651-652-653
24100;Cezaevi Su Deposu;3.910.200.127.735.130;2.720.504.045.237.460;653
24101;Cezaevi Su Deposu;3.910.206.527.770.420;2.720.515.045.164.150;653
24102;Cezaevi;3.909.810.033.460.290;2.720.888.443.382.680;653
24105;Toki;3.910.170.132.966.440;2.715.702.386.530.540;651
24106;Fen Lisesi;3.910.350.391.999.770;2.715.504.373.210.690;651
24107;Ilıca;3.910.218.991.629.220;2.715.299.574.510.540;651
24108;Yeşillik;39.098.561.908.718;27.147.731.779.337;651
24109;Yeşillik;3.909.863.190.787.880;2.714.767.677.949.010;651
24110;Sgk;39.098.016;27.146.073;651
24111;Emek;3.910.069.000.829.770;2.716.549.668.063.030;651
24112;Emek;39.100.844.005.896;27.165.300.681.448;651
24113;Tuna;3.910.242.899.445.020;2.716.528.767.898.870;651
24114;Tuna;3.910.267.099.352.070;2.716.540.967.794.880;651
24115;Sağlık Ocağı;3.910.390.999.373.330;2.716.678.466.859.460;651
24116;Sağlık Ocağı;3.910.399.199.265.710;2.716.671.166.886.940;651
24117;Fırın;3.910.555.499.144.750;2.716.822.465.838.830;651
24118;Fırın;3.910.561.799.091.150;2.716.821.265.836.520;651
24119;Semiye;3.911.242.104.376.940;2.718.326.756.751.680;643-644-645-651-835
24120;Semiye;3.911.235.604.605.370;2.718.352.656.613.440;643-644-645-646-651-835
24125;Okul;3.910.581.112.607.720;2.718.806.754.740.940;651
24126;Bakırçay Lisesi;3.910.502.711.821.090;2.718.614.455.932.050;651-652
24127;Kubilay;39.100.305.147.903;2.718.549.656.927.120;651
24128;Yavuz Selim;3.910.320.312.609.590;2.718.537.956.598.750;651
24129;Bakırçay;3.909.900.516.356.220;2.718.638.656.602.810;651
24130;Üçkemer;39.117.860.016.798;2.718.520.055.231.940;656
24131;Üçkemer;3.911.800.701.397.450;2.718.495.355.358.490;656
24132;Yıldız Garaj;3.912.137.796.963.530;2.718.220.856.652.660;656-831-832-833
24133;Yıldız Garaj;39.121.267.971.160;2.718.230.956.603.940;656-831-832-833
24134;Halk;3.911.089.394.502.090;2.716.708.065.761.440;656
24135;Ergenekon;3.911.145.295.274.650;2.716.885.864.741.390;656
24136;Çamlık;3.911.238.295.693.220;2.717.050.663.749.630;
24137;Zafer;3.911.369.795.559.340;271.717.496.294;
24138;Bayır;3.911.542.795.176.610;27.173.079.620.530;
24139;Dikili Sultan;3.911.734.293.649.790;2.717.291.961.966.810;656
24140;Dikili Sultan Cami;3.911.833.107.166.960;2.717.333.027.317.280;656
24141;Atmaca;3.912.077.890.929.840;2.717.268.061.823.510;656
24142;Akıncılar Bayır;3.911.955.792.391.490;2.717.349.961.476.830;656
24143;Galenos;3.911.859.394.427.710;2.717.545.160.503.250;656
24144;Cemsultan;3.911.116.210.384.520;2.719.047.852.807.740;652-653-656
24145;Cemsultan;3.911.122.010.427.750;2.719.059.952.733.560;653-656
24146;Kıranlı Çıkış;3.930.220.322.692.490;2.715.651.433.733.720;833
24147;Kıranlı Çıkış;3.930.206.222.828.250;2.715.650.433.615.650;833
24148;Çaltılıdere Atlı Terapi Merkezi;3.884.803.654.894.990;2.701.880.904.567.110;835-837-849-936
24149;Çaltılıdere Atlı Terapi Merkezi;3.884.772.654.986.530;2.701.874.204.879.820;835-837-849-936
24150;Ataşehir Köprü;3.848.817.389.991.950;2.705.623.709.591.050;123-149-247-329-342-344-529-751-816
24151;Ataşehir Köprü;3.848.775.973.401.770;2.705.666.239.775.420;123-149-247-329-342-344-529-751-816
24152;Ataşehir Mahallesi Parkı;3.848.837.545.642.470;2.705.890.053.231.980;123-149-247-329-342-344-529-751-816
24153;Ataşehir Mahallesi Parkı;3.848.888.145.777.170;2.705.947.552.693.030;123-149-247-329-342-344-529-751-816
24154;Kadriye;3.909.367.110.656.260;2.713.830.417.148.450;645-646-651-652-653-835-842-936
24155;Kadriye;39.093.509.999.655;2.713.879.028.033.190;645-646-651-652-653-835-842-936
24157;İlçe Tarım;3.911.582.107.065.570;27.190.682.523.114;651-652-653-656-936
24158;İlçe Tarım;3.911.601.306.851.770;2.719.058.352.353.530;651-652-653-656
24159;Fabrikalar;3.865.039.322.317.150;2.703.945.862.328.240;660-758
24160;Fabrikalar;3.865.158.921.368.850;2.703.764.562.568.970;660-758
24161;Kışlalı Kümesi;3.820.067.706.929.120;2.804.228.455.831.630;609-611-616-618-697-796-803-806
24162;Köşk Düzü Cami;3.909.097.175.682.680;2.735.777.036.625.990;836-936
24163;Köşk Düzü Cami;39.090.757.757.154;2.735.765.736.728.640;836-936
24164;Küme Evler;3.864.599.983.240.460;2.717.182.378.733.940;754-755
24165;Küme Evler;38.645.909.832.651;2.717.185.878.786.960;754-755
24167;Maltepe;3.910.613.003.900.320;2.717.301.726.277.550;645-646-651-652-835-842-936
24168;Kavaklı;3.858.017.113.092.630;2.697.399.455.267.490;619-750-757-850
24169;Kavaklı Üçyol;3.857.844.313.190.020;2.697.323.956.845.090;619-750-757-850
24170;Onur;3.857.847.813.727.870;2.697.511.755.620.870;619-750-757-850
24171;Park;3.911.390.006.631.710;2.718.804.853.943.660;652-653-656
24172;Park;3.911.393.406.713.030;27.188.199.538.559;653-656
24173;Huriye Mehmet Akçasakız;3.859.589.137.709.210;2.705.703.691.909.430;868
24174;Huriye Mehmet Akçasakız;3.859.582.133.678.440;2.705.687.835.080.910;868
24175;Kesik Ova;3.862.031.801.451.760;2.696.248.535.402.130;657-756
24176;Kesik Ova;3.862.045.201.324.210;2.696.217.335.508.880;657-756
24177;Alaniçi Giriş;3.860.575.702.622.510;2.720.743.289.343.330;759
24178;Alaniçi Giriş;3.860.572.402.672.540;27.207.531.893.079;759
24179;Çandarlı Hilal;3.894.351.884.127.980;2.694.620.162.903.550;837
24180;Çandarlı Hilal;3.894.360.584.157.230;2.694.640.262.732.850;837
24183;Yamanlar Köyü Cami;38.542.308.682.588;2.713.266.182.006.570;741
24184;Yamanlar Köyü Cami;3.854.231.668.162.880;2.713.239.782.154.990;741
24185;Yamanlar Küme Evleri;3.852.452.665.202.320;2.712.529.297.353.150;741
24186;Yamanlar Küme Evleri;3.852.402.565.082.870;2.712.498.597.827.270;741
24187;Kovankayası;3.851.099.974.643.650;2.715.574.988.555.730;742
24188;Kovankayası;3.851.068.374.653.170;2.715.586.388.683.080;742
24189;Doğançay Yeni Mezarlığı;3.850.660.273.498.230;2.715.356.492.344.180;742
24190;Doğançay Yeni Mezarlığı;38.506.869.736.256;2.715.387.192.022.080;742
24191;Can;3.859.449.945.231.330;27.076.911.803.376;749
24192;Menemen Garaj;3.861.168.042.011.850;2.707.366.769.866.810;602-648-658-660-747-748-749-753-759-800-868
24193;Mehmet Akif Ersoy;3.869.576.251.130.710;2.699.887.429.738.630;660
24194;Mehmet Akif Ersoy;3.869.594.296.096.370;2.699.915.851.539.950;660
24195;Ova;3.864.760.341.793.620;2.708.531.034.474.710;758
24196;Ova;3.864.766.241.721.950;2.708.516.634.521.860;758
24197;Maden;39.072.785.558.838;2.707.688.522.750.180;645
24198;Maden;3.907.245.868.376.010;2.707.665.220.306.060;645-646
24199;Ovacık;3.907.228.466.853.040;2.707.337.621.878.490;645-646
24200;Ovacık;3.907.188.266.326.960;2.707.179.322.755.830;645-646
24211;Dündarlı Çiftlik;3.909.937.024.143.480;2.731.416.071.147.310;836-936
24212;Dündarlı Çiftlik;3.909.933.524.018.320;2.731.400.771.264.950;836-936
24213;Şakran İncirlik 2;3.892.288.043.398.730;2.706.146.316.835.380;835-837-936
24214;Şakran İncirlik 2;3.892.182.844.130.280;2.706.192.617.360.590;835-837-936
24215;Harmandalı;3.853.744.542.423.430;2.705.433.831.084.340;608
24216;Fabrikalar;3.864.011.128.676.460;2.705.073.263.035.240;660-758
24217;Fabrikalar;3.864.148.127.758.460;2.704.902.663.079.240;660-758
24218;Üst Geçit;3.861.465.643.931.070;2.707.945.563.932.110;754-755
24219;Üst Geçit;3.861.440.643.843.340;2.707.915.864.310.490;754-755
24220;Karagöl Ayrımı;3.853.842.367.315.340;2.713.027.785.890.920;741
24221;Karagöl Ayrımı;3.853.885.067.402.820;2.713.049.585.491.960;741
24222;Çınar;3.858.277.307.081.410;2.695.474.465.999.090;750-757
24223;Çınar;3.858.270.507.119.830;2.695.483.265.985.480;750-757
24224;Okçular Yolu;3.928.752.081.156.350;2.697.162.134.998.060;832
24225;Okçular Yolu;39.287.552.811.823;2.697.213.335.059.940;832
24226;Menekşe Parkı Son Durak;3.847.786.953.434.560;2.709.106.840.371.280;221-487
24227;Telli Bahçe;3.847.638.654.081.080;2.709.393.039.503.950;221-487
24228;Telli Bahçe;3.847.615.354.065.070;2.709.391.039.615.360;221-487
24229;Piriştina Parkı;3.847.429.354.631.680;2.709.657.439.019.530;221-487
24230;Piriştina Parkı;38.474.491.545.390;2.709.615.739.152.640;221-487
24231;Kubilay;3.847.473.764.274.330;2.713.365.019.703.540;135-537-577-742
24232;Çandarlı Çiftlik;3.896.345.187.954.610;2.698.251.129.109.690;837
24233;Çandarlı Çiftlik;3.896.327.188.455.180;2.698.356.328.728.420;837
24234;Tepe;3.855.705.042.608.220;2.705.960.716.186.320;826-848
24235;Tepe;3.855.694.442.654.040;2.705.972.116.182.930;826-848
24236;Yuvam 2;3.909.952.165.441.640;2.715.498.056.777.650;651-652-653
24237;Bağcılar Çeşme;3.862.177.798.873.680;2.719.987.880.786.180;759
24238;Katip Çelebi Üniversitesi;3.851.792.737.137.950;2.703.068.655.575.530;207-595-596-817
24239;Reha Midilli Ortaokulu;3.874.426.126.991.770;2.683.189.015.421.270;665
24240;Reha Midilli Ortaokulu;3.874.424.426.970.920;2.683.178.915.500.020;665
24241;Kırlangıç;3.860.774.589.664.180;2.691.223.177.234.890;657-750-757
24242;Kırlangıç;3.860.783.389.660.660;2.691.229.777.130.660;657-750-757
24243;Tuzçullu Giriş;3.855.003.508.821.520;2.693.700.396.722.050;850
24245;Sefa Köse Reis;3.873.839.040.071.430;2.687.197.396.036.520;660-661-666-745
24246;Sefa Köse Reis;38.738.892.398.280;2.687.170.795.735.580;660-661-666-745
24247;Plastik Fabrikası;3.865.368.118.698.810;27.031.900.646.762;660-758
24248;Plastik Fabrikası;3.865.318.018.913.060;2.703.218.964.884.680;660-758
24249;Harmandalı Park;3.853.312.941.149.040;2.704.904.536.671.240;608-827
24250;Harmandalı Park;3.853.297.441.209.770;2.704.921.636.655.590;608-827
24251;Aliağa Terminal İçi;3.879.024.154.948.570;2.696.800.588.088.650;834-849-935
24252;Santorini Sitesi;3.850.891.048.434.780;2.707.081.136.871.860;229-430-529
24253;Santorini Sitesi;3.850.898.048.486.520;2.707.100.236.727.850;229-430-529
24254;Basketbol Sahası;3.855.693.340.884.730;2.705.425.619.523.920;128-428-749-848
24255;Basketbol Sahası;38.556.899.408.494;2.705.413.719.617.660;128-428-749-848
24256;Günhan Cami;3.848.495.661.882.240;2.713.160.751.040.910;532
24257;Günhan Cami;3.848.494.564.686.850;2.713.151.415.821.230;532
24258;Terzihaliller Mermer;3.928.729.601.197.310;2.706.905.735.858.360;832
24259;Terzihaliller Mermer;3.928.736.401.212.130;27.069.297.358.789;832
24260;Ayvatlar Köy İçi;3.926.637.998.498.230;2.698.181.928.928.550;831
24261;Ayvatlar Köy İçi;3.926.635.098.533.750;2.698.191.128.923.360;831
24262;Deliktaş Göl;3.898.933.359.214.850;2.693.734.329.795.410;837
24263;Deliktaş Göl;3.898.946.759.100.530;2.693.719.029.755.580;837
24264;Düğün Salonu;3.855.191.132.757.880;270.264.163.961;619-750-757-812-850
24265;Görece Kümeevler;3.864.214.374.063.320;2.715.322.594.266.260;754-755
24266;Görece Kümeevler;3.864.203.974.028.360;2.715.313.794.410.710;754-755
24267;Adem Saatçi Ortaokulu;3.863.800.154.270.010;2.711.052.325.663.640;758
24268;Adem Saatçi Ortaokulu;3.863.828.854.226.630;2.711.050.425.445.710;758
24269;Belen Kümeevler;3.863.126.750.666.430;2.710.051.637.540.290;754-755
24270;Belen Kümeevler;3.863.123.550.704.650;2.710.059.537.514.180;754-755
24271;Çukurköy Afetevler;3.869.344.550.200.420;2.711.947.773.431.420;758
24272;Çukurköy Afetevler;3.869.352.750.195.720;2.711.949.773.347.320;758
24273;Doğaköy Giriş;3.864.742.743.334.820;2.708.878.432.335.090;758
24275;Zeytin Çiçeği;3.849.956.373.595.370;2.715.603.495.093.230;742
24276;Zeytin Çiçeği;3.849.961.673.539.230;2.715.584.395.164.280;742
24277;Beytullah Cami;3.850.327.841.728.920;27.044.961.543.602;817
24278;Beytullah Cami;3.850.261.441.776.420;27.045.032.546.295;817
24279;Yeniköy Zeytin;3.868.007.167.668.470;2.690.345.127.486.380;756
24280;Yeniköy Zeytin;3.868.023.267.628.170;2.690.347.327.337.210;756
24281;Koyundere Fatih Cami;3.857.573.342.914.590;2.706.541.300.526.840;648-698-748
24282;Koyundere Fatih Cami;3.857.565.542.911.880;2.706.538.400.597.060;648-698-748
24283;Eski Garaj;3.879.593.555.337.650;26.974.110.790.726;661
24284;Eski Garaj;3.879.587.255.162.350;26.973.610.794.422;661
24285;Sekiz Evler;39.104.000.553.737;2.720.693.287.763.360;653
24286;Toki Yamaç Evler;38.579.861;27.092.782;648
24287;Toki Alt Yol;38.580.355;27.093.489;648
24288;Menemen Eski Sanayi;3.861.424.240.493.650;2.707.063.069.903.780;657-660-756-758
24289;Menemen Eski Sanayi;3.861.392.040.999.210;2.707.181.369.385.320;657-660-756-758
24290;Yalnızev Meydan;3.909.100.682.338.620;2.712.500.591.242.410;652
24291;Yalnızev Arayol;39.091.281;27.126.872;652
24292;Yeşilırmak;3.910.044.706.762.910;2.717.406.263.376.480;652
24293;Dadaş;3.909.756.309.079.270;2.717.443.063.631.980;652
24294;Anafartalar;3.909.955.809.838.090;2.717.761.961.518.940;652
24295;Fatih İlkokulu;3.910.335.306.084.140;2.717.613.561.792.410;652
24296;Alpaslan;3.909.210.186.243.420;2.713.285.787.003.940;652
24297;Alpaslan;3.909.200.686.191.890;2.713.266.287.125.880;652
24298;Yalın Ayak Dede Türbesi;38.971.020.716.023;2.694.779.339.631.440;837
24299;Yalın Ayak Dede Türbesi;3.897.086.971.670.930;26.947.779.397.580;837
24300;Hamzalısüleymaniye;3.912.368.520.907.710;2.721.751.136.453.510;643-644
24301;Hamzalısüleymaniye;3.912.362.121.116.270;2.721.771.936.330.160;643-644
24302;Tavuk Çiftliği;3.913.702.922.550.610;2.723.298.327.598.370;643-644
24303;Tavuk Çiftliği;3.913.717.522.833.370;2.723.348.427.306.050;643-644
24304;Apan Çeşme;3.914.138.823.385.050;2.723.837.924.695.710;643-644
24305;Apan Çeşme;3.914.156.623.719.560;2.723.897.124.353.280;643-644
24306;Palmiye;3.915.054.725.575.690;2.725.017.318.632.330;643-644
24307;Palmiye;3.915.056.025.739.380;2.725.038.318.504.940;643-644
24308;Yukarıkırıklar;3.915.872.322.410.920;2.725.453.717.396.260;643
24309;Yukarıkırıklar;3.915.889.622.443.990;2.725.475.017.300.150;643
24310;Çitköy Giriş;3.917.973.215.730.210;27.267.963.146.524;643
24311;Çitköy Giriş;3.917.962.415.890.030;2.726.803.814.571.590;643
24312;Çitköy;3.918.442.613.851.150;2.727.060.614.620.610;
24313;Çitköy;39.184.488.139.422;2.727.077.514.539.180;
24314;Çitköy Orman Deposu;3.918.994.012.942.920;2.727.524.713.818.010;643
24315;Çitköy Orman Deposu;3.919.009.712.774.040;2.727.521.613.897.770;643
24316;Ferizler-Paşa Köy Girişi;39.200.593.494.519;2.728.452.717.276.790;643
24317;Ferizler-Paşa Köy Girişi;3.920.053.329.783.380;2.728.477.962.355.930;643
24318;Örenli;3.920.880.799.597.310;2.727.984.519.369.260;643
24319;Örenli;3.920.901.199.443.480;2.727.988.819.445.130;643
24320;Yortanlı;3.924.781.466.414.130;2.728.541.440.114.990;643
24321;Yortanlı;3.924.760.366.732.270;2.728.553.439.893.470;643
24322;Tırmanlar Yol Ayrımı;3.924.599.686.545.790;27.305.781.270.326;643
24323;Tırmanlar Yol Ayrımı;3.924.643.486.611.130;2.730.633.527.031.640;643
24324;Çeltikçi;3.925.999.980.363.640;2.731.471.232.924.590;643
24325;Çeltikçi;39.259.964.807.307;2.731.506.332.685.870;643
24326;Eğiller;3.926.091.085.232.850;2.732.086.030.016.030;643
24327;Eğiller;39.260.734.852.382;2.732.067.129.978.340;643
24328;Dereköy Giriş;3.927.112.586.430.310;2.733.336.831.634.780;643
24329;Dereköy Giriş;3.927.111.486.538.690;2.733.346.631.563.930;643
24330;Dereköy;3.928.000.276.886.390;2.733.352.940.216.390;643
24331;100.Yıl İlkokulu;3.858.812.193.854.210;2.707.974.566.160.080;648
24332;100.Yıl İlkokulu;3.858.819.993.968.160;2.707.991.765.834.770;648
24333;Cumhuriyet;3.859.092.147.638.270;2.708.233.679.474.460;648
24334;Güneş Tarlası;3.915.847.833.251.350;2.726.701.709.556.230;644
24335;Güneş Tarlası;39.158.463.335.710;2.726.737.109.328.330;644
24336;Ahmetbeyler;3.916.469.846.632.770;2.728.799.897.444.220;644
24337;Ahmetbeyler;3.916.469.946.896.350;2.728.828.797.253.010;644
24338;Dul Deresi;3.916.696.051.582.860;2.729.547.993.077.930;644
24339;Dul Deresi;39.166.882.518.473;2.729.569.092.913.650;644
24340;Ayaskent İlyas Deresi;3.917.353.766.580.810;2.731.717.480.241.870;644
24341;Ayaskent İlyas Deresi;3.917.347.566.782.340;2.731.732.380.115.860;644
24342;Ayaskent Zeytinyağı Fabrikası;3.917.558.069.252.310;2.732.171.677.758.310;644
24343;Ayaskent Zeytinyağı Fabrikası;39.175.498.694.398;2.732.183.177.647.370;644
24344;Ayaskent Benzinlik;3.917.868.273.172.880;2.732.840.674.146.980;644
24345;Ayaskent Benzinlik;3.917.879.273.809.460;2.732.913.473.667.280;644
24346;Ayaskent Aile Sağlık Merkezi;3.918.261.776.103.150;2.733.478.971.116.780;644
24347;Ayaskent Aile Sağlık Merkezi;3.918.249.276.392.130;2.733.496.070.941.550;644
24348;Zağnos;39.188.096.826.337;2.734.592.165.356.120;644
24349;Zağnos;3.918.794.382.761.350;2.734.590.865.296.310;644
24350;Kadıköy Yolu;3.919.077.784.869.510;2.735.745.016.000.860;644
24351;Kadıköy Yolu;3.919.062.492.550.020;2.735.742.757.946.070;644
24352;Kadıköy Girişi;39.184.262.057.827;2.736.416.249.839.010;644
24353;Kadıköy Girişi;3.918.433.505.540.780;2.736.400.349.994.820;644
24354;Kadıköy;3.918.243.810.389.770;2.736.682.046.961.290;644
24355;Kadıköy;3.918.208.110.829.990;2.736.692.246.724.360;644
24356;Kadıköy Çıkış;3.918.036.614.258.990;2.736.859.944.664.530;644
24357;Kadıköy Çıkış;3.918.043.514.031.520;2.736.845.144.810.480;644
24358;Kadıköy Mezarlığı;3.917.683.119.210.560;27.370.157.419.445;644
24359;Kadıköy Mezarlığı;3.917.667.119.303.110;2.737.011.041.915.690;644
24360;Bölcek Giriş;39.177.926.785.310;2.742.117.499.797.320;644
24361;Bölcek Giriş;3.917.784.478.942.260;2.742.144.399.522.630;644
24362;Bölcek Mezarlığı;3.918.099.872.747.160;2.741.879.903.321.980;
24363;Bölcek Mezarlığı;3.918.135.072.306.810;27.418.706.035.715;
24364;Bölcek;3.918.408.467.755.970;2.741.707.806.319.480;
24365;Bölcek;3.918.393.068.118.160;2.741.725.506.089.720;
24366;Bölcek Çıkış;3.919.376.757.002.550;2.741.573.912.532.930;644
24367;Bölcek Çıkış;3.919.357.457.310.490;2.741.584.012.340.040;644
24368;Göçbeyli Yolu;3.920.868.141.495.550;27.414.856.221.701;644
24369;Göçbeyli Yolu;3.920.900.841.178.770;2.741.486.022.376.730;644
24370;Göçbeyli Çocuk Bahçesi;3.921.742.520.746.150;2.740.490.736.236.780;
24371;Göçbeyli Çocuk Bahçesi;3.921.763.720.295.410;2.740.470.836.544.960;
24372;Göçbeyli;3.921.809.014.619.590;2.740.032.940.412.250;644
24373;Gaffar Okkan;3.860.308.946.069.780;2.708.147.171.234.210;868
24374;Gaffar Okkan;3.860.306.745.987.140;2.708.125.371.388.790;868
24375;Park;3.860.567.646.926.370;2.708.436.967.487.680;868
24376;Park;3.860.586.746.894.510;2.708.434.167.364.280;868
24379;Düğün Salonu;3.855.256.832.219.380;2.702.485.740.180.880;619-750-757-812-850
24380;Kocaömerli İlkokulu;3.908.594.257.236.930;2.742.432.877.869.250;836
24381;Kocaömerli Yol Ayrımı;3.908.630.551.931.890;2.742.028.081.639.580;836
24382;Kocaömerli Yol Ayrımı;3.908.610.352.511.540;2.742.063.181.319.030;836
24383;Kocaömerli Giriş;3.908.635.749.085.960;2.741.801.383.744.570;836
24384;Kocaömerli Giriş;3.908.624.949.363.120;2.741.817.583.597.730;836
24385;Kınık Tavuk Çitliği;3.908.604.229.550.140;2.740.176.698.623.470;836
24386;Kınık Tavuk Çitliği;3.908.596.629.706.090;2.740.185.198.549.770;836
24387;Kınık K1 Tipi Cezaevi;3.908.646.225.486.430;2.739.861.101.448.010;836
24388;Kınık K1 Tipi Cezaevi;3.908.633.625.712.070;2.739.872.501.350.640;836
24389;Toki Konutları;3.908.610.022.134.790;2.739.556.404.191.380;836-936
24390;Kınık Çok Programlı Anadolu Lisesi;3.908.909.493.313.180;2.737.244.624.297.020;836-936
24391;Kınık Çok Programlı Anadolu Lisesi;3.908.872.494.020.230;27.372.836.239.777;836-936
24392;Bağarası Atölye;3.866.487.363.172.140;2.687.254.960.327.250;744-750
24393;Bağarası Atölye;38.665.001.632.941;2.687.312.559.843.410;744-750
24410;Fevzipaşa Cami;3.910.627.519.168.470;27.197.669.491.373;651
24411;Fevzipaşa İ.Ö.O;3.910.788.916.641.710;2.719.582.650.046.650;651
24412;Menemen Devlet Hastanesi;3.860.688.347.385.780;2.708.585.965.645.130;868
24413;Melikşah;38.738.366.315.414;2.684.159.815.040.610;665
24416;Yeni Foça Anaokulu;3.873.902.129.934.170;26.836.410.176.455;665
24417;Sahil;3.874.137.430.161.490;26.840.189.130.524;665
24418;Çeşme;38.738.818.307.385;2.683.917.016.122.290;665
24419;Kesik Fabrika;38.618.221.076.523;2.698.051.825.167.940;657-756
24420;Kesik Fabrika;3.861.836.807.514.630;2.698.018.825.276.360;657-756
24421;Alışveriş Merkezi;3.864.696.724.668.060;2.704.375.362.221.310;660-758
24422;Alışveriş Merkezi;3.864.796.924.282.670;2.704.325.661.756.330;660-758
24423;Yenikent Meydan;3.900.920.997.075.860;2.705.793.160.103.880;645
24424;Yenikent Aile Sağlığı;3.901.039.694.952.460;27.054.968.609.310;645
24425;Yenikent Aile Sağlığı;3.901.031.295.111.170;2.705.519.660.863.540;645
24426;Yenikent Tariş;3.901.032.486.940.050;2.705.183.325.139.120;645
24427;Yenikent Tariş;3.901.043.493.288.540;2.705.158.662.631.170;645
24428;Yenikent Köprü;3.900.991.090.329.820;2.704.477.166.377.670;645
24429;Yenikent Köprü;39.010.147.900.988;2.704.456.266.340.740;645
24430;Yenikent Zeytinlik;3.901.381.786.222.540;2.704.066.866.090.450;645
24431;Yenikent Zeytinlik;3.901.334.686.445.660;2.704.057.966.413.510;645
24432;Aşağıkırıklar Mezarlık Çıkış;39.019.369.810.519;2.703.621.764.992.050;645
24433;Aşağıkırıklar Mezarlık Çıkış;3.901.984.461.496.220;2.703.613.929.503.770;645
24434;Aşağıkırıklar Mezarlık Giriş;3.902.198.780.169.160;2.703.754.262.840.440;645
24435;Aşağıkırıklar Mezarlık Giriş;3.902.215.780.183.080;27.037.785.626.264;645
24436;Aşağıkırıklar Fabrika;3.902.636.778.900.180;2.704.024.759.062.970;645
24437;Aşağıkırıklar Fabrika;3.902.646.878.933.750;2.704.044.758.911.120;645
24438;Aşağıkırıklar Giriş;3.902.881.477.725.960;2.704.076.057.457.880;645
24439;Aşağıkırıklar Giriş;3.902.903.477.674.940;2.704.092.657.257.670;645
24440;Aşağıkırıklar Cami;39.030.885.772.224;2.704.227.555.603.320;645
24441;Aşağıkırıklar Cami;3.903.071.277.627.740;2.704.293.855.383.440;645
24442;Aşağıkırıklar İlkokulu;3.903.174.778.025.210;2.704.509.953.796.180;645
24443;Aşağıkırıklar İlkokulu;39.031.637.780.396;27.044.992.539.064;645
24444;Aşağıkırıklar Çıkış;3.903.243.678.973.610;2.704.799.552.046.030;645
24445;Aşağıkırıklar Çıkış;3.903.233.678.991.250;2.704.790.852.141.010;645
24446;Aşağıkırıklar Çiftlik;3.903.446.580.036.010;2.705.276.348.688.960;645
24447;Aşağıkırıklar Çiftlik;39.034.669.801.446;2.705.324.348.351.650;645
24448;Süleymanlı Giriş;3.906.195.139.266.310;2.706.574.859.080.460;645
24449;Süleymanlı Giriş;3.906.192.369.696.550;2.706.584.429.508.880;645
24450;Süleymanlı Muhtarlık;3.906.389.868.223.770;2.706.535.428.903.410;645
24451;Süleymanlı Muhtarlık;3.906.403.268.170.440;2.706.541.728.818.540;645
24452;Süleymanlı Çıkış;39.067.508.658.282;2.706.508.927.535.830;645
24453;Süleymanlı Çıkış;3.906.789.965.693.370;27.065.320.272.723;645
24454;Süleymanlı Yolu;3.907.073.028.054.050;2.706.557.452.046.160;645
24455;Süleymanlı Yolu;3.907.094.363.940.360;2.706.567.625.894.080;645
24456;İsmet İnönü;3.859.371.144.823.650;27.075.612.817.186;602-660-800
24457;Parklar;3.847.241.359.525.610;2.711.650.129.525.440;537
24458;Parklar;3.847.213.259.567.080;27.116.755.295.208;537
24461;Aliağa OSB Son Durak;3.882.788.873.907.130;27.042.951.069.770;935
24462;Tır Parkı;3.882.721.074.346.480;27.043.342.073.190;935
24463;Tır Parkı;3.882.700.774.423.870;2.704.334.707.493.360;935
24464;Nemrut;3.882.331.673.562.830;2.703.871.613.701.010;935
24465;Nemrut;3.882.324.173.686.930;2.703.891.913.636.690;935
24466;Cami;3.881.994.575.119.250;2.703.940.316.223.120;935
24467;Cami;3.882.000.575.028.950;2.703.925.916.262.940;935
24468;Çakmaktepe;3.881.689.076.731.670;2.704.047.118.223.840;935
24469;Çakmaktepe;3.881.687.276.806.790;2.704.061.518.146.830;935
24470;Vizyon;3.881.756.080.594.390;2.704.898.412.128.430;935
24471;Vizyon;3.881.748.480.825.450;2.704.940.211.923.780;935
24472;Doğa;3.881.925.783.205.350;2.705.553.006.386.170;935
24473;Doğa;38.819.181.833.487;2.705.576.406.300.060;935
24474;Park;38.822.627.840.189;27.059.588.008.003;935
24475;Park;3.882.282.783.981.350;2.705.965.700.581.150;935
24476;Trafo;3.882.442.878.347.720;27.049.471.058.016;935
24477;Trafo;3.882.465.978.175.180;2.704.929.105.716.180;935
24478;Enerji;3.882.780.378.773.950;27.052.851.006.724;935
24479;Enerji;3.882.777.878.950.950;2.705.319.000.474.790;935
24480;Çevre;3.883.108.281.450.670;2.706.062.092.787.270;935
24481;Çevre;3.883.098.681.625.230;2.706.089.592.691.570;935
24482;Atik;3.882.625.885.455.880;2.706.502.494.093.170;935
24483;Atik;38.826.581.854.012;2.706.514.793.732.780;935
24484;Lise;3.881.842.687.513.930;2.706.353.601.875.850;935
24485;Lise;38.818.343.876.791;27.063.804.017.723;935
24486;Bölge Müdürlüğü;38.811.674;27.069.759;935
24487;Bölge Müdürlüğü;38.811.569;27.069.937;935
24488;Hedef;38.808.285.896.290;2.706.067.812.618.290;935
24489;Hedef;3.880.805.789.698.710;2.706.066.012.830.010;935
24490;İkmal;3.880.654.986.579.410;27.053.301.189.846;935
24491;İkmal;3.880.651.386.701.110;2.705.352.418.870.220;935
24492;Dalan;3.881.249.381.881.810;2.704.792.417.266.320;935
24493;Dalan;3.881.266.881.805.920;2.704.789.517.131.310;935
24494;Kınık Zeytinlik;39.085.622.334.592;2.740.477.495.917.740;836
24495;Kınık Zeytinlik;3.908.542.534.076.330;27.405.170.955.663;836
24498;Ahmetbeyler Benzinlik;3.917.769.920.401.720;2.727.129.211.951.580;643
24499;Ahmetbeyler Cami;3.917.710.223.467.820;2.727.420.109.951.170;643
24500;Ahmetbeyler Cami;3.917.713.023.774.040;2.727.457.809.724.130;643
24501;Çitköy Ahmetbeyler Ortaokulu;3.917.901.724.535.140;2.727.733.108.608.380;643
24502;Çitköy Ahmetbeyler Ortaokulu;3.917.937.224.496.130;2.727.764.208.530.610;643
24503;Çitköy Yeşillik;3.918.111.623.681.030;2.727.846.808.600.850;643
24504;Çitköy Yeşllik;3.918.136.923.766.390;2.727.881.808.467.980;643
24505;Dereköy Jandarma;39.273.334.761.853;2.732.529.638.632.280;643
24506;Dereköy Jandarma;3.927.359.175.819.250;2.732.520.538.931.420;643
24507;Dereköy Ebdo İlkokulu;3.927.523.573.113.920;2.732.424.541.077.430;643
24508;Dereköy Ebdo İlkokulu;3.927.510.773.286.540;2.732.428.040.933.490;643
24509;Dereköy Muhtarlık;3.927.649.172.863.130;2.732.541.041.602.260;643
24510;Dereköy Muhtarlık;3.927.635.272.933.090;2.732.532.541.517.550;643
24512;Ayaskent İrfan Kırdar İlkokulu;3.918.429.473.429.060;2.733.366.972.622.980;644
24513;Ayaskent İrfan Kırdar İlkokulu;3.918.422.373.659.350;2.733.383.172.476.490;644
24514;Ayaskent Meydan;3.918.612.871.696.380;2.733.361.573.441.920;644
24515;Ayaskent Meydan;3.918.638.471.771.040;2.733.391.873.334.760;644
24516;Ayaskent Fırın;3.918.885.070.025.380;2.733.442.974.051.820;644
24518;Aziziye Atatürk Parkı;3.919.030.471.209.160;2.733.689.572.938.440;644
24519;Aziziye Atatürk Parkı;3.919.021.571.653.460;2.733.724.772.644.350;644
24520;Bölcek Ortaokulu;3.917.845.483.121.410;27.425.218.964.678;644
24521;Bölcek Ortaokulu;3.917.839.983.698.820;2.742.563.696.071.060;644
24522;Bölcek Meydan;3.918.082.780.438.630;2.742.482.197.943.780;644
24523;Bölcek Meydan;3.918.111.580.215.670;2.742.485.598.052.360;644
24524;Bölcek Tarım;3.918.216.775.794.050;2.742.210.800.985.190;644
24525;Bölcek Tarım;3.918.198.376.342.340;2.742.241.000.630.210;644
24526;Bölcek Parkı;3.918.306.077.583.190;2.742.419.399.586.040;644
24527;Bölcek Parkı;3.918.309.877.212.420;2.742.392.699.840.220;644
24528;Bölcek Kanarya;3.918.474.676.623.680;2.742.467.700.000.750;644
24529;Bölcek Kanarya;3.918.473.676.841.880;2.742.484.299.849.340;644
24530;Bölcek Zeyrinlik;3.918.659.472.037.680;2.742.239.702.944.070;644
24531;Bölcek Zeytinlik;3.918.675.471.822.920;2.742.234.503.071.780;644
24532;Göçbeyli Benzinlik;3.921.622.828.551.320;27.410.383.309.111;644
24533;Göçbeyli Benzinlik;3.921.649.828.249.880;2.741.035.731.117.570;644
24534;Göçbeyli Çiftlik;3.921.858.423.237.460;2.740.794.334.550.790;644
24535;Göçbeyli Çiftlik;3.921.874.322.942.640;2.740.783.134.753.630;644
24536;Göçbeyli Ağaçlık;39.219.747.201.061;2.740.631.436.699.370;644
24537;Göçbeyli Ağaçlık;3.921.991.819.792.180;27.406.196.369.160;644
24538;Göçbeyli Meydan;3.922.174.315.173.870;2.740.387.840.094.890;644
24539;Göçbeyli Meydan;3.922.168.115.449.290;2.740.405.639.906.340;644
24540;Göçbeyli Çocuk Bahçesi;3.921.993.214.785.480;2.740.202.340.318.950;644
24541;Göçbeyli Çocuk Bahçesi;3.922.010.514.885.450;2.740.225.340.253.920;644
24542;Trafolar;3.862.028.597.699.570;26.950.326.433.718;657
24543;Trafolar;38.620.237.976.606;2.695.016.243.513.740;657
24544;Çitlenbik;3.855.676.328.202.590;2.701.301.345.016.030;619-750-757-812-850
24545;Fabrikalar 2;3.864.139.227.966.850;27.049.512.628.314;660-758
24546;Market;38.729.203.474.176;2.688.656.795.304.290;756
24547;Siteler;3.873.402.830.460.810;2.683.214.025.061.520;665-750
24548;Siteler;38.733.835.305.249;2.683.214.125.244.310;750
24549;Mehmet Akif Ersoy;38.581.513;27.094.721;648
24550;Sancaklı Çeşme;3.851.501.074.785.820;2.715.512.186.476.120;742
24551;Sancaklı Çeşme;3.851.512.374.731.660;27.154.936.865.088;742
24552;Çamköy Yolu;3.907.296.568.253.590;2.707.705.619.929.740;646
24553;Çamköy Yolu;3.907.309.668.102.690;2.707.692.319.942.260;646
24554;Ovacık Madeni;3.907.953.865.178.090;2.707.938.816.489.580;646
24555;Ovacık Madeni;3.908.007.964.846.010;2.707.942.816.283.670;646
24556;Çamköy Giriş;3.908.508.761.675.410;2.707.964.014.499.350;646
24557;Çamköy Giriş;39.085.418.615.129;2.707.975.014.341.510;646
24558;Çamköy;3.908.803.760.105.980;27.080.389.132.123;646
24559;Çamköy;39.087.827.603.481;2.708.059.513.186.950;646
24560;Çamköy Mahalle Cami;3.908.932.458.599.010;2.707.907.713.389.270;646
24561;Çamköy Mahalle Cami;3.908.927.858.718.140;2.707.925.513.324.890;646
24562;Narlıca Giriş;3.909.319.252.666.210;2.707.220.615.175.290;646
24563;Narlıca Giriş;3.909.325.052.733.570;2.707.242.515.063.490;646
24564;Narlıca Köy İçi;3.909.423.551.519.160;2.707.126.115.256.950;646
24565;Narlıca Köy İçi;39.094.461.512.299;2.707.097.115.310.870;646
24566;Narlıca;3.909.547.649.794.860;2.706.937.915.673.760;646
24567;Narlıca;3.909.555.249.874.520;2.706.965.215.535.450;646
24568;Narlıca İlkokulu;3.909.654.648.618.420;2.706.839.915.759.730;646
24569;Narlıca İlkokulu;3.909.690.557.579.030;2.706.836.534.480.510;646
24570;Narlıca Çıkış;3.909.703.447.572.810;2.706.687.216.248.980;646
24571;Narlıca Çıkış;3.909.699.447.486.430;2.706.663.216.360.940;646
24572;Pınarköy Küme Evleri;3.909.699.344.180.750;2.705.950.219.291.990;646
24573;Pınarköy Küme Evleri;3.909.730.143.853.680;2.705.923.119.305.320;646
24574;Pınarköy Giriş;39.098.746.402.303;2.705.330.121.225.320;646
24575;Pınarköy Giriş;3.909.890.639.883.090;2.705.275.621.389.950;646
24576;Pınarköy Cami;39.099.946.379.615;2.704.994.622.161.550;646
24577;Pınarköy Cami;3.910.004.138.020.260;2.705.022.322.023.490;646
24578;Pınarköy Köy İçi;3.909.894.438.086.230;2.704.872.522.958.040;646
24579;Pınarköy Köy İçi;3.909.904.338.039.610;2.704.876.722.909.730;646
24580;Pınarköy;3.909.836.637.792.470;2.704.717.823.747.420;646
24581;Pınarköy;3.909.851.837.643.670;2.704.706.423.741.920;646
24582;Pınarköy Çıkış;3.909.732.438.024.430;2.704.614.124.493.850;646
24583;Pınarköy Çıkış;3.909.712.538.147.740;2.704.612.624.565.930;646
24584;Sağancı Giriş;3.908.964.738.846.640;2.703.643.030.968.660;646
24585;Sağancı Giriş;3.908.978.838.666.610;2.703.621.530.999.220;646
24586;Sağancı;3.909.095.537.114.390;2.703.427.631.310.070;646
24587;Sağancı;3.909.109.036.880.470;2.703.391.931.396.260;646
24588;Sağancı Meydan;3.909.131.135.877.360;2.703.182.432.110.410;646
24589;Sağancı Meydan;3.909.133.535.918.190;2.703.196.132.049.530;646
24590;Sağancı İlkokulu;3.909.028.037.032.250;27.033.036.320.364;646
24591;Sağancı İlkokulu;3.909.010.437.161.640;27.033.078.320.866;646
24592;Sağancı Çıkış;3.908.871.338.535.020;27.034.257.321.599;646
24593;Sağancı Çıkış;3.908.849.338.731.480;2.703.439.332.190.970;646
24594;Bergama OSB Son Durak;3.907.522.952.908.220;2.704.778.031.985.240;646
24595;Süleymanlı Kalarga Tepesi;3.905.198.675.973.530;2.706.611.033.747.610;645
24596;Süleymanlı Kalarga Tepesi;3.905.251.775.539.210;2.706.588.933.611.540;645
24597;İzsu;3.862.410.779.729.640;2.716.223.003.246.080;747
24598;İzsu;3.862.431.979.658.720;2.716.210.703.152.640;747
24599;Yayakent Sanayi;3.909.457.620.414.810;27.306.734.769.840;836-936
24600;Yayakent Sanayi;3.909.430.020.698.560;2.730.681.776.936.960;836-936
24610;Çandarlı Nilüfer;3.895.070.385.374.630;2.695.924.950.606.080;837
24611;Çandarlı Nilüfer;3.895.081.885.467.790;2.695.965.750.313.330;837
24612;Kahve Civarı;38.673.434;27.019.062;660-752
24613;Çandarlı Plaj;3.893.931.984.312.780;2.694.109.468.939.250;837
24614;Çandarlı Plaj;3.893.909.784.348.320;2.694.089.969.223.360;837
24615;Petrol ;3.881.252.376.981.840;2.703.770.523.858.340;935
24616;Petrol;3.881.233.977.243.810;2.703.812.123.752.370;935
24617;Zeytinlik;3.880.248.691.451.460;2.706.035.317.921.960;935
24618;Zeytinlik;3.880.240.891.708.810;2.706.081.717.684.450;935
24619;Gerenköy Son Durak;3.864.991.776.588.060;2.690.476.851.061.260;750-756
24620;Gerenköy Meydan;3.865.080.575.823.680;2.690.298.051.544.040;750-756
24621;Gerenköy Meydan;3.865.086.975.827.870;2.690.305.551.444.420;750-756
24622;Bağarası Çarşı;3.865.885.259.900.560;2.685.385.177.569.860;744-750
24623;Bağarası Çarşı;3.865.885.459.999.980;2.685.423.077.317.550;744-750
24624;Kanal;3.862.156.747.738.990;2.709.085.951.343.440;754-755
24625;Kanal;3.862.155.347.773.140;2.709.093.751.303.920;754-755
24626;Çiftlik;3.868.706.397.300.590;2.720.306.621.670.090;754
24627;Çiftlik;3.868.707.697.376.720;2.720.319.521.568.830;754
24628;Aşağıcuma Taş Ocağı;3.927.091.799.454.770;2.700.793.530.699.490;832
24629;Aşağıcuma Taş Ocağı;3.927.104.899.354.940;2.700.795.730.746.410;832
24630;Çamavlu Güneşli Yolu;3.932.071.996.371.090;2.714.016.853.264.270;833
24631;Çamavlu Güneşli Yolu;39.320.811.962.274;2.714.005.353.367.220;833
24632;Yukarıcuma Meydan;3.931.759.981.920.810;2.709.535.155.218.520;832
24633;Yukarıcuma Giriş;3.931.646.883.299.220;2.709.623.854.234.230;832
24634;Buruncuk;3.866.446.914.338.060;2.702.654.859.542.170;758
24635;Buruncuk;3.866.424.514.356.360;2.702.647.159.773.960;758
24636;Kale;3.866.282.515.326.970;2.702.816.259.808.410;758
24637;Kale;3.866.277.715.450.150;2.702.844.959.658.360;758
24638;Kocaömerli Çınarağacı;3.908.575.838.468.180;2.740.899.892.065.540;836
24639;Kocaömerli Çınarağacı;3.908.575.639.430.620;2.740.978.991.342.230;836
24640;Köprü;3.863.660.251.902.390;2.710.483.730.496.070;754-755-758
24641;Köprü;3.863.655.803.867.930;2.710.489.560.986.960;754-755-758
24642;Sucahlı Meydan;3.907.567.015.056.260;2.728.680.293.857.680;836
24645;Çiğli Erkek KYK Yurdu;3.852.073.337.038.480;27.031.118.539.065;817
24646;Çiğli Erkek KYK Yurdu;3.852.064.237.091.290;2.703.128.953.851.530;817
24647;Doğançay Köprü;3.849.530.571.915.950;2.715.220.999.509.530;135-335-537-742
24648;Doğançay Köprü;3.849.547.672.019.070;27.152.478.992.730;135-335-537-742
24649;Alp Oğuz Anadolu Lisesi;3.879.659.051.504.990;2.696.489.084.210.590;834-849-935
24650;Petkim Arıtma;3.878.778.750.517.350;2.695.410.398.999.860;834
24651;Petkim Arıtma;3.878.769.850.630.230;2.695.432.298.945.870;834
24677;Dikili Devlet Hastanesi;3.906.015.811.254.170;2.688.964.793.841.530;839
24678;Dikili Devlet Hastanesi;3.906.036.911.162.750;2.688.972.893.673.250;839
24679;Lise;39.064.857.095.174;2.689.302.689.730.450;839
30001;Bornova Metro;3.845.839.084.950.320;2.721.417.088.278.570;267
30002;Bornova Metro;3.845.840.832.496.750;2.721.434.989.577.210;505
30003;Bornova Metro;3.845.849.066.716.520;2.721.446.105.835.430;568
30004;Bornova Metro;3.845.848.184.462.580;2.721.432.089.028.410;204-570
30005;Bornova Metro;3.845.847.368.553.980;2.721.419.559.101.710;119
30006;Bornova Metro;3.845.844.103.942.890;2.721.392.719.853.590;
30007;Bornova Metro;3.845.853.947.523.590;2.721.385.125.450.530;
30008;Bornova Metro;3.845.854.698.519.760;2.721.399.518.509.320;
30009;Bornova Metro;3.845.856.688.512.420;2.721.418.378.444.460;
30010;Bornova Metro;3.845.858.222.072.250;27.214.346.611.206;314
30011;Bornova Metro;3.845.867.627.276.430;2.721.430.201.371.050;390
30012;Bornova Metro;3.845.865.294.145.440;2.721.412.003.799.250;
30013;Bornova Metro;3.845.863.171.726.390;2.721.387.823.307.930;800
30014;Bornova Metro;3.845.876.785.487.660;27.213.824.926.173;533-558
30015;Bornova Metro;3.845.880.905.017.350;2.721.419.208.612.030;59-259-338
30016;Bornova Metro;3.845.874.212.831.520;2.721.466.816.684.090;
30017;Bornova Metro;3.845.862.732.365.450;2.721.466.347.923.190;212-313
30018;MTK Birinci Giriş;384.257;271.821;53-57-58-60-64-117-302-367
30019;MTK Birinci Giriş;384.256;271.818;53-57-58-60-64-117-302-367
30020;Meriç Mahallesi Çeşme;384.252;271.850;53-57-58-60-64-117-302-367
30021;MTK İkinci Giriş;384.251;271.853;53-57-58-60-64-117-302-367
30022;Evrenesoğlu Ortaokulu;384.251;271.881;53-57-58-60-64-117-302-367
30023;Evrenesoğlu Ortaokulu;384.250;271.879;53-57-58-60-64-117-302-367
30024;Kokluca Mezarlığı;384.257;271.908;53-57-60-64-117-302-367
30025;Kokluca Mezarlığı;38.426.073;27.192.338;53-57-60-64-117-302-367
30026;Şehitler;384.264;271.944;53-57-60-64-117-302-367
30027;Şehitler;3.842.610.070.867.520;2.719.570.012.492.620;53-57-60-64-117-302-367
30028;Havuzlu Kahve;384.257;271.978;53-57-60-64-117-302-367
30029;Havuzlu Kahve;384.257;271.984;53-57-60-64-117-302
30030;Altındağ Belediyesi;384.257;272.007;53-57-60-64-117-302-367
30031;Altındağ Belediyesi;38.425.632;27.201.382;53-57-60-64-117-302-367
30032;Şehitler Ortaokulu;384.257;272.038;53-57-60-64-117-302-367
30034;Mimar Sinan Mesleki ve Teknik Anadolu Lisesi;38.425.364.733.530;27.207.113.081.299;60-64-117-302-367-505
30035;Şehitler Ortaokulu;384.256;272.038;53-57-60-64-117-302-367
30036;Egemenlik;3.842.833.775.882.460;27.213.837.040.971;60-64-117-364-367-505-560-564
30037;Mimar Sinan Mesleki ve Teknik Anadolu Lisesi;3.842.523.073.289.870;2.720.701.408.227.170;60-64-117-302-367-505
30038;Koyuncu;38.430.792;27.221.308;60-64-117-277-364-367-505-560-564
30040;Işıkkent Benzinlik;384.316;272.263;60-64-117-277-364-367-505-560-564
30041;Egemenlik;3.842.784.075.796.670;2.721.409.704.213.010;60-64-117-277-364-367-505-560-564
30042;Efes;384.353;272.342;60-117-364-560
30043;Işıkkent Benzinlik;38.43;272.192;60-64-117-277-364-367-505-560-564
30044;Pınar Süt;384.371;272.398;60-117-364-560
30045;Metaş;384.309;272.247;60-117-364-367-505-560
30046;Akasya;384.385;272.449;60-117-560
30047;Işıkkent Mezarlık;384.320;272.278;60-117-364-367-560
30048;Ege Endüstri;384.389;272.505;60-117-560
30049;Tuborg;384.351;272.346;60-117-364-560
30050;BMC;3.843.911.290.295.460;2.725.350.382.578.840;117
30051;Pınar Süt;3.843.710.485.917.720;2.724.090.288.803.910;60-117-364-560
30052;Beko;384.406;272.666;117
30053;Etap;384.381;272.445;60-117-560
30054;Mezarlık;384.426;272.779;117-317
30055;Ege Endüstri;384.387;272.499;60-117-560
30056;Beşinci Sanayi;38.441.429;27.270.675;117-317
30057;BMC;38.438.854;27.253.387;60-117-560
30058;Jandarma;384.462;272.893;117-317
30059;Arçelik;384.404;272.661;117
30060;Defne;384.489;272.940;117-317
30061;Beşinci Sanayi;384.414;272.710;117-317
30062;Otogar Kavşağı;3.842.702.674.761.060;2.721.089.305.875.730;60-64-117-367-505
30063;Mezarlık;38.442.524;27.278.345;117-317
30065;Jandarma;384.455;272.888;117-317
30067;Defne;38.448.618;27.294.255;117-317
30068;Jant Fabrikası;384.398;272.616;117
30069;Jant Fabrikası;384.396;272.620;117
30073;Tulumba Mevki;38.479.957;27.246.372;313
30074;Tulumba Mevki;38.480.090;27.246.334;313
30075;Yeni Mezarlık;38.486.457;27.257.214;313
30082;Beşinci Sanayi Giriş;38.443.714;27.283.494;117-317
30083;Beşinci Sanayi Giriş;384.433;272.833;117-317
30101;Yeni Kent;384.470;271.790;290-602-608-660-800-963
30102;Yeni Kent;384.478;271.798;290-602-608-660-800-963
30108;Benzinlik;384.495;271.841;168-290-602-608-660-800
30110;Hayat Ağacı;3.845.110.075.218.790;27.188.300.045.955;168-290-602-608-660-800
30123;Miralay Fethi Bey;38.427.722.677.690;2.718.036.118.247.680;53-54-59-214-249-662-699
30124;Miralay Fethi Bey;3.842.777.302.060.330;2.717.995.059.912.970;53-54-59-214-249-662-699
30127;Birinci Sanayi Sitesi;384.301;271.805;53-54-59-214-249-662-699
30128;Birinci Sanayi Sitesi;384.301;271.802;53-54-59-214-249-662-699
30129;Taç Sanayi;384.317;27.180.640;53-54-59-214-249-662-699
30130;Taç Sanayi;3.843.200.068.831.520;2.718.050.016.482.220;53-54-59-214-249-662-699
30131;Çamdibi Sağlık Ocağı;38.435.200.696.340;2.718.070.015.079.970;54-102-214-249-498-501-502-503-504-513-515-539-543-555-599-662-699-930
30132;Çamdibi Sağlık Ocağı;384.349;271.805;54-214-249-515-539-543-555-662-699-930
30133;Mersinli;38.437.567.737.038;2.718.072.619.914.110;102-214-249-498-501-502-503-504-513-515-539-543-599-662-699-930
30134;Mersinli;384.380;271.804;54-119-214-249-515-539-543-555-662-699-930
30135;Stadyum İstasyon;38.442.000.710.928;2.718.030.012.351.630;102-214-249-498-501-502-503-504-513-515-539-543-599-662-699-930
30136;Stadyum İstasyon;384.415;27.18;119-214-249-515-539-543-662-699-930
30137;Bölge İdare Mahkemesi;3.844.420.071.658.150;2.718.060.011.247.370;102-214-249-498-501-502-503-504-513-515-539-543-599-662-699-930
30138;Bölge İdare Mahkemesi;3.844.320.672.977.170;2.717.996.225.099.510;102-168-501-502-503-504-513-543-599
30139;Üçüncü Sanayi;384.464;271.812;102-214-249-498-501-502-503-504-513-515-539-543-599-662-699-930
30140;Üçüncü Sanayi;384.458;271.810;102-168-214-249-501-502-503-504-513-515-539-543-599-662-699-930
30149;Kamil Tunca Bulvarı;384.330;271.817;59-364-560-564
30150;Kamil Tunca Bulvarı;3.843.309.569.578.120;2.718.256.415.147.730;59-364-560-564
30151;Gürbüz;384.330;271.865;59-364-560-564
30152;Gürbüz;3.843.310.070.515.330;2.718.650.013.457.730;59-364-560-564
30153;Kartal;384.321;271.913;59-364-560-564
30154;Kartal;384.324;271.907;59-364-560-564
30155;Çamdibi Esnaf Odası;384.315;271.940;59-364-560-564
30156;Çamdibi Esnaf Odası;384.317;271.936;59-364-560-564
30157;Umut;38.430.806;27.196.904;59-364-560-564
30158;Umut;384.310;271.967;59-364-560-564
30159;Kahveler;38.430.265;27.199.239;59-364-560-564
30160;Kahveler;384.304;271.994;59-364-560-564
30161;Park;384.295;272.029;59-364-560-564
30162;Park;38.430.009;27.201.107;59-364-560-564
30163;Altındağ Atatürk Kültür Merkezi STK Yerleşke;3.842.854.925.787.280;2.720.659.992.284.580;54-364-555-560-564
30164;Altındağ Atatürk Kültür Merkezi STK Yerleşke;3.842.870.074.226.010;2.720.670.006.859.670;54-364-555-560-564
30165;Bulvar;3.842.760.074.958.680;2.721.100.005.580.270;54-364-555-560-564
30166;Bulvar;38.428.060;27.210.149;54-364-555-560-564
30179;Burak Reis;384.373;271.835;54-119-555
30181;Havuzlu Kahve;384.375;271.864;54-119-555
30183;Sıdıka Rodop Lisesi;384.374;271.884;54-119-555
30185;Pazar Yeri;384.375;271.913;54-119-555
30187;Dispanser;384.384;271.943;54-119-555
30189;PTT;384.393;271.961;54-119-555
30200;Mersinli Cami;3.843.986.840.163.620;2.718.140.945.073.860;54-119-555
30202;Havuzlu Kahve;3.843.955.163.781.050;2.718.430.874.961.270;54-119-555
30204;Dispanser;3.843.943.606.650.240;2.718.652.804.335.850;54-119-555
30206;Yıldırım Beyazıt Cami;384.397;271.902;54-119-555
30208;Şehit Piyade Ferhat Altın;3.843.970.073.527.690;2.719.210.008.180.060;54-119-555
30210;Birlik Cami;384.407;271.950;54-119-555
30212;Sanayi Sitesi;384.422;271.970;54-119-555
30214;Yıldırım;3.843.948.203.013.880;27.188.265.772.686;54-119-555
30219;Rafet Paşa;3.844.104.754.799.980;2.719.950.653.308.970;54-119-555
30220;Rafet Paşa;384.419;272.002;54-59-119-259-555
30221;Yeşilova;384.390;272.018;54-119-259-555
30222;Yeşilova;384.389;272.019;54-119-555
30223;Sevgi;384.358;272.026;54-119-259-555
30224;Sevgi;384.357;272.027;54-119-555
30225;Birlik;384.324;272.028;54-59-119-555
30226;Birlik;384.332;272.030;54-59-119-555
30227;Çimentaş Lisesi;38.43;272.031;54-59-119-555
30228;Çimentaş Lisesi;384.317;272.030;54-59-119-555
30229;Ağaçlıyol Benzinlik;3.844.307.793.669.640;2.718.429.272.919.810;119
30231;Tedaş;384.442;271.885;119
30233;Tuz Fabrikası;384.460;271.922;119
30235;İkinci Sanayi;38.448.338;27.192.034;119
30237;Karayolları;384.490;271.936;119
30239;Devlet Su İşleri;38.449.071;27.197.702;119
30241;DYO Fabrikası;38.449.674;27.199.452;119
30243;Sedir;384.519;272.013;119
30245;Bölge Metro İstasyonu;384.541;272.041;119
30253;İstasyon;384.426;271.809;119
30254;Ağaçlıyol Benzinlik;3.844.400.072.378.330;2.718.360.009.997.220;119
30255;Ege Üniversitesi Hastanesi;384.577;272.098;119-204-290-390-533-558-800
30256;Ağaçlıyol Üstgeçit;3.844.530.073.241.180;2.718.580.008.427.730;119
30258;Tedaş;3.844.680.074.239.850;2.718.830.006.619.630;119
30260;Sanayi Metro İstasyonu;3.844.790.074.972.130;2.719.010.005.298.920;119
30262;Karayolları;3.845.020.076.509.380;2.719.380.002.539.710;119
30264;Tarım İl Müdürlüğü;384.512;271.954;119
30266;Zeytincilik;384.522;271.972;119
30268;Sedir;38.453.825.626.320;2.719.977.216.265.430;119
30270;Bölge Metro İstasyonu;384.547;272.012;119
30272;Ege Üniversitesi Hastanesi;384.572;272.080;119-204-390
30279;Adliye;384.498;271.799;102-214-249-498-501-502-503-504-513-515-539-543-599-662-699-930-963
30280;Adliye;38.45;271.796;102-214-249-501-502-503-504-513-515-539-543-599-662-699-930-963
30281;Halide Edip Adıvar;38.451.843;27.178.908;102-214-249-338-359-498-501-502-503-504-513-515-543-599-662-699-930-963
30282;Halide Edip Adıvar;38.452.172;27.178.447;102-214-249-359-498-501-502-503-504-513-515-543-599-662-699-930-963
30283;Bayraklı Depo;384.559;271.766;102-330-338-359-498-501-502-503-504-513-543-599-662-699
30284;Bayraklı Depo;384.559;271.764;102-330-338-359-498-501-502-503-504-513-543-599-662-699
30285;Manas;384.581;271.752;102-330-338-359-498-501-502-503-504-513-543-599-662-699
30286;Manas;38.457.904;27.175.072;102-330-338-359-498-501-502-503-504-513-543-599-662-699
30288;Ozan Abay;38.446.650;27.173.332;498
30289;Smyrna;384.610;271.728;102-330-338-359-498-501-502-503-504-513-543-599-662-699
30290;Smyrna;384.604;271.732;102-330-338-359-498-501-502-503-504-513-543-599-662-699
30291;Şehit Musa Can;384.493;271.741;328-338-359-539
30292;Şehit Musa Can;384.494;271.736;328-359-498-539
30296;Slovakya Konsolosluğu;38.453.658;27.173.038;338
30298;Şehit Polis Fethi Sekin;384.506;271.781;328-359-498-539
30299;Adalet Mahallesi;384.554;271.789;214-249-330-515-930-963
30300;Adalet Mahallesi;384.556;271.790;214-249-330-515-930-963
30301;Şehit Hakan Ünal;3.845.615.142.726.660;2.718.288.122.942.190;214-249-328-330-515-930-963
30302;Şehit Hakan Ünal;3.845.657.375.203.020;2.718.390.803.972.430;214-249-328-330-515-930-963
30303;Şehit Murat Aslantürk;384.577;271.870;214-249-328-330-515-930-963
30304;Şehit Polis Fethi Sekin;384.505;271.788;328-338-359-539
30305;Çamkıran;384.591;271.918;214-249-328-330-515-559-930-963
30306;Şehit Murat Aslantürk;38.458.029;27.186.920;214-249-328-330-515-930-963
30308;Çamkıran;384.592;271.915;214-249-328-330-515-559-930-963
30309;Örnekköy Şehit İncekara İlkokulu;3.841.741.185.909.180;2.746.838.744.069.140;767
30317;Mustafa Kemal Anadolu Lisesi;3.846.010.079.378.640;2.719.589.996.640.810;214-328-330-498-515-559-570-930-963
30318;Mustafa Kemal Anadolu Lisesi;3.846.020.079.313.570;2.719.559.996.728.640;214-328-330-498-515-559-570-930-963
30319;Çağdaş;384.609;272.015;214-328-330-498-515-559-568-570-930-963
30320;Çağdaş;384.609;272.006;214-328-330-515-559-570-930-963
30321;Bornova Stadı;384.614;272.054;214-328-330-498-515-559-568-570-930-963
30322;Bornova Stadı;384.617;272.055;214-328-330-515-559-568-570-930-963
30323;Bornova Kültür Merkezi;3.846.295.644.506.730;27.210.344.848.693;214-328-330-498-515-559-568-570-930-963
30324;Bornova Kültür Merkezi;3.846.345.856.420.610;2.721.174.367.691.110;214-328-330-515-559-568-570-930-963
30325;Bornova İzsu;384.639;272.139;214-328-330-498-515-559-568-570-930-963
30326;Bornova İzsu;384.641;272.139;214-328-330-515-559-568-570-930-963
30330;112 Acil Çağrı Merkezi Müdürlüğü;3.845.341.095.744.390;2.725.500.773.843.390;268-358
30332;Çimento Fabrikası;38.453.075;27.264.538;111-317-949-966-988
30333;Osman Kibar Kavşağı;384.613;272.296;314-602-608-660-949
30334;Osman Kibar Kavşağı;384.622;272.280;314-949
30335;Bölge Trafik;38.459.429.478.038;2.723.967.225.162.280;314-602-608-660-949
30336;Bölge Trafik;384.598;272.398;314-602-608-660-949
30337;Atölye;384.588;272.434;314-602-608-660-949
30338;Atölye;384.590;272.441;314-602-608-660-949
30339;Park;384.582;272.468;314-949
30340;Dördüncü Sanayi Kavşağı;384.574;272.525;111-317-949-966-988
30341;Dördüncü Sanayi Kavşağı;384.571;272.525;111-317-949-966-988
30342;Terbay;384.556;272.566;111-317-949-966-988
30343;Mermerci;38.451.950;27.266.830;949-966-988
30344;Terbay;384.558;272.572;111-317-949-966-988
30345;İzbeton;38.449.660;27.286.770;949-966-988
30346;İzbeton;38.449.850;27.287.590;949-966-988
30348;Belkahve Çay Bahçesi;384.536;273.157;949-966-988
30350;Maliye;38.461.546;27.335.414;949-966-988
30351;Belkahve Çay Bahçesi;384.532;273.168;949-966-988
30352;Fabrika;3.846.195.130.104.890;27.338.189.327.172;949-966-988
30353;Maliye;3.846.110.128.329.310;2.733.489.934.739.260;949-966-988
30354;Park;3.845.845.094.322.090;2.724.735.340.251.940;314-949
30355;Çimento Fabrikası;38.452.716;27.264.389;111-317-949-966-988
30373;Topçu Birliği;38.47;272.287;313-315-316
30377;Mezarlık;38.482.681;27.244.095;313-315-316
30378;Dostlar Sitesi;384.846;272.470;313-315-316
30379;Dostlar Sitesi;384.854;27.249.550;313-315-316
30384;Karaçam Giriş;3.850.889.918.284.250;2.726.962.929.806.430;315
30402;MTK Giriş;38.425.383;27.181.321;153-154
30403;MTK Giriş;384.256;271.805;153-154
30404;Katip;384.242;271.814;153-154
30405;Katip;384.243;271.815;153-154
30406;MTK Trafo;3.842.260.666.732.970;2.718.141.619.771.350;153-154
30407;MTK Trafo;3.842.242.166.672.740;27.181.354.198.666;153-154
30408;Tekstilciler Cami;384.218;271.840;153-154
30409;Tekstilciler Cami;384.218;271.836;153-154
30410;Tekstilciler Çarşısı;384.196;271.881;153-154
30411;Tekstilciler Çarşısı;384.197;271.878;153-154
30412;MTK Çarşısı;384.194;271.864;53-57-119-154
30413;MTK Çiçek;384.217;271.860;153-154
30414;MTK Çiçek;384.218;271.859;153-154
30416;Çamkule Pazar Yeri;38.418.171;27.188.992;53-57-153
30419;Levent Kara Sağlık Ocağı;38.417.327;27.188.930;53-57-153
30420;Levent Kara Sağlık Ocağı;384.164;271.895;53-57-153
30421;Çamkule;384.149;271.908;53-57-119-153
30422;Çamkule;384.149;271.909;53-57-119-153
30423;Zeytintepe;38.414.140;27.194.870;53-57-119-505
30424;Zeytintepe;384.143;271.946;53-57-119-505
30425;Merkez Cami;3.841.567.800.724.250;2.719.680.593.449.390;53-57-119-505
30426;Merkez Cami;38.415.700.682.301;2.719.700.016.069.340;53-57-119-505
30427;Çiçek;384.165;271.987;53-57-119-505
30428;Çiçek;384.166;271.988;53-57-119-505
30435;İğdeli;384.146;271.897;153-505
30436;İğdeli;384.145;271.896;153-505
30437;Çamkule Eski Son Durak;384.146;271.883;153-505
30438;Çamkule Eski Son Durak;384.145;271.882;153
30440;Çamkule Son Durak;384.118;271.898;153
30445;Mezarlık;384.243;27.19;58
30446;Mezarlık;384.243;271.901;58
30447;İncir;384.230;271.909;58
30448;İncir;384.230;271.910;58
30449;Asmalı;384.229;271.935;58
30450;Asmalı;384.230;271.936;58
30451;Kandere Parkı;384.228;271.956;58
30452;Kandere Parkı;384.227;271.957;58
30454;Kandere;384.211;271.987;58
30461;Yener Caddesi;384.234;272.049;53-57-119-505
30462;Yener Caddesi;384.236;272.049;53-57-119-505
30463;Zafer Parkı;384.218;272.050;53-57-119-505
30464;Zafer Parkı;384.216;272.051;53-57-119-505
30471;Yener;384.202;272.030;53-57-119-505
30472;Altındağ;384.171;272.025;53-57-119-505
30473;Kızılcık;384.182;272.012;53-57-119-505
30474;Tek Yön;3.841.959.134.066.000;2.720.408.124.005.710;53-57-119-505
30475;Merkez Mahallesi Muhtarlık;384.167;272.013;53-57-119-505
30477;Altındağ İlkokulu ;3.841.718.583.664.390;2.720.067.737.727.260;53-57-119-505
30483;Mescid-i Aksa Cami;384.271;272.045;119
30484;Mescid-i Aksa Cami;384.269;272.047;119
30489;Okçu;384.353;272.045;59-259
30490;Okçu;384.355;272.048;59
30491;Market;3.843.600.176.698.340;2.720.825.702.931.790;59-259
30492;Egemenlik;3.843.613.876.699.990;2.720.811.502.928.540;59
30499;Yeşilova Höyüğü;38.441.177;27.209.993;59-259
30500;Yeşilova Höyüğü;38.441.092;27.209.896;59
30501;Karacaoğlan;384.421;272.098;59-259
30502;Karacaoğlan;384.421;272.097;59
30504;Caner;38.43;272.362;64-564
30508;Kuzey;384.269;272.424;64
30509;Kuzey;384.264;272.407;64-267-564
30510;Ayakkabıcılar Sitesi Son Durak;38.430.174;27.238.015;64-564
30511;Otogar;384.309;272.130;54-204-277-302-505-555
30512;Işıkkent Mezarlık;384.301;272.279;64-267-277-564
30513;Turanlar;3.843.050.079.272.930;27.224.499.987.657;64-267-277-564
30514;Yıldız;38.426.993;27.229.681;64-267-277-564
30515;Işıkkent Mezarlık;3.842.950.079.838.520;2.722.789.997.862.060;64-267-277-564
30516;Işıkkent;3.842.584.072.077.220;2.723.057.709.567.140;64-267-277-564
30517;Yıldız;38.426.960;27.229.564;64-267-277-564
30518;Hatice Güzelcan Anadolu Lisesi;3.842.620.080.117.550;2.723.319.997.307.260;64-267-277-564
30519;Işıkkent;3.842.580.079.337.140;2.723.069.998.483.540;64-267-277-564
30520;Yener;384.247;272.351;64-267-277-564
30521;Hatice Güzelcan Anadolu Lisesi;3.842.610.080.031.650;2.723.299.997.433.480;64-267-277-564
30522;Tır Garajı;384.246;272.470;267-277
30523;Yener;384.246;272.351;64-267-277-564
30524;Sanayi;38.423.270;27.251.920;267
30525;Tır Garajı;384.245;272.467;267-277
30526;Pınarbaşı Mezarlığı;384.239;27.256.120;267
30527;Sanayi;38.423.280;27.252.140;267
30528;Gürpınar;38.424.770.871.754;2.726.145.987.060.180;267
30529;Pınarbaşı Mezarlığı;38.423.740;27.256.280;267
30531;Duyar;38.425.170;27.239.290;564
30532;Duyar;38.425.180;27.239.220;564
30533;Meltem;384.277;272.393;64-267-564
30534;Meltem;384.280;272.392;64-267-564
30536;Egemenlik;384.281;272.359;64-564
30539;Gürpınar;384.247;27.261.520;267
30540;Kara Nakliyeciler;384.249;272.427;64-277-364
30541;Kara Nakliyeciler;384.248;272.426;64-277-364
30543;Yunus Emre;384.437;272.287;267-367-505
30544;Köprü;38.443.767;27.228.889;267-367-505
30545;İzeltaş Mağaza;384.368;272.266;267-367-505
30546;İzeltaş;384.336;272.282;267-367-505
30547;İzeltaş;384.336;272.280;267-367-505
30548;İzeltaş Mağaza;384.368;272.267;267-367-505
30549;Pınarbaşı Kara Ali Camii;3.842.749.410.617.870;2.726.463.201.376.710;267
30550;Pınarbaşı Kara Ali Camii;38.426.631;27.264.081;60-67-267-560
30551;Ayakkabıcılar Sitesi;38.424.380;27.239.805;64-267-277-364
30552;Ayakkabıcılar Sitesi;38.424.571;27.239.711;64-267-277-364
30553;Yeşil Köşk;384.579;272.161;59-259-267-268-358-368-468-505
30554;Yeşil Köşk;3.845.768.752.048.560;2.721.624.994.886.710;59-259-267-268-358-368-468-505
30555;Öğrenci Köyü;384.504;272.181;59-259-267-268-358-368-468-505
30556;Öğrenci Köyü;384.507;272.182;59-259-267-268-358-368-468-505
30557;Bornova Anadolu Lisesi;3.844.720.082.875.020;2.721.929.992.737.060;267-367-505
30558;Bornova Anadolu Lisesi;38.448.323.472.480;2.721.912.850.132.030;267-367-505
30559;Eser;384.461;272.257;267-367-505
30560;Eser;384.462;272.260;267-367-505
30561;Selçuk Yaşar Boyacılık EML;384.457;272.226;267-367-505
30562;Selçuk Yaşar Boyacılık EML;384.457;272.225;267-367-505
30586;Hasan Tahsin Özel Eğitim Okulu;38.450.399;27.223.397;268-358-367-368-468
30588;Görme Engelliler Okulu;38.450.250;27.221.617;268-358-367-368-468
30589;Okullar;38.45;272.199;268-358-367-368-468
30590;Okullar;38.450.076;27.219.812;268-358-367-368-468
30591;Hasan Tahsin Özel Eğitim Okulu;38.450.370;27.223.040;268-358-367-368-468
30592;Görme Engelliler Okulu;384.505;272.221;268-358-367-368-468
30593;Okul;3.844.988.786.007.880;2.722.736.087.817.680;268-358-367-368-468
30594;Okul;3.845.007.786.005.860;2.722.716.687.801.040;268-358-367-368-468
30595;Adliye Lojmanları;384.506;272.301;268-358-367-468
30596;Adliye Lojmanları;38.450.704;27.229.706;268-358-367-468
30597;Çağla;384.481;272.308;268-358-367-468
30598;Çağla;384.482;272.310;268-358-367-468
30601;Sarılar;384.492;272.357;268-358-367-468
30602;Sarılar;384.493;272.357;268-358-367-468
30603;Mevlana Mahallesi Cami;384.503;272.385;268-358-367-468
30604;Mevlana Mahallesi Cami;384.503;272.386;268-358-367-468
30605;Alt Geçit;384.510;272.416;268-367-368
30606;Alt Geçit;384.509;272.410;268-367-368
30607;Elif;384.513;272.443;268-367-368
30608;Elif;384.514;272.444;268-367-368
30610;Doğanlar PTT;384.519;272.484;358
30611;Hasanağa Camii;384.479;272.336;268-358-367-468
30612;Hasanağa Camii;384.480;272.337;268-358-367-468
30613;Aktar;384.514;272.464;268-367-368
30614;Aktar;384.515;272.466;268-367-368
30619;Doğanlar Hurdacılar Sitesi Cami;3.845.214.696.033.870;27.257.217.736.354;268-358
30620;Doğanlar Hurdacılar Sitesi Cami;3.845.219.796.016.880;2.725.711.173.650.880;268-358
30621;Doğanlar Dört Yol;38.453.218;27.250.458;67
30622;Doğanlar Dört Yol;3.845.337.701.478.230;2.725.066.173.483.350;67
30623;Mezarlık;384.561;272.511;67
30624;Mezarlık;38.455.998;27.251.409;67
30627;Papatya;38.451.361.934.245;2.724.994.077.217.630;67-268-358
30628;Papatya;3.845.081.748.487.880;2.725.098.147.296.440;67-268-358
30630;Doğanlar Pazaryeri;384.451;272.505;367-368
30631;Doğanlar Pazaryeri;384.450;272.506;367-368
30633;Hüsnü Bornovalı İ.Ö.O;3.844.925.293.528.780;2.725.250.177.329.940;67
30634;Hüsnü Bornovalı İlköğretim Okulu;3.844.913.693.565.270;2.725.274.177.294.150;67
30635;Depo;384.468;272.528;67
30636;Depo;38.446.829;27.252.984;67
30637;Bezirgan;384.446;272.539;67-367-368
30638;Bezirgan;384.444;272.541;67-367-368
30639;Metal;384.419;272.558;67-367-368
30640;Metal;38.442.011;27.255.858;67-367-368
30641;Fabrika;384.403;272.563;67-367-368
30642;Fabrika;384.401;272.563;67-367-368
30643;Pınarbaşı Kavşak;38.437.633;27.256.490;60-67-560
30644;Pınarbaşı Kavşak;38.437.590;27.256.654;60-67-560
30645;Fincancılar;384.360;272.573;60-67-560
30646;Fincancılar;384.359;272.574;60-67-560
30647;Termak;384.334;272.594;60-67-560
30648;Termak;38.433.258;27.259.732;60-67-560
30649;Pınarbaşı Depolar;384.313;272.622;60-67-560
30650;Pınarbaşı Depolar;384.311;272.627;60-67-560
30652;Çamlık Alan Parkı 2;3.842.976.500.359.480;2.726.485.114.005.810;60-67-267-560
30654;BMC 2;38.439.930;27.252.477;60-560
30670;Kent Bahçeleri;3.843.128.088.694.410;27.271.664.835.833;60-67-267-358-560
30671;Aziz Erol Güzelcan Mesleki ve Teknik Anadolu Lisesi ;3.842.947.244.841.350;2.726.568.191.134.190;60-67-267-560
30672;Aziz Erol Güzelcan Mesleki ve Teknik Anadolu Lisesi ;3.843.015.674.074.990;2.726.767.548.035.270;60-67-267-358-560
30673;Kent Bahçeleri;384.299;272.696;60-67-267-358-560
30676;Güzeller;3.842.938.392.194.290;2.727.247.580.390.920;60-67-267-358-560
30677;Güzeller;3.842.892.391.992.950;2.727.243.380.659.850;60-67-267-358-560
30678;Demirler;384.266;272.740;60-67-267-358-560
30679;Demirler;384.265;272.742;60-67-267-358-560
30680;Pınarbaşı Kültür Merkezi;3.842.860.092.824.250;2.727.569.979.590.390;60-67-267-358-560
30681;Pınarbaşı Kültür Merkezi;3.842.870.092.895.710;2.727.579.979.496.870;60-67-267-358-560
30682;Siteler;384.310;272.746;60-67-267-358-560
30683;Siteler;3.843.143.193.647.080;2.727.452.678.464.040;60-67-267-358-560
30684;Market;3.843.250.224.580.060;2.727.530.076.922.010;60-67-267-358-560
30685;Market;3.843.257.203.907.280;2.727.551.648.440.930;60-67-267-358-560
30686;Göçmen;384.334;272.771;60-67-267-358-560
30687;Göçmen;384.332;272.769;60-67-267-358-560
30688;Şen;384.344;272.784;60-67-267-358-560
30689;Şen Market;38.434.370;27.278.530;60-67-267-358-560
30690;Beşinci Sanayi Sitesi;384.388;272.798;60-67-267-358-560
30691;Pınarbaşı Sanayi Giriş;384.364;272.801;60-67-267-358-560
30692;Pınarbaşı Sanayi Giriş;3.843.658.750.518.630;27.279.905.360.143;60-67-267-358-560
30693;Karakovan;3.833.156.379.869.680;2.745.621.731.752.720;768
30694;Park;384.373;272.783;60-67-267-560
30695;Karakovan;3.833.132.772.831.330;2.745.649.606.183.750;768
30696;Piyade Teğmen Mehmet Terzioğlu;3.843.928.264.870.250;2.739.341.672.295.570;766-988
30697;Piyade Teğmen Mehmet Terzioğlu;3.843.943.532.931.360;2.739.337.823.769.470;766-988
30701;Ulaştırma;3.844.445.097.031.630;2.726.889.273.247.980;317-358
30702;Ulaştırma;38.444.607;27.268.981;317-358
30703;Topçu Taburu;3.845.011.297.346.110;2.726.342.572.191.010;317-358
30704;Topçu Taburu;3.845.019.068.631.810;2.726.379.674.788.830;317-358
30705;Bornova Doğanlar Stadyum;38.447.188;27.263.412;317-358
30706;Bornova Doğanlar Stadyum;38.447.192;27.263.586;317-358
30707;Sivil Savunma;384.463;272.650;317-358
30708;Sivil Savunma;38.446.421;27.264.960;317-358
30709;Yeşilçam Muhtarlık;384.469;272.982;117-317
30710;Yeşilçam Muhtarlık;384.470;272.981;117-317
30711;Yeşilçam Market;384.474;273.004;117-317
30712;Yeşilçam Market;384.475;273.003;117-317
30713;Yeşilçam Eczane;384.475;272.957;117-317
30714;Aşağıkızılca Fabrika;38.407.670;27.516.105;967
30715;Aşağıkızılca Fabrika;38.407.621;27.515.943;967
30716;Yeşilçam Eczane;384.475;272.960;117-317
30717;Kavaklıdere Köyü Cami;38.449.117;27.316.618;117-317
30718;Kavaklıdere Köyü Cami;38.449.267;27.316.644;117-317
30719;Saliha Hüseyin Özyavuz Ortaokulu ;3.845.080.115.729.610;2.731.509.950.306.640;117-317
30720;Saliha Hüseyin Özyavuz Ortaokulu ;3.845.075.315.628.030;2.731.488.650.426.250;117-317
30721;Oya;384.505;273.081;117-317
30722;Oya;384.506;273.080;117-317
30725;Dostlar;384.492;273.119;117-317
30726;Dostlar;384.492;273.120;117-317
30727;Kavaklıdere;384.493;273.149;117-317
30728;Kavaklıdere;384.494;273.150;117-317
30729;Yeşilçam Orman;384.482;273.042;117-317
30730;Yeşilçam Orman;384.482;273.040;117-317
30731;Kavaklıdere Mezarlık;384.514;273.053;117-317
30732;Kavaklıdere Mezarlık;38.451.431;27.305.613;117-317
30733;İncir;38.449.820;27.318.645;117-317
30734;İncir;384.497;273.181;117-317
30735;Istaş;3.846.175.483.678.470;2.734.686.779.229.350;988
30736;Istaş;3.846.184.783.658.390;27.346.730.791.974;988
30739;Mopak Mesleki ve Teknik Anadolu Lisesi ;3.846.105.802.549.550;2.735.365.378.661.660;766-988
30740;Mopak Mesleki ve Teknik Anadolu Lisesi ;3.846.110.137.147.630;2.735.569.926.054.010;766-988
30741;Pakmaya;384.575;273.590;766-988
30742;Pakmaya;384.576;273.591;766-988
30743;Pepsi;38.455.015;27.362.739;766-988
30744;Pepsi;384.545;273.644;766-988
30745;Anıt;38.450.992;27.371.948;766-988
30746;Anıt;38.451.186;27.372.042;766-988
30747;Kızıl Üzüm;384.472;273.765;766-988
30748;Kızıl Üzüm;384.471;273.768;766-988
30749;Master;38.440.537;27.388.490;766-988
30750;Master;38.440.648;27.388.687;766-988
30751;Demirci;3.843.479.441.749.370;2.740.250.629.247.740;766-988
30752;Demirci;3.843.489.541.928.690;27.402.767.290.737;766-988
30753;Çınarköy Yolu;3.843.234.799.406.530;2.740.507.537.616.860;668-766-767-768-967-988
30754;Çınarköy Yolu;38.433.447;27.404.238;766-988
30755;Kemalpaşa Havuz;384.307;274.087;668-766-767-768-967-988
30756;Kemalpaşa Havuz;384.308;274.088;668-766-767-768-967-988
30757;Sekiz Eylül İlkokulu ;38.429.331.417.889;2.741.137.830.711.690;668-766-767-768-772-967-988
30758;Sekiz Eylül İlkokulu ;3.842.910.141.891.420;2.741.199.930.694.210;668-766-767-768-772-967-988
30759;Osmanlı Parkı;38.428.280;27.414.585;668-766-767-768-772-967-988
30760;Osmanlı Parkı;384.280;274.156;668-766-767-768-772-967-988
30761;Cumhuriyet;384.273;274.174;668-766-767-768-769-772-967-988
30762;Cumhuriyet;384.272;274.181;668-766-767-768-769-772-967-988
30763;Çeşme;3.842.557.532.102.920;274.217.195.823.714.000;668-766-767-768-769-772-967-988
30764;Çeşme;3.842.614.542.217.240;2.742.090.129.954.660;668-766-767-768-769-772-967-988
30765;Manav;3.842.508.373.002.980;2.742.444.124.711.060;668-766-767-768-769-772-967-988
30767;Manav;3.842.514.349.776.730;2.742.417.026.041.360;668-766-767-768-769-772-967-988
30768;Şehitler Parkı;3.842.507.745.176.580;2.742.646.829.329.690;668-766-767-768-769-772-967-988
30769;Şehitler Parkı;38.424.901.451.452;2.742.669.929.405.220;668-766-767-768-769-772-967-988
30770;Kemalpaşa;384.237;274.296;668-766-767-768-769-772-967-988
30771;Kemalpaşa;384.236;274.293;668-766-767-768-769-772-967-988
30772;Elit Koleji;3.843.808.559.124.310;2.739.701.299.239.850;766-988
30773;Elit Koleji;3.843.770.141.483.950;27.397.399.286.720;766-988
30774;Tekel;38.453.169;27.367.903;766-988
30775;Tekel;38.453.079;27.367.614;766-988
30776;Benzinlik;384.257;276.634;767
30777;Benzinlik;3.842.548.623.557.440;2.766.331.729.282.020;767
30778;Rıfat Ilgaz Son Durak;3.843.364.342.284.010;2.740.556.829.130.020;668-767-768-967
30779;İnlik;3.840.980.186.844.970;2.754.219.910.938.790;767
30780;İnlik;3.840.980.186.580.680;2.754.169.911.065.360;767
30781;Tropikal Sitesi;383.950;274.896;967
30782;Tropikal Sitesi;383.949;27.49;967
30783;Beşevler;3.841.061.847.997.170;2.754.629.846.109.250;767
30784;Beşevler;3.841.090.190.470.680;2.754.679.908.554.140;767
30785;Tokmakalan;3.842.744.857.554.880;2.766.629.712.342.310;767
30786;Tokmakalan;384.275;276.661;767
30787;Yol Ayrımı;38.421.627;27.436.404;668-766-767-768-769-772-967-988
30788;Yol Ayrımı;384.218;274.362;668-766-767-768-769-772-967-988
30789;Dolmuş Garajı;384.222;274.421;767-772-967
30790;Dolmuş Garajı;38.422.430;27.442.437;767-769-772-967
30791;Demirli Çay;3.842.139.751.607.230;2.744.761.125.897.510;767-967
30792;Demirli Çay;3.842.145.045.624.210;2.744.776.386.498.590;767-967
30793;Örnekköy Girişi;384.184;274.610;767-967
30794;Nalbant;38.42;274.542;767-967
30795;Örnekköy;384.178;274.657;767-967
30796;Örnekköy Girişi;384.185;274.611;767-967
30797;Örnekköy Spor Tesisi;3.841.752.655.464.320;2.747.108.442.301.430;767-967
30798;Örnekköy;38.417.767;27.466.098;767-967
30799;Örnekköy Spor Tesisi;3.841.750.159.219.570;2.747.149.922.324.730;767-967
30800;Armutlu Mezarlık;384.085;275.223;767-967
30801;Armutlu Mezarlık;384.083;275.223;767-967
30802;Armutlu Merkez;3.840.804.949.468.420;2.753.239.344.507.580;767-967
30803;Armutlu Merkez;384.074;275.283;767-967
30804;Armutlu Ortaokulu ;3.840.786.613.914.950;2.753.450.416.799.010;767-967
30805;Armutlu Ortaokulu ;3.840.790.180.311.710;27.533.499.151.899;767-967
30806;Dere Ağızı;3.841.230.196.227.250;2.755.459.904.983.910;767
30807;Dere Ağızı;3.841.210.608.688.350;2.755.451.104.194.570;767
30808;Arap Çeşmesi;384.141;275.669;767
30809;Arap Çeşmesi;384.139;275.667;767
30810;Şato;384.126;275.741;767
30811;Şato;384.126;275.739;767
30812;Ören;38.41;275.837;767
30813;Ören;3.840.996.787.007.150;2.758.358.055.330.290;767
30814;Ören Belediye;384.087;275.850;767
30815;Ören Belediye;384.086;275.850;767
30816;Ören İlkokulu ;3.840.830.211.688.560;2.758.979.900.984.170;767
30817;Ören İlkokulu ;3.840.830.211.512.640;2.758.949.901.055.750;767
30818;Ahmallı;3.840.977.848.662.650;2.759.769.233.182.860;767
30819;Ahmallı;384.094;275.962;767
30820;Yiğitler Giriş;384.129;276.073;767
30821;Yiğitler Giriş;3.841.274.851.327.620;2.760.732.496.799.690;767
30822;Yiğitler;3.841.297.193.078.060;2.761.239.463.755.510;767
30823;Yiğitler;38.412.799;27.612.790;767
30824;Sanayi;384.147;276.188;767
30825;Sanayi;384.148;276.183;767
30826;Benzinlik;384.140;276.210;767
30827;Benzinlik;3.841.389.124.780.890;2.762.117.550.227.160;767
30828;Bağyurdu Spor Tesisleri;384.139;276.268;767
30829;Bağyurdu Spor Tesisleri;384.138;276.266;767
30830;Kazım Dirik İlköğretim Okulu;38.414.652;27.630.075;767
30831;Kazım Dirik İlköğretim Okulu;384.145;276.310;767
30832;Bağyurdu Üçyol;384.149;276.346;767
30833;Bağyurdu Üçyol;384.147;276.341;767
30834;Bağyurdu Cami;3.841.473.226.949.640;2.763.710.210.273.720;767
30835;Bağyurdu Cami;38.414.664;27.637.764;767
30836;Bağyurdu Son Durak;384.150;276.406;767
30837;Bağyurdu Son Durak;384.148;276.407;767
30838;Durmuşlar;384.160;276.451;767
30839;Durmuşlar;384.159;276.450;767
30844;Değirmen;3.842.227.000.357.450;2.766.050.836.513.630;767
30845;Değirmen;384.224;276.610;767
30846;Yeşilyurt;384.323;276.724;767
30847;Yeşilyurt;3.843.226.283.138.280;2.767.261.748.388.510;767
30848;Halilbeyli İlkokulu ;3.843.640.301.723.490;2.766.989.840.999.560;767
30849;Halilbeyli İlkokulu ;38.436.549.227.606;2.766.974.520.046.110;767
30850;Halilbeyli Son Durak;3.843.740.687.429.930;2.766.848.458.492.350;767
30851;Kemalpaşa Belediyesi;384.232;274.334;668-766-767-768-769-772-967-988
30852;Sedir;38.389.327;27.504.762;967
30853;Nalbant;3.841.995.938.753.260;27.454.386.137.119;767
30854;Kemalpaşa Belediyesi;384.234;274.331;668-766-767-768-769-772-967-988
30855;Sarı Gül;384.170;274.735;767-967
30856;Aşağı Kızılca Koruluk;38.400.868;27.514.598;967
30857;Sedir;383.894;275.047;967
30858;Aşağı Kızılca Yol Ayrımı;3.840.971.279.667.890;2.751.772.473.204.490;967
30859;Aşağı Kızılca Çam;38.400.889;27.514.732;967
30860;Armutlu Sağlık Ocağı;384.078;275.249;767-967
30861;Aşağı Kızılca Yol Ayrımı;3.840.966.665.998.350;2.751.781.706.387.270;967
30862;Armutlu Park;384.076;275.290;767-967
30863;Armutlu Sağlık Ocağı;384.076;275.248;767-967
30864;Sulu Dere Yol Ayrımı;384.125;275.584;767
30865;Armutlu Şehitlik;38.408.254;27.537.032;767
30866;Akçeşme;38.408.524;27.593.436;767
30867;Sulu Dere Yol Ayrımı;384.124;275.585;767
30869;Akçeşme;3.840.834.240.020.440;2.759.332.880.383.670;767
30870;Yiğitler Demirci;3.841.471.797.963.420;2.761.533.557.246.050;767
30871;Yiğitler Demirci;3.841.423.560.896.890;2.761.532.551.394.520;767
30872;Sarı Gül;38.417.156;27.473.381;767-967
30873;Palmiye;383.924;274.915;967
30874;Palmiye;38.392.130;27.492.634;967
30875;Kırcanlar;38.405.726;27.514.461;967
30876;Kırcanlar;3.840.570.288.461.380;2.751.455.193.701.190;967
30877;Yukarı Kızılca;38.414.473;27.479.278;967
30878;Yukarı Kızılca;384.148;274.793;967
30879;Kooperatif;38.410.828;27.481.687;967
30880;Kooperatif;38.410.898;27.481.825;967
30881;Huzur;384.029;274.872;967
30882;Huzur;384.031;274.873;967
30883;Villa;38.399.865;27.487.871;967
30884;Villa;383.999;274.877;967
30885;Yukarı Kızılca Ortaokulu;3.838.809.971.834.260;27.495.652.182.821;967
30886;Yukarı Kızılca Ortaokulu;3.838.788.366.484.240;2.749.572.007.878.510;967
30887;Yukarı Kızılca Jandarma;3.838.594.889.849.020;2.749.678.812.694.390;967
30888;Yukarı Kızılca Jandarma;38.386.869;27.496.602;967
30889;Yukarı Kızılca Belediye;3.838.555.841.017.710;2.749.816.245.538.120;967
30890;Yukarı Kızılca Belediye;38.385.569.007.630;2.749.802.193.908.590;967
30891;Trafo;383.862;275.024;967
30892;Trafo;383.859;275.019;967
30893;Restoran;38.394.408;27.511.280;967
30894;Restoran;3.839.443.355.629.630;2.751.113.834.303.820;967
30895;Şen;383.965;275.127;967
30896;Şen;38.396.479.974.969;2.751.283.551.073.650;967
30897;Aşağı Kızılca Muhtar;383.978;275.137;967
30898;Aşağı Kızılca Muhtarlık;383.977;275.136;967
30899;Aşağı Kızılca;384.026;275.152;967
30900;Aşağı Kızılca;384.024;275.152;967
30901;Ulucak Cumhuriyet;38.472.932.425.817;27.354.483.171.357;766-966
30902;Ulucak Cumhuriyet;3.847.281.342.543.630;2.735.452.817.212.310;766-966
30903;Erze;3.844.466.311.501.620;2.737.939.646.876.520;766-988
30904;Erze;384.453;273.790;766-988
30905;Kapan Dere;383.850;275.003;967
30906;Kapan Dere;383.851;275.006;967
30907;Şehit Er Bekir VARAL;38.442.002;27.382.904;766-988
30908;Şehit Er Bekir VARAL;38.442.222;27.382.905;766-988
30910;Örnekköy Şehit İncekara İlkokulu;3.841.755.057.697.190;2.746.823.657.727.250;767-967
30911;Yiğitler Bahçeler;384.098;276.024;767
30912;Yiğitler Bahçeler;384.099;276.023;767
30913;Ulucak Giriş;3.846.541.737.433.550;2.735.132.024.496.890;766-966
30914;Ulucak Giriş;384.650;273.509;766-966
30915;Ulucak Spor Tesisleri;3.846.910.139.880.990;2.735.269.920.988.220;766-966
30916;Ulucak Spor Tesisleri;3.846.901.277.135.160;2.735.244.865.879.490;766-966
30917;Güneş;384.746;273.553;766-966
30918;Güneş;384.745;273.551;766-966
30919;Ulucak İlköğretim Okulu;38.477.563;27.355.958;766-966
30920;Ulucak İlköğretim Okulu;384.776;273.559;766-966
30921;Ulucak Mezarlık;38.477.901.465.583;2.735.779.911.609.040;766
30922;Ulucak Mezarlık;3.847.794.799.861.280;2.735.778.115.327.620;766
30923;Ulucak Pazar Yeri;384.780;273.599;766
30924;Ulucak Pazar Yeri;384.781;273.598;766
30925;Ulucak Trafo;384.795;273.589;766
30926;Ulucak Trafo;384.793;273.588;766
30927;İzmir Demokrasi Üniversitesi;38.480.103.862.136;27.358.299.107.421;766-966
30928;Ulucak Meydan;3.847.914.046.843.870;2.735.712.310.887.430;966
30930;Ulucak Meydan;3.847.917.992.835.940;2.735.692.023.212.720;966
30931;Naldöken Kültür Merkezi;3.845.305.099.544.150;2.726.686.968.964.640;111
30932;Naldöken;38.455.514;27.269.049;111
30933;Naldöken;38.453.450;27.269.350;111
30934;Naldöken Kültür Merkezi;3.845.333.577.415.490;2.726.649.493.945.220;111
30936;Naldöken Mezarlık;3.845.776.401.918.640;2.727.389.808.145.120;111
30937;Naldöken Meydan;3.845.700.502.569.990;2.727.154.864.519.840;111
30938;Naldöken Meydan;3.845.699.802.470.350;2.727.126.864.645.210;111
30939;Karaçam Giriş;3.850.944.865.501.980;2.726.980.935.755.190;315
30940;Villa;3.851.158.591.779.180;2.726.952.310.778.470;315
30941;Villa;3.851.171.186.626.850;27.269.688.987.455;315
30943;Zirve Kent;385.131;272.691;315
30944;Zirve Kent;38.513.390;27.268.970;315
30945;Trafo;38.516.102.444.165;2.727.098.297.295.260;315
30946;Trafo;3.851.627.944.188.120;2.727.080.792.295.320;315
30947;Karaçam;3.851.777.895.006.910;2.727.105.756.753.090;315
30948;Kemalpaşa Koleji;3.844.084.176.153.860;27.385.385.301.524;766-988
30949;Kemalpaşa Koleji;38.440.703.761.740;2.738.563.530.170.730;766-988
30950;Karaçam Havuz;3.851.434.456.505.980;2.726.929.665.757.330;315
30951;Karaçam Havuz;3.851.429.509.245.370;2.726.931.040.160.250;315
30952;Güzelcan Kardeşler İlköğretim Okulu;3.843.055.528.631.070;2.726.633.239.208.920;358
30953;Güzelcan Kardeşler İlköğretim Okulu;38.430.443.920.813;2.726.625.107.613.270;358
30954;Pınarbaşı Yarış Pisti;384.328.999.094;2.726.613.881.282.390;358
30955;Piyale;38.461.450;27.169.230;330-534-543
30956;Piyale;38.461.320;27.169.550;102-330-501-502-504-534-543-557-598-662
30957;Pınarbaşı Yarış Pisti;3.843.301.193.835.180;2.726.608.719.914.510;358
30958;Pınarbaşı Gökkuşağı;3.843.629.193.106.010;2.726.727.204.725.130;358
30959;Pınarbaşı Gökkuşağı;38.436.245.932.841;2.726.696.978.732.890;358
30960;ESKİ ÇAMDİBİ MEZARLIĞI;3.843.878.495.805.120;27.268.464.501.892;358
30961;ESKİ ÇAMDİBİ MEZARLIĞI;3.843.799.693.836.560;2.726.911.977.254.460;358
30962;Matbaa;384.631;271.696;359-503-513-599-699
30963;Matbaa;3.846.342.471.031.130;27.169.538.377.921;102-359-501-502-503-504-513-557-598-599-662-699
30964;Pınarbaşı Güldefne;3.843.856.697.106.840;2.727.131.774.936.140;358
30965;Yunus Keskin Parkı;384.651;271.680;102-501-502-504-557-598-662
30966;Pınarbaşı Ayçiçeği;3.844.089.595.889.330;2.727.049.500.813.310;358
30970;Bayraklı Çocuk Parkı;384.654;271.682;359-503-513-599-699
30971;Bayraklı Çocuk Parkı;384.655;271.683;359-503-513-597-599-699
30974;Dede Fırını;384.671;271.711;359-503-513-597-599-699
30975;Çorapçı;384.680;271.737;359-503-513-597-599-699
30976;Çorapçı;3.846.811.050.302.160;2.717.362.146.962.640;359-503-513-597-599-699
30977;Şehit Hakan Uysal;384.690;271.760;359-503-513-597-599-699
30978;Şehit Hakan Uysal;384.692;271.761;359-503-513-597-599-699
30979;Heykel;384.704;271.783;359-503-513-597-599-699
30980;Heykel;384.706;271.785;359-503-513-597-599-699
30981;Çay Mahallesi;384.707;271.799;359-503-513-597-599-699
30982;Çay Mahallesi Son Durak;384.711;271.806;359-503-513-597-599-699
30983;Dede Fırını;384.671;271.712;359-503-513-597-599-699
30991;Adil Akçamlı;3.846.683.670.296.980;2.716.607.478.175.140;102-502-504-557-598-662
30992;Adil Akçamlı;3.846.702.308.730.370;2.716.548.479.835.710;102-501-502-557-662
30993;Mavi Köşe;384.678;271.670;102-502-557-598-662
30994;Mavi Köşe;384.680;271.665;102-502-557-598-662
30995;Taş Ocağı;3.846.897.997.246.020;2.716.902.562.520.540;102-502-557-598-662
30996;Taş Ocağı;3.846.840.680.262.130;2.716.834.191.164.660;102-502-557-598-662
30998;Köprü;38.465.800.712.622;2.716.350.009.166.870;102-501-502-504-557-598-662
31003;Okul;3.846.750.900.064.650;2.716.444.254.155.680;504
31004;Okul;3.846.759.362.889.060;2.716.425.610.321.240;504
31005;Eshot Evleri;3.846.890.071.707.420;2.716.330.007.743.570;504
31006;Eshot Evleri;3.846.902.376.999.980;2.716.323.199.600.380;504
31007;Damla;384.697;271.622;504
31008;Damla;384.697;271.621;504
31009;Süleyman Eczacıbaşı İlköğretim Okulu;3.847.055.775.595.720;27.160.566.535.463;504
31010;Süleyman Eczacıbaşı İlköğretim Okulu;384.705;271.605;504
31012;Fuat Edip Baksı Son Durak;384.704;271.574;504
31013;Bayraklı Siteler;38.463.640;27.179.456;338-498-534
31014;Bayraklı Siteler;38.463.365;27.179.786;338-498-534
31015;Fatih Cami;384.636;271.831;338-498-534
31016;Fatih Cami;384.634;271.831;338-498-534
31035;Bayraklı Lisesi;38.466.821;27.166.965;501
31036;Bayraklı Lisesi;38.466.902;27.166.968;501
31037;Umut;38.467.714;27.168.973;501
31038;Umut;38.467.755;27.168.850;501
31039;Sevgi;384.684;271.711;501
31040;Sevgi;384.685;271.714;501
31041;Çiçek Mahallesi Son Durak;384.690;271.734;501
31046;Alparslan Mahallesi Muhtarlık;384.697;271.671;102-502-557-598-662
31047;Alparslan Mahallesi Muhtarlık;384.698;271.668;102-502-557-598-662
31048;PTT Santral;384.699;271.652;102-502-557-598-662
31049;PTT Santral;384.701;271.649;102-502-557-598-662
31050;Atmaca;384.708;271.633;102
31051;Atmaca;384.708;271.634;102
31052;Altıntepe Cami;3.847.170.071.462.150;2.716.090.007.530.240;102
31053;Altıntepe Cami;3.847.171.014.594.220;2.716.099.939.015.940;102
31055;Alpaslan Mahallesi;384.708;271.567;102
31062;Alpaslan;384.713;271.636;502-557-598-662
31063;Alpaslan;384.713;271.635;502-557-598-662
31064;Durmuş Yaşar İlköğretim Okulu;384.725;271.608;502-557-598-662
31065;Durmuş Yaşar İlköğretim Okulu;384.725;271.612;502-557-598-662
31066;Birkent;384.729;271.588;502-557-598-662
31067;Birkent;3.847.305.570.949.060;2.715.839.408.093.180;502-557-598-662
31068;Yetmiş Beşinci Yıl Parkı;384.740;271.567;502-557-598-662
31069;Yetmiş Beşinci Yıl Parkı;3.847.410.070.415.740;2.715.600.008.761.420;502-557-598-662
31070;Cengizhan Yetmiş Beşinci Yıl Lisesi;384.753;271.579;502-557-598-662
31071;Cengizhan Yetmiş Beşinci Yıl Lisesi;384.752;271.579;502-557-598-662
31072;Birkent 2;384.729;271.571;502-557-598-662
31078;Sağlık Ocağı;384.766;271.596;502-559-598-662
31079;Sağlık Ocağı;384.765;271.596;502-559-598-662
31080;Yasemin;384.767;271.638;502-559-598-662
31081;Yasemin;384.766;271.637;502-559-598-662
31082;Cengizhan Son Durak;384.772;271.690;359-502-559-597-598-599-662-699
31091;Park;384.733;271.805;359-503-513-597-599-699
31092;Park;38.473.366;27.180.512;359-503-513-597-599-699
31093;Çeşme;384.753;271.823;359-503-513-597-599-699
31094;Çeşme;384.754;271.822;359-503-513-597-599-699
31095;Köşe;384.764;271.815;503-513-597-599-699
31096;Köşe;384.763;271.814;503-513-597-599-699
31097;Metaş İlköğretim Okulu;384.757;271.805;503-513-597-599-699
31098;Metaş İlköğretim Okulu;384.756;271.807;503-513-597-599-699
31099;Kasap;3.847.480.077.142.440;2.717.849.997.262.910;503-513-597-599-699
31100;Kasap;3.847.478.077.195.560;2.717.868.697.181.690;503-513-597-599-699
31101;Dümbüllü;384.737;271.762;503-513-597-599-699
31102;Dümbüllü;384.739;271.767;503-513-597-599-699
31103;Çardak;3.847.303.013.470.960;2.717.516.599.349.910;503-513-597-599-699
31104;Çardak;384.724;271.746;503-513-597-599-699
31121;Sevgi;3.847.260.397.538.340;2.717.262.620.957.220;597-599-699
31122;Sevgi;3.847.279.953.635.440;27.172.571.904.145;597-599-699
31123;Başaran;3.847.415.675.444.170;2.717.321.300.203.080;597-599-699
31124;Başaran;3.847.444.175.466.040;2.717.312.600.096.730;597-599-699
31125;Cami;3.847.699.040.698.190;2.717.514.275.147.690;597-599-699
31126;Cami;3.847.720.076.551.910;27.175.199.976.118;597-599-699
31127;Kahveler;3.847.855.091.827.020;2.717.496.154.680.740;597-599-699
31128;Kahveler;3.847.860.715.744.160;2.717.477.472.563.740;597-599-699
31129;Ticaret Borsası İlköğretim Okulu;3.847.882.175.911.020;2.717.222.298.225.650;359-597-599-699
31130;Ticaret Borsası İlköğretim Okulu;384.790;271.724;359-597-599-699
31131;Tepe;384.781;271.711;359-502-597-598-599-699
31132;Tepe;38.478.100.755.459;2.717.139.999.020.550;359-599-699
31137;Yeşil Ulu Cami;3.847.544.372.702.130;2.716.683.948.517.630;502-598-662
31138;Yeşil Ulu Cami;3.847.540.073.773.810;2.716.690.002.676.150;502-598-662
31139;Borsa Okulu Eski Sondurak;384.767;271.699;502-598-662
31140;Borsa Okulu Eski Sondurak;384.768;271.699;502-598-662
31151;Umut parkı;38.461.190;27.199.590;568
31152;Umut Parkı;38.461.180;27.199.390;498-568
31153;Sayra&Çınar Parkı;38.464.680;27.201.890;568
31154;Sayra&Çınar Parkı;38.465.360;27.202.130;498-568
31185;Şehit Polis Fethi Sekin İlköğretim Okulu;3.846.335.079.895.990;27.195.209.952.762;249-498-570
31186;Şehit Polis Fethi Sekin İlköğretim Okulu;3.846.370.979.920.360;2.719.502.795.173.710;249-498-570
31187;Aydınkent;3.846.731.052.408.260;27.195.009.707.442;249-570
31188;Aydınkent;38.468.450;27.194.090;249-570
31189;Dalgın;38.470.460;27.194.430;249-570
31190;Dalgın;38.470.710;27.194.270;249-570
31191;Mustafa Kemal Lisesi;38.460.654;27.193.914;249-498-570
31192;Mustafa Kemal Lisesi;38.460.587;27.193.706;249-498-570
31195;Osmangazi Köprü;38.467.240;27.200.160;568
31196;Osmangazi Köprü;38.467.230;27.200.040;568
31197;Yonca;38.47;27.198.220;568
31198;Yonca;38.469.840;27.198.140;568
31199;Birlik Sitesi;38.471.330;27.195.380;568
31200;Birlik Sitesi;38.470.950;27.196.150;568
31201;Çukurbahçe Cami;38.472.069;27.193.224;249-568-570
31202;Çukurbahçe Cami;38.471.970;27.193.060;249-568-570
31203;İbrahim Ethem;38.471.090;27.190.210;249-568-570
31204;İbrahim Ethem;38.470.950;27.189.740;249-568-570
31205;Şehit Asteğmen Ergin KAYA;38.471.320;27.187.150;249-568-570
31206;Şehit Asteğmen Ergin KAYA;3.847.118.262.580.060;2.718.727.573.531.940;249-568-570
31213;Osman Gazi;38.474.482;27.186.113;168-249-568-570
31214;Osman Gazi;38.474.487;27.185.905;168-249-568-570
31215;Öğretmen;38.475.590;27.187.830;168-249-568-570
31216;Öğretmen;38.475.690;27.187.720;168-249-568-570
31217;Aydın;38.476.718;27.190.885;168-249-568-570
31218;Aydın;38.476.638;27.189.843;168-249-568-570
31221;Şehit Harun Bağlam;38.475.623;27.194.337;168-249-568-570
31222;Şehit Harun Bağlam;38.475.542;27.194.672;168-249-568-570
31223;İsmet Sezgin İlköğretim Okulu;38.473.428;27.198.429;168-249-568
31224;İsmet Sezgin İlköğretim Okulu;38.473.657;27.198.207;168-249-568
31227;Şehit Kara Pilot Yüzbaşı Mehmet İlker Karaman;3.847.199.984.415.040;2.720.374.586.549.370;168-249-568
31228;Şehit Kara Pilot Yüzbaşı Mehmet İlker Karaman;3.847.238.658.497.270;2.720.294.649.079.970;168-249-568
31231;Profesör Doktor Taner Kışlalı Parkı;384.670;271.861;168
31232;Profesör Doktor Taner Kışlalı Parkı;384.668;271.859;168
31233;Şehit Uzman Çavuş Ali Akdoğan İlkokulu;3.847.100.078.711.760;2.718.599.995.628.730;168
31234;Şehit Uzman Çavuş Ali Akdoğan İlkokulu;3.847.090.078.632.070;2.718.579.995.778.550;168
31239;Dörtyol;38.473.411;27.206.274;168-249-568
31240;Dörtyol;38.473.393;27.206.197;168-249-568
31241;Ali İhsan Bey;38.476.180;27.202.850;168-249-568
31242;Ali İhsan Bey;384.756;27.202.970;168-249-568
31243;Zehra Hoca İlköğretim Okulu;384.781;272.027;168-249-568
31244;Zehra Hoca İlköğretim Okulu;384.779;272.026;168-249-568
31245;Bülbül;384.790;272.044;168-249-568-585
31246;Bülbül;384.791;272.042;168-249-568-585
31259;Osman Zeki Üngör;384.796;271.920;570
31260;Osman Zeki Üngör;384.796;271.923;570
31261;Zümrüt Evleri;384.787;271.956;570
31262;Zümrüt Evleri;384.788;271.956;570
31263;Hasan Ferit Alnar;384.784;271.982;570
31264;Hasan Ferit Alnar;384.785;271.981;570
31265;Cemal Reşit Rey;384.782;271.997;570
31266;Cemal Reşit Rey;384.783;271.998;570
31267;Park;38.479.808;27.190.350;570
31268;Park;38.479.554;27.190.082;570
31271;Mahfel;38.460.110;27.216.280;313-314-338-568-570
31272;Mahfel;38.460.190;27.216.190;313-314-338-568-570
31274;Hükümet Konağı;384.655;272.187;214-328-330-515-559-568-570-930-963
31276;Büyük Park;3.846.189.986.347.370;2.721.758.385.675.970;314-338-568-570
31277;Naldöken Mezarlık;3.845.777.595.409.370;2.727.367.960.161.150;111
31278;Naldöken Yeni Son Durak;3.845.906.130.638.070;2.727.601.479.531.620;111
31279;Rektörlük;3.846.254.404.999.770;2.721.920.933.474.530;313-338
31280;Rektörlük;3.846.240.087.013.350;2.721.929.984.611.120;214-313-314-328-330-338-365-515-559-565-566-568-570-584-585-930-963
31281;Suphi Koyuncu;384.624;272.249;313-314-338
31282;Suphi Koyuncu;384.624;272.248;214-313-314-328-330-338-365-515-559-963
31285;Suphi Koyuncu;384.632;272.241;214-328-330-365-515-565-566-568-570-584-585-930-963
31287;Suphi Koyuncu;3.846.334.088.775.710;2.722.408.981.886.640;559
31289;Ata;384.646;272.232;214-314-328-330-365-515-559-565-566-568-570-584-585-930-963
31291;Hükümet Konağı;384.660;272.203;214-314-328-330-515-559-568-570-584-930-963
31292;Erzene Muhtarlık;3.846.672.327.911.410;2.721.935.011.788.990;365-565-566-584-585
31295;Hükümet Konağı;38.466.791;27.219.633;365-498-565-566-584-585
31298;Malazgirt İlköğretim Okulu;38.470.740;272.199;365-565-566-584-585
31299;Malazgirt İlköğretim Okulu;38.470.740;27.220.080;365-565-566-584-585
31300;Lale Tepe Cami;38.472.720;27.218.760;365-565-566-584-585
31301;Lale Tepe Cami;384.729;272.187;365-565-566-584-585
31302;Toprak Yol;3.847.448.610.346.370;2.721.810.439.220.750;365-565-566-584-585
31303;Toprak Yol;3.847.446.855.011.850;2.721.823.899.687.130;365-565-566-584-585
31304;Vecihi Hürkuş;38.480.757;27.218.473;365-566
31305;Vecihi Hürkuş;38.480.834;27.218.606;365-566
31306;Gayrettepe Cami;38.477.826;27.218.917;365-566
31307;Gayrettepe Cami;38.477.953;27.219.210;365-566
31308;Çiçekli;38.475.980;27.216.980;565-584-585
31309;Çiçekli;38.476.080;27.216.950;565-584-585
31310;Emniyet Lojmanları;38.475.320;27.212.250;584-585
31311;Emniyet Lojmanları;38.475.540;27.212.760;584-585
31312;Ufuk;38.474.420;27.209.470;584-585
31313;Ufuk;38.474.690;27.210.380;584-585
31314;Yüzüncü Yıl Karakolu;38.476.575;27.207.885;584-585
31315;Yüzüncü Yıl Karakolu;38.476.570;272.081;584-585
31316;Mavi Köşe;38.478.420;27.206.110;584-585
31317;Mavi Köşe;38.478.350;27.206.250;584-585
31319;Seyit Şanlı Anadolu Lisesi;3.848.189.071.660.690;2.720.427.983.064.990;168-249-568-584-585
31320;Hürriyet;3.848.501.886.381.860;2.720.239.865.766.520;584
31321;Hürriyet;3.848.511.640.213.340;2.720.255.565.220.980;584
31328;Köşe;38.478.910;27.202.970;585
31329;Köşe;38.479.035;27.202.791;585
31330;Süleymaniye;38.479.980;27.199.610;585
31331;Süleymaniye;38.479.970;27.199.730;585
31332;Soylu;38.480.418;27.197.284;585
31333;Soylu;384.805;271.973;585
31334;Manzara;384.817;271.934;585
31335;Manzara;38.481.948;27.193.330;585
31336;Sevgi;38.481.958;27.194.427;585
31337;Sevgi;384.818;271.947;585
31338;Barış;38.481.541;27.198.422;585
31339;Barış;38.481.349;27.198.376;585
31342;Teksif;384.812;272.019;585
31343;Teksif;384.811;272.020;585
31350;İnönü;38.476.770;27.214.830;565
31351;İnönü;3.847.679.993.129.070;2.721.487.500.162.190;565
31352;Yıldıztepe;38.478.580;27.212.760;565
31353;Yıldıztepe;38.478.680;27.212.810;565
31354;Ardıç;38.480.081;27.213.896;565
31355;Ardıç;38.480.060;27.214.080;565
31356;Beşyol;38.481.880;27.216.550;565
31357;Beşyol;38.481.790;272.165;565
31358;Nedim Dağtaş;38.485.170;27.217.930;168-249-365-565-566-568
31359;Nedim Dağtaş;38.484.890;27.218.130;168-249-365-565-566-568
31360;Depo;38.487.840;27.216.430;168-249-365-565-566-568
31361;Evka 4 Depo;38.487.960;27.216.220;168-249-365-565-566-568
31362;Yeditepe İtfaiye;38.488.320;27.214.290;168-249-365-565-566-568
31364;Evka 4 Muhtarlık;384.903;272.149;168-249-365-565-566-568-585
31365;Evka 4 Muhtarlık;384.892;272.148;168-249-365-565-566-568
31366;Mehmet Akif Cami;384.919;272.137;168-249-565-566-568-585
31367;Mehmet Akif Cami;38.491.130;27.215.070;168-249-565-566-568-585
31368;Evka-4 Anaokulu;384.936;272.128;168-249-565-566-568-585
31369;Evka-4 Anaokulu;3.849.359.475.555.350;2.721.301.340.355.340;168-249-565-566-568-585
31370;Evka 4 Son Durak;38.495.040;27.213.970;168-249-565-566-568-585
31371;Evka 4 Trafo;38.495.781;27.213.537;
31385;Sevgi;38.484.020;272.056;168-249-568
31386;Sevgi;384.840;272.049;168-249-568
31387;Akdemir Parkı;38.484.140;27.208.290;168-249-568
31388;Akdemir Parkı;38.484.370;27.208.530;168-249-568
31389;Gazi;384.828;27.212.260;168-249-568
31390;Gazi;38.482.860;27.212.570;168-249-568
31391;Turgut Reis;3.848.298.090.850.490;2.721.580.974.308.310;168-249-568
31392;Turgut Reis;38.483.060;27.215.770;168-249-568
31399;Barbaros Cami;384.835;272.021;585
31400;Barbaros Cami;384.835;272.018;585
31401;Piriştina;384.837;271.990;585
31402;Piriştina;384.836;271.989;585
31415;Emek Sitesi;3.848.890.089.369.030;27.207.899.746.315;584-585
31416;Emek Sitesi;3.848.890.089.299.390;2.720.769.974.731.680;584-585
31418;Belediye Evleri;38.489.107;27.210.753;584-585
31419;Belediye Evleri;38.489.001;27.210.527;584-585
31420;Spor Kompleksi;38.489.767;27.213.867;585
31421;Spor Kompleksi;38.489.614;27.213.820;585
31423;Ali Rıza Güven Cami;384.688;272.291;214-315-316-498
31424;Ali Rıza Güven Cami;384.690;272.291;214-315-316-498
31425;Ataberk;384.676;272.317;214-315-316-498
31426;Ataberk;384.679;272.314;214-315-316-498
31427;Ege Diyaliz;384.670;272.350;449
31428;Ege Diyaliz;384.673;272.353;449
31429;Öğretmen Evleri;384.690;272.391;449
31430;Öğretmen Evleri;384.691;272.393;449
31431;Esenlik;384.703;272.417;449
31432;Esenlik;384.705;272.418;449
31433;Saraykent 1;384.717;272.442;449
31434;Saraykent 1;384.717;272.441;449
31435;Villa 1;384.738;272.486;449
31436;Villa 1;384.740;272.487;449
31437;Villa 2;384.759;27.25;449
31438;Villa 2;384.759;272.497;449
31439;Villa 3;384.772;272.487;449
31440;Villa 3;38.477.160;27.248.872;449
31441;Çocuk Parkı;3.847.713.938.256.790;2.724.729.356.630.720;449
31442;Çocuk Parkı;3.847.703.938.228.170;2.724.729.356.709.080;449
31453;Çıkış;38.475.870;27.245.319;449
31454;Çıkış;384.757;272.451;449
31455;Şahin Tepesi;384.741;272.441;449
31456;Şahin Tepesi;384.740;272.441;449
31457;İzyuva;3.847.450.098.062.570;2.724.259.966.660.540;449
31458;İzyuva;3.847.460.098.055.440;2.724.249.966.645.130;449
31460;İzyuva Son Durak;384.764;272.420;449
31467;Türkan Özilhan Devlet Hastanesi;38.459.149.964.980;27.251.548.719.537;67-111-314-317-966-988
31468;Türkan Özilhan Devlet Hastanesi;3.845.850.096.139.090;2.725.109.972.539.190;67-111-314-317-966-988
31469;Ses;38.461.907;27.252.615;67-111-317-966-988
31470;Ses;38.461.850;27.252.304;67-111-317-966-988
31471;Dördüncü Sanayi;38.464.048;27.253.388;67-111-317-966-988
31472;Erez;38.463.079;27.251.029;67-111-317-966-988
31474;Adil Demir Sitesi;384.642;272.477;67-111-314-317-966-988
31475;Adil Demir Sitesi;38.464.420;27.247.253;67-111-314-317-966-988
31476;Bornova Kooperatif;384.655;272.443;67-111-314-317-966-988
31477;Bornova Kooperatif;384.655;272.446;67-111-314-317-966-988
31478;Evka-3 Parkı;384.667;272.443;114-314
31479;Evka-3 Parkı;384.664;272.440;114-314
31481;Bornova Tenis Kulübü;38.465.898;27.239.964;67-111-114-317-966-988
31482;Bornova Tenis Kulübü;384.657;272.398;67-111-114-317-966-988
31483;Profesörler Sitesi;38.466.392;27.235.698;67-111-114-317-966-988
31484;Profesörler Sitesi;38.466.306;27.235.437;67-111-114-317-966-988
31485;Şehit Erkan Er Ortaokulu;384.654;272.516;67-111-314-317-966-988
31486;Şehit Erkan Er Ortaokulu;38.465.261.024.380;2.725.174.992.827.020;314
31487;Cem Bakioğlu Lisesi;384.672;272.481;114-314
31488;Cem Bakioğlu Lisesi;384.673;272.480;114-314
31489;Kardelen;384.690;272.489;114-314
31490;Kardelen;384.690;272.488;114-314
31491;Yunus Emre Anadolu Lisesi;3.847.150.100.163.080;2.725.099.964.625.870;114-314
31492;Yunus Emre Anadolu Lisesi;38.471.601.001.577;2.725.089.964.609.210;114-314
31493;Doruk;384.719;272.528;114-314
31494;Doruk;384.718;272.526;114-314
31495;Birlik;3.847.270.101.924.310;2.725.489.962.061.620;114-314
31498;Umut;38.473.660;27.255.501;114-314
31500;Sevgi;384.739;272.539;114-314
31502;Evka 3;3.847.250.101.143.850;2.725.289.963.115.020;114-314
31503;Gökdere Arıtma;38.384.103;27.237.612;277
31504;Gökdere Arıtma;38.384.198;27.237.833;277
31505;Gökdere Vadi;38.388.442;27.236.342;277
31506;Gökdere Vadi;38.388.755;27.236.441;277
31507;Gökdere Karaman;38.397.228;27.233.395;277
31508;Gökdere Karaman;38.397.333;27.233.529;277
31509;Öğrenci Yurdu;3.845.107.722.291.980;2.723.260.026.366.890;368
31510;Öğrenci Yurdu;3.845.119.956.692.220;27.232.906.093.307;368
31513;Ebruli;384.511;272.362;368
31514;Ebruli;384.511;272.361;368
31515;Mevlana Parkı;384.522;27.239.270;368
31516;Mevlana Parkı;38.452.230;27.239.110;368
31517;Beşpınar Meydan;3.851.888.719.591.070;2.745.388.846.664.650;772
31519;Begonya;384.445;272.481;367-368
31520;Begonya;384.443;272.482;367-368
31522;Manolya;3.844.792.491.975.840;2.724.898.579.579.310;367-368
31525;Dökümcüler 1;384.170;272.387;277
31526;Dökümcüler 1;384.171;272.388;277
31527;Dökümcüler 2;384.140;272.391;277
31528;Dökümcüler 2;384.142;272.392;277
31529;Manolya;3.844.801.291.983.260;2.724.891.479.559.960;367-368
31530;Hayvan Barınağı;384.081;272.370;277
31531;Hayvan Barınağı;384.084;272.373;277
31532;Öğretmen Evi;38.455.237;27.188.315;168
31533;Öğretmen Evi;384.563;271.883;168
31534;Önder;3.845.995.084.711.030;2.718.769.351.971.890;168-559
31535;Önder;38.46;271.880;168-559
31536;Kızılay Kan Merkezi;384.628;271.873;168-559
31537;Kızılay Kan Merkezi;384.631;271.876;168-559
31538;Cevher;383.939;272.349;277
31539;Cevher;383.937;272.348;277
31540;Akgül;383.824;272.373;277
31541;Akgül;383.824;272.372;277
31542;İrem;384.403;272.580;367-368
31543;İrem;384.402;272.580;367-368
31544;Ümit Mahallesi;384.425;272.587;367-368
31545;Halkapınar Spor Salonu;38.435.348;27.172.992;102-168-498-501-502-503-504-513-599
31547;Çınarlı Diş Hastanesi;384.397;271.734;102-168-498-501-502-503-504-513-599
31549;Yukarı Sütçüler Çeşme;3.847.233.395.129.530;2.746.452.984.524.820;772
31550;Yukarı Sütçüler Çeşme;38.472.383;27.464.621;772
31552;Otogar Yeni;384.290;272.126;302-555
31553;Otogar Yeni;384.291;272.127;602-608-660
31554;Otogar Yeni;384.290;272.129;54
31556;Otogar Benzinlik;38.430.643;27.211.867;54-204-277-302-505-555-602-608-660-697-806-858
31559;Akalan Köy İçi;38.463.885.031.816;2.748.228.472.331.020;769
31560;Akalan Köy İçi;3.846.390.803.164.530;2.748.222.472.330.550;769
31561;Aşağı Yenmiş Köyü Girişi;3.845.587.594.422.880;2.743.753.874.896.880;769-949
31563;Pazaryeri;384.303;274.162;769
31564;Pazaryeri;384.303;274.163;769
31565;Öğrenci Yurdu;384.324;274.166;769
31566;Öğrenci Yurdu;384.324;274.167;769
31567;Hastane;38.434.326;27.413.313;769
31568;Hastane;384.344;274.135;769
31569;Okul;384.370;274.130;769
31570;Okul;384.371;274.130;769
31571;Kır Düğün Salonu;384.413;274.129;769
31572;Kır Düğün Salonu;384.415;274.129;769
31573;Beta Tarım;384.456;274.135;769
31574;Beta Tarım;384.458;274.137;769
31575;Kemalpaşa Ara Yol;3.845.641.202.861.480;2.741.626.749.586.790;769
31576;Kemalpaşa Ara Yol;3.845.560.962.015.720;2.741.661.506.164.060;769
31578;Aşağı Yenmiş Köyü Girişi;384.555;274.382;769-949
31580;Sütçüler Köyü Girişi;3.845.514.380.973.030;2.745.424.892.065.640;769-772-949
31582;Atatürk Caddesi;384.571;274.540;769-772-949
31583;Sütçüler Köyü Girişi;3.845.503.976.255.210;2.745.415.894.978.340;769-772-949
31584;Baltaalanı;384.612;274.535;769-772-949
31585;Atatürk Caddesi;384.572;274.539;769-772-949
31586;Akalan Sütçüler Okul;384.715;274.607;769-772
31587;Baltaalanı;384.613;274.535;769-772-949
31588;Yukarı Sütçüler Trafo;3.847.056.860.417.030;2.746.329.851.695.240;769-772
31589;Akalan Sütçüler Okul;3.847.161.720.293.050;2.746.051.166.259.380;769-772
31590;Akalan Yol Ayrımı;384.644;27.48;769
31591;Yukarı Sütçüler Trafo;3.847.070.197.294.550;2.746.329.872.939.470;769-772
31592;Akalan Park;3.846.232.976.291.160;2.747.973.907.592.730;769-949
31593;Akalan Yol Ayrımı;384.644;274.802;769
31595;Akalan Park;3.846.231.649.748.240;2.747.963.848.055.630;769-949
31598;Çambel Şebnem Kardıcalı İlköğretim Okulu;384.628;275.187;769-949
31600;Çambel Son Durak;384.654;275.189;769-949
31601;Çambel Şebnem Kardıcalı İlköğretim Okulu;384.627;275.187;769-949
31604;Zeytin;3.846.850.198.105.670;2.746.749.873.471.020;769
31605;Zeytin;3.846.855.822.456.670;2.746.771.154.601.640;769
31606;İğdecik Giriş;384.603;275.193;769-949
31607;İğdecik Giriş;384.605;275.192;769-949
31610;Sütçüler Kavşağı;38.452.678;27.454.014;772
31611;Sütçüler Kavşağı;38.452.821;27.453.895;772
31612;Kemalpaşa Şantiye;38.448.369;27.453.175;772
31613;Kemalpaşa Şantiye;38.448.017;27.453.021;772
31614;Cennet Bahçesi Mezarlığı;38.439.639;27.449.051;772
31615;Cennet Bahçesi Mezarlığı;38.439.821;27.449.250;772
31616;Kemalpaşa Arıtma Tesisi;38.436.596;27.445.390;772
31617;Kemalpaşa Arıtma Tesisi;38.436.410;27.445.130;772
31618;Kiraz Ağacı;3.843.257.755.501.640;2.743.705.019.330.830;772
31619;Kiraz Ağacı;3.843.272.855.786.950;2.743.742.319.071.260;772
31620;Sütçüler Yol Ayrımı;38.428.774;27.424.833;772
31621;Sütçüler Yol Ayrımı;38.428.895;27.424.898;772
31622;Kemalpaşa Sevgi;38.429.303;27.422.266;772
31623;Kemalpaşa Sevgi;38.429.368;27.422.425;772
31624;Kemalpaşa Pazaryeri;38.430.568;27.417.442;772
31625;Kemalpaşa Pazaryeri;38.430.572;27.417.966;772
31626;Kemalpaşa Karakol;38.431.465;27.413.265;772
31627;Kemalpaşa Karakol;38.431.606;27.413.094;772
31628;İlk Evler;38.342.037;27.450.413;768
31629;İlk Evler;38.341.913;27.450.337;768
31633;Pakmaya Ülkü Hızal Anadolu Lisesi;3.840.460.136.986.780;2.744.549.941.073.480;668-768-988
31635;Su Perisi;3.839.340.128.842.140;2.744.899.949.533.840;668-768
31637;Nazar Köy;383.885;274.486;768
31639;Karabel Piknik Yeri;38.353.611;27.441.823;768
31641;Dereköy Girişi;3.834.500.083.665.740;2.744.649.986.495.750;768
31643;Mezarlık;38.339.898;27.451.788;768
31645;Zeytinyağı Fabrikası;3.833.924.847.937.210;2.745.376.930.623.260;768
31647;Dereköy Meydan;3.833.852.929.011.310;2.745.489.945.247.310;768
31649;Gökyaka Mezarlık;3.832.889.708.408.370;2.745.995.152.335.740;768
31651;Gökyaka Meydan;3.832.763.567.277.110;2.745.965.833.142.070;768
31653;Cumalı Mezarlık;383.186;274.581;768
31655;Yeşilköy Küme Evleri;383.177;274.553;768
31656;Pakmaya Ülkü Hızal Anadolu Lisesi;38.404.915.033.990;2.744.565.377.303.730;668-768-988
31657;Yeşilköy Girişi;383.156;274.578;768
31658;Su Perisi;3.839.411.029.618.750;2.744.942.548.845.870;668-768
31659;Yeşilköy Meydan;383.151;274.606;768
31660;Nazar Köy;38.389.426;27.448.719;668-768
31661;Merkez Cumalı;383.168;274.615;768
31662;Karabel Piknik Yeri;383.547;274.427;768
31664;Cumalı Mezarlık;383.187;274.581;768
31666;Gökyaka Meydan;3.832.760.683.374.270;2.745.971.866.616.020;768
31668;Gökyaka Mezarlık;3.832.902.537.358.390;2.745.993.158.520.130;768
31670;Dereköy Meydan;3.833.866.504.378.460;27.455.127.537.848;768
31672;Zeytinyağı Fabrikası;3.833.940.079.980.130;2.745.369.989.521.680;768
31674;Mezarlık;3.834.000.080.127.030;27.451.887.892.970;768
31676;Dereköy Girişi;3.834.502.294.450.370;2.744.652.113.175.410;768
31677;Karabel Orman Durağı;383.455;274.348;768
31678;Karabel Orman Durağı;383.453;274.352;768
31679;Vişneli Girişi;3.834.090.072.673.230;27.416.299.927.416;768
31680;Vişneli Girişi;3.834.090.072.716.970;2.741.649.992.716.940;768
31681;Aşağı Vişneli;383.392;274.007;768
31682;Aşağı Vişneli;3.833.916.648.829.020;2.740.090.686.231.270;768
31683;Yukarı Vişneli Meydan;3.834.152.269.252.140;2.739.753.594.814.610;768
31684;Yukarı Vişneli Meydan;3.834.146.969.206.460;2.739.753.294.843.810;768
31685;Vişneli Çıkış;383.395;273.970;768
31686;Vişneli Çıkış;383.394;273.972;768
31687;Vişneli Küme Evleri;383.373;273.953;768
31688;Vişneli Küme Evleri;383.373;273.955;768
31689;Çiçek;383.345;273.942;768
31690;Çiçek;383.345;273.941;768
31691;Aşağı Vişneli Son Durak;3.833.319.578.202.170;2.739.455.195.540.260;768
31692;Gökyaka Küme Evleri;38.326.463.508.174;2.745.816.283.944.730;768
31693;Gökyaka Küme Evleri;3.832.629.225.183.380;2.745.787.973.847.410;768
31694;Vişneli Üçyol;383.405;273.969;768
31695;Vişneli Üçyol;383.406;273.969;768
31696;Park Koza Evleri;3.839.687.679.119.020;2.745.058.103.438.120;668-768
31697;Park Koza Evleri;3.839.680.132.242.260;2.745.019.946.418.440;668-768
31698;Gökyaka Papatya;3.832.330.285.717.870;2.745.843.956.911.320;768
31699;Gökyaka Papatya;3.832.350.285.908.570;2.745.823.956.831.810;768
31726;Damlacık Yolu;3.849.278.738.505.940;2.738.076.588.661.470;766
31727;Damlacık Yolu;3.849.283.218.542.640;2.738.072.073.560.930;766
31728;Damlacık Giriş;3.849.315.677.902.910;2.737.221.438.809.530;766
31729;Damlacık Giriş;3.849.267.104.333.550;2.737.216.783.583.910;766
31730;Şehit;384.810;273.617;766-966
31731;Şehit;384.810;273.618;766-966
31732;İnönü;384.830;273.628;766
31733;İnönü;384.830;273.631;766
31734;Damlacık Köyü İlkokulu;384.979;273.764;766
31735;Damlacık Köyü İlkokulu;384.978;273.763;766
31736;Damlacık Meydan;384.977;273.792;766
31737;Damlacık Meydan;384.975;273.792;766
31738;Kuyucak İlkokulu;3.848.728.827.594.740;27.390.101.594.829;766
31739;Kuyucak İlkokulu;38.487.188.276.287;2.739.030.159.463.750;766
31740;Kuyucak Meydan;384.885;273.906;766
31741;Kuyucak Meydan;384.883;273.905;766
31742;Ansızca Giriş;384.831;274.014;766
31743;Ansızca Giriş;384.831;274.017;766
31744;Ansızca Cami;384.821;274.034;766
31745;Ansızca Cami;384.819;274.036;766
31747;Ansızca Son Durak;384.811;274.040;766
31770;Evka 3 Aktarma Merkezi;38.465.653;2.722.870.821.490.810;214-559
31771;Evka 3 Aktarma Merkezi;38.465.875;27.228.779;328-338-498-963
31772;Evka 3 Aktarma Merkezi;38.465.878;27.228.622;330
31773;Evka 3 Aktarma Merkezi;38.465.658;27.228.560;315-316-365-515
31774;Evka 3 Aktarma Merkezi;38.465.718;27.228.399;67-111
31775;Evka 3 Aktarma Merkezi;38.465.894;27.228.455;317-449
31776;Evka 3 Aktarma Merkezi;38.465.907;27.228.341;358-368
31777;Evka 3 Aktarma Merkezi;38.465.737;27.228.294;268-468
31778;Evka 3 Aktarma Merkezi;38.465.745;27.228.128;114-565-566-584-585-949-966
31779;Evka 3 Aktarma Merkezi;3.846.594.890.802.530;2.722.819.578.505.430;966-988
31798;Çiftlik;38.501.632;27.280.284;316
31799;Huzur;384.106;275.782;767
31800;Huzur;384.109;275.784;767
31801;Töev;385.088;273.134;316
31802;Töev;385.090;273.134;316
31803;Çiftlik;38.501.674;27.279.918;316
31804;Çiçekli Mesire Alanı;385.032;272.749;316
31805;Çiçekli Mesire Alanı;3.850.352.718.844.620;2.727.439.031.360.330;316
31806;Çamaltı;385.020;272.777;316
31807;Çamaltı;385.019;272.780;316
31810;Çiçekli Köprü;3.849.943.689.888.010;2.728.653.278.819.490;316
31811;Çiçekli Köprü;3.849.940.122.773.140;2.728.629.928.461.230;316
31812;Pınar Sokak;384.988;272.897;316
31813;Pınar Sokak;384.988;272.896;316
31814;Mapaz;3.849.954.125.576.950;2.729.257.825.239.410;316
31815;Mapaz;38.499.715;27.293.921;316
31816;Yakaköy Girişi;384.990;272.997;316
31817;Yakaköy Girişi;384.989;272.998;316
31818;Üçevler;385.015;273.068;316
31819;Üçevler;385.016;273.070;316
31820;Erkal Sitesi;385.049;273.105;316
31821;Erkal Sitesi;385.049;273.107;316
31822;Kare Ev;385.108;273.141;316
31823;Kare Ev;385.106;273.140;316
31824;Yakaköy Mezarlık;385.134;273.168;316
31825;Yakaköy Mezarlık;385.133;273.166;316
31826;Dereiçi;38.512.482;27.319.703;316
31827;Dereiçi;3.851.230.052.906.710;2.731.953.880.817.780;316
31828;Yakaköy Son Durak;385.120;273.215;316
31830;Çocuk Parkı;384.433;272.091;59
31831;Çocuk Parkı;384.435;272.090;59-259
31832;Üçgen Park;384.422;272.062;59
31833;Üçgen Park;384.423;272.062;59-259
31834;Zeybek;384.413;272.036;59
31835;Zeybek;384.413;272.034;59-259
31837;Stad;384.463;272.051;59-259
31838;Stad;384.463;272.048;59-259
31839;Alışveriş Merkezi;384.493;272.137;59-259
31840;Alışveriş Merkezi;384.495;272.137;59-259
31841;Bahçeşehir Koleji;384.446;272.019;59-259
31842;Bahçeşehir Koleji;3.844.548.077.280.740;2.720.088.201.654.680;59-259
31843;Yassıtepe Höyüğü;3.844.877.180.876.370;2.721.077.495.675.440;59-259
31844;Yassıtepe Höyüğü;3.844.884.369.286.350;2.720.980.917.776.360;59-259
31850;Sağlık Müdürlüğü;3.846.350.074.333.950;2.717.590.004.333.380;338-498-534
31851;Sağlık Müdürlüğü;3.846.320.074.136.780;2.717.540.004.720.410;338-498-534
31852;Çamkıran Parkı;384.645;271.883;338-498-534-559
31853;Çamkıran Parkı;384.642;271.885;338-498-534-559
31854;Ay;384.656;271.923;338-498-534-559
31855;Ay;384.653;271.923;338-498-534-559
31856;Taşkent;38.466.478;27.197.815;338-534-559-568
31857;Taşkent;38.466.221;27.197.815;338-534-559-568
31858;Başak;384.661;272.016;338-534-559
31859;Başak;38.465.967;27.200.283;338-534-559
31860;Aşık Veysel Rekreasyon Alanı;384.655;272.069;338-498
31861;Aşık Veysel Rekreasyon Alanı;384.653;272.071;338
31862;Bornova Stadyum;384.639;272.084;338
31863;Bornova Stadyum;384.641;272.081;338
31864;Suphi Parkı;384.607;272.102;338
31865;Suphi Parkı;384.605;272.101;338
31867;Bornova Viyadüğü;3.844.905.388.987.980;2.720.538.203.037.120;59-259
31898;Yasemin;384.159;272.424;277
31899;Yasemin;384.158;272.424;277
31900;TEİAŞ;384.175;272.403;277
31901;TEİAŞ;384.177;272.399;277
31902;Işık;384.147;272.446;277
31903;Işık;384.148;272.447;277
31904;Uğur;384.171;272.468;277
31905;Uğur;384.172;272.470;277
31906;Ni KA;384.202;272.473;277
31907;Ni KA;384.201;272.474;277
31908;Yıldız;3.842.213.282.688.290;27.248.634.932.652;277
31909;Yıldız;3.842.244.582.832.940;27.248.736.930.739;277
31926;Ezgi;384.842;271.964;585
31927;Ezgi;384.843;271.966;585
31928;Pınar;38.486.779;27.200.248;585
31929;Pınar;38.486.671;27.200.189;585
31930;Kardelen Sitesi;384.877;272.021;584-585
31931;Kardelen Sitesi;3.848.760.087.042.570;2.720.189.978.421.640;584-585
31932;Doğa;38.488.470;27.204.229;584-585
31933;Doğa;38.488.323;27.204.301;584-585
31934;Eren;384.855;271.976;585
31935;Eren;384.855;271.978;585
31950;Eğridere Meşe;3.850.485.396.370.240;2.721.838.359.131.450;365
31951;Eğridere Meşe;38.505.064.963.390;2.721.819.459.089.940;365
31952;Defne;38.492.642;27.217.295;365
31953;Defne;38.492.177;27.217.367;365
31954;Kiraz;3.849.803.494.452.660;2.721.689.564.353.520;365
31955;Kiraz;384.966;27.217.270;365
31956;Eğridere Meydan;38.500.980;272.168;365
31957;Eğridere Meydan;38.501.080;27.216.930;365
31958;Palamut;38.501.460;27.220.010;365
31959;Palamut;38.501.550;27.220.230;365
31960;Sarmaşık;38.506.990;27.220.290;365
31961;Sarmaşık;385.072;272.205;365
31962;Çilek;3.851.038.098.790.840;2.722.185.953.604.990;365
31963;Çilek;38.510.270.988.604;2.722.208.953.558.710;365
31964;Çamiçi Meydan;385.152;272.204;365
31965;Çamiçi Meydan;38.515.270;27.220.370;365
31966;Sedir;38.517.030;27.221.510;365
31967;Sedir;38.516.990;27.221.740;365
31968;Kayadibi;3.851.719.406.174.250;27.236.693.410.056;365
31969;Kayadibi;3.851.712.806.139.790;2.723.664.341.079.350;365
31970;Homeros Piknik Alanı;3.851.876.559.925.420;2.722.502.829.831.870;365
31971;Homeros Piknik Alanı;3.851.869.407.417.420;2.722.486.188.013.070;365
31972;Mezarlık;38.502.205;27.214.741;365
31973;Mezarlık;38.502.269;27.214.674;365
31974;Yamaç;38.503.752;27.212.190;365
31975;Yamaç;38.503.794;27.211.948;365
31976;Bahçe;38.508.525;27.210.025;365
31977;Bahçe;38.508.553;27.210.198;365
31978;Papatya;3.850.927.477.484.350;2.720.836.717.094.470;365
31979;Papatya;38.509.392.933.944;2.720.840.461.359.780;365
31980;Yukarı Mahalle Cami;3.851.074.793.411.820;2.720.784.260.761.690;365
31981;Kayadibi Doğa Park;38.519.021;27.237.801;365
31982;Kayadibi Doğa Park;38.518.958;27.237.658;365
31983;Kayadibi Köy Cami Yeni Son Durak;38.517.271;27.240.611;365
31984;Kayadibi Çevre;38.518.192;27.243.405;365
32000;Enerji Sitesi;3.851.718.541.516.880;2.731.407.500.327.190;316
32001;Enerji Sitesi;3.851.710.141.600.020;2.731.429.900.280.180;316
32002;Özbek;3.852.665.235.624.170;27.296.245.019.707;316
32003;Özbek;3.852.687.043.867.020;2.729.701.348.179.850;316
32005;Beşyol son durak;385.338;272.929;316
32006;Kiraz;3.852.260.139.447.660;2.730.639.899.882.910;316
32007;Kiraz;3.852.250.139.565.860;2.730.669.899.806.620;316
32008;Şirintepe;3.852.528.037.318.520;2.730.065.835.778.490;316
32009;Şirintepe;3.852.531.592.506.020;2.730.088.835.856.130;316
32010;Bahçeiçi;38.527.481;27.294.774;316
32011;Bahçeiçi;38.527.505;27.294.966;316
32082;Laka Köprü;384.797;271.879;570
32083;Laka Köprü;384.797;271.878;570
32084;Laka Eski Son Durak;384.861;271.897;570
32085;Laka Eski Son Durak;384.861;271.898;570
32087;Market;38.487.731;27.187.452;570
32088;Market;3.848.761.582.189.680;2.718.742.685.694.550;570
32089;Laka Cami;38.489.573;27.187.038;570
32090;Laka Cami;38.490.273;27.186.616;570
32091;Laka Yeni Son Durak;384.901;271.889;570
32095;Mevlan Parkı;384.528;272.396;358
32096;Mevlan Parkı;384.527;272.395;358
32097;Dere;384.551;272.396;358
32098;Dere;384.556;272.395;358
32099;Hacı Yaşar Kandur İlköğretim Okulu;384.556;272.410;358
32100;Hacı Yaşar Kandur İlköğretim Okulu;384.556;272.411;358
32101;Tarla;384.536;272.443;358
32102;Tarla;38.453.508;272.450;358
32103;Fabrika;384.526;272.478;358
32104;Fabrika;384.528;272.477;358
32105;Hüsnü Bornovalı Ortaokulu;3.845.000.094.164.340;2.725.369.976.389.720;268-358
32106;Hüsnü Bornovalı Ortaokulu;3.845.030.094.234.660;2.725.359.976.259.420;268-358
32107;Çelik;3.844.974.394.924.220;27.256.351.754.087;268-358
32108;Çelik;3.845.006.295.049.750;2.725.639.875.203.520;268-358
32135;Sulu Kız;384.438;273.733;766
32136;Sulu Kız;384.439;273.735;766
32137;Kızılüzüm Giriş;384.420;273.705;766
32138;Kızılüzüm Giriş;384.419;273.704;766
32139;Kızılüzüm;384.394;273.672;766
32140;4. Sanayi Güven;38.464.647;27.254.522;314
32141;4. Sanayi Trafo;38.462.601;27.254.124;314
32142;Şavkar Spor Tesisleri;38.461.644;27.256.443;314
32143;4. Sanayi Ege;38.460.776;27.253.864;314
32144;4. Sanayi Ege;38.460.519;27.254.391;314
32145;Şavkar Spor Tesisleri;38.461.417;27.256.765;314
32146;4. Sanayi Trafo;38.462.805;27.254.348;314
32147;4. Sanayi Güven;38.464.849;27.254.197;314
32149;Benzinlik;3.845.060.149.109.980;2.718.830.648.651.410;290-602-608-660-800
32150;Bölge İstasyonu;384.558;272.007;290-602-608-660-800
32151;Ankara Caddesi;38.453.915.782.939;2.719.707.699.233.980;290-602-608-660-800
32152;Ankara Caddesi;384.543;271.969;290-602-608-660-800
32153;Bölge İstasyonu;384.552;272.004;290-800
32154;Narlıkuyu;3.845.274.345.229.980;2.719.265.712.157.840;290-602-608-660-800
32155;Narlıkuyu;384.524;271.933;290-602-608-660-800
32171;Uysal;384.785;271.811;359
32172;Uysal;384.786;271.809;359
32173;Kayabaşı Cami;384.796;271.785;359
32174;Kayabaşı Cami;384.795;271.784;359
32175;Huzur;384.797;271.757;359
32176;Huzur;384.797;271.755;359
32179;Armutlu İnlik;3.840.863.383.242.610;2.753.768.613.351.260;767
32180;Armutlu İnlik;3.840.896.044.608.360;2.753.904.974.887.840;767
32181;Cumalı Üçyol;3.832.061.736.374.970;2.745.843.991.178.270;768
32182;Cumalı Üçyol;3.832.072.722.162.640;2.745.831.863.673.070;768
32184;Keresteciler ;3.844.846.010.937.210;2.718.274.608.195.310;290-602-608-660-800
32185;Şehit Uzman Çavuş Ali Akdoğan;3.844.497.873.259.650;27.186.390.465.447;119
32189;Yukarı Kızılca Orman;3.839.116.879.189.330;2.749.514.441.544.720;967
32190;Yukarı Kızılca Orman;3.839.063.645.024.240;2.749.562.741.339.320;967
32191;Ümit Mahallesi Giriş;3.843.966.891.351.430;2.725.635.181.110.910;60-560
32192;Halilbeyli Giriş;3.843.432.000.208.860;2.767.153.443.615.880;767
32193;Halilbeyli Giriş;3.843.435.900.327.990;2.767.162.043.531.590;767
32194;Hava Pilot Teğmen Ali Acar;3.841.285.801.321.350;2.756.264.902.279.310;767
32195;Hava Pilot Teğmen Ali Acar;3.841.294.101.408.750;2.756.264.102.185.170;767
32196;Hava Pilot Teğmen Erdoğan Çallı;3.846.146.166.749.530;2.745.032.574.890.810;769-772-949
32197;Hava Pilot Teğmen Erdoğan Çallı;3.846.141.350.093.890;2.745.037.162.425.270;769-772-949
32198;Cumalı Yolu;3.831.756.758.943.650;2.746.037.503.368.210;768
32199;Armutlu Mera;3.841.133.493.035.290;2.755.068.207.079.570;767
32200;Armutlu Mera;3.841.145.193.071.360;2.755.051.606.990.450;767
32201;Yukarı Kızılca Çamlık;38.407.070.557.411;2.748.426.528.614.770;967
32202;Yukarı Kızılca Çamlık;3.840.689.755.592.890;2.748.429.028.771.630;967
32203;Kavaklıdere Çıkış;38.451.604.181.819;2.732.061.347.507.110;117-317
32204;Kavaklıdere Çıkış;3.845.146.418.129.640;2.732.064.747.590.930;117-317
32205;Arıtma Tesisi;3.845.304.519.398.130;2.732.203.645.916.750;117-317
32206;Habipler Cami;38.413.048.656.375;2.718.824.020.504.430;153
32207;Orman İçi;3.853.991.243.304.970;27.304.004.866.813;316
32208;Atlı Vadi;38.509.993.086.601;2.724.641.441.023.220;365
32209;Meydan;3.847.286.074.309.770;2.717.010.602.404.990;503
32210;Çiçek;3.847.140.974.567.710;2.717.181.402.313.680;503
32211;Çiçek;3.847.147.374.595.530;2.717.187.202.252.430;503
32212;Merve Cami;3.847.679.283.402.340;2.719.738.886.928.820;570
32213;Merve Cami;3.847.675.883.467.510;2.719.761.386.838.320;570
32214;Orman Okulu;3.853.133.935.143.570;2.729.263.400.087.460;316
32215;Orman Okulu;3.853.119.735.130.760;2.729.268.600.175.530;316
32216;İzbeton Tesisleri;3.841.940.065.735.660;2.718.056.521.309.350;119
32217;İzbeton Tesisleri;3.841.918.365.575.350;2.718.006.801.591.870;119
32218;Çocuk Trafik Eğitim Parkı;3.841.831.025.579.880;2.718.317.412.373.350;119
32219;Çocuk Trafik Eğitim Parkı;3.841.837.186.206.290;2.718.317.682.542.710;119
32220;Çocuk Trafik Eğitim Parkı 2;3.841.751.166.491.450;2.718.648.019.595.580;119
32221;Çocuk Trafik Eğitim Parkı 2;3.841.739.466.459.580;2.718.647.819.639.340;119
32222;Badem;3.845.012.492.940.390;2.724.971.278.023.040;367-368
32223;Badem;3.845.012.192.967.510;2.724.980.177.986.630;367-368
32224;Trafik Tescil;3.842.243.461.192.640;2.715.513.330.892.440;36
32232;Okul;3.842.080.252.651.060;2.745.101.825.388.770;767-967
32233;Okul;3.842.067.852.903.010;2.745.180.425.261.180;767-967
32234;Rafet Paşa;3.844.213.776.170.660;2.719.992.703.655.420;59-259
32235;Küme Evler;3.853.360.237.757.270;2.729.660.896.054.660;316
32236;Küme Evler;3.853.365.337.706.550;2.729.648.096.082.360;316
32237;Hastane;3.843.096.463.406.630;2.715.740.426.905.780;515-539
32238;Orman;3.849.920.130.495.870;2.730.379.919.952.160;316
32239;Orman;3.849.920.130.405.090;2.730.359.920.050.790;316
32240;Çınar;3.842.060.066.434.150;2.718.240.020.115.540;119
32241;Çınar;3.842.071.850.020.860;2.718.260.497.887.140;119
32242;Hastane;3.843.120.886.050.000;271.585.080.845.780.000;515-539
32243;Ağır Bakım;3.842.606.066.488.510;2.717.642.020.553.540;54-57-58-59-60-64-117-153-154-214-249-302-367-662-699
32244;Ağır Bakım;3.842.588.066.452.040;2.717.645.020.609.270;54-57-58-59-60-64-117-153-154-214-249-302-367-662-699
32245;Narova;3.843.702.077.581.280;2.721.054.001.492.780;59
32246;Narova;3.843.688.077.565.190;2.721.063.001.520.280;59-259
32247;Okul;3.843.887.078.057.940;2.721.037.000.693.350;59
32248;Okul;38.438.900.781.009;2.721.050.000.623.740;59-259
32255;Şehit Öğretmen Aybuke Yalçın;3.843.036.493.061.680;2.766.915.950.212.170;767
32256;Şehit Öğretmen Aybuke Yalçın;3.843.028.392.988.240;2.766.920.650.318.760;767
32258;Fatih Cami;3.844.621.191.124.120;2.724.809.580.915.010;367-368
32259;Fatih Cami;3.844.620.691.091.060;2.724.799.380.960.890;367-368
32260;Park;3.848.184.656.457.490;2.735.438.799.713.640;966
32261;Ulucak Ayşe-Hasan Türkmen Ortaokulu;3.848.279.147.808.230;2.735.545.908.611.940;966
32262;Ulucak Ayşe-Hasan Türkmen Ortaokulu;3.848.268.147.741.630;2.735.542.908.717.020;966
32263;Ulucak Jandarma;3.848.326.338.861.020;2.735.865.174.981.220;966
32264;Ulucak Jandarma;3.848.312.149.475.890;2.735.860.906.902.320;966
32265;Ulucak Ardıç;3.848.296.653.329.780;2.736.187.897.216.330;966
32266;Ulucak Ardıç;3.848.285.150.899.870;2.736.182.905.664.880;966
32267;İzmir Demokrasi Üniversitesi;3.848.000.047.866.030;2.735.839.909.601.560;966
32268;Yıkık Minare Cami;3.846.968.989.928.630;2.722.252.378.972.960;365-565-566-584-585
32270;Gazi Meydanı Son Durak;3.847.041.074.655.740;2.717.270.002.393.170;513
32271;Vişneli Köyü Yol Ayrımı;3.834.167.075.759.020;2.742.692.990.985.120;768
32272;Vişneli Köyü Yol Ayrımı;3.834.160.275.651.370;2.742.673.491.050.490;768
32273;Vişneli Zeytinlik;3.834.142.274.115.420;2.742.068.691.891.930;768
32274;Vişneli Zeytinlik;3.834.130.674.090.940;2.742.104.891.917.550;768
32275;Vişneli İlkokulu;3.834.062.568.745.290;2.739.880.495.132.550;768
32276;Vişneli İlkokulu;3.834.053.168.642.770;2.739.869.595.198.030;768
32277;Vişneli Bahçe;3.833.581.263.611.220;2.739.354.498.349.850;768
32278;Vişneli Bahçe;3.833.579.063.633.710;2.739.376.598.333.980;768
32279;Dr. Behçet Uz Rekreasyon Alanı;38.423.478;27.179.407;153-154
32280;Dr. Behçet Uz Rekreasyon Alanı;38.423.665;27.179.581;153-154
32281;Armutlu Park;3.840.782.578.802.960;27.530.703.159.714;767-967
32285;Çocuk Parkı;3.845.149.706.992.540;2.718.173.054.856.580;328
32286;Zeki Müren Parkı;38.454.245.742.554;2.718.223.605.869.140;328
32287;Zeki Müren Parkı;3.845.448.974.334.960;2.718.234.005.704.460;328
32288;Çocuk Parkı;3.845.185.273.798.570;2.718.242.206.918.880;328
32289;Aydınlar Caddesi;3.841.717.177.851.140;2.723.679.500.082.040;364
32290;Aydınlar Caddesi;3.841.746.277.924.210;27.236.664.000.005;364
32291;Şehit. Jnd. Onbaşı Uğur Demirkan;3.842.048.679.137.370;2.723.717.498.426.670;364
32292;Şehit. Jnd. Onbaşı Uğur Demirkan;3.842.071.579.139.110;2.723.685.698.443.080;364
32293;Yabancılar Şube Müdürlüğü;3.843.179.384.912.740;2.724.384.590.335.240;364
32294;Galericiler;3.843.516.985.936.610;27.243.296.888.281;364
32295;Yabancılar Şube Müdürlüğü;3.843.295.385.175.290;2.724.332.789.952.920;364
32296;Işıkkent Kamyon Garajı;3.842.842.483.688.330;2.724.373.792.070.140;267-364
32297;Işıkkent Kamyon Garajı;3.842.777.183.540.890;2.724.405.692.268.680;267-364
32298;Işıklar;3.841.326.176.375.510;2.723.658.801.894.490;364
32301;Kavak;38.391.998;27.507.156;967
32302;Kavak;38.392.017;27.507.249;967
32303;Park;3.840.039.834.763.780;2.744.878.243.757.260;668-768
32304;Park;3.840.040.634.933.120;2.744.919.143.645.640;668-768
32305;Aydınlar Köşe;3.842.310.679.816.610;2.723.619.197.589.110;364
32306;Aydınlar Köşe;3.842.295.579.885.660;2.723.666.997.474.170;364
32307;Afet Haberleşme;3.847.640.971.085.310;2.715.719.906.996.860;557-559-598
32308;Afet Haberleşme;3.847.632.471.059.790;2.715.715.207.063.640;557-559-598
32309;2. Etap;3.848.261.846.615.880;27.161.780.029.116;558-559-598
32310;2. Etap;38.482.556.467.518;2.716.203.302.720.810;558-559-598
32311;Etap 1;3.847.834.073.532.890;2.716.457.602.303.410;558-559-598
32312;Etap 1;3.847.851.873.616.660;2.716.476.802.113.930;558-559-598
32313;Köşe;3.847.857.374.823.620;2.716.876.300.085.450;558-559-598
32314;Köşe;3.847.872.574.795.880;2.716.859.300.089.910;558-559-598
32315;Tarla;3.841.621.559.370.060;2.764.887.276.144.810;767
32316;Tarla;3.841.546.158.286.250;2.764.875.877.232.130;767
32317;Beyler;3.841.432.058.811.330;2.765.173.778.101.120;767
32318;Beyler;3.841.412.558.291.810;2.765.136.478.467.410;767
32319;Sarılar İlkokulu;3.841.534.862.348.170;27.654.837.758.813;767
32320;Sarılar İlkokulu;3.841.547.962.591.470;2.765.493.275.671.550;767
32321;Sarılar;3.841.601.465.476.090;2.765.801.374.141.680;767
32322;Sarılar;3.841.610.365.828.770;2.765.834.273.932.140;767
32323;Ada;3.841.914.071.384.180;2.766.035.869.053.960;767
32324;Ada;3.841.901.071.532.350;2.766.081.169.124.690;767
32325;Sare;3.846.893.391.560.730;2.745.547.277.959.380;769-772
32326;Sare;3.846.881.991.385.450;27.455.305.781.424;769-772
32327;Eğridere Çam;3.850.497.987.293.290;2.721.114.525.635.590;365
32328;Eğridere Çam;3.850.470.787.077.550;2.721.099.126.151.210;365
32329;Sinancılar;3.841.709.140.862.980;2.766.293.242.720.940;767
32330;Sinancılar;3.841.705.341.100.410;2.766.317.142.710.530;767
32332;Soğukpınar;3.841.963.445.365.020;2.743.653.230.830.410;668-768-988
32333;Papatya;3.848.025.264.397.410;2.715.811.694.623.290;557-559-598
32334;Papatya;38.481.282.440.828;2.715.817.207.982.520;557-559-598
32335;Çambel Orman;38.459.380.117.087;2.750.283.569.159.640;769-949
32336;Çambel Orman;38.459.384.115.540;2.750.257.269.256.020;769-949
32337;Okul;3.846.126.011.829.560;27.500.419.680.376;769-949
32338;Okul;3.846.111.523.405.610;27.500.410.364.003;769-949
32339;Toki Çam;3.846.176.711.344.360;2.749.891.468.069.790;769-949
32340;Toki Çam;3.846.162.511.217.760;2.749.889.968.230.140;769-949
32341;Toki Yıldız;3.845.959.109.387.520;2.749.866.370.530.420;769-949
32342;Toki Yıldız;3.845.949.609.223.210;2.749.852.070.688.310;769-949
32343;Çambel Toki;3.845.863.709.549.760;2.750.027.270.949.490;769-949
32344;Ovacık;3.842.075.971.621.230;2.765.763.967.431.620;767
32345;Ovacık;3.842.070.871.425.160;2.765.746.167.551.770;767
32346;Fizik Tedavi ve Rehabilitasyon;3.848.259.376.611.690;2.717.256.696.015.030;502-532-533-534-535-536-537-598-599-699
32347;Teknik Servis;3.848.413.977.210.070;2.717.371.494.587.720;502-532-533-534-535-536-537-598-599-699
32348;Acil;3.848.475.578.185.240;2.717.650.092.838.750;502-532-533-534-535-536-537-598-599-699
32349;Onkoloji;3.848.490.979.702.130;2.718.118.090.391.360;502-532-533-534-535-536-537-598-599-699
32350;Poliklinik 1;3.848.386.179.054.540;2.717.969.491.727.220;502-532-533-534-535-536-537-598-599-699
32351;Poliklinik 2;3.848.352.678.506.320;2.717.813.892.696.490;502-532-533-534-535-536-537-598-599-699
32352;Cami;3.848.402.473.275.240;27.161.036.010.838;557-558-559-598
32353;Cami;3.848.385.373.324.990;27.161.276.010.530;557-558-559-598
32354;4. Etap;3.848.557.074.570.450;2.716.456.598.450.160;557-558-559-598
32355;4. Etap;3.848.538.274.581.050;2.716.468.498.491.610;557-558-559-598
32356;5. Etap;38.488.239.539.584;2.717.103.587.347.390;557-558-559-598
32357;5. Etap;3.848.734.076.713.240;2.717.060.994.392.250;557-558-559-598
32358;5. Etap Üst Yol;3.848.801.576.310.140;2.716.902.794.825.650;559-598
32359;5. Etap Üst Yol;3.848.817.410.031.670;2.716.900.367.445.450;559-598
32360;7. Etap;3.848.864.875.601.510;27.166.502.957.688;559-598
32361;7. Etap;3.848.863.275.557.690;2.716.637.095.845.450;559-598
32362;7. Etap Tepe;3.848.946.275.401.190;2.716.551.595.824.640;559-598
32363;7. Etap Tepe;3.848.935.075.327.330;2.716.532.995.982.560;559-598
32364;6. Etap Tepe;3.849.118.176.020.120;2.716.673.394.236.610;559-598
32365;6. Etap Tepe;3.849.130.276.026.520;2.716.670.294.184.680;559-598
32366;6. Etap;38.490.089.761.679;2.716.766.394.369.090;559-598
32367;6. Etap;3.849.021.576.120.580;2.716.746.094.403.120;559-598
32368;8. Etap;3.849.112.580.128.280;2.717.943.287.734.410;559-598
32369;8. Etap Alt Yol;3.848.981.289.938.180;2.717.894.696.939.250;559-598
32370;Bahçeler;3.845.475.006.910.540;2.750.135.874.754.020;769-949
32371;Bahçeler;3.845.466.306.689.540;2.750.110.874.941.240;769-949
32372;Evka 4 İş Merkezi;38.492.200.919.790;2.721.338.169.840.090;168-249-565-566-568-585
32373;5. Etap Alt Yol;3.848.824.477.824.130;2.717.368.092.318.770;557-558-559-598
32376;Kayadibi Giriş;3.851.642.803.458.680;2.723.052.444.833.460;365
32377;Kayadibi Giriş;3.851.628.203.421.340;2.723.050.344.947.440;365
32378;Okul;3.848.549.343.515.570;2.716.058.796.581.440;557-559-598
32379;Okul;3.848.547.373.526.650;2.716.121.900.212.260;557-559-598
32380;Vadi;3.848.919.178.282.740;2.717.466.791.279.950;557-558
32381;Karaçam Çiftlik;3.851.791.920.270.960;2.726.874.123.487.870;315
32382;Karaçam Çiftlik;3.851.767.320.104.430;2.726.851.123.796.110;315
32383;Karaçam Santral;3.851.955.121.639.310;2.727.083.821.133.510;315
32384;Karaçam Santral;3.851.966.021.706.910;2.727.092.521.003.870;315
32385;Karaçam Park;3.851.908.222.193.680;2.727.231.920.709.430;315
32386;Karaçam Park;3.851.873.122.243.320;27.272.628.208.155;315
32388;Mavi Boncuk;3.838.670.221.488.290;2.744.485.455.926.710;668
32389;Mavi Boncuk;3.838.715.922.011.430;2.744.520.155.483.980;668
32390;Nazar Boncuğu;3.838.529.219.842.740;2.744.368.757.305.890;668
32391;Göz;3.838.920.724.648.480;2.744.753.653.304.820;668
32392;Göz;3.838.915.524.789.360;27.448.041.532.310;668
32393;Çambel Toki;3.845.879.009.821.810;2.750.051.370.691.210;769-949
32394;Çambel Toki 2;38.461.181.092.426;2.749.621.469.754.770;769-949
32395;Çambel Toki 2;3.846.117.809.373.850;2.749.643.869.671.070;769-949
32396;Çambel Batı;3.846.282.911.048.350;2.749.696.767.675.710;769-949
32397;Çambel Batı;38.462.973.112.454;27.497.098.674.680;769-949
32398;Akalan Çiftlik;3.845.582.820.476.130;2.749.154.140.146.160;769-949
32399;Akalan Çiftlik;3.845.576.259.150.660;2.749.089.858.482.750;769-949
32400;Özdeşkent;3.840.960.311.743.920;2.744.295.203.759.750;668-768
32401;Özdeşkent;3.840.934.956.598.760;2.744.278.375.041.690;668-768
32402;Otogar Yeni;3.842.869.922.332.410;2.721.308.231.698.480;277-697-806-858
32403;Egemen;3.840.950.494.617.690;2.759.939.518.976.210;767
32404;Kumova;3.841.362.052.087.230;2.762.320.957.675.490;767
32405;Kumova;3.841.375.430.621.070;2.762.332.438.298.080;767
32406;Arslan;3.845.228.740.889.220;2.725.022.591.512.580;67-268-367-368
32407;Villa Ağaçlık;3.847.523.800.548.090;2.724.897.463.206.410;449
32408;Villa Ağaçlık;3.847.528.500.545.960;2.724.893.063.197.170;449
32409;Kiraz Yolu;3.841.008.958.185.920;2.751.746.529.468.840;767
32410;Kiraz Yolu;3.841.018.031.333.660;2.751.750.270.315.690;767
32411;Avcı;3.847.595.831.994.670;2.717.450.289.982.020;597-599-699
32412;Avcı;3.847.589.547.520.840;2.717.435.753.738.550;597-599-699
32413;Park Orman;3.841.308.368.692.130;2.749.712.105.682.460;767
32414;Park Orman;3.841.328.614.544.660;2.749.680.229.685.010;767
32415;Soğuk Depolar;3.841.136.833.289.830;2.750.604.933.195.370;767
32416;Soğuk Depolar;3.841.089.528.350.980;2.750.663.047.203.550;767
32417;Kordelya;3.841.501.438.480.640;2.748.392.499.496.990;767
32418;Kordelya;3.841.510.572.113.010;27.484.022.828.197;767
32419;Öteyaka;38.452.811.747.386;2.741.493.148.569.730;769
32420;Öteyaka;3.845.222.659.014.310;2.741.501.592.481.930;769
32421;Makina;3.844.882.105.918.320;2.741.396.299.601.370;769
32422;Makina;3.844.870.762.604.250;2.741.409.174.255.450;769
32423;Seyit Şanlı Anadolu Lisesi;3.848.185.425.807.970;2.720.410.121.628.840;168-249-568-584-585
32424;Akevler;3.846.548.967.215.640;2.745.292.990.820.180;769-772
32425;Akevler;3.846.510.623.886.050;2.745.257.828.828.190;769-772
32426;Kozalak;3.849.084.992.466.460;27.373.397.191.818;766
32427;Kozalak;3.849.086.042.117.410;2.737.330.599.705.360;766
32428;Dumlupınar;3.846.908.332.526.440;2.721.964.051.262.720;365-498-565-566-584-585
32429;Issız;3.853.636.629.775.610;2.729.877.895.563.320;316
32430;Issız;38.536.490.857.796;2.729.895.313.142.460;316
32431;Limon Servi;3.853.894.830.529.110;27.301.310.900.224;316
32432;Limon Servi;38.538.658.780.364;2.730.094.880.647.490;316
32433;Alpaslan;3.841.037.671.486.710;2.751.095.318.381.090;767
32434;Alpaslan;3.841.023.771.495.980;2.751.124.918.445.170;767
32435;Park;3.848.171.161.546.240;2.735.421.869.295.250;966
32436;Şahin Tepesi;3.848.323.591.028.250;2.735.309.759.596.990;966
32437;Ulucak Park;3.848.312.329.434.890;2.735.100.356.831.040;966
32438;Zeytin Bağı;3.848.168.845.673.430;273.520.591.107;966
32440;Viyadük Köprüaltı;3.844.537.274.284.030;2.720.903.354.894.750;59-259
32441;Akalan Yan Yol;3.845.730.011.823.290;2.748.580.151.124.760;769-949
32442;Akalan Yan Yol;3.845.738.123.760.810;2.748.540.798.134.930;769-949
32443;Çiçekli Köy;3.850.023.558.168.010;2.728.450.744.146.420;316
32444;Çiçekli Köy;3.850.035.522.655.530;27.284.493.951.235;316
32445;Zeytin Dalı;3.841.592.654.770.920;2.747.669.954.425.040;767-967
32446;Zeytin Dalı;38.415.924.407.510;2.747.718.078.898.580;767-967
32447;Vişneli Yolu;3.833.949.007.612.350;2.740.573.992.380.810;768
32448;Vişneli Yolu;38.339.593.769.429;2.740.592.613.066.890;768
32451;Sarnıçköy Ladin;3.854.655.684.390.610;2.727.720.347.250.880;316
32452;Sarnıçköy Ladin;3.854.664.704.742.750;2.727.713.373.473.020;316
32453;Sarnıçköy;3.854.811.202.947.740;2.727.587.667.196.310;316
32454;Kodelya;3.854.587.669.045.230;2.727.903.141.952.770;316
32455;Kodelya;3.854.563.546.295.920;2.727.916.903.145.440;316
32456;Sarnıçköy Giriş;3.854.434.509.220.520;2.728.163.784.318.830;316
32457;Sarnıçköy Giriş;3.854.421.453.772.030;2.728.151.818.556.720;316
32458;Sarnıçköy Çamlık;3.854.232.666.467.610;2.728.277.315.924.170;316
32459;Sarnıçköy Çamlık;3.854.212.526.631.820;27.282.639.051.208;316
32460;Beşyol Giriş;3.853.296.448.993.530;2.728.952.272.334.650;316
32461;Beşyol Giriş;3.853.287.828.223.420;2.728.924.721.880.460;316
32462;Eylül;3.843.581.110.858.240;2.721.022.146.449.450;54-277-302-505-555
32463;Hayrat Çeşmesi;3.848.741.324.416.230;2.738.468.623.838.650;766
32464;Hayrat Çeşmesi;3.848.748.257.270.260;2.738.473.523.387.990;766
32466;Sosyete Parkı;3.847.154.844.776.050;27.222.655.977.691;498
32467;Sosyete Parkı;3.847.157.159.598.960;27.222.788.038.433;498
32468;Ergene Deresi;3.847.021.794.354.590;2.721.996.191.313.430;498
32469;Kızılay Mahallesi;3.846.828.109.434.150;2.721.673.702.398.970;498
32471;Gençlik ve Spor;3.846.547.935.204.610;2.721.055.182.646.440;498
32472;Buz Pisti;3.846.685.211.309.650;2.721.353.593.938.690;498
32473;Topçu Tugayı;3.846.948.479.872.520;2.722.605.341.955.430;498
32474;Topçu Tugayı;3.846.935.451.777.390;2.722.568.862.724.760;498
32475;Ege Üniversitesi Öğrenci Köyü;3.845.403.884.140.440;2.721.715.490.120.540;59-259-267-268-358-368-468-505
32476;Ege Üniversitesi Öğrenci Köyü;3.845.415.784.220.440;2.721.731.589.985.570;59-259-267-268-358-368-468-505
32477;Eğridere Meydan;3.850.122.294.914.260;2.721.642.162.531.650;365
32478;Damlacık Halı Saha;3.849.582.867.186.150;2.738.127.785.297.390;766
32479;Damlacık Halı Saha;3.849.586.167.077.220;27.381.041.853.797;766
32480;Birkent 2;3.847.302.570.540.820;2.715.697.708.812.040;502-557-598-662
32481;Kayadibi Orman;38.514.775.092.373;2.724.520.038.233.170;365
32482;Kayadibi Orman;3.851.462.409.112.430;2.724.498.438.455.850;365
32483;Ova Evleri;3.841.033.796.646.640;2.751.404.421.198.210;767
32484;Ova Evleri;38.410.261.759.546;27.514.838.430.725;767
32485;Sancaklı;3.849.051.505.260.610;2.738.148.935.039.640;766
32486;Sancaklı;3.849.019.464.518.990;2.738.162.790.194.550;766
32488;Ayakkabıcılar Sitesi Cami;3.842.904.566.585.580;2.724.185.695.535.090;267
32489;Ayakkabıcılar Sitesi Cami;3.842.918.605.079.730;2.724.110.241.398.590;267
32499;Armutlu Hürriyet;3.840.735.480.298.120;27.535.511.815.966;967
40001;Nato;383.933;271.434;72-104-285-374-465-470-471-485-490-515-671-940
40002;Nato;383.938;271.415;72-104-285-374-465-470-471-485-490-515-940
40003;Şirinyer Merkez;3.839.285.234.307.070;2.714.849.772.602.210;104-470-490-515-940
40004;Şirinyer Merkez;3.839.327.206.514.250;2.714.808.163.603.670;72-104-206-285-374-465-470-471-485-490-515-940
40009;Şirinyer Pazar Yeri;383.926;271.499;72-74-206-285-303-304-374-441-472-476-485-536-676-805-838-866-871-874-875-876
40010;Şirinyer PTT;383.918;271.534;72-104-206-285-303-304-374-441-470-472-476-490-515-536-676-805-871-874-875-876-940
40011;Yeni Mahalle;383.913;271.564;104-206-285-303-304-374-470-476-490-515-536-676-805-874-875-876-940
40012;Yeni Mahalle;383.913;271.571;104-206-285-303-304-374-470-476-490-515-536-676-805-874-875-876-940
40013;Buca Vergi Dairesi;3.839.090.054.628.390;2.715.940.038.103.680;104-206-285-303-304-374-470-476-490-515-536-676-805-874-875-876-940
40014;Buca Vergi Dairesi;3.839.090.054.777.050;2.716.040.037.727.910;104-206-285-303-304-374-470-476-490-515-536-676-805-874-875-876-940
40015;Buca Belediye Sarayı;383.904;271.630;104-206-285-303-304-374-470-476-490-515-536-676-805-874-875-876-940
40016;Buca Belediye Sarayı;383.905;271.634;104-206-285-303-304-374-470-476-490-515-536-676-805-874-875-876-940
40018;Öğretmen Evleri;38.390.061.884.823;27.166.104.641.177;104-206-303-304-470-476-490-515-536-676-805-940
40019;İzmir Meslek Yüksek Okulu;383.893;271.684;104-206-303-304-470-476-490-515-536-676-805-940
40022;Buca Sosyal Güvenlik Kurumu;3.838.890.040.419.640;27.171.201.248.537;104-303-304-470-476-490-515-536-676-805-940
40024;Buca Sosyal Güvenlik Kurumu;3.838.889.468.350.360;2.717.124.077.920.750;206-536
40025;Buca Heykel;3.838.820.055.886.380;27.172.700.338.193;104-206-303-304-470-476-490-515-536-676-805-940
40035;Dokuz Eylül Eğitim Fakültesi;383.861;271.708;104-206-304-470-476-515-536-676-805-940
40036;Dokuz Eylül Eğitim Fakültesi;383.856;271.704;104-206-304-476-490-515-536-676-805-940
40037;Buca Devlet Hastanesi;383.843;271.690;104-206-304-470-476-490-515-536-676-805-940
40038;Buca Devlet Hastanesi;38.384.321;27.169.233;104-304-470-476-490-536-940
40040;Buca Devlet Hastanesi;383.842;271.691;206-515-676-805
40057;Fatma Saygın Anadolu Lisesi;3.838.300.054.986.640;27.176.900.335.353;176-177-206-353-869
40058;Fatma Saygın Anadolu Lisesi;3.838.280.054.898.270;2.717.670.033.651.210;176-177-206-353-869
40063;Buca Yeni Cami;3.839.262.080.085.320;2.717.172.006.446.580;876
40064;Buca Yeni Cami;3.839.250.056.937.730;2.717.170.033.121.240;876
40065;İktisadi ve İdari Bilimler Fakültesi;3.838.461.973.803.690;2.717.994.208.095.070;104-176-177-206-353-470-472-490-515-878
40066;İktisadi ve İdari Bilimler Fakültesi;383.850;271.797;206-353-472-515-869-878
40067;Buca Eski Mezarlık;3.838.084.355.248.010;2.718.336.131.780.720;206-353-470-472-490-515-878
40068;İktisadi ve İdari Bilimler Fakültesi;3.838.484.141.864.270;2.717.985.687.920.530;104-176-177-470-490-940
40069;Papatya;383.795;271.853;206-353-470-472-490-515-878
40070;Eski Mezarlık;3.838.130.554.194.740;2.718.311.123.136.350;176-177-206-304-353-470-472-490-515-536-866-878
40071;Begos;38.377.581;27.187.848;176-177-206-304-353-470-472-490-515-536-878
40077;Buca Diyaliz Merkezi;38.379.443;27.183.805;176-177-304-536
40079;Hasan Ağa Bahçesi;383.812;27.18;176-177-304-536-866-869-940
40080;Buca Eski Mezarlık;3.838.150.055.258.970;2.718.200.032.098.860;176-177-304-536-866
40081;Eski Mezarlık;383.816;271.823;866-869-940
40085;Beş Selviler;38.372.855;27.193.768;176-177-206-304-353-465-470-472-490-515-536-878
40086;Papatya;383.801;271.857;176-177-206-304-353-470-472-490-515-536-878
40087;Buca Belediye Şantiye;3.836.888.668.991.430;2.719.620.593.254.810;171-176-177-206-277-536-676
40088;Begos;38.377.506.993.673;2.718.968.206.313.810;176-177-206-304-353-470-472-490-515-536-878
40092;Beş Selviler;38.373.073;27.194.064;176-177-206-277-304-353-470-472-490-515-536-878
40094;Buca Belediye Şantiye;3.836.973.060.855.030;2.719.605.954.603.690;176-177-206-277-536
40101;Şirinyer Bankalar;383.937;271.488;36-303-304-418-466
40102;Şirinyer Bankalar;383.937;271.486;36-303-304-418-466
40103;Fabrika;383.972;271.490;36-303-304-418-466
40104;Fabrika;383.965;271.487;36-303-304-418-466
40105;Yeniyol;383.998;271.496;36-303-304-418-466
40106;Yeniyol;38.400.258;27.149.508;36-303-304-418-466
40107;Gürçeşme Huzurevi;384.014;271.499;418-466
40108;Polis Okulu;384.032;271.502;418-466
40109;Polis Okulu;384.040;271.513;418-466
40110;Damatlar Mahallesi;3.831.262.533.530.870;2.728.438.820.293.390;176
40116;Kaynak Parkı;38.412.560;27.161.677;34
40117;Ferahlı Parkı;38.411.203;27.162.911;34
40118;Ferahlı Parkı;38.411.023;27.162.694;34
40121;Tınaztepe;3.837.609.198.881.410;2.719.204.703.835.450;
40123;Tınaztepe;3.837.630.055.052.530;2.719.250.029.743.220;
40124;Tınaztepe;383.761;271.921;
40126;Tınaztepe;383.760;271.926;
40127;Mühendislik Fakültesi;383.693;272.080;171-213-277-290-304-353-390-412-465-470-471-472-476-490-515-676-690-878
40128;Mühendislik Fakültesi;383.696;272.079;171-213-277-290-304-353-390-412-465-470-471-472-476-490-515-676-690-878
40129;Mimarlık Fakültesi;38.368.318;27.206.725;213-290-390-412-690-878
40130;Mimarlık Fakültesi;383.684;272.066;213-290-390-412-690-878
40137;Nato 1;383.929;271.406;105-171-233-417-484-671
40138;Nato 1;383.927;271.406;105-171-233-417-484-671
40140;Şirinyer Ertuğrul Gazi Anadolu Lisesi;3.838.870.251.614.790;2.714.192.245.203.940;105-171-233-417-484-671
40141; Şirinyer Ertuğrul Gazi Anadolu Lisesi;3.838.862.451.572.210;2.714.173.945.289.110;105-171-233-417-484-671
40142;Akıncılar Cami;383.867;271.431;105-171-233-417-484-671
40143;Akıncılar Cami;383.860;271.436;105-171-233-417-484-671
40145;Akıncılar Merkez;3.838.452.551.177.170;2.714.598.688.774.710;105-171-233-417-484-671
40146;Akıncılar Merkez;383.847;271.458;105-171-233-417-484-671
40153;Şirinyer İstasyonu;38.391.721.852.759;2.714.742.655.181.030;36-74-206-418-441-466-476-536-671-676-805-818-838-866-871-874-875-876-878
40159;Şirinyer Parkı;383.910;271.509;74-485-866
40160;Şirinyer Parkı;3.839.019.108.020.610;2.715.103.679.646.960;36-74-418-465-466-471-485-866
40162;Buca Hipodrom;38.387.000.405.030;2.715.171.485.494.340;485
40163;Buca Hipodrom;3.838.690.270.871.610;27.151.620.793.603;485
40166;Enhoşlar;383.831;271.524;485
40167;Enhoşlar;383.834;271.523;485
40175;İzban Koşu Durağı;3.838.349.151.080.130;2.714.717.044.193.940;105-171-233-417-484-671
40176;İzban Koşu Durağı;383.836;271.474;105-171-233-417-484-671
40177;Fırın;383.788;271.460;233-484
40178;Fırın;383.789;271.464;233-484
40179;Marangoz;3.837.620.060.938.940;2.714.470.016.042.940;233
40180;Mermerci;3.837.659.279.791.080;2.714.495.373.740.140;233
40181;Selvi;383.743;271.439;233
40182;Selvi;3.837.509.048.666.610;2.714.434.046.589.320;233
40183;İnkılap;383.716;271.428;74-233-484
40184;İnkılap;3.837.158.230.089.350;2.714.285.009.457.850;233
40186;İrfan Nadir İlkokulu;383.694;271.421;74-233-484
40195;Koşuyolu;3.838.006.349.231.360;2.714.902.608.783.190;105-171-417
40196;Koşuyolu;3.837.985.550.446.430;2.714.929.844.047.820;105-171-417
40198;Şirinyer Saha;38.389.399;27.149.115;36-74-418-441-465-471-472-476-536-671-676-805-818-838-866-871-874-875-876-878
40199;Koşu Yolu;383.888;271.521;472-818-866-878
40200;Koşu Yolu;383.888;271.519;472-818-866-878
40201;Siteler;38.388.900.536.811;2.715.640.039.675.030;472-818-866-878
40202;Siteler;3.838.898.953.716.850;2.715.649.239.621.270;472-818-866-878
40207;Vali Rahmi Bey;383.888;271.596;472-818-866-878
40208;Vali Rahmi Bey;383.889;271.598;472-818-866-878
40209;Şehitler Parkı;383.874;271.633;472-818-866-878
40210;Şehitler Parkı;383.874;271.635;472-818-866-878
40215;Ata;383.874;271.525;74-465-471
40216;Ata;383.875;271.528;74-465-471
40217;Ensar Cami;3.838.770.053.136.850;2.715.470.040.566.520;74-465-471
40218;Ensar Cami;3.838.776.453.137.540;2.715.459.040.594.270;74-465-471
40219;30 Ağustos İlköğretim Okulu;3.838.798.359.981.750;2.715.700.502.513.680;74-465-471
40220;30 Ağustos İlköğretim Okulu;3.838.810.053.634.150;2.715.750.039.436.570;74-465-471
40221;Harp İş Sitesi;383.873;271.617;74-465-471
40222;Harp İş Sitesi;383.874;271.618;74-465-471
40231;Atlı Spor Kulübü;3.838.181.135.261.940;2.716.110.518.215.490;105
40232;Atlı Spor Kulübü;383.819;271.607;105
40237;Buca Kaymakamlık;38.382.100.528.286;2.716.320.038.600.670;105
40238;Buca Kaymakamlık;3.838.220.052.936.860;2.716.380.038.364.980;105
40241;Barış;383.818;271.652;74-105
40242;Barış;383.817;271.654;74-105
40243;Ali Kuşçu İlkokulu;38.379.987;27.165.314;74-105
40244;Ali Kuşçu İlkokulu;383.796;271.653;74-105
40251;Eski Sinema 2;38.380.305.459.598;27.174.992.981.878;465-471-476-676-805
40252;Eski Sinema;3.837.883.624.211.620;2.717.467.167.855.710;465-471-476-676-805
40253;Palmiye;383.782;271.720;805
40254;Palmiye;383.781;271.719;805
40255;Kozağaç;383.770;271.699;805
40256;Kozağaç;3.837.671.356.339.140;2.716.943.212.384.130;353-818
40257;Vicdan;383.745;271.656;353-818
40258;Vicdan;383.743;271.654;353-818
40259;Selviler;383.724;271.625;353-818
40260;Selviler;383.723;271.625;353-818
40263;Fırat;383.701;271.585;353-818
40264;Fırat;38.37;271.586;353-818
40265;Zencefil;383.675;271.553;74-353-484-818
40266;Zencefil;383.674;271.555;74-353-484-818
40267;Altınevler;383.646;271.526;353-818
40268;Altınevler;383.646;271.528;353-818
40271;Buca Anadolu Lisesi;3.836.260.045.864.850;2.714.890.046.520.330;233-353-818
40272;Buca Anadolu Lisesi;38.361.989.456.489;2.714.836.246.760.940;233-353-818
40273;İnönü Mahallesi Muhtarlık;383.606;271.478;233-353-818
40274;İnönü Mahallesi Muhtarlık;383.607;271.481;233-353-818
40287;Kuzucuoğlu;383.581;271.472;233-353-818
40288;Kuzucuoğlu;383.584;271.475;233-353-818
40289;İsmail Şekip Uyal İlköğretim Okulu;3.835.608.143.798.370;27.145.648.481.443;233-353-818
40290;İsmail Şekip Uyal İlköğretim Okulu;383.555;271.455;233-353-818
40295;İnönü Mahallesi;38.353.310;27.142.616;233
40296;İnönü Mahallesi;38.353.241;27.142.798;233
40297;Otokent C Kapısı;38.351.790;27.140.460;233
40298;Otokent C Kapısı;38.351.860;27.140.770;233
40299;Altıncı Sanayi;383.483;271.415;232-233-353-818
40300;Altıncı Sanayi;383.484;271.417;232-233-353-818
40301;Galericiler Sitesi;383.450;271.425;232-233-353-818
40302;Galericiler Sitesi;38.345.644;27.142.676;232-233-353-818
40309;"Eshot Ağır Bakım Tesisleri	";38.352.620;27.147.110;353-818
40310;Eshot Ağır Bakım Tesisleri;383.525;27.147.090;353-818
40317;Eski Son Durak;38.375.568;27.159.985;74
40318;Eski Son Durak;38.375.554;27.159.718;74
40319;Buca Moda Konutları;3.837.625.050.553.210;2.715.792.341.566.750;74
40320;Buca Moda Konutları;3.837.574.050.426.260;2.715.802.641.616.720;74
40322;Köşe;3.837.380.099.454.830;2.715.660.084.866.840;74
40323;Köşe;3.837.407.399.397.130;2.715.570.885.405.250;74
40324;Çiftlik;383.749;271.530;74
40325;Çiftlik;383.748;271.534;74
40326;Çiçek;383.747;271.504;74-485
40327;Çiçek;383.748;271.506;74-485
40328;Üçyol;383.733;271.517;74-484-485
40329;Üçyol;383.733;271.516;74-484-485
40330;Akasma;38.370.869;27.154.816;74-484
40331;Akasma;38.370.737;27.154.743;74-484
40337;Nilüfer;383.773;271.473;484
40338;Nilüfer;383.773;271.476;484
40339;Bloklar;383.755;271.493;484
40340;Bloklar;383.753;271.496;484
40341;Fulya;383.719;271.515;485
40342;Fulya;383.718;271.517;485
40343;Veysel Karani Cami;383.701;271.528;485
40344;Veysel Karani Cami;383.699;271.531;485
40351;Çitlenbik;383.674;271.546;485
40352;Çitlenbik;383.676;271.546;485
40355;Göksu;383.663;271.527;74-484-485
40356;Göksu;38.365.955.471.416;2.715.261.444.897.770;74-484-485
40357;Özel Sağlık;383.681;271.509;74-484
40358;Özel Sağlık;383.682;271.507;74-484
40359;Recep Ersayın İlkokulu;38.370.328;27.148.705;74-484
40360;Recep Ersayın İlkokulu;38.370.610;27.148.376;74-484
40361;Göksu Pazaryeri;3.837.214.748.167.360;2.714.657.546.200.570;74-484
40362;Göksu Pazaryeri;3.837.203.148.154.240;2.714.673.046.161.410;74-484
40363;İrfan Nadir İlkokulu;383.690;271.416;74-233-484
40364;Osman Bey Anadolu Lisesi;3.836.857.084.725.250;2.714.445.491.151.670;233
40365;Osman Bey Anadolu Lisesi;3.836.845.945.639.550;2.714.411.371.529.740;74-233-484
40366;Gökkuşağı;38.371.207;27.146.065;74-484
40369;Çiğdem;3.836.874.547.358.070;2.714.729.346.386.320;233
40370;Çiğdem;3.836.860.547.363.240;2.714.770.546.260.410;233
40371;Umut;383.670;271.491;233
40372;Umut;383.669;271.493;233
40373;Aydın;383.646;271.503;233
40374;Aydın;3.836.439.646.503.440;2.715.046.845.803.460;233
40379;Gediz Meydan;383.607;271.454;485
40380;Gediz Meydan;383.610;271.454;485
40387;Erguvan;383.697;271.568;74-484
40388;Erguvan;383.701;271.564;74-484
40391;Sardunya;383.764;271.663;105
40392;Sardunya;383.766;271.662;105
40395;Begovilya;38.374.293;27.167.091;105
40396;Begovilya;38.374.477;27.167.040;105
40403;Çamlı Pınar Muhtarlık;383.699;271.646;105-805
40404;Çamlı Pınar Muhtarlık;383.695;271.643;105-805
40407;Çamlıpınar Yeni Son Durak;383.688;271.623;105-805
40410;Redresör;383.924;271.549;72-441-472-871
40411;Redresör;38.392.983.545.513;2.715.537.539.151.130;72-441-472-838-871
40412;Betonyol;383.952;271.563;72-441-472-871
40413;Betonyol;383.947;271.561;72-441-472-871
40414;Gül;3.839.668.755.712.020;27.157.012.376.389;72-441-472-871
40415;Gül;3.839.674.655.753.720;2.715.718.537.557.420;72-441-472-871
40416;Manolya;383.993;271.584;72-441-472-871
40417;Manolya;383.995;271.586;72-441-472-871
40418;Dirayet Süren İlkokulu;384.012;27.16;72-441-472-871
40419;Dirayet Süren İlkokulu;384.010;271.598;72-441-472-871
40420;Ufuk Karakolu;3.840.230.507.569.290;2.716.236.023.346.260;72-441-472-871
40421;Ufuk Karakolu;3.840.225.764.603.160;2.716.242.205.333.450;72-441-472-871
40422;Yıkıkkemer Meydan;38.403.101;27.163.822;72-441-472-871
40423;Yıkıkkemer Meydan;384.031;271.645;72-441-472-871
40430;Kreş;383.929;271.525;838
40431;Adnan Kahveci Parkı;383.957;271.529;284-838
40432;Adnan Kahveci Parkı;383.954;271.527;284-838
40433;Çağrı;383.982;271.531;284-838
40434;Çağrı;383.983;271.530;284-838
40435;Onat;383.994;271.554;284-838
40436;Onat;383.996;271.554;284-838
40437;Çamlık Cami;3.840.220.221.473.820;2.715.716.090.061.180;838
40438;Çamlık Cami;3.840.186.056.994.910;2.715.722.736.228.910;838
40449;Betonyol;383.947;271.553;284-838
40454;İşçievleri;38.393.996;27.160.439;72-472-871
40457;Selviler;38.396.102;27.161.051;72-472-871
40458;Selviler;38.396.046;27.161.139;72-472-871
40461;Çakıl;3.839.189.755.924.770;2.716.625.235.300.130;285-374-874-875-876
40462;Çakıl;383.918;271.660;285-374-874-875-876
40464;Hüdaverdi Cami;383.952;271.670;284-285-374-874-875
40467;Mustafa Eren Parkı;383.927;271.681;876
40468;Park;383.930;271.674;876
40469;Buca Menderes Mahallesi Muhtarlığı;383.921;271.704;876
40470;Buca Menderes Mahallesi Muhtarlığı;383.925;271.702;876
40471;Sağlık;383.911;271.721;876
40472;Sağlık;3.839.139.937.181.580;27.172.109.140.162;876
40475;Hüdaverdi Cami;383.947;271.676;284-285-374-874-875
40486;İstiklal;383.982;271.638;72-472-871
40487;İstiklal;383.983;271.638;72-472-871
40488;Evka 1 İtfaiye;383.969;271.684;284-285-374-874-875
40493;Işıklı Parkı;383.978;271.652;72-472-871
40494;Işıklı Parkı;383.978;271.653;72-472-871
40495;Ana Sağlığı;384.002;271.671;72-472-871
40496;Ana Sağlığı;383.999;271.668;72-472-871
40497;Bloklar;384.003;271.693;72-472-871
40498;Bloklar;384.003;271.696;72-472-871
40503;Evka 1 İtfaiye;383.961;271.693;284-285-374-874-875
40504;Evka 1 Çeşme;383.981;271.710;284-285-374-874-875
40505;Evka 1 Ceşme;383.979;271.706;284-285-374-874-875
40506; Süleyman Şah Mesleki ve Teknik Anadolu Lisesi;3.839.774.157.448.830;2.717.384.199.581.990;284-285-374-874-875
40507; Süleyman Şah Mesleki ve Teknik Anadolu Lisesi;3.839.710.058.663.080;2.717.450.030.851.470;284-285-374-874-875
40508;Buca Tenis Kulübü;383.960;271.762;284-285-875
40509;Buca Tenis Kulübü;383.959;271.761;284-285-875
40510;Mevlana Heykeli;3.839.458.773.006.810;2.717.816.139.170.890;284-285-875
40511;Mevlana Heykeli;3.839.451.344.673.350;2.717.810.669.388.370;284-285-875
40512;Eyüp Sultan Cami;383.930;27.18;284-285-875
40513;Eyüp Sultan Cami;383.929;27.18;284-285-875
40514;Mehmetçik;383.905;271.812;284-285-875
40515;Mehmetçik;38.390.564;27.181.095;284-285-875
40518;Buca Spor Salonu;383.944;271.727;876
40519;Buca Spor Salonu;383.942;271.725;876
40520;Devlet Malzeme Ofisi Çok Programlı Anadolu Lisesi;3.839.540.058.061.370;2.717.370.031.615.720;876
40521;Devlet Malzeme Ofisi Çok Programlı Anadolu Lisesi;3.839.520.058.022.480;2.717.380.031.631.980;876
40522;Dokuz Eylül Öğrenci Yurdu;383.976;271.771;374-874-876
40523;Dokuz Eylül Öğrenci Yurdu;383.976;271.770;374-874-876
40524;Buca Tütün İhracatçıları Birliği İlkokulu;383.964;27.18;374-874
40526;Yedi Göller;383.941;271.850;374-874
40527;Yedi Göller;383.942;271.850;374-874
40528;Çağdaş;383.966;271.932;284-285-875
40529;Çağdaş;383.964;271.929;284-285-875
40530;Dörtyol;383.979;271.947;284-285-875
40531;Dörtyol;383.981;271.949;284-285-875
40548;Asma;383.986;271.777;876
40549;Asma;38.398.591;27.178.061;876
40550;Şirintepe Parkı;383.998;271.795;876
40551;Şirintepe Parkı;383.997;271.794;876
40553;Şirintepe;383.998;27.180.782;876
40558;Şehit Jandarma Çadırcı;383.989;271.819;876
40559;Şehit Jandarma Çadırcı;383.987;271.817;876
40560;Akasyalar;384.006;271.837;876
40561;Akasyalar;384.001;271.833;876
40562;Afetevleri;384.017;271.851;876
40563;Afetevleri;384.018;271.855;876
40565;İZUM;3.840.512.363.732.490;2.719.004.022.522.260;475-876
40570;Basket Sahası;38.398.122;27.180.698;876
40571;Basket Sahası;38.398.124;27.180.551;876
40572;Şirintepe;38.399.663;27.180.659;876
40574;Adatepe;3.838.518.856.882.790;27.185.231.300.844;104-176-177-940
40577;Fakülte;383.842;271.827;104-176-177-940
40578;Fakülte;383.844;271.828;104-176-177-940
40579;Adatepe;3.838.530.056.928.170;27.185.300.300.321;104
40581;Adatepe Son Durak;3.838.502.861.321.790;2.718.673.318.624.760;176-177-940
40582;Adatepe Üçgen Park;3.838.278.264.282.020;2.718.585.177.844.030;104-176-177-940
40583;Adatepe Üçgen Park;3.838.293.111.227.270;27.185.894.005.091;104
40584;Işılay Saygın Güzel Sanatlar Lisesi;38.382.615;27.184.164;176-177-869-940
40586; Akşemsettin İlkokulu;383.897;271.840;284-285-875
40587; Akşemsettin İlkokulu;383.896;271.841;284-285-875
40588;Sağlık Ocağı;3.839.074.833.569.150;2.718.655.194.831.960;284-285-875
40589;Sağlık Ocağı;3.839.070.621.839.920;2.718.688.913.488.640;284-285-875
40590;Karakol;3.839.243.412.023.560;2.718.790.344.458.460;284-285-875
40591;Karakol;3.839.268.618.880.840;27.188.366.861.076;284-285-875
40592;Sultan Alparslan Anadolu Lisesi;38.394.466.586.591;2.718.988.808.138.280;284-285-875
40593;Sultan Alparslan Anadolu Lisesi;3.839.440.060.575.510;2.719.040.025.733.590;284-285-875
40598;Güneş;3.839.589.260.439.540;2.718.697.726.547.890;374-874
40599;Güneş;3.839.601.360.480.850;2.718.700.626.501.770;374-874
40600;İzkent Depo;3.839.786.264.205.610;2.718.806.407.084.220;374-874
40601;İzkent Depo;3.839.790.075.380.470;27.188.398.609.829;374-874
40602;İzkent Mahalle Muhtarlığı;383.987;271.897;374
40603;İzkent Mahalle Muhtarlığı;383.986;271.899;374
40608;İzkent 1;383.991;271.912;374
40611;Yedi Göller İş Merkezi;3.839.970.128.040.080;2.719.269.940.668.430;374-874
40612;Yedi Göller İş Merkezi;3.839.975.737.525.150;2.719.265.990.081.690;374-874
40613;Yavuz Sultan Selim Cami;383.979;271.961;284-285-875
40614;Yavuz Sultan Selim Cami;383.980;271.960;284-285-875
40619;Cumhuriyet Parkı;383.962;271.963;104-284-285-875
40620;Cumhuriyet Parkı;3.839.669.662.413.880;2.719.676.822.724.150;104-284-285-875
40623;Birlikcan;383.927;271.941;104-284-285-875
40624;Birlikcan;383.927;271.945;104-284-285-875
40625;Şehit Üst Teğmen Konuralp Özcan İlköğretim Okulu;3.839.175.962.728.510;2.719.219.325.030.640;104-875
40626;Avşar Sitesi;383.942;271.933;104-284-285-875
40627;Avşar Sitesi;383.944;271.936;104-284-285-875
40630;Çam;383.962;271.946;104-284-285-875
40631;Çam;383.961;271.947;104-284-285-875
40632;Alkent;383.935;271.952;104-284-285-875
40633;Alkent;383.940;271.951;104-284-285-875
40640;Mimar Kemalettin İlkokulu;38.40;271.947;374-874
40641;Mimar Kemalettin İlkokulu;38.40;271.948;374-874
40644;Buca İlçe Halk Kütüphanesi;3.840.234.054.380.560;2.719.618.391.910.330;104-284-285-374-866-874
40645;Buca İlçe Halk Kütüphanesi;3.840.221.564.026.430;2.719.616.121.173.630;104-284-285-374-866-874
40646;Azerbaycan;384.008;271.988;104-284-285-866
40647;Azerbaycan;384.011;271.982;104-284-285-866
40652;Evka 1 Pazaryeri;383.992;271.979;104-284-285-875
40653;Evka-1 Pazaryeri;383.988;271.979;104-284-285-875
40656;Şehit Polis Cebrail Aksöz;3.840.357.164.533.460;2.719.663.220.545.230;104-284-285-374-866-874
40657;Şehit Polis Cebrail Aksöz;3.840.335.164.510.910;2.719.686.620.531.390;104-284-285-374-866-874
40658;Mursal Meydanı;3.840.289.521.600.710;2.719.883.408.067.290;104-284-285-374-866-874
40659;Mursal Meydanı;3.840.281.334.796.920;2.719.868.967.644.560;104-284-285-374-866-874
40661;İzmir Tınaztepe Üniversitesi;3.840.190.064.718.060;2.720.030.019.739.560;104-284-285-374-475-866-869-874-875-876
40680;Düzlük;38.406.830;27.160.750;39
40681;Düzlük;384.069;271.609;39
40682;İsmet Paşa Muhtarlık;384.059;271.596;39
40683;İsmet Paşa Muhtarlık;38.405.961.583.733;2.715.959.234.159.960;39
40684;Merdivenli Yol;3.840.520.057.743.530;2.715.700.035.411.020;39
40685;Merdivenli Yol;38.405.300.578.360;27.157.400.352.231;39
40686;Çimenli Cami;384.047;271.555;39
40687;Çimenli Cami;384.048;271.556;39
40692;Çiçek;384.049;271.608;838
40693;Çiçek;3.840.485.046.222.070;2.716.104.929.898.570;838
40694;Mehtap Mahallesi Kahveler;3.840.393.533.239.260;2.715.883.598.595.580;838
40695;Mehtap Mahallesi Kahveler;3.840.375.472.781.130;27.158.280.609.944;838
40702;Ptt Karabağlar Dağıtım Toplama Merkezi;3.837.666.748.142.660;2.713.626.449.309.120;671
40703;Hat Boyu 2;38.376.590;27.143.550;671
40704;Hat Boyu 2;383.765;27.143.840;671
40705;Ptt Karabağlar Dağıtım Toplama Merkezi;3.837.682.248.224.070;2.713.666.949.138.890;671
40706;Mobilyacılar;383.771;271.393;671
40707;Mobilyacılar;38.377.290;27.139.790;671
40710;Hat Boyu;38.378.570;27.145.440;671
40711;Hat Boyu;38.378.810;27.145.440;671
40712;Hüseyin Avni Ateşoğlu İlköğretim Okulu;383.595;271.437;485
40713;Hüseyin Avni Ateşoğlu İlköğretim Okulu;383.594;271.440;485
40714;Adile Naşit Parkı;383.592;271.408;485
40715;Adile Naşit Parkı;383.593;271.410;485
40733;Buca Devlet Hastanesi;383.856;271.656;74-465-471-472-818-866-878
40734;Buca Devlet Hastanesi;383.858;271.657;74-465-471-472-818-866-878
40735;Demokrasi Meydanı;3.838.394.220.306.250;2.716.813.452.833.550;74-465-471-472-818-866-878
40736;Demokrasi Meydanı;38.384.100.540.720;2.716.820.036.385.020;74-465-471-472-818-866-878
40737;Buca Sağlık Ocağı;383.828;271.728;104-206-304-353-465-470-471-472-476-490-515-536-676-805-866-878-940
40738;Buca Sağlık Ocağı;38.382.915;27.172.524;104-206-304-353-465-470-471-472-476-490-515-536-676-805-866-878-940
40739;Buca Üçkuyular Meydan;3.838.230.054.621.310;2.717.580.034.080.410;104-304-465-470-471-472-476-490-515-536-676-805-866-878-940
40740;Buca Üçkuyular Meydan;38.382.399.988.278;2.717.574.952.303.630;472
40742;Buca Üçkuyular Meydan;3.838.235.754.657.510;2.717.593.634.019.830;104-304-465-470-471-476-490-676-805-866-878-940
40744;Buca Üçkuyular Meydan;3.838.239.054.680.650;2.717.603.033.979.390;515-536
40757;Ali Rıza Efendi İlkokulu;383.763;271.783;465-476
40758;Ali Rıza Efendi İlkokulu;38.377.075;27.177.259;465-476
40759;Buca Doğum Evi;383.757;271.806;465-476
40760;Buca Doğum Evi;38.375.770;27.180.550;465-476
40761;Yeşilkent;38.374.376;27.184.006;465-476
40762;Yeşilkent;38.374.220;27.184.520;465-476
40763;Fatih;38.373.090;27.186.940;465-476
40764;Ahmet Yesevi Öğrenci Yurdu;3.837.272.357.585.640;2.718.815.410.241.370;465-476
40765;Ahmet Yesevi Öğrenci Yurdu;3.837.242.284.443.080;2.719.027.512.652.050;465-476
40766;Hacı Bektaş Veli Parkı;383.723;27.191.040;465-476
40778;Köşe;383.765;271.768;471-676
40779;Köşe;383.762;271.769;471-676
40780;Eylül;383.742;271.783;471-676
40781;Eylül;383.738;271.781;471-676
40782;Yıldız;383.725;271.783;471-676
40783;Yıldız;383.725;271.781;471-676
40791;Çamlıkule Muhtarlık;38.374.934;27.168.518;805
40792;Çamlıkule Muhtarlık;38.374.745;27.168.503;805
40794;Kıbrıs Sineması;3.837.325.775.188.440;2.717.027.629.011.410;105-805
40795;Kıbrıs Sineması;3.837.346.033.215.180;2.717.059.474.913.730;105-805
40796;Hanımeli;383.729;271.683;105-805
40797;Hanımeli;383.729;271.687;105-805
40798;Lale;383.731;271.721;105-805
40799;Lale;383.729;271.720;105-805
40800;Çamlıkule Park;383.714;271.702;105-805
40801;Çamlıkule Park;383.719;271.706;105-805
40802;Menekşe;38.369.882.254.317;2.716.801.354.495.860;105-171-417-805
40803;Menekşe;3.837.023.636.642.430;2.716.822.175.450.920;105-171-417-805
40812;Yasemin;383.693;271.660;105-171-417-805
40813;Yasemin;38.369.396;27.166.073;105-171-417-805
40814;Nergis;383.677;271.680;105-805
40815;Nergis;383.682;271.677;105-805
40816;Yaşam;3.836.836.101.362.610;2.716.996.656.220.170;105-805
40817;Yaşam;3.836.846.688.922.410;2.716.989.802.725.750;105-805
40822;Cumhuriyet Sitesi;383.682;271.745;171-417-476-676
40824;Akmeşe;3.836.804.850.534.560;27.178.396.360.306;171-417-476-676
40825;Akmeşe;383.682;271.773;171-417-476-676
40826;Alan;38.37;271.802;471-476
40827;Cumhuriyet Sitesi;3.836.811.750.158.690;2.717.492.937.150.430;171-417-476-676
40828;Alan;383.697;271.806;471-476
40830;Hayat;3.836.973.353.589.150;2.718.384.325.748.280;471-476
40831;Hayat;38.369.735;27.184.861;471-476
40832;Manolya;38.369.927;27.190.596;471-476
40833;Manolya;383.698;271.896;471-476
40834;Hayat 2 ;3.837.013.192.703.470;2.718.668.084.325.110;471-476
40835;Kuruçeşme Merkez Cami;38.369.751;27.192.126;471-476
40836;Sıraevler;3.836.824.750.840.840;2.718.047.535.320.780;171-417-476-676
40838;Zeytinlik;383.682;271.817;171-417-476-676
40839;Zeytinlik;3.836.816.050.965.610;2.718.178.234.913.330;171-417-476-676
40849;Şehit Astsubay Ümit Başaran İlkokulu;383.677;271.853;171-417-476-676
40850;Şehit Astsubay Ümit Başaran İlkokulu;38.367.757;27.185.155;171-417-476-676
40851;Buca Kooperatif Meydan;383.678;271.876;171-417-476-676
40852;Buca Kooperatif Meydan;383.678;271.875;171-417-476-676
40853;Emek;3.836.716.840.751.720;2.718.995.755.290.130;171-476-676
40854;Emek;3.836.720.051.617.090;2.719.000.032.464.920;171-476-676
40865;Kuruçeşme Merkez Cami;3.837.062.053.183.510;2.719.307.430.803.740;476
40866;Kuruçeşme;383.721;271.931;171-476-676
40867;Şafak;3.836.786.621.111.480;27.192.406.860.056;171-476-676
40870;Şafak;3.836.766.431.650.620;2.719.263.437.053.640;171-476-676
40877;Eski Son Durak;383.677;271.964;171-476-676
40878;Eski Son Durak;383.680;271.965;171-476-676
40879;Kahve;383.668;271.941;171-476-676
40880;Kahve;383.667;271.942;171-476-676
40881;Aybers Hikmet Karabacak Anadolu Lisesi;3.836.830.052.476.680;2.719.390.031.018.050;171-476-676
40885;Kampüs Giriş;38.375.621;27.194.212;
40887;Yetmiş Beşinci Yıl İlköğretim Okulu;383.734;271.967;412
40888;Yetmiş Beşinci Yıl İlköğretim Okulu;383.737;271.967;412
40889;Spor Salonu;38.371.953;27.199.768;171-277-304-353-412-465-470-471-472-476-490-515-676-878
40890;Spor Salonu;38.372.230.546.184;2.719.967.128.344.890;171-277-304-353-412-465-470-471-472-476-490-515-676-878
40891;Kütüphane;383.710;272.028;171-277-304-353-412-465-470-471-472-476-490-515-676-878
40892;Kütüphane;3.837.120.054.667.650;2.720.280.027.588.440;171-277-304-353-412-465-470-471-472-476-490-515-676-878
40893;Tınaztepe;383.760;271.938;412
40894;Tınaztepe Yerleşke Son Durak;3.836.865.354.788.070;2.721.080.925.695.040;213-290-304-353-390-412-470-471-472-490-515-676-690-878
40895;Sosyal Tesisler;383.701;272.050;213-290-390-412-690-878
40896;Sosyal Tesisler;383.699;272.055;213-290-390-412-690-878
40897;İşletme Fakültesi;383.679;272.018;213-290-390-412-690-878
40898;Fen Edebiyat;383.680;272.028;213-290-390-412-690-878
40901;Teknopark;38.367.220;27.205.599;213-290-390-412-690-878
40902;Teknopark;38.367.330;272.055;213-290-390-412-690-878
40911;Gökdere Mezarlığı 1;383.638;272.372;277
40912;Gökdere Mezarlığı 1;383.639;272.374;277
40913;Gökdere Mezarlığı 2;383.605;272.347;277
40914;Gökdere Mezarlığı 2;383.608;272.350;277
40915;Jandarma;383.569;272.335;277
40916;Cam Fabrikası;383.716;272.367;277
40917;Cam Fabrikası;383.717;272.367;277
40918;Gökdere Köy Mezarlığı;3.837.380.060.728.710;2.723.700.016.409.150;277
40919;Gökdere Köy Mezarlığı;38.373.930.524.165;2.723.693.970.558.310;277
40920;Gökdere 1;383.767;272.393;277
40921;Gökdere 1;3.837.734.062.709.170;2.723.979.414.464.030;277
40922;Gökdere 2;383.779;272.404;277
40923;Gökdere 2;38.378.370;27.240.326;277
40924;Gökdere 3;383.797;272.408;277
40925;Gökdere 3;38.379.714;27.240.699;277
40926;Jandarma;383.568;272.336;277
40930;Bağ Arası;383.613;272.173;176-177-277
40931;Bağ Arası;383.613;272.169;176-177-277
40932;Yeni Mezarlık;383.595;272.227;176-177-277
40933;Yeni Mezarlık;383.595;272.225;176-177-277
40934;Olduruk;383.569;272.314;176-177-277
40935;Olduruk;38.356.780;27.230.768;176-277
40937;Sebze Hali;383.552;272.373;177
40938;Sebze Hali;383.552;272.378;177
40939;Jandarma;383.541;272.433;177
40940;Jandarma;383.539;272.438;177
40941;Zeytinlik;383.529;272.533;177
40942;Zeytinlik;383.530;272.534;177
40943;Çiçek;383.532;272.557;177
40944;Çiçek;383.534;272.561;177
40945;İğde;383.548;272.588;177
40946;İğde;383.551;272.593;177
40947;Köprü;38.356.841;27.261.994;177
40948;Köprü;38.356.880;27.261.870;177
40949;Dede Korkut;383.616;272.654;177
40950;Dede Korkut;383.616;272.653;177
40951;Karacaoğlan;38.363.530;27.270.884;177
40952;Karacaoğlan;38.363.420;27.269.035;177
40953;Kasap;3.836.526.462.345.890;2.727.185.009.395.840;177
40954;Çıkış;383.635;272.708;177
40955;Kasap;383.648;272.716;177
40958;Düzlük;383.663;272.735;177
40959;Sağlık Ocağı;38.366.121;27.276.225;177
40960;Sağlık Ocağı;383.662;272.762;177
40961;Kaynaklar İlköğretim Okulu;38.365.243;27.277.798;177
40962;Kaynaklar İlköğretim Okulu;383.655;272.778;177
40963;Pazar Yeri;38.364.347;27.280.759;177
40964;Pazar Yeri;383.647;272.804;177
40965;Kaynaklar Son Durak;3.836.351.624.534.370;2.728.284.917.588.630;177
40966;Yeni Mezarlık İki;383.582;272.264;176-177-277
40967;Yeni Mezarlık İki;383.581;272.259;176-177-277
40970;Atatürk Spor Lisesi Giriş;38.354.938;27.240.623;177
40971;Atatürk Spor Lisesi;38.359.629;27.242.702;177
40972;Atatürk Spor Lisesi Giriş;38.354.857;27.240.180;177
40978;Besiciler;3.835.061.676.028.280;2.722.597.525.030.740;177
40979;Besiciler;3.835.042.822.549.080;2.722.600.239.802.830;177
40980;Muzaffer Ersezgin;3.834.853.720.916.850;2.722.345.119.379.720;177
40981;Muzaffer Ersezgin;3.834.844.321.064.470;2.722.357.226.512.040;177
40982;Buca spor tesisleri;3.834.627.019.755.370;2.722.176.120.203.490;177
40983;Buca spor tesisleri;3.834.626.746.828.250;2.722.197.627.075.560;177
40986;Olduruk 2;383.565;272.294;177
40987;Olduruk 2;383.565;272.293;177
40988;Depo;383.540;272.282;177
40989;Depo;383.541;272.282;177
40990;Soğuk Hava;383.510;272.291;177
40991;Soğuk Hava;383.511;272.289;177
40992;Balık Hali Son Durak;383.492;272.302;177
40999;Buca Sebze ve Meyve Hali;383.561;272.334;176
41000;Buca Sebze ve Meyve Hali;38.356.040;27.233.560;176
41001;Gölet;38.348.691;27.240.820;176
41002;Gölet;38.348.949;27.240.653;176
41003;Yıldız;383.464;272.463;176
41004;Yıldız;383.463;272.465;176
41005;Havuz Başı;383.425;272.517;176
41006;Havuz Başı;38.342.475;27.251.863;176
41007;Orman;383.405;272.564;176
41008;Orman;38.340.732;27.255.893;176
41009;Çiftlik;3.832.592.840.654.690;2.727.041.720.163.170;176
41010;Çiftlik;3.832.608.840.753.660;2.727.050.120.118.030;176
41011;Tarla;3.831.771.636.248.620;2.727.696.020.535.730;176
41012;Tarla;38.317.894;27.276.789;176
41013;Barış;383.158;272.795;176
41014;Barış;383.157;272.796;176
41015;Mezarlık;3.831.239.033.236.880;2.728.167.020.710.270;176
41016;Mezarlık;3.831.248.033.298.530;2.728.177.020.682.010;176
41017;Harmanyeri;3.831.154.256.856.420;2.728.678.482.297.340;176
41018;Harmanyeri;3.831.165.549.115.960;2.728.690.627.523.670;176
41019;F Tipi Ceza Evi;3.830.965.760.974.820;2.730.242.740.490.540;176
41020;F tipi Ceza Evi;38.310.100.328.918;2.730.220.018.446.670;176
41021;Lojmanlar;3.830.800.031.673.790;2.730.600.018.418.140;176
41022;Lojmanlar;3.830.811.691.305.310;27.306.376.300.155;176
41023;Zeytinlik;3.830.874.049.642.520;27.309.590.676.601;176
41024;Zeytinlik;3.830.900.362.602.460;2.730.947.477.393.180;176
41025;İğde;3.831.070.724.249.510;2.731.179.053.541.820;176
41026;Sürücü Kursu;3.831.541.223.057.670;2.731.482.688.454.120;176
41027;Sürücü Kursu;3.831.561.423.822.870;2.731.523.058.574.620;176
41028;Köşe;3.831.671.532.469.710;27.316.179.227.754;176
41029;Köşe;38.317.643;27.315.927;176
41031;Şehit Mehmet Güleç;3.831.631.538.436.380;2.731.937.614.944.960;176
41032;Kırklar Meydan;3.831.858.639.865.350;2.731.742.114.592.030;176
41033;Kırklar Okul;3.831.783.712.333.420;27.319.543.983.922;176
41034;İğde;3.831.121.452.319.220;2.731.146.875.456.720;176
41035;Damatlar Mahallesi;38.312.546;27.284.380;176
41036;Çiftlik;382.968;272.948;176
41037;Çiftlik;382.968;272.949;176
41038;Öğretmen;3.830.090.026.565.220;2.730.190.020.107.220;176
41039;Öğretmen;3.830.120.026.777.060;2.730.200.020.049.860;176
41040;Başpınar;3.830.537.445.945.560;2.730.593.358.859.430;176
41041;Başpınar;3.830.553.728.413.520;2.730.587.755.467.230;176
41042;Cevizlibağ;3.831.265.135.369.880;2.731.317.016.595.610;176
41043;Cevizlibağ;3.831.242.927.165.770;27.313.480.357.236;176
41044;Malazgirt;38.304.663;273.335;176
41045;Malazgirt;38.304.574;27.333.576;176
41046;Yunus Emre;38.302.880;27.340.364;176
41047;Yunus Emre;38.302.856;27.340.263;176
41048;Karataş;38.310.776;27.323.444;176
41049;Karataş;38.311.009;27.323.060;176
41050;Meşelik;3.830.888.333.546.340;27.325.541.161.477;176
41051;Meşelik;3.830.867.433.398.520;2.732.562.916.190.440;176
41052;Belenbaşı Ortaokulu;3.830.983.470.030.540;27.282.217.443.351;176
41053;Çeşme;382.881;272.832;176
41055;Belenbaşı;3.831.170.032.795.660;2.728.150.020.841.860;176
41057;Belenbaşı Meydan;3.830.998.031.703.370;2.728.126.021.134.270;176
41058;Çamlık;383.119;272.936;176
41059;Çamlık;383.119;272.939;176
41060;Belenbaşı Yol Ayrımı;382.933;272.848;176
41061;Belenbaşı Yol Ayrımı;382.933;272.847;176
41062;Eski Park;382.960;272.893;176
41063;Eski Park;382.960;272.890;176
41064;Kavun;382.911;272.814;176
41065;Kavun;382.911;272.813;176
41066;Akasya;382.897;272.828;176
41067;Akasya;382.897;272.827;176
41068;Çeşme;382.882;272.832;176
41069;Karacaağaç Meydan;382.874;272.825;176
41070;Karacaağaç Meydan;382.873;272.826;176
41071;Üçyol;38.282.710;27.286.851;176
41072;Üçyol;382.828;272.869;176
41073;Demirci Köy;382.817;272.874;176-709
41074;Demirci Zambak;38.278.627;27.283.596;709
41075;Demirci Zambak;38.278.615;27.283.423;709
41076;Lavanta;3.827.591.109.253.490;2.728.219.423.617.640;709
41077;Lavanta;38.276.393;27.282.018;709
41078;Yoğurtçular Meydan;38.268.733;27.282.967;709
41079;Yoğurtçular Meydan;38.268.627;27.282.846;709
41080;Yoğurtçular Papatya;38.263.314;27.278.731;709
41081;Yoğurtçular Papatya;38.263.288;27.278.575;709
41083;Yoğurtçular Yol Ayrımı;38.251.180;27.263.828;709
41084;Karacaağaç Mezarlık;38.286.098;27.284.489;176
41085;Karacaağaç Mezarlık;3.828.559.060;27.284.525;176
41086;Yıldız;384.031;271.688;72-472-871
41087;Yıldız;384.029;271.697;72-472-871
41088;Telsizler;384.020;271.714;72-472-871
41089;Telsizler;384.021;271.713;72-472-871
41090;Mevlana;38.314.388;27.321.489;176
41091;Mevlana;38.314.528;27.321.190;176
41092;Ptt;38.403.403;27.166.105;34-441
41093;Koca Orman;3.830.401.930.231.820;2.733.679.259.974.860;176
41094;Yıkık Kemer;384.040;271.652;34-441
41096;Ufuk Cami;38.405.621;27.166.229;34-441
41097;Ufuk Cami;384.058;271.661;34-441
41098;Bahar;3.831.119.933.428.040;2.729.877.718.652.010;176
41099;Bahar;38.310.966;27.299.741;176
41100;Karacaağaç Mezarlık 2;38.284.160;27.287.095;176
41101;Karacaağaç Mezarlık 2;38.284.127;27.286.914;176
41102;Esentepe Gazi Engin Çiftçioğlu İlkokulu;384.073;271.664;34-441
41103;Esentepe Gazi Engin Çiftçioğlu İlkokulu;384.072;271.667;34-441
41104;Telsizler;384.079;271.680;34-441
41105;Telsizler;384.082;271.685;34-441
41106;Toros Pazaryeri;38.409.544;27.170.731;34-441
41107;Toros Pazaryeri;38.409.803.936.581;2.717.073.276.699.770;34-441
41108;Koca Orman;3.830.380.705.270.930;2.733.725.756.089.470;176
41109;Ekin;3.831.965.123.043.270;2.727.111.729.009.770;176
41110;Ekin;3.831.984.466.130.860;27.271.323.009.227;176
41111;Kuşluk;38.332.469;27.264.378;176
41112;Kuşluk;3.833.335.844.330.330;2.726.419.619.881.810;176
41113;Vatan;3.830.468.930.735.750;2.733.029.816.727.560;176
41114;Ali Fuat Cebesoy İlkokulu;3.840.513.958.828.720;2.716.331.132.914.010;34-838
41115;Ali Fuat Cebesoy İlkokulu;384.045;271.635;34
41116;Kaptan;384.074;271.625;34-838
41117;Kaptan;3.840.728.959.205.890;2.716.250.132.611.780;34
41118;Vatan;3.830.497.403.799.620;2.733.011.709.802.810;176
41119;Gölet Palmiye;38.352.169;27.235.432;176
41120;Gölet Palmiye;38.352.375;27.235.373;176
41122;Çağrı;384.058;271.573;39
41123;Çağrı;384.056;271.571;39
41124; Rıdvan Nafiz Edgüer Ortaokulu;384.069;271.595;39
41125; Rıdvan Nafiz Edgüer Ortaokulu;384.067;271.593;39
41126;İsmet Paşa;384.076;271.598;39
41127;Bucalılar;38.296.345;27.291.019;176
41128;Bucalılar;38.296.294;27.291.384;176
41135;Kasap;3.840.907.259.453.370;2.716.152.032.477.850;39-838
41136;Kasap;3.840.914.858.472.010;2.716.178.368.563.180;838
41138;Mavi Köşe;384.099;271.605;39-838
41139;Mavi Köşe;384.098;271.605;39-838
41140;Mustafa Kemal İlkokulu;3.841.098.152.672.680;2.716.741.085.381.430;42-475
41141;Mustafa Kemal İlkokulu;3.841.093.661.026.190;2.716.759.358.676.730;42-475
41142;Tepe;38.411.338;27.170.780;42-475
41143;Tepe;384.113;271.708;42-475
41144;Toros Meydan;384.105;271.731;34-42-441-475
41145;Toros Meydan;384.105;271.730;34-42-441-475
41146;Manzara;384.107;271.763;34-42-441-475
41147;Manzara;384.106;271.764;34-42-441-475
41148;Gültepe Mezarlık;384.087;271.780;34-42-441-475
41149;Gültepe Mezarlık;38.408.830;27.177.797;34-42-441-475
41150;Sevgi Ferit Akın İlköğretim Okulu;383.703;271.772;476-676
41151;Sevgi Ferit Akın İlköğretim Okulu;38.370.393;27.177.778;476-676
41152;Ömer Bilmen Cami;3.837.061.650.930.030;2.717.481.836.757.090;476-676
41153;Ömer Bilmen Cami;383.708;271.749;476-676
41154;Dilek;3.837.000.878.299.070;2.717.355.753.713.920;171-417-476-676
41155;Dilek;3.836.955.700.868.110;2.717.340.374.820.290;171-417-476-676
41156;Eski Bahçe;383.708;271.714;171-417
41157;Eski Bahçe;383.710;271.711;171-417
41161;Kasımpatı;3.837.919.951.364.870;2.715.802.441.012.120;171-417
41162;Gardenya;383.786;271.621;171-417
41163;Gardenya;383.785;271.623;171-417
41164;Kasımpatı;383.790;271.586;171-417
41165;Süsen;3.837.919.951.093.410;2.715.586.741.785.220;105-171-417
41166;Kızılkanat;3.837.970.050.704.290;2.715.170.043.201.070;105-171-417
41167;Kızılkanat;3.837.950.050.652.880;2.715.170.043.235.640;105-171-417
41168;Süsen;38.379.366;27.155.808;105-171-417
41172;Şirinyer Aktarma;3.839.021.552.930.070;2.714.886.142.245.770;874-875-876
41173;Şirinyer Aktarma;3.839.038.252.965.860;2.714.883.342.221.460;476-676-805-866
41174;Şirinyer Aktarma;3.839.055.153.002.230;2.714.880.642.196.260;441-472-838-871
41175;Şirinyer Aktarma;3.839.069.953.036.560;2.714.880.042.167.360;74-671
41176;Şirinyer Aktarma;383.905.785.299;2.714.867.542.240.640;206-536-818-878
41177;Şirinyer Aktarma;3.839.043.948.823.160;27.147.517.262.658;36-418-466
41178;Şirinyer Aktarma;383.905;271.476;818-878
41200;Hasan Ağa Bahçesi;383.814;271.795;176-177-304-536-866
41201;Işılay Saygın Lisesi;3.838.160.555.767.320;2.718.530.130.934.160;866-869
41203;Neşet Ertaş Parkı;3.838.396.656.962.270;2.718.830.129.320.620;104-866-869
41204;Işılay Saygın Lisesi;383.817;271.855;176-177-866-869-940
41205;Adatepe Park;383.864;271.897;104-866-869
41206;Neşet Ertaş Parkı;3.838.406.956.952.640;27.188.020.293.922;104-866-869
41207;Adatepe Villaları;383.881;271.934;104-866-869
41208;Adatepe Park;383.864;271.896;104-866-869
41209;Fabrikalar 1;383.905;271.969;104-866-869
41210;Adatepe Villaları;38.388.296.219.684;2.719.332.638.625.230;104-866-869
41211;Fabrikalar 2;383.947;272.028;104-866-869
41212;Fabrikalar 1;383.905;271.966;104-866-869
41213;Çay  Bahçesi;383.980;272.062;104-866-869
41214;Fabrikalar 2;383.948;272.028;104-866-869
41215;Yahya Kemal Beyatlı;3.839.802.264.206.840;2.720.420.619.601.450;104-866-869
41216;Çay  Bahçesi;3.839.780.064.506.970;2.720.620.018.955.250;104-866-869
41217;Toki Okul;383.991;272.055;104-866-875
41218;Yahya Kemal Beyatlı;383.979;272.037;104-866-869
41219;Toki AVM;383.998;272.059;104-866-875
41220;Toki Okul;38.399.243.648.038;2.720.524.118.820.120;104-866-875
41222;Toki AVM;383.997;272.061;104-866-875
41223;Jandarma Komutanlığı;38.403.532;27.203.269;876
41224;Jandarma;384.037;272.040;876
41225;Yamaç;384.002;272.029;869-875
41226;Yamaç;384.002;272.026;869-875
41227;Sosyal Yaşam Merkezi;3.840.065.129.000.160;2.720.123.939.623.490;284-285-866
41228;Sosyal Yaşam Merkezi;38.400.602;27.200.476;284-285-866
41229;Fabrikalar 3;383.958;272.055;104-866-869
41230;Fabrikalar 3;383.960;272.053;104-866-869
41231;Huzur;38.398.147;27.203.164;104-284-285-875
41232;Huzur;38.398.177;27.202.932;104-284-285-875
41233;Sosyal Yaşam Merkezi 2;38.397.907;27.201.312;104-284-285-875
41234;Sosyal Yaşam Merkezi 2;3.839.803.663.763.670;2.720.180.220.467.950;104-284-285-875
41235;Barış Manço;38.392.843;27.199.278;104-866-869
41236;Barış Manço;38.392.673;27.198.831;104-866-869
41247;Kardelen;383.673;271.494;485
41248;Kardelen;383.673;271.495;485
41249;Göksu Muhtarlık;383.666;271.468;485
41250;Göksu Muhtarlık;383.667;271.472;485
41261;Buca Gazi Ortaokulu;383.656;271.446;485
41262;Buca Gazi Ortaokulu;383.658;271.447;485
41263;Öğrenci Yurdu;383.626;271.447;485
41264;Öğrenci Yurdu;383.628;271.448;485
41295;Yenigün Muhtar;383.775;271.638;74-171-417
41296;Yenigün Muhtar;383.775;271.640;74-171-417
41297;Nazım Hikmet Parkı;383.747;271.634;74-171-417
41298;Nazım Hikmet Parkı;383.747;271.636;74-171-417
41299;Sağlık Ocağı;3.837.386.600.624.740;2.716.285.109.317.030;74
41300;Sağlık Ocağı;3.837.381.217.546.630;2.716.274.874.022.240;74
41301;Belediye Ek Hizmet Binası;3.837.250.050.398.080;2.716.550.039.570.180;171-417
41302;Belediye Ek Hizmet Binası;3.837.246.480.000.330;2.716.576.579.715.320;171-417
41305;Buca Oyak Sitesi;3.840.364.665.570.190;2.720.184.618.569.990;866-874
41307;Buca Oyak Sitesi;3.840.353.765.347.770;2.720.088.518.965.720;866-869
41309;Şirinyer Aktarma;38.390.578.528.306;2.714.755.342.669.890;206
41310;Şirinyer Aktarma;3.839.065.852.859.660;2.714.762.542.625.610;465-471-472
41311;Buca Toki Girişi;3.839.944.964.362.480;2.720.255.419.729.740;104-284-285-866-869-875
41312;Buca Toki Girişi;3.839.945.364.434.190;2.720.292.719.592.290;104-284-285-866-869-875
41313;Helimoğlu;3.831.738.935.840.070;2.727.349.321.132.220;176
41314;Helimoğlu;3.831.719.535.714.060;27.273.328.211.891;176
41315;Sakin;3.831.291.534.126.180;2.729.154.919.266.170;176
41316;Sakin;3.831.268.133.984.030;2.729.171.219.287.070;176
41317;Haralar;38.381.008.519.507;2.715.880.240.396.530;105
41318;Haralar;3.838.047.251.709.160;2.715.804.540.770.040;105
41326;Aydın;3.832.930.242.295.480;2.726.684.020.175.990;176
41327;Aydın;3.832.878.501.937.160;2.726.740.281.109.150;176
41329;Lider;3.840.693.556.111.110;2.714.519.539.720.660;
41330;Mask;3.840.796.356.603.010;2.714.680.638.783.450;
41331;Kayasuyu Cami;3.840.915.357.731.920;2.715.181.336.400.330;
41332;Erenler Cami;3.841.085.358.802.850;2.715.569.034.319.450;
41335;Balkan;3.840.142.255.425.680;2.714.827.639.897.260;36-303-304
41336;Tınaztepe Yerleşke Son Durak;3.836.849.254.691.480;2.721.055.025.811.670;171-213-277-290-304-353-390-412-465-471-472-476-490-515-676-690
41337;Kardelen;3.833.776.246.262.930;27.259.308.199.720;176
41338;Kardelen;383.378.344.633;2.725.960.219.894.510;176
41343;Ardıç;3.838.183.252.144.030;2.718.941.251.888.660;104-866
41344;Ardıç;3.838.201.456.533.190;2.718.963.129.348.080;104-866
41345;Ada;3.838.313.356.953.390;2.719.001.728.937.160;104-866
41346;Ada;3.838.300.756.763.070;2.718.902.029.312.020;104-866
41347;Lojmanlar;3.830.448.554.542.720;2.730.393.065.740.630;176
41348;Lojmanlar;3.830.409.428.847.780;2.730.356.919.406.990;176
41349;Zirve;38.395.191.616.905;27.195.384.236.902;104-284-285-875
41350;Zirve;3.839.492.061.595.510;2.719.533.223.791.380;104-284-285-875
41351;Kolej;3.839.828.297.014.430;27.200.085.204.964;104-284-285-875
41352;Kolej;3.839.851.963.566.950;2.719.990.121.003.010;104-284-285-875
41353;İzmir Tınaztepe Üniversitesi Üst Giriş;3.840.798.066.067.910;27.197.602.186.584;876
41354;İzmir Tınaztepe Üniversitesi Üst Giriş;3.840.819.366.063.310;2.719.726.018.713.970;475-876
41355;Düzlük;3.836.647.063.328.680;2.727.400.608.415.660;177
41360;Buca Oyak Sitesi;3.840.364.265.353.270;2.720.074.418.982.270;874
41361;İZUM;3.840.549.163.891.790;27.190.309.222.976;475-876
41362;Gültepe Mezarlık 2;3.840.630.813.050.850;2.718.469.124.187.180;475
41363;Millet;3.841.507.163.943.440;2.717.724.624.194.430;475
41364;Millet;3.841.489.063.877.810;2.717.715.024.295.510;475
41365;Gültepe Mezarlık 2;3.840.635.063.168.820;2.718.524.723.958.540;475
41366;Sümbül;3.841.876.265.228.160;2.717.892.422.212.290;475
41367;Sümbül;3.841.853.065.142.160;2.717.879.422.348.810;475
41368;Gültepe Spor Kompleksi;3.840.654.362.648.190;27.182.225.250.658;475
41369;Gültepe Spor Kompleksi;3.840.653.962.707.920;2.718.254.624.942.530;475
41370;Bahçe;3.837.790.450.144.030;2.715.089.943.794.230;485
41371;Bahçe;3.837.777.750.094.440;2.715.075.943.865.550;485
41372;Göksu Parkı;3.837.223.447.917.430;27.144.044.470.864;74-484
41373;İde;3.839.972.063.725.780;2.719.870.021.052.450;104-285-875
41374;Buca Oyak  2.Etap;3.840.483.865.862.030;2.720.142.018.315.640;874
41375;Buca Oyak 2.Etap;3.840.506.014.249.590;2.720.232.902.002.040;874
41376;Tınaztepe Üniversitesi Yan Giriş;3.840.519.665.841.590;2.720.075.118.441.890;475
41377;Tınaztepe Üniversitesi Yan Giriş;3.840.578.565.850.480;27.199.873.185.669;475
41378;Kaptan2;3.840.706.758.991.560;2.716.160.033.037.590;838
41379;Çiçek;3.839.707.260.698.870;2.718.644.126.398.240;874
41380;Portakal;38.400.748.627.678;2.719.182.823.266.870;874
41381;Çiçek;3.839.710.560.732.260;2.718.657.626.338.490;874
41382;Sardunya;3.840.042.862.330.120;2.718.996.924.062.320;874
41383;Sardunya;3.840.033.862.269.960;2.718.978.724.158.560;874
41384;Zeytin;3.839.900.961.829.890;27.189.556.246.577;874
41385;Zeytin;3.839.905.161.857.090;2.718.963.724.614.640;874
41386;Portakal;3.840.058.762.742.360;2.719.195.423.271.070;874
41387;Adatepe Son Durak;3.838.504.257.044.380;2.718.659.529.643.540;176-177-940
41388;Villalar;3.835.799.054.421.290;2.724.227.319.327.720;177
41389;Kasap 1;3.840.909.259.488.850;2.716.168.932.403.650;39
41390;Tınaztepe;3.837.613.855.082.910;27.193.114.295.777;
41391;Doğancılar Yolu;3.830.634.533.562.530;2.735.147.714.558.210;784
41392;Doğancılar Yolu;3.830.631.333.520.410;2.735.127.614.583.080;784
41393;Doğancılar Zeytinlik;38.308.268.354.647;2.735.554.913.649.850;784
41394;Doğancılar Zeytinlik;3.830.821.935.423.770;2.735.553.613.666.450;784
41395;Turizm Fakültesi;3.838.133.891.613.560;2.722.347.758.310.540;412
41397;Doğancılar;3.830.150.228.919.730;2.734.052.316.708.930;176
41398;Doğancılar Yeşillik;3.831.083.838.088.610;2.736.113.012.358.650;784
41399;Doğancılar Yeşillik;3.831.091.638.149.140;2.736.109.512.334.760;784
41400;İzkent 1;3.839.893.462.125.690;2.719.132.124.026.050;374
41401;Buca Tütün İhracatçıları Birliği İlkokulu;3.839.671.059.399.720;2.717.951.029.080.230;374-874
41402;Emek;3.840.305.358.891.130;27.166.633.322.027;72-472-871
41403;Emek;3.840.297.758.930.550;2.716.697.032.092.560;72-472-871
41404;Tınaztepe;3.837.592.555.140.140;2.719.404.829.319.130;
41405;Çeşme;3.832.311.559.106.250;2.727.159.300.473.550;176
41406;Çeşme;3.832.289.338.959.060;2.727.135.220.554.460;176
41408;Esenlik;3.835.006.350.230.320;2.723.824.322.230.330;176
41409;Esenlik;3.835.022.750.296.840;2.723.815.022.218.310;176
41410;Torunlar;3.830.633.031.828.990;2.732.813.216.523.630;176
41411;Torunlar;3.830.648.331.941.030;2.732.809.716.489.650;176
41412;Rüzgarlıtepe;38.311.605.331.414;2.728.915.219.818.480;176
41413;Rüzgarlıtepe;3.831.138.032.959.740;2.728.848.219.945.890;176
41416;Tınaztepe Yerleşke Son Durak;3.836.843.354.771.980;2.721.132.225.590.210;171-277-465-476-676
41418;Çamlar;3.835.328.852.918.790;2.724.801.519.026.310;177
41419;Çamlar;3.835.341.852.918.980;2.724.750.919.121.510;177
41420;Yenidünya;3.837.910.652.590.860;2.716.775.037.582.070;353-818
41421;Yenidünya;3.837.884.052.551.240;2.716.803.237.535.620;353-818
41422;Zeytintepe;3.838.185.453.309.520;2.716.726.737.196.190;353-818
41423;Zeytintepe;3.838.124.653.124.720;2.716.717.337.355.010;353-818
41424;Hoca;3.837.733.953.282.460;2.717.698.134.738.090;465-476
41425;Hoca;3.837.705.353.198.580;27.177.011.347.868;465-476
41426;Pazaryeri;3.839.537.859.443.290;2.718.203.428.518.930;374-874
41427;Pazaryeri;3.839.539.959.518.390;2.718.244.228.362.130;374-874
41428;Kozağaç;3.837.737.452.279.910;2.716.922.137.407.040;353-818
41429;Kozağaç 2;3.837.644.752.050.740;2.716.955.537.469.310;805
41432;Aydın Erten Parkı;3.840.743.162.507.390;2.718.019.925.568.240;475
41433;Aydın Erten Parkı;3.840.750.962.533.120;2.718.022.325.533.690;475
41434;Adnan Kahveci;3.839.403.555.487.010;2.715.979.937.215.880;284
41435;Adnan Kahveci;3.839.379.555.422.260;2.715.977.337.283.560;284
41436;Betonyol 2;3.839.452.054.824.470;2.715.469.439.054.850;284
41437;Pazaryeri;3.839.356.355.891.640;27.163.196.360.415;284
41438;Pazaryeri;3.839.331.855.852.440;2.716.335.436.041.730;284
41439;Zambak;3.839.314.756.194.660;2.716.584.635.145.090;284
41440;Zambak;3.839.299.856.159.520;2.716.587.435.171.450;284
41441;Çamlıkule Pazaryeri;3.837.101.350.010.840;2.716.592.039.673.560;171-417
41442;Çamlıkule Pazaryeri;3.837.085.149.958.270;2.716.587.839.714.130;171-417
50001;Üçkuyular İskele Son Durak;38.404.912.444.995;2.706.937.572.841.220;7-481-483-945-946
50002;Üçkuyular İskele Son Durak;3.840.499.844.493.840;2.706.927.472.874.060;5-6-483
50003;Üçkuyular İskele Son Durak;38.405.106;27.069.180;24-480-486
50004;Fahrettin Altay Meydan 9 ;38.397.100.436.864;2.706.860.074.243.060;5-6-7-10-24-25-82-167-202-305-311-321-480-510-551-650-675-684-883-909-945-946-971-975-977-981-982-983-984-985-987
50007;Fahrettin Altay Meydan 2;3.839.752.470.928.480;2.706.868.961.577.840;5-6-7-24-25-202-311-480-510-551-650-811-950-977
50008;Beyaz;38.396.211;27.061.614;5-6-7-8-24-25-82-202-305-311-321-481-510-650-909-971-975-977-981-982-983-984-985-987
50010;Balçova İstasyon;3.839.470.042.139.390;2.705.690.079.719.990;5-6-7-8-82-305-311-321-481-510-650-909-971-975-981-982-983-984-985-987
50011;Balçova İstasyon;3.839.494.842.059.990;2.705.600.580.098.960;5-6-7-8-82-305-311-321-481-510-650-811-909-971-975-981-982-983-984-985-987
50012;Molla Kuyusu;3.839.388.402.748.410;2.705.320.147.432.440;5-6-7-8-82-305-311-321-481-510-650-909-971-975-981-982-983-984-985-987
50013;Molla Kuyusu;383.942;270.515;5-6-7-8-82-305-311-321-510-650-811-909-971-975-981-982-983-984-985-987
50014;İş Bankası Evleri;383.940;270.493;5-6-7-8-82-305-311-321-510-650-909-971-975-981-982-983-984-985-987
50015;İş Bankası Evleri;3.839.441.441.216.550;2.704.860.583.490.230;5-6-7-8-82-305-311-321-510-811-909-971-975-981-982-983-984-985-987
50016;Çağdaş İstasyon;3.839.406.840.992.720;2.704.671.684.376.580;5-6-7-8-82-305-311-321-510-650-909-971-975-981-982-983-984-985-987
50017;Çağdaş İstasyon;3.839.436.940.896.540;2.704.563.084.848.130;5-6-7-8-82-305-311-321-510-650-811-909-971-975-981-982-983-984-985-987
50018;Hoca;38.394.060;27.042.490;5-6-7-8-82-305-311-321-481-510-650-909-971-975-981-982-983-984-985-987
50019;Hoca;383.943;270.424;5-6-7-8-82-305-311-321-510-650-811-909-971-975-981-982-983-984-985-987
50020;Dokuz Eylül Hastanesi İstasyon;3.839.413.040.229.390;2.703.940.087.720.770;5-6-7-8-82-305-311-321-481-483-510-650-909-971-975-981-982-983-984-985-987
50021;Dokuz Eylül Hastanesi İstasyon;3.839.440.040.181.150;2.703.880.087.978.680;5-6-7-8-82-305-311-321-650-811-909-971-975-981-982-983-984-985-987
50022;Dokuz Eylül;383.932;270.336;5-6-7-8-82-305-321-551-909-950-971-975-981-982-983-984-985-987
50023;Dokuz Eylül;38.393.296;270.331;5-6-7-8-82-305-321-551-909-950-971-975-981-982-983-984-985-987
50024;Kantar;3.839.272.839.188.780;2.702.975.092.271.250;5-6-7-8-82-305-321-551-909-950-971-975-981-982-983-984-985-987
50025;Kantar;3.839.278.438.902.470;2.702.681.593.638.010;5-6-7-8-82-305-321-551-909-950-971-975-981-982-983-984-985-987
50026;İzsu;383.925;270.264;5-6-7-8-82-305-321-551-909-950-971-975-981-982-983-984-985-987
50027;Güzel Sanatlar Fakültesi;3.839.290.049.503.280;2.702.400.098.248.840;5-6-7-8-82-305-321-551-909-950-971-975-981-982-983-984-985-987
50028;Güzel Sanatlar Fakültesi;38.392.600.386.612;2.702.440.094.777.670;5-6-7-8-82-305-971
50029;Balcı;383.936;270.193;5-6-7-8-82-321-551-909-950-975-981-982-983-984-985-987
50030;Balcı;383.932;270.204;5-6-7-8-82-305-321-551-909-950-971-975-981-982-983-984-985-987
50031;Narlıdere İtfaiye;383.940;270.148;5-6-7-8-82-321-551-909-950-975-981-982-983-984-985-987
50032;Narlıdere İtfaiye;38.393.833.378.162;27.015.341.990.153;5-6-7-8-82-321-551-909-950-975-981-982-983-984-985-987
50033;Narlıdere Cami;383.942;270.114;5-6-7-8-82-321-551-909-950-975-981-982-983-984-985-987
50034;Narlıdere Cami;383.940;270.120;5-6-7-8-82-321-551-909-950-975-981-982-983-984-985-987
50035;Uludağ;383.943;270.086;5-6-7-8-82-321-551-909-950-975-981-982-983-984-985-987
50036;Uludağ;38.394.271;27.007.738;5-6-7-8-82-321-551-909-950-975-981-982-983-984-985-987
50037;Köprübaşı;383.945;270.059;5-6-7-8-82-321-551-909-950-975-981-982-983-984-985-987
50038;Köprübaşı;383.944;270.050;5-6-7-8-82-321-551-909-950-975-981-982-983-984-985-987
50039;Siteler;383.950;270.028;5-6-7-8-82-321-551-909-950-975-981-982-983-984-985-987
50040;Siteler;38.394.928.365.678;27.002.162.053.436;5-6-7-8-82-321-551-909-950-975-981-982-983-984-985-987
50041;Şehitlik;38.395.867.363.128;2.699.952.606.609.090;5-6-7-8-82-321-551-909-950-975-981-982-983-984-985-987
50042;Şehitlik;3.839.579.836.266.370;2.699.903.106.854.260;5-6-7-8-82-321-551-909-950-975-981-982-983-984-985-987
50043;Narlıdere Belediye;383.964;269.958;5-8-82-321-551-909-975-981-982-983-984-985-987
50044;Narlıdere Belediye;38.396.286;26.994.762;5-8-82-321-551-909-975-981-982-983-984-985-987
50045;Narlıdere Kaymakamlık;383.966;269.908;8-82-321-551-909-975-981-982-983-984-985-987
50046;Narlıdere Kaymakamlık;383.963;269.908;8-82-321-551-909-975-981-982-983-984-985-987
50047;İstihkam Okulu;383.960;269.857;8-82-321-551-909-975-981-982-983-984-985-987
50048;İstihkam Okulu;383.959;269.860;8-82-321-551-909-975-981-982-983-984-985-987
50049;Pertev Bey;383.956;269.819;8-82-321-551-909-975-981-982-983-984-985-987
50050;Pertev Bey;3.839.550.034.695.330;2.698.200.115.336.790;8-82-321-551-909-975-981-982-983-984-985-987
50051;Lojmanlar;3.839.427.033.777.020;26.971.071.208.814;8-82-321-551-909-975-981-982-983-984-985-987
50052;Lojmanlar;383.940;269.722;8-82-321-551-909-975-981-982-983-984-985-987
50053;Subay Gazinosu;383.927;269.643;8-82-321-551-909-975-981-982-983-984-985-987
50054;Subay Gazinosu;383.926;269.642;8-82-321-551-909-975-981-982-983-984-985-987
50057;İstihkam;3.838.984.758.434.320;2.695.380.686.682.070;8-82-321-909-975-981-982-983-984-985-987
50058;İstihkam;3.838.970.032.639.090;26.954.001.295.401;8-82-321-909-975-981-982-983-984-985-987
50059;Çeşme;383.846;269.395;8-82-321-909-975-981-982-983-984-985-987
50060;Halk Plajı;383.851;269.422;8-82-321-909-975-981-982-983-984-985-987
50061;Sıdıka Akdemir Rehberlik ve Araştırma Merkezi;3.838.371.431.765.820;2.693.545.338.824.980;8-82-321-909-975-981-982-983-984-985-987
50062;Çeşme;383.845;269.395;8-82-321-909-975-981-982-983-984-985-987
50063;Liman Reis;383.832;269.302;8-82-321-909-975-981-982-983-984-985-987
50064;Sıdıka Akdemir Rehberlik ve Araştırma Merkezi;3.838.360.031.792.350;26.935.701.386.830;8-82-321-909-975-981-982-983-984-985-987
50065;Pina;3.838.419.330.995.420;2.692.456.944.677.340;8-82-321-909-975-981-982-983-984-985-987
50066;Liman Reis;383.831;269.302;8-82-321-909-975-981-982-983-984-985-987
50067;Maltepe;383.838;269.205;8-82-321-909-975-981-982-983-984-985-987
50068;Pina;3.838.368.028.532.710;2.692.639.418.906.910;8-82-321-909-975-981-982-983-984-985-987
50069;Balıkçı Kahvesi;383.829;269.181;8-82-321-909-975-981-982-983-984-985-987
50070;Maltepe;383.836;269.206;8-82-321-909-975-981-982-983-984-985-987
50071;Camcı;383.816;269.135;8-82-321-909-975-981-982-983-984-985-987
50072;Balıkçı Kahvesi;383.826;269.176;8-82-321-909-975-981-982-983-984-985-987
50073;Baydar;383.805;269.092;8-82-321-909-975-981-982-983-984-985-987
50074;Baydar;38.380.555;26.910.230;8-82-321-909-975-981-982-983-984-985-987
50075;Karaca;3.837.966.730.281.880;2.690.499.554.765.590;8-82-321-909-975-981-982-983-984-985-987
50076;Şahin;38.38;269.074;8-82-321-909-975-981-982-983-984-985-987
50077;Kirazlı;383.788;269.009;8-82-321-909-975-981-982-983-984-985-987
50079;Yemişçi;3.837.860.030.005.380;2.689.790.158.528.080;8-82-321-909-975-981-982-983-984-985-987
50080;Kirazlı;3.837.863.830.144.750;2.690.040.557.145.360;8-82-321-909-975-981-982-983-984-985-987
50081;Anıt;383.785;268.939;8-82-321-909-975-981-982-983-984-985-987
50082;Yemişçi;38.378.358;26.895.658;8-82-321-909-975-981-982-983-984-985-987
50083;Eczane;383.777;268.893;8-9-909-975-981-982-983-984-985-987
50084;Anıt;383.782;268.930;8-82-321-909-975-981-982-983-984-985-987
50085;Liman;383.771;268.845;8-9-909-975-981-982-983-984-985-987
50086;Eczane;383.779;268.908;8-9-909-975-981-982-983-984-985-987
50088;Briketçi;383.775;268.884;8-9-909-975-981-982-983-984-985-987
50089;Altmışıncı Yıl Anadolu Lisesi;3.837.640.029.280.620;2.687.930.168.622.620;8-9-909-975-981-982-983-984-985-987
50090;Liman;383.771;268.850;8-9-909-975-981-982-983-984-985-987
50091;Fidanlık;38.374.993;26.871.933;9-82-909-962-981-982-984
50092;Altmışıncı Yıl Anadolu Lisesi;3.837.620.029.300.820;2.687.910.168.699.740;8-9-909-975-981-982-983-984-985-987
50093;Elif;38.374.283;26.867.976;9-82-909-962-981-982-984
50094;Fidanlık;383.749;268.720;9-82-909-962-981-982-984
50095;Şehit Üsteğmen Deveci;383.736;268.644;9-82-909-962-981-982-984
50096;Elif;383.744;268.691;9-82-909-962-981-982-984
50097;Siteler;383.720;268.565;909-962-981-982-984
50098;Şehit Üsteğmen Deveci;383.735;268.647;9-82-909-962-981-982-984
50099;Çamlıçay Mahallesi;38.371.367;26.852.706;909-962-981-982-984
50100;Siteler;383.721;268.573;909-962-981-982-984
50101;Cemevi;3.837.097.028.654.850;2.684.911.885.034.910;909-962-981-982-984
50102;Çamlıçay Mahallesi;38.371.290;26.853.939;909-962-981-982-984
50103;Damlar;38.370.615;26.845.007;909-962-981-982-984
50104;Cemevi;3.837.079.528.690.880;2.684.917.784.958.380;909-962-981-982-984
50105;Kahveler;38.370.219;26.839.912;684-909-962-981-982-984
50106;Damlar;38.370.332;26.843.728;909-962-981-982-984
50108;Kahveler;383.699;268.391;684-909-962-981-982-984
50109;Aşıklar Çeşmesi;383.672;268.290;962-981-982-984
50110;Üç Evler;3.836.777.926.723.180;2.683.096.052.620.290;962-981-982-984
50111;İzmir Cengiz Aytmatov Sosyal Bilimler Lisesi;3.836.590.028.497.430;2.682.410.198.809.260;684-883-962-981-982-984
50113;Bakkal;383.623;268.184;962-981-982-984
50114;İzmir Cengiz Aytmatov Sosyal Bilimler Lisesi;3.836.590.028.520.350;2.682.460.198.502.680;684-883-962-981-982-984
50117;Begonya;383.585;268.142;962-981-982-984
50118;Bakkal;3.836.222.647.581.290;2.681.848.014.960.080;962-981-982-984
50119;Yakamoz;3.835.587.630.167.110;26.810.358.041.228;684-962-981-982-984
50120;Begonya;383.585;268.146;962-981-982-984
50122;Yakamoz;383.561;268.113;684-962-981-982-984
50124;Karaca;383.795;269.048;8-82-321-909-975-981-982-983-984-985-987
50126;Camcı;383.813;269.129;8-82-321-909-975-981-982-983-984-985-987
50130;Üçkuyular iskele Son Durak;3.840.483.644.478.650;2.706.926.772.901.680;10-25-650-977
50138;İkiztepe;383.962;270.629;167-480-551-950-969
50140;Barış;383.945;270.604;167-480-551-950-969
50142;Ziya Gökalp;3.839.196.542.168.650;2.705.924.378.918.680;167-480-551-950-969
50147;Balçova İstasyon;3.839.349.328.596.090;2.705.797.050.160.310;167-480-551-950-969
50149;Balçova Anadolu Lisesi;3.838.970.041.864.650;2.705.820.079.560.760;167-480-551-950-969
50150;Tatbikat Cami;38.383.229;27.060.592;167-480-551-950-969
50151;Sevgi Yolu;383.875;270.588;167-480-551-950-969
50152;Duygu;3.838.559.141.631.260;2.706.175.675.083.680;167-480-551-950-969
50153;Balçova Belediyesi;383.854;270.584;167-480-551-950-969
50154;Kabristan;38.388.338;27.060.455;167-480-551-950-969
50159;Merkez Cami;383.829;270.581;167-480-551-950-969
50160;Kadir Paşa;383.789;270.603;167
50161;Kadir Paşa;383.788;270.602;167
50163;Balçova Mezarlık;38.376.245;27.063.052;167
50165;Asmaaltı;3.838.164.629.130.860;2.705.797.822.042.110;167-480-551-950-969
50166;Gümüş;383.851;270.563;480-551-950-969
50167;Aydibi;383.848;270.575;480-551-950-969
50168;Çifte Selviler;38.386.357;27.052.225;480-551-950-969
50169;Gümüş;383.854;270.554;480-551-950-969
50170;Salih Dede Anadolu Lisesi;3.838.700.040.734.330;2.704.900.083.802.980;480-551-950-969
50171;Çifte Selviler;383.863;270.528;480-551-950-969
50172;Ekonomi Üniversitesi;383.875;270.465;480-551-950-969
50173;Salih Dede Anadolu Lisesi;3.838.723.257.843.060;2.704.831.600.412.040;480-551-950-969
50174;Teleferik;383.874;270.423;480-551-950-969
50175;Teleferik;38.387.616;27.042.901;480-481-483-551-950-969
50176;Balçova Son Durak;38.388.830;27.038.686;481-510-650-969
50177;Turem;383.875;270.409;480-481-551-950-969
50184;Engelliler Eğitim Merkezi;38.405.600.442.344;2.706.690.073.863.710;486-811
50185;Engelliler Eğitim Merkezi;3.840.593.987.306.540;2.706.652.023.926.350;486-811
50186;Dokuz Eylül Deniz Bilimleri;3.840.820.041.404.260;2.704.360.084.346.310;483-486-811
50187;Dokuz Eylül Deniz Bilimleri;3.840.830.041.434.120;2.704.380.084.238.130;483-486
50188;Karakol;384.085;270.390;486-811
50189;İnciraltı Karakolu;384.087;270.399;486
50190;Başak;3.840.848.340.558.360;2.703.676.387.574.090;486-811
50192;İnciraltı Bakü Bulvarı;384.053;270.586;486
50193;İnciraltı Bakü Bulvarı;384.055;270.585;486-811
50196;Korutürk;38.393.470.400.438;2.703.793.088.441.290;480-510-551-650-950
50197;Termal;383.895;270.380;480-481-510-551-650-950
50198;Termal;38.389.547;27.037.847;480-510-551-650-950
50199;Korutürk;3.839.336.189.462.140;27.038.131.795.829;480-481-483-510-551-650-950
50202;Ata Durağı;384.012;270.366;311-480
50203;Ata Durağı;384.011;270.367;311-480-811
50204;Sera;384.039;270.361;311-480
50205;Sera;384.037;270.362;311-480-811
50206;Beşyol;384.073;270.355;311-480-481
50207;Başak;3.840.950.040.535.380;2.703.630.087.668.240;311-480-481-486
50208;İnciraltı;38.41;270.341;311-480-481-486
50209;İnciraltı;384.115;270.336;311-480-481-486
50210;Deniz Müzesi;38.412.418;27.032.231;311-480-481-486
50211;İnciraltı Park;38.412.908;27.030.745;311-480-481-486
50212;İnciraltı Yurdu;384.128;270.308;311-480-481-486
50215;Beşyol;384.063;270.358;311-480-811
50219;İnciraltı Yeni Son Durak;38.413.887;27.028.213;311-480-481-486
50220;Çayırlı;383.930;270.182;305-971
50221;Çayırlı;383.928;270.180;305-971
50222;Maltepe;383.895;270.159;305-971
50223;Maltepe;383.894;270.158;305-971
50224;Çocuk Parkı;383.912;270.155;305-971
50225;Çocuk Parkı;383.913;270.156;305-971
50226;İkinci İnönü Meydan;383.901;270.141;305-971
50227;İkinci İnönü Meydan;38.390.183;27.014.067;305-971
50232;Köprü;383.877;270.151;305
50233;Köprü;38.387.722;27.014.902;305
50234;Seyran;383.887;270.157;305
50235;Seyran;383.886;270.157;305
50237;Atatürk Mahallesi;383.898;270.174;305
50238;Narbel Çeşme;38.382.351;27.015.027;971
50239;Narbel Çeşme;383.827;270.147;971
50240;İkinci İnönü Mahalle Muhtarlığı;383.884;270.135;971
50241;İkinci İnönü Muhtarlık;383.884;270.134;971
50242;Narlıdere İzmir Evleri;383.846;270.135;971
50243;Narlıdere İzmir Evleri;38.384.870;27.013.133;971
50244;Hasan İçyer Ortaokulu;3.838.030.937.318.420;2.701.281.400.293.560;971
50245;Yaşar Kemal Kültür Merkezi;3.838.181.733.009.960;2.701.396.001.319.180;971
50246;Radar;38.378.232;27.011.057;971
50247;Hasan İçyer Ortaokulu;3.838.011.467.886.930;2.701.265.861.317.090;971
50248;Trafo;383.802;270.113;971
50249;Radar;38.378.463;27.011.286;971
50250;Vadi;383.820;270.115;971
50251;Trafo;383.802;270.114;971
50252;Yaşar Kemal Kültür Merkezi;3.838.159.730.811.360;2.701.363.824.700.580;971
50253;Vadi;383.820;270.116;971
50258;Köşk;38.398.433;26.996.616;7
50259;Köşk;38.398.603;26.996.696;7
50260;Lojmanlar;384.020;269.955;7
50261;Lojmanlar;38.401.732;26.995.761;7
50262;Askeri Birlik;3.840.471.181.906.830;26.994.777.948.021;7
50263;Askeri Birlik;3.840.474.642.854.730;2.699.481.140.492.390;7
50266;İhsan Alyanak Parkı;384.058;269.949;7
50267;İhsan Alyanak Parkı;384.060;269.954;7
50268;İskele;38.406.587;26.998.495;7
50269;İskele;384.065;269.985;7
50270;Sahil Evleri;384.081;270.011;7
50271;Sahil Evleri;38.408.078;27.001.398;7
50272;Doktor Eroğlu Parkı;384.088;270.044;7
50273;Doktor Eroğlu Parkı;38.408.627;27.004.762;7
50274;Bakü Parkı;384.082;270.078;7
50275;Bakü Parkı;384.081;270.078;7
50276;Korsan Villa;3.840.880.037.413.940;2.701.060.100.330.840;7
50277;Korsan Villa;38.408.923;27.010.964;7
50278;İnci;384.108;270.131;7
50279;İnci;384.109;270.132;7
50280;Sahil Evleri;384.119;270.166;7
50285;Tuna;383.913;269.986;6
50286;Çamtepe;3.839.248.307.150.210;2.699.745.104.541.570;6
50287;Çamtepe;3.839.240.036.144.560;2.699.740.107.716.940;6
50288;Tuna;383.913;269.987;6
50289;Beyaz Durak;383.907;269.977;6
50290;Beyaz Durak;38.390.817.915.419;2.699.768.735.893.670;6
50291;Demet;383.894;269.973;6
50292;Demet;383.895;269.973;6
50293;Arıkent;3.838.857.168.510.920;2.699.892.025.279.790;6
50294;Narlıdere Piknik Yeri;38.394.121;26.997.263;6
50295;Narlıdere Piknik Yeri;383.942;269.971;6
50311;Kaymakamlık İstasyon;3.839.538.035.577.090;2.699.160.910.530.940;5
50312;Kaymakamlık İstasyon;3.839.548.535.593.010;2.699.180.220.868.490;5
50313;Kardelen;38.394.026;26.992.492;5
50314;Profesör Doktor Aziz Sancar Ortaokulu;3.839.211.371.005.970;2.699.011.022.605.010;5
50315;Huzurevi Zeytinlik Kapısı;383.926;269.937;5
50317;Arıkent;3.839.180.035.647.480;2.699.170.110.517.680;5
50326;Narlıdere;3.839.024.832.637.730;2.695.445.329.331.320;551
50327;Güzelbahçe Pazar Yeri;383.758;268.919;9-82-321
50328;Pazar Yeri;38.376.596;26.892.119;9-82-321
50329;Güzelbahçe Kaymakamlık;383.697;268.919;9-82-321
50330;Güzelbahçe Kaymakamlık;383.702;268.922;9-82-321
50331;Yaka Giriş;383.664;268.917;9-82-321
50332;Yaka Giriş;38.366.612;26.891.936;9-82-321
50333;Fabrika;383.633;268.905;9-82-321
50334;Fabrika;383.629;268.905;9-82-321
50335;Fırın;38.361.551;26.889.855;9-82-321
50336;Fırın;383.611;268.896;9-82-321
50337;Uğur Mumcu;383.626;268.868;9-82-321
50338;Uğur Mumcu;383.624;268.868;9-82-321
50345;Yaka Üçyol;383.626;268.934;82
50346;Yaka Üçyol;383.627;268.935;82
50347;Yaka Muhtarlık;383.614;268.947;82
50348;Yaka Muhtarlık;383.616;268.947;82
50349;Şemikler;38.363.615.636.282;2.689.548.538.880.510;82
50350;Şemikler;3.836.350.251.934.240;2.689.548.113.376.060;82
50355;Belediye;383.606;268.878;9-82-321
50356;Belediye;383.604;268.880;9-82-321
50357;Stad;383.593;268.864;8-9-82-321-762
50360;Hakkı Oğuz Tabaoğlu İlkokulu;3.836.476.036.065.080;26.874.646.746.143;9-82-762-962
50361;Hakkı Oğuz Tabaoğlu İlkokulu;38.364.569;26.874.754;9-82-762-962
50362;Güzelbahçe Meydan;383.582;268.876;8-9-82-321-762
50363;Güzelbahçe Sağlık Ocağı;383.608;268.848;8-9-82-321-762
50364;Sağlık Ocağı;383.602;268.847;8-9-82-321-762
50365;Okul Durağı;383.623;268.835;8-9-82-321-762
50366;Okul Durağı;383.621;268.829;8-9-82-321-762
50367;Asır;383.644;268.805;8-82-762
50368;Asır;3.836.432.699.705.360;2.688.032.670.221.020;8-82-762
50369;Bankacılar Sitesi;383.666;268.768;8-82-762
50370;Ünlü;383.670;268.759;8-82-762
50371;Güzelbahçe;383.571;268.870;8-9-28-82-321-762
50372;Stad;383.590;268.859;8-9-82-321-762
50374;Şehit Kemal;383.659;268.784;8-82-762
50377;Necdet Tokatlıoğlu;38.344.930;26.864.447;675-975-985-987
50378;Necdet Tokatlıoğlu;38.346.234;26.865.377;9-321-675-962-975-983-985-987
50379;Seferihisar Kavşak;383.743;268.754;8-9-82-962-975-983-985-987
50380;Seferihisar Kavşak;38.374.556;26.875.626;8-9-82-962-975-983-985-987
50382;Konutlar;383.689;268.745;8-9-82-962-975-983-985-987
50383;Konutlar;383.692;268.742;8-9-82-962-975-983-985-987
50384;Otoban Kavşağı;383.662;268.739;8-9-82-684-762-883-962-975-983-985-987
50385;Çeşme Otoban Kavşağı;383.667;268.737;8-9-82-684-762-883-962-975-983-985-987
50386;Benzin İstasyonu;38.360.550;26.872.725;8-675-975-983-985-987
50387;Benzin İstasyonu;383.608;268.724;8-675-975-983-985-987
50388;Çiçek Mezatı;3.835.635.132.039.910;2.687.037.068.878.890;8-675-975-983-985-987
50389;Çiçek Mezatı;383.559;268.697;675-975-983-985-987
50390;Karaoğlu;383.539;268.689;9-321-675-962-975-983-985-987
50391;Karaoğlu;38.353.920;26.868.575;9-321-675-962-975-983-985-987
50393;Çardak Kahve;3.834.941.033.042.280;2.686.649.968.855.630;9-321-675-962-975-983-985-987
50394;Çardak Kahve;383.496;268.669;9-321-675-962-975-983-985-987
50395;Yelki;38.342.009;26.863.524;675-975-985-987
50396;Yelki;383.419;268.639;675-975-985-987
50397;Market;3.833.638.649.676.940;2.686.323.597.107.950;675-975-985-987
50398;Market;3.833.647.008.850.760;2.686.349.984.397.220;675-975-985-987
50399;Kent Koleji;38.332.678;26.863.018;675-975-985-987
50400;Kent Koleji;383.336;268.634;675-975-983-985-987
50401;Çamlı Muhtarlık;38.315.399.383.957;26.859.865.577.761;321
50402;Yelki Villakent;38.331.258;26.863.378;321-675-762-975-983-985-987
50403;Çamlı Villaları;383.234;268.626;321-675-762-975-983-985-987
50404;Çamlı Villaları;383.231;268.628;321-675-762-975-983-985-987
50405;Çamlı Papatya;383.173;268.599;321-675-762-975-983-985-987
50406;Çamlı Papatya;38.317.467;26.860.403;321-675-762-975-983-985-987
50407;Çamlı Merkez;383.145;268.584;321-675-762-975-983-985-987
50408;Çamlı Merkez;3.831.483.638.505.120;26.858.914.579.813;675-762-975-983-985-987
50409;Çamlı Solakoğlu;383.067;268.549;675-975-983-985-987
50410;Çamlı Solakoğlu;383.084;268.557;675-975-983-985-987
50411;Çamtepe Besicilik;382.957;268.519;675-975-983-985-987
50412;Çamtepe Besicilik;38.295.713;26.852.210;675-975-983-985-987
50413;Çamtepe Eskicioğlu;38.290.190.427.684;2.684.958.747.776.160;675-975-983-985-987
50414;Çamtepe Eskicioğlu;38.290.257;26.850.012;675-975-983-985-987
50415;Hekim Köy;382.860;268.455;675-975-983-985-987
50416;Hekim Köy;38.286.693;26.846.591;675-975-983-985-987
50417;Bademler Kooperatif;382.816;268.415;675-975-983-985-987
50418;Bademler Kooperatif;3.828.195.044.577.380;2.684.203.845.733.410;675-975-983-985-987
50419;Bademler;3.827.924.645.172.240;2.683.998.644.737.650;675-975-983-985-987
50420;Bademler;3.827.927.445.146.020;2.684.029.944.598.140;675-975-983-985-987
50421;Bademler Benzin İstasyonu;3.827.421.146.191.430;2.683.778.741.911.190;675-975-983-985-987
50422;Bademler Benzin İstasyonu;382.744;268.381;675-975-983-985-987
50423;Bademler Gödence;382.706;268.364;675-975-985-987-991
50424;Bademler Gödence;3.827.186.772.296.420;26.837.243.743.671;675-975-983-985-987
50425;Yeşilkent;382.641;268.339;675-975-985-987-991
50426;Yeşilkent;38.264.786;26.834.466;675-975-985-987-991
50427;Ufuk Köy;38.253.599;26.832.808;675-732-975-985-991
50428;Ufuk Köy;38.253.954;26.832.868;675-732-975-985-991
50429;Ulamış Merkez;3.824.981.150.971.790;2.683.161.923.441.040;732-987
50430;Ulamış Merkez;382.496;268.319;732-987
50431;Ulamış Yaren;38.244.168;26.831.450;675-732-975-985-991
50432;Ulamış Yaren;38.244.135;26.831.605;675-732-975-985-991
50433;Gölet Ata;3.823.451.953.929.340;2.682.907.309.099.330;675-732-975-985-987-991
50434;Gölet Ata;38.235.414;26.829.546;675-732-975-985-987-991
50435;Seferihisar İMKB Mesleki ve Teknik Anadolu Lisesi;3.823.040.054.746.610;2.682.830.104.994.470;675-732-975-985-987-991
50436;Seferihisar İMKB Mesleki ve Teknik Anadolu Lisesi;3.823.040.054.691.680;2.682.870.104.806.330;675-732-975-985-987-991
50437;Uluslararası Seferihisar İMKB Anadolu İmam Hatip Lisesi;3.822.575.555.662.040;2.682.751.500.179.330;675-732-975-985-987-991
50438;Uluslararası Seferihisar İMKB Anadolu İmam Hatip Lisesi;3.822.590.055.581.330;26.827.901.001.637;675-732-975-985-987-991
50439;Karakayalar;3.821.535.657.396.110;2.682.784.487.886.050;675-732-975-985-987-991
50440;Karakayalar;38.215.791;26.828.051;675-732-975-985-987-991
50441;Esentepe;38.211.559;26.829.193;675-732-975-985-987-991
50442;Esentepe;3.821.256.457.658.130;2.682.912.183.929.030;675-732-975-985-987-991
50443;Öğretmenevi;3.820.740.058.241.890;2.683.070.076.840.280;675-732-975-985-987-991
50444;Öğretmenevi;3.820.719.358.206.920;26.831.092.764.095;675-732-975-985-987-991
50447;Seferihisar PTT;3.819.505.778.950.530;2.684.017.604.673.920;640-641-642-675-732-975-979-985-986-989-990-991
50449;Seferihisar Mezarlık;3.819.532.200.305.010;2.684.389.427.378.870;640-641-642-675-732-975-979-985-986-989-990-991
50451;Seferihisar Devlet Hastanesi;3.819.700.056.988.340;26.845.700.572.459;640-641-642-675-732-975-979-985-986-989-990-991
50452;Seferihisar Devlet Hastanesi;3.819.680.057.095.160;2.684.530.057.144.460;640-641-642-675-732-975-979-985-986-989-990-991
50453;Ulamış Giriş;38.239.976;26.830.078;675-732-975-985-987-991
50454;Ulamış Giriş;3.824.031.252.761.720;2.683.037.414.563.830;675-732-975-985-987-991
50464;Çiçek;383.724;268.753;8-9-82-962-975-983-985-987
50467;Yelki Üçyol;383.442;268.649;9-321-962-983
50468;Yelki Üçyol;383.442;268.651;9-321-962-983
50469;Köşe;383.426;268.663;9-321-962-983
50470;Köşe;383.427;268.662;9-321-962-983
50471;Tokatlıoğlu;38.342.467;26.869.198;9-321-962-983
50472;Tokatlıoğlu;38.342.376;26.869.224;9-321-962-983
50473;Belediye;383.420;268.712;9-321-962-983
50474;Yelki Belediye;383.421;268.712;9-321-962-983
50475;Sağlık Ocağı;383.412;268.716;321-762-962-983
50476;Yelki Sağlık Ocağı;383.412;268.717;321-762-962-983
50477;Tokatlı;383.410;268.680;983
50478;Tokatlı;383.409;268.680;983
50479;Pazar Yeri;383.406;268.664;983
50480;Yelki Pazar Yeri;383.405;268.665;983
50481;İnci;3.833.892.290.917.970;2.686.563.049.416.070;983
50482;İnci;3.833.890.034.692.850;26.865.701.654.690;983
50483;Barış Sitesi;383.369;268.642;983
50484;Barış Sitesi;383.369;268.643;983
50485;Yelki Kavşak;38.332.316;26.863.824;321-762-962-983
50486;Yelki Kavşak;38.332.048;26.863.835;321-762
50487;Şehit İlhami Yılmaz;38.336.090;26.865.260;321-762-962
50488;Şehit İlhami Yılmaz;38.336.504;26.865.659;321-762-962
50489;Yelki Saha;3.833.846.934.777.810;2.686.811.863.976.880;321-762-962
50490;Yelki Saha;38.338.585;26.868.451;321-762-962
50491;Bademler Giriş;3.827.550.046.049.010;2.683.670.143.498.210;732-983
50492;Bademler Giriş;3.827.544.567.184.340;2.683.672.574.735.120;732-983
50493;Orman;382.745;268.339;983
50494;Orman;382.744;268.339;983
50495;Bademler Ortaokulu;3.827.520.046.392.020;2.683.270.145.325.250;983
50496;Bademler Ortaokulu;3.827.510.046.409.960;2.683.270.145.245.020;983
50497;İğde;38.275.929;26.830.764;983
50506;Barış Selçuk Parkı;381.990;268.339;675-732-975-985-987-991
50507;Barış Selçuk Parkı;381.990;268.337;675-732-975-985-987-991
50508;Jandarma;38.203.146;26.832.594;675-732-975-985-987-991
50509;Jandarma;38.202.069;26.832.689;675-732-975-985-987-991
50517;Seferihisar Son Durak;3.820.155.156.164.150;2.684.677.462.682.870;640-641-642-675-732-975-979-985-986-989-990-991
50518;Seferihisar Konutlar;3.819.886.013.267.810;2.684.622.418.904.560;640-641-642-675-732-975-979-985-986-989-990-991
50519;Seferihisar Konutlar;38.199.376;26.846.510;640-641-642-675-732-975-979-985-986-989-990-991
50523;Siteler Muhtarlık;38.372.789;26.860.620;909-962-981-982-984
50524;Siteler Muhtarlık;38.372.710;26.860.935;9-82-909-962-981-982-984
50526;Kalabak;38.355.128;26.807.055;984
50528;Kıpkıp;3.835.466.370.917.140;2.680.301.345.358.820;984
50529;Kalabak;3.835.520.030.190.140;2.680.670.206.156.830;984
50530;Kalabak Cami;383.543;268.008;984
50531;Kıpkıp;383.547;268.030;984
50532;Mab Sitesi;38.354.224;26.796.956;984
50533;Kalabak Cami;383.544;268.009;984
50535;Mab Sitesi;38.354.382;26.797.047;984
50536;Özevler;38.355.572;26.792.442;984
50538;Göztepe Yelken Kulübü;3.835.682.172.134.420;2.678.823.744.053.260;984
50539;Özevler;38.355.541;26.792.912;984
50540;Muhtarlık;3.835.952.172.244.170;2.678.247.087.561.220;984
50541;Göztepe Yelken Kulübü;38.357.287.764.659;2.678.767.675.388.430;984
50542;Ada Hastanesi;383.614;267.782;984
50543;Muhtarlık;38.360.089;26.781.719;984
50545;Ada Hastanesi Giriş;383.615;267.783;984
50560;İskele;38.362.484.217.709;2.677.297.834.991.180;984
50561;İskele;383.619;267.719;738-984
50562;İl Sağlık Müdürlüğü Ek Hizmet Binaları;3.835.841.626.229.480;2.677.159.539.799.450;738-984
50563;İl Sağlık Müdürlüğü Ek Hizmet Binaları;3.835.743.228.168.750;26.771.333.296.613;738-984
50564;Katip;38.351.937;26.771.619;738-984
50565;Katip;38.352.105;26.771.541;738-984
50566;Egeli;383.474;267.718;738-984
50567;Egeli;383.470;267.717;738-984
50568;Bardakçı;38.341.701;26.770.362;738-984
50569;Bardakçı;38.341.487;26.770.107;738-984
50570;Ağaçlıyol;383.365;267.693;738-984
50571;Ağaçlıyol;383.364;267.691;738-984
50576;Yeşil Yol;3.833.440.034.345.560;2.676.860.221.488.790;684-738-760-761-906-962-984
50577;Yeşil Yol;3.833.417.730.394.430;2.676.822.239.934.880;684-738-760-761-906-962-984
50578; Urla Anadolu Lisesi;3.832.966.535.604.840;2.676.689.520.156.310;684-760-761-906-962-984
50579;Urla Mesleki ve Teknik Anadolu Lisesi;3.833.090.035.266.720;2.676.690.220.801.310;684-760-761-906-962-984
50580;Orman İşletmesi;383.275;267.666;684-732-733-734-737-738-762-882-961-962-978-984
50581;Jandarma;38.328.834;26.766.461;684-760-761-906-962-984
50583;Urla Merkez;383.257;267.667;684-732-733-734-737-738-762-882-961-962-978-984
50590;Eski Pazar Yeri;3.832.380.037.190.050;2.676.520.218.037.250;684-732-733-734-737-738-762-882-961-962-978-984
50591;Emniyet;38.321.635.092.255;2.676.297.844.373.310;684-732-733-734-737-738-762-882-961-962-978-984
50592;Emniyet;3.832.237.886.408.650;26.764.035.259.544;684-732-733-734-737-738-762-882-961-962-978-984
50597;Şehit Kemal İlkokulu;3.832.130.037.831.110;2.676.030.219.767.480;684-732-733-734-737-738-762-882-961-962-978-984
50598;Şehit Kemal İlkokulu;3.832.130.037.837.230;2.676.090.219.378.550;684-732-733-734-737-738-762-882-961-962-978-984
50599;Çeşme;38.320.718;26.757.375;684-732-733-734-737-738-762-882-961-962-978-984
50600;Çeşme;383.206;267.570;684-732-733-734-737-738-762-882-961-962-978-984
50601;Golf;383.225;267.539;684-738-962-984
50602;Golf;383.224;267.538;684-738-962-984
50605;Urla;3.832.630.036.342.670;2.675.520.225.956.260;684-732-733-734-737-738-760-761-762-882-906-961-962-978-984
50610;Çardak;383.354;26.644.350;761-978-981
50611;Aygün;38.344.359;26.786.843;962-981-982
50612;Aygün;38.344.278;26.787.239;962-981-982
50613;İzsu;383.086;266.938;737-760-761-882-883-906-978-982
50614;Kekliktepe;3.835.139.523.406.360;2.680.183.643.254.190;962-981-982
50615;Kekliktepe;383.513;268.005;962-981-982
50616;Dörtyol;383.361;267.705;883-962-981-982
50617;Dörtyol;38.336.222;26.770.153;883-962-981-982
50618;Söğüt;38.332.156;26.762.475;760-761-906-981-982
50619;Söğüt;38.332.293;26.762.088;760-761-906-981-982
50620;Özbek Yolu;38.326.870;26.746.137;737-760-761-882-883-906-961-978-981-982
50621;Özbek Yolu;3.832.715.535.917.480;2.674.619.932.407.410;737-760-761-882-883-906-961-978-981-982
50622;Çiftlik;383.250;267.343;737-760-761-882-906-961-978-981-982
50623;Çiftlik;383.252;267.344;737-760-761-882-906-961-978-981-982
50624;Sefa;38.323.566;26.725.579;737-760-761-882-906-961-978-981-982
50625;Sefa;38.323.795;26.725.379;737-760-761-882-906-961-978-981-982
50627;Benzinlik;3.831.880.837.692.420;2.671.035.552.068.210;737-760-761-882-906-961-978-981-982
50628;İzsu;383.083;266.940;737-760-761-882-883-906-978-982
50629;Akça;3.834.661.731.751.760;2.679.134.912.500.380;962-981-982
50630;İkinci Köprü;383.088;266.854;737-760-761-882-906-978-981-982
50631;İkinci Köprü;38.309.018;26.685.342;737-760-761-882-906-978-981-982
50632;İçmeler Çıkış;3.830.995.734.325.980;2.667.546.890.740.680;737-760-761-882-906-978-981-982
50633;İçmeler Çıkış;3.831.015.777.623.060;2.667.597.968.189.620;737-760-761-906-978-981-982
50634;Akça;38.346.307;26.791.432;962-981-982
50635;Rektörlük;383.185;266.439;882-883-982
50636;Çardak;38.308.744;26.688.669;737-760-761-882-906-978-981-982
50637;Torasan Mahallesi;38.317.207;26.706.705;737-760-761-882-906-978-981-982
50638;Torasan Mahallesi;38.317.319;26.707.727;737-760-761-882-906-961-978-981-982
50639;Dilek;383.217;267.171;737-760-761-882-906-961-978-981-982
50640;Dilek;383.215;267.172;737-760-761-882-906-961-978-981-982
50641;Urla Bölge Trafik;3.831.687.136.311.020;2.665.607.390.911.530;737-760-761-882-883-906-978-981-982
50642;Urla Bölge Trafik;38.315.801;26.657.436;737-760-761-882-883-906-978-981-982
50645;Süreyya Sultan Evleri;38.347.764;26.640.461;761-978-981
50646;Süreyya Sultan Evleri;38.347.703;26.640.309;761-978-981
50647;Çiftlik;38.391.660;26.623.340;761-978-981
50648;Çiftlik;38.391.530;26.623.560;761-978-981
50649;Çardak Kamp;38.410.407;26.612.336;761-978-981
50650;Çardak Kamp;38.410.310;26.612.240;761-978-981
50651;Dyo Kampı;383.407;266.416;761-978-981
50652;Manolya;38.419.366;26.592.595;761-978-981
50653;Manolya;38.419.399;26.592.227;761-978-981
50654;Yüksek Teknoloji;3.832.093.055.467.220;2.664.637.527.957.910;761-978-981
50655;Yüksek Teknoloji;3.832.089.503.153.820;2.664.667.219.112.340;761-978-981
50656;Balıkçı;38.328.205;26.644.253;761-978-981
50657;Balıkçı;38.328.806;26.644.127;761-978-981
50658;Gülbahçe;383.321;266.434;761-978-981
50659;Gülbahçe;383.321;266.435;761-978-981
50660;Dyo Kampı;383.410;266.415;761-978-981
50661;Çardak;38.336.223;26.644.275;761-978-981
50662;Saha;383.436;266.412;761-978-981
50663;Saha;38.342.883;26.641.352;761-978-981
50664;Gümüşkoy;38.350.401;26.638.798;761-978-981
50665;Gümüşkoy;38.350.630;26.638.970;761-978-981
50666;Kamp;383.545;266.411;761-978-981
50667;Kamp;383.546;266.413;761-978-981
50668;Öğretmenler;38.359.144;26.644.159;761-978-981
50669;Öğretmenler;38.359.492;266.444;761-978-981
50670;Meryem Sitesi;38.363.653;26.644.640;761-978-981
50671;Meryem Sitesi;38.363.890;26.644.804;761-978-981
50672;Göztepe;38.366.777;26.644.377;761-978-981
50673;Göztepe;38.366.954;26.644.476;761-978-981
50674;Kamelya;3.837.680.882.187.520;2.663.968.931.981.340;761-978-981
50675;Kamelya;3.837.664.912.000.960;2.664.012.532.672.930;761-978-981
50676;Pınar;3.837.697.911.427.710;2.663.594.336.166.470;761-978-981
50677;Pınar;38.377.419;26.635.222;761-978-981
50678;Kaynaktur;38.379.435;26.630.106;761-978-981
50679;Kaynaktur;383.795;266.302;761-978-981
50680;Şehit;3.838.460.545.855.160;26.626.398.050.659;761-978-981
50681;Şehit;383.846;266.265;761-978-981
50682;Market;384.175;265.897;761-978-981
50683;Market;384.177;265.897;761-978-981
50684;Sağlık Ocağı;384.230;265.843;761-978-981
50685;Sağlık Ocağı;384.230;265.845;761-978-981
50686;Balıklıova;38.425.328;26.583.644;761-978-981
50687;Balıklıova;38.425.567;26.583.759;761-978-981
50688;Pınar Evleri;38.381.992;26.626.986;761-978-981
50689;Karareis;3.842.938.022.446.740;2.658.489.364.518.460;761-978-981
50690;Pura;384.149;265.992;761-978-981
50691;Pınar Evleri;38.381.831;26.627.675;761-978-981
50692;Nar;38.420.752;26.586.412;761-978-981
50693;Pura;384.149;265.993;761-978-981
50694;Balıklıova Merkez;38.427.579;26.583.729;761-978-981
50695;Nar;38.421.287;26.586.374;761-978-981
50696;Karareis;3.842.931.593.814.560;26.584.642.214.445;761-978-981
50697;Balıklıova Merkez;38.427.735;26.583.834;761-978-981
50698;Balıklıova;384.343;265.880;981
50699;Kavacık Yol Ayrımı;383.259;270.036;24
50700;Payamlı;3.831.819.068.802.540;2.692.427.062.214.720;28
50701;Küçükkaya Köyü;3.833.178.035.702.380;2.689.596.146.612.730;28
50702;Küçükkaya Köyü;383.319;268.959;28
50703;Kavacık Çıkış;383.127;269.588;24
50704;Gülbahçe Pazaryeri;38.338.376;26.641.797;761-978-981
50705;Gülbahçe Pazaryeri;38.338.294;26.641.945;761-978-981
50706;Balıklıova İ.Ö.O;3.842.764.383.784.620;2.657.893.392.263.780;761
50707;Balıklıova İ.Ö.O;3.842.783.283.706.630;2.657.891.692.280.110;761
50708;Orkide;383.116;269.571;24-28
50709;Çardak;38.309.052;26.688.359;737-760-761-882-906-978-981-982
50710;Tırazlı Mezarlık;383.262;270.703;24
50712;Kavacık Yolu;38.360.970;27.080.066;17-24-517-522-877
50713;Kavacık Yolu;383.613;270.804;17-24-517-522-877
50714;Tırazlı;383.189;270.615;24
50715;Tırazlı;383.190;270.616;24
50716;Tırazlı Çıkış;383.197;270.592;24
50717;Tırazlı Çıkış;383.198;270.592;24
50718;Efem Çukuru;383.190;270.123;24
50720;Çadır;3.831.160.035.364.570;2.696.510.106.202.380;24
50721;Çadır;3.831.183.765.619.940;2.696.513.003.841.810;24
50722;Kavacık;383.105;269.582;24-28
50723;Zeytinalanı Kreş;383.692;268.381;909
50724;Zeytinalanı Kreş;38.369.212;26.838.249;909
50725;Zeytinalanı Meydan;383.680;268.370;909
50726;Zeytinalanı Meydan;383.679;268.371;909
50727;Zeytinalanı;3.836.630.028.980.670;2.683.660.191.326.630;909
50728;Balıklıova Gökkuşağı;38.431.749;26.586.934;981
50729;Balıklıova Gökkuşağı;3.843.133.776.318.160;26.586.649.715.580;981
50730;İçmeler;38.309.048;26.681.175;737-760-761-882-906-978-981-982
50731;İçmeler;38.309.339;26.681.203;737-760-761-882-906-978-981-982
50734;Akgün Sitesi;3.835.612.132.452.160;26.883.196.617.028;9-321
50735;Akgün Sitesi;3.835.618.232.433.170;2.688.283.961.915.870;9-321
50740;Güzelbahçe İMKB Mesleki ve Teknik Anadolu Lisesi;3.835.360.032.732.090;2.688.030.162.553.260;9-321-762
50741;Güzelbahçe İMKB Mesleki ve Teknik Anadolu Lisesi;3.835.367.649.443.520;2.688.009.737.344.370;9-321-762
50742;Yamaçevler ;38.349.727.692.099;2.687.625.346.284.230;321
50743;Yamaçevler;383.499;268.763;321
50744;Teras Evler;38.350.676;26.878.657;9-321-762
50745;Teras Evler;38.350.558;26.878.853;9-321-762
50751;Zeytinyağı Müzesi;3.828.964.381.234.770;2.655.595.165.278.650;760-906
50752;Zeytinyağı Müzesi;3.828.942.131.487.220;2.655.562.961.159.780;760-906
50753;Göksu;383.514;268.742;321
50754;Göksu;38.351.558;26.873.191;321
50755;Basket Sahası;383.534;268.706;321
50756;Basket Sahası;383.534;268.705;321
50792;Urla Emniyet;38.362.708;26.770.098;738
50793;Urla Emniyet;38.362.663;26.770.630;738
50794;İskele;383.650;267.658;738
50795;İskele;383.649;267.660;738
50796;Yalı;383.672;267.630;738
50797;Yalı;38.367.781;26.762.696;738
50798;Altınevler;383.703;267.620;738
50799;Altınevler;383.702;267.621;738
50800;Gelinkaya;38.373.603;26.761.469;738
50801;Gelinkaya;383.735;267.617;738
50802;Urla Devlet Demiryolları Kampı;38.378.458;26.759.353;738
50803;Urla Devlet Demiryolları Kampı;383.785;267.597;738
50804;Hilal;38.382.326;26.757.571;738
50805;Hilal;38.382.272;26.757.720;738
50806;Seren;383.845;267.570;738
50807;Seren;383.847;267.569;738
50808;Karye Sitesi;3.838.662.618.786.910;2.675.332.350.333.720;738
50809;Karye Sitesi;383.864;267.542;738
50810;Kavak;383.878;267.503;738
50811;Kavak;383.879;267.503;738
50812;Esen Yelleri;383.908;267.479;738
50813;Esen Yelleri;383.907;267.481;738
50814;Gönül;383.927;267.474;738
50815;Gönül;383.930;267.475;738
50816;Zeytin Ağacı;3.839.492.728.058.080;2.674.623.008.222.530;738
50817;Zeytin Ağacı;383.950;267.462;738
50818;Perihan Mahmut Celalettin Demirgüreş İlkokulu;3.839.440.015.696.290;2.674.390.258.457.750;738
50819;Perihan Mahmut Celalettin Demirgüreş İlkokulu;38.394.600.156.623;2.674.420.258.280.770;738
50820;Yaren;3.839.653.605.324.590;2.674.205.467.069.920;738
50821;Yaren;383.965;267.422;738
50822;Yıldız;38.399.397;26.740.592;738
50823;Yıldız;383.993;267.409;738
50824;Mavi Plaj;384.004;267.444;738
50825;Mavi Plaj;384.004;267.442;738
50826;Çeşmealtı Limanı;383.988;267.455;738
50827;Çeşmealtı Limanı;383.987;267.454;738
50829;Çeşmealtı;383.958;267.487;738
50830;Balıkçı Barınağı;38.399.098;26.746.698;738
50831;Balıkçı Barınağı;38.398.224;26.747.139;738
50833;Çeşmealtı Lojmanları;383.998;267.524;738
50834;Çeşmealtı Zeytinlik;38.402.161;26.739.255;738
50835;Çeşmealtı Zeytinlik;38.402.003;26.739.304;738
50848;Jandarma 2;38.328.255;26.765.124;732-733-734-737-760-761-882-906-961-978
50849;Jandarma 2;383.281;267.650;732-733-734-737-760-761-882-906-961-978
50850;Mustafa Reşit Aydın Parkı;3.832.774.835.992.230;2.675.866.924.480.040;732-733-734-737-760-761-882-906-961-978
50851;Mustafa Reşit Aydın Parkı;3.832.763.836.026.420;2.675.884.224.306.550;732-733-734-737-760-761-882-906-961-978
50852;Fidanlık;383.272;267.572;732-733-734-737-760-761-882-906-961-978
50853;Fidanlık;38.327.063;26.757.227;732-733-734-737-760-761-882-906-961-978
50854;Urla Sanat;3.832.507.871.267.870;2.675.285.970.668.330;684-732-738-762-962-984
50855;Urla Sanat;3.832.495.913.872.420;2.675.293.463.562.910;684-732-738-762-962-984
50859;Urla Sanayi 1;3.832.486.836.672.180;2.675.040.528.315.960;684-732-734-737-738-882-961-978-984
50860;Urla Sanayi 1;383.253;267.498;684-732-734-737-738-882-961-978-984
50861;Urla Sanayi 2;383.233;267.514;734-737-762-882-961-978
50862;Urla Sanayi 2;383.231;267.514;734-737-762-882-961-978
50863;Urla Sanayi 3;383.207;267.536;734-737-762-882-961-978
50864;Urla Sanayi 3;38.320.637;26.753.479;734-737-762-882-961-978
50873;Maltepe Sitesi;383.840;270.153;971
50874;Maltepe Sitesi;383.841;270.150;971
50875;Altınova Sitesi;383.842;270.181;971
50876;Altınova Sitesi;383.843;270.180;971
50877;Narbel Son Durak;3.838.620.038.095.390;2.702.040.096.817.770;971
50935;Orkide;38.352.883;27.081.098;
50936;Orkide;38.352.993;27.081.273;
50937;Uzundere Toki Cami;383.548;270.805;
50938;Uzundere Toki Cami;383.547;270.806;
50939;Sanayi Kavşağı;383.195;267.551;732-733
50940;Sanayi Kavşağı;383.196;267.551;732-733
50941;Sümbül;3.831.813.938.701.330;2.675.808.319.325.760;732-733
50942;Sümbül;3.831.840.838.624.750;2.675.801.519.532.570;732-733
50943;Kuşçular yol ayrımı;383.168;267.624;732-733
50944;Kuşçular yol ayrımı;383.169;267.624;732-733
50945;Santral;3.831.380.039.934.920;2.676.230.213.927.330;733
50946;Santral;383.138;267.627;733
50947;Kehribar;383.094;267.573;733
50948;Kehribar;38.309.278;26.757.255;733
50949;Çiçekçi;383.040;267.517;733
50950;Çiçekçi;383.038;267.516;733
50951; İzmir Yardımsevenler Derneği Kuşçular İlkokulu;3.829.990.043.930.050;2.675.110.211.714.290;733
50952; İzmir Yardımsevenler Derneği Kuşçular İlkokulu;3.829.959.244.016.610;2.675.133.511.341.080;733
50953;Kuşçular Sera;3.829.434.345.534.310;2.675.133.307.443.240;733
50954;Kuşçular Sera;38.295.039;26.751.690;733
50955;Badem;382.910;267.525;733
50956;Badem;382.909;267.527;733
50957;Ceviz;3.828.649.647.776.450;2.675.222.600.721.430;733
50958;Ceviz;38.286.603;26.752.963;733
50959;Mola;382.845;267.477;733
50960;Mola;382.846;267.480;733
50961;İncir;382.826;267.461;733
50962;İncir;382.827;267.462;733
50963;Zeytin;3.828.135.185.899.210;2.674.504.618.911.720;733
50964;Zeytin;3.828.099.049.594.530;2.674.492.800.771.730;733
50965;Ova;382.788;267.412;733
50966;Ova;3.827.892.650.315.730;2.674.152.901.162.790;733
50967;Nar;3.827.570.051.396.210;2.673.830.200.386.940;733
50968;Nar;38.275.609.305.575;2.673.839.631.079.460;733
50969;Güzelbelde;38.272.107;26.735.120;733
50970;Güzelbelde;382.722;267.353;733
50971;Kuşçular Ova İlkokulu;3.826.990.053.400.850;2.673.220.198.999.840;733
50972;Kuşçular Ova İlkokulu;3.826.997.362.288.150;2.673.242.488.927.860;733
50973;Kuşçular Orman Yangın Ekibi;382.682;267.299;733
50974;Kuşçular Orman Yangın Ekibi;382.681;26.73;733
50975;Zambak;382.659;267.243;733
50976;Zambak;382.660;267.246;733
50977;Ulu Çam;3.825.710.058.252.130;26.714.601.978.013;733
50978;Ulu Çam;3.825.708.938.234.310;2.671.490.117.257.820;733
50979;Altınköy yolu;382.490;267.136;733
50980;Altınköy yolu;382.489;267.136;733
50981;Altınköy Sitesi;382.465;267.099;733
50982;Altınköy Sitesi;38.246.972;26.710.357;733
50983;Yörük;382.441;267.090;733
50984;Yörük;382.442;267.093;733
50985;Titus;382.427;267.031;733
50986;Titus;382.426;267.033;733
50987;Çınar;382.413;267.005;733
50988;Çınar;382.413;267.007;733
50989;Yağcılar yol ayrımı;3.823.448.367.291.840;2.669.189.787.347.480;733
50990;Yağcılar yol ayrımı;3.823.465.467.210.860;2.669.222.287.338.150;733
50991;Çamlıtepe;3.823.105.061.233.120;2.669.045.267.429.390;733
50992;Çamlıtepe;3.823.110.068.596.060;2.669.070.183.983.480;733
50993;Demircili ;3.822.872.720.289.030;2.668.767.377.146.960;733
50994;Demircili ;3.822.873.068.063.660;2.668.678.524.485.110;733
50995;Demircili Meydan;3.822.778.735.482.980;2.668.653.542.749.590;733
50999;Yağcılar Sera;3.825.130.061.352.750;26.687.702.096.922;733
51001;Yağcılar Giriş;382.581;266.824;733
51002;Yağcılar Sera;3.825.117.146.764.540;2.668.739.819.027.810;733
51003;Yağcılar Son durak;382.581;266.810;733
51004;Yağcılar Giriş;382.581;266.823;733
51005;Doğa;382.576;266.928;733
51006;Doğa;382.577;266.928;733
51007;Yağcılar Yeni Son Durak;382.570;266.955;733
51008;Armola;3.819.468.864.924.470;2.683.257.941.536.250;640-642
51009;Armola;3.819.463.024.910.280;2.683.269.786.408.640;640-642
51010;Karakılçık;3.819.415.811.547.840;2.682.603.602.042.280;640-642
51011;Karakılçık;3.819.412.454.661.350;2.682.720.632.444.170;640-642
51012;Mandalina;3.819.179.277.280.060;2.682.115.837.408.940;640-642
51013;Mandalina;38.191.750.168.904;2.682.127.296.457.420;640-642
51014;Ötleğen;3.819.088.016.555.050;2.681.806.465.939.950;640-642
51015;Ötleğen;3.819.074.365.494.380;2.681.766.769.630.780;640-642
51016;Yağmurcun;3.818.936.275.587.540;2.681.234.560.313.760;640-642
51017;Yağmurcun;38.189.316.712.710;2.681.197.865.795.640;640-642
51018;LÖSEV Doğa Çiftliği;3.818.947.626.205.650;2.680.724.707.038.010;640
51019;LÖSEV Doğa Çiftliği;3.818.932.706.278.480;2.680.728.794.720.420;640
51020;Karagöl;3.819.101.452.342.480;2.680.032.996.486.150;640
51021;Karagöl;3.819.080.749.164.210;2.680.143.114.848.760;640
51022;Çıkrıkçın;3.819.183.148.106.560;2.679.564.947.926.680;640
51023;Çıkrıkçın;3.819.171.992.096.730;2.679.583.537.681.710;640
51024;Koca Çınar;3.819.295.410.046.340;2.679.233.929.973.970;640
51025;Koca Çınar;3.819.315.684.880.640;2.679.172.081.840.010;640
51026;Sığacık Pazarı;38.193.372.886.897;2.678.632.428.717.980;640
51027;Sığacık Pazarı;3.819.334.207.495.540;26.786.543.717.387;640
51028;Teos Parkı;3.819.232.349.829.720;2.678.540.953.507.030;640
51029;Teos Parkı;3.819.230.349.945.280;2.678.556.629.099.510;640
51030;Sığacık Aile Sağlığı;3.819.072.150.500.770;2.678.451.227.343.850;640
51031;Sığacık Aile Sağlığı;3.819.026.171.834.590;2.678.438.240.000.410;640
51032;Teos Marina;3.819.089.626.648.560;2.678.198.644.644.350;640
51033;Teos Marina;3.819.066.966.133.560;2.678.214.648.670.280;640
51034;Sığacık Manzara;3.819.439.998.136.470;2.677.686.274.606.950;640
51035;Sığacık Manzara;3.819.426.950.685.420;2.677.687.284.783.080;640
51036;Küçük Akkum;3.819.412.251.135.210;2.677.438.785.821.760;640
51037;Küçük Akkum;3.819.402.730.772.860;2.677.446.745.974.250;640
51038;Büyük Akkum;3.819.189.730.252.640;26.774.498.308.877;640
51039;Büyük Akkum;3.819.178.821.711.010;2.677.461.746.568.140;640
51040;Seferihisar Değirmen;3.818.823.012.547.310;2.677.490.028.243.640;640
51041;Seferihisar Değirmen;3.818.796.754.250.560;2.677.491.792.524.550;640
51042;Bilge Ağaç;3.818.475.609.313.180;2.677.585.735.382.460;640
51043;Bilge Ağaç;3.818.491.712.904.430;2.677.586.771.480.680;640
51044;Teos Piknik Alanı;3.818.548.912.180.650;2.677.908.670.764.050;640
51045;Teos Piknik Alanı;38.185.394.594.585;2.677.910.809.365.510;640
51046;Teos Antik Kenti;3.818.008.492.403.860;26.780.673.613.459;640
51047;Teos Antik Kenti;3.818.022.751.857.720;2.678.074.349.461.430;640
51048;Ekmeksiz Plaj Yolu;3.817.677.833.572.250;2.677.785.830.739.810;640
51049;Ekmeksiz Plaj Yolu;3.817.687.933.795.960;26.778.056.821.639;640
51050;Teos Villaları;3.817.064.275.230.520;2.678.037.047.149.480;640
51051;Teos Villaları;3.817.080.950.390.480;2.678.034.994.847.860;640
51052;Bilimkent;3.816.834.526.460.480;2.678.419.428.630.380;640
51053;Bilimkent;3.816.831.430.282.140;26.783.969.462.441;640
51054;Selvi;3.819.395.468.267.960;2.678.843.978.306.810;640
51055;Selvi;3.819.373.213.188.310;2.678.916.312.693.690;640
51056;Sığacık Son Durak;3.817.110.003.533.590;2.678.513.790.663.780;640
51058;Özbek Eski Son Durak;3.838.003.014.608.120;26.676.923.745.675;734
51059;Urla Devlet Hastanesi;3.832.904.519.270.840;2.674.846.506.001.710;684-732-734-738-961-984
51060;Urla Devlet Hastanesi;3.832.903.260.822.530;2.674.818.536.109.330;684-732-734-738-961-984
51061;Özbek Toki;383.312;267.467;734
51062;Özbek Toki;38.330.581;26.747.088;734
51063;Bakkal;383.368;267.359;734
51064;Bakkal;383.368;267.358;734
51065;Seralar;3.833.833.512.326.620;2.673.371.297.257.090;734
51066;Seralar;3.833.820.032.194.040;2.673.350.246.890.350;734
51067;Fabrika;38.350.282.779.765;2.672.231.579.383.850;734
51068;Fabrika;3.835.000.027.962.040;2.672.220.260.328.860;734
51069;Zeytinyağı Fabrikası;383.630;267.069;734
51070;Zeytinyağı Fabrikası;383.627;267.066;734
51071;Özbek Meydan;383.658;267.069;734
51072;Özbek Meydan;383.656;267.068;734
51073;Ilıksu Yol ayrımı;3.836.629.580.541.140;2.670.510.265.739.230;734
51074;Ilıksu Yol ayrımı;3.836.631.990.030.270;2.670.511.103.648.540;734
51075;Akkum Yolu;383.660;267.035;734
51076;Akkum Yolu;383.660;267.037;734
51077;Özbek Kabristan;383.668;266.988;734
51078;Özbek Kabristan;383.667;266.987;734
51079;Özbek Üçyol;383.746;266.847;734
51080;Özbek Üçyol;383.746;266.851;734
51081;Özbek Liman;383.750;266.824;734
51082;Özbek Liman;383.748;266.825;
51083;Özbek Plaj;383.775;266.797;734
51084;Özbek Plaj;383.772;266.797;
51085;Özbek son durak;383.799;266.769;
51086;Özbek Çamlık;38.367.732;26.695.772;734
51087;Özbek Çamlık;38.367.923;26.695.648;734
51088;Ömür Yapı Sitesi;3.839.349.453.449.270;2.667.948.269.231.750;734
51089;Özbek Günbatımı;38.391.861.377.454;2.667.836.692.532.820;734
51090;Özbek Günbatımı;3.839.184.037.220.570;2.667.814.806.880.290;734
51091;Güllü Sitesi;3.838.420.654.172.780;2.667.915.955.317.390;734
51092;Güllü Sitesi;3.838.395.640.609.920;26.679.051.901.438;734
51093;Özbek Park;3.838.046.214.780.660;2.667.975.195.453.230;734
51094;Özbek Park;3.838.053.568.242.280;2.667.958.303.354.810;
51095;Özbek Esentepe;3.838.180.669.489.810;2.668.069.406.892.520;734
51096;Özbek Esentepe;3.838.183.714.207.320;2.668.051.637.323.490;734
51140;Palmiye;38.315.547;26.766.397;732
51141;Palmiye;38.315.565;26.766.009;732
51142;Ovacık;382.974;268.064;732
51143;Ovacık;382.973;268.064;732
51144;Tekkebaşı;382.845;268.284;732
51145;Tekkebaşı;382.843;268.285;732
51146;Yeni Orman;382.756;268.351;732
51147;Yeni Orman;382.756;268.350;732
51148;Bademler Park;38.273.404;26.829.113;732
51149;Bademler Park;38.273.425;26.828.967;732
51150;Bademler Çıkış;3.827.330.047.080.480;2.682.800.146.232.890;732
51151;Bademler Çıkış;382.733;268.279;732
51152;At Çiftliği;38.269.200.485.831;2.681.840.147.852.010;732
51153;At Çiftliği;3.826.911.418.697.140;2.681.823.137.805.330;732
51154;İhsaniye yolu;3.827.240.048.383.270;2.681.220.153.891.420;732
51155;İhsaniye yolu;3.827.250.048.355.610;2.681.230.153.921.470;732
51156;İhsaniye;3.827.572.882.368.570;2.680.861.106.326.340;732
51160;Bozyer;3.826.566.485.535.820;2.681.398.251.566.950;732
51161;Bozyer;3.826.573.548.153.150;2.681.399.027.157.080;732
51162;Çiftlik;3.826.140.050.821.190;2.681.020.145.298.620;732
51163;Çiftlik;3.826.141.905.911.170;2.681.007.601.104.240;732
51164;Turgut Mezarlık;3.825.958.703.111.260;26.808.019.256.428;732
51165;Turgut Mezarlık;3.825.964.041.148.430;2.680.801.186.056.970;732
51166;Turgut Meydan;382.586;268.073;732
51167;Turgut Meydan;382.584;268.071;732
51168;Tarım  Koop;382.551;268.069;732
51169;Tarım  Koop;382.551;268.068;732
51170;Azmak Yol Ayrımı;38.245.589;26.811.055;732
51171;Azmak Yol Ayrımı;38.245.686;26.810.664;732
51172;Şehit Piyade Çavuş Ceysu Ceylan;382.444;268.153;732
51173;Şehit Piyade Çavuş Ceysu Ceylan;382.443;268.155;732
51174;Düzce Yolu;38.244.251;26.824.873;732
51175;Düzce Yolu;38.244.168;26.824.687;732
51196;Ulamış İlkokulu;38.248.600.509.059;2.683.410.121.056.460;732-985-991
51197;Ulamış İlkokulu;38.248.505.908.716;2.683.392.648.165.490;732-985-991
51198;Ulamış Mezarlık;382.472;268.384;732-985-991
51199;Ulamış Mezarlık;382.471;268.384;732-985-991
51200;Ulamış Cami;382.469;268.415;732-985-991
51201;Ulamış Cami;38.246.814;26.842.028;732-985-991
51202;Ulamış Kahveler;382.463;268.417;732-985-991
51203;Ulamış Kahveler;382.463;268.415;732-985-991
51204;Kanalboyu;38.245.186;26.838.118;732-985-991
51205;Kanalboyu;38.245.217;26.837.950;732-985-991
51206;Ulamış Çeşme;38.244.648;26.834.216;732-985-991
51207;Ulamış Çeşme;38.244.694;26.833.973;732-985-991
51208;Tümerk;383.338;267.710;738
51209;Tümerk;383.336;267.709;738
51210;Özgürkent;383.344;267.735;738
51211;Özgürkent;383.343;267.739;738
51212;Yeşil Urla;383.340;267.799;738
51213;Yeşil Urla;383.338;267.799;738
51214;İncikent;383.312;267.777;738
51215;İncikent;383.314;267.777;738
51216;Zeren;3.832.980.069.905.680;2.677.499.655.428.160;738
51217;Zeren;3.832.991.365.252.880;2.677.519.295.337.220;738
51218;Sarı Zeybek;383.281;267.710;738
51219;Sarı Zeybek;3.832.849.535.997.920;2.677.158.516.514.220;738
51220;Urla Stadı;3.832.790.851.994.770;2.676.806.102.106.550;738-762
51221;Urla Stadı;383.278;267.694;738-762
51236;Tekne Atölyesi;38.369.384;26.868.419;9
51237;Tekne Atölyesi;38.369.567;26.868.486;9
51238;Fidanlık;383.705;268.743;9
51239;Fidanlık;383.706;268.743;9
51240;Bahçe Arası;383.646;268.650;9
51241;Bahçe Arası;383.646;268.649;9
51242;Öz Zümrütevleri Giriş;383.652;268.618;9
51243;Öz Zümrütevleri Giriş;383.653;268.618;9
51244;Orkide;383.669;268.614;9
51245;Orkide;383.669;268.615;9
51246;Manolya;383.690;268.625;9
51247;Manolya;383.689;268.626;9
51258;Bulgun;38.359.111;26.860.162;9
51259;Öz Zümrütevleri;383.675;268.640;9
51274;Hisar Evleri;3.827.141.862.010.560;2.684.283.277.650.740;991
51275;Hisar Evleri;38.271.324;26.842.837;991
51276;Gelincik;382.703;268.466;991
51277;Gelincik;3.827.030.046.203.930;2.684.580.134.701.170;991
51278;Yakınca;382.728;268.640;991
51279;Yakınca;382.724;268.638;991
51280;Gölcük Giriş;3.827.557.240.337.120;2.690.613.810.751.280;991
51281;Gölcük Giriş;3.827.564.440.337.120;2.690.608.310.826.040;991
51283;Gölcük Zeytinlik;382.739;269.059;991
51285;Gölcük Meydan;3.827.120.040.771.690;2.690.470.108.205.770;991
51286;Gölcük Zeytinlik;382.741;269.060;991
51288;Meşe;382.813;269.176;991
51289;Meşe;382.809;269.171;991
51290;Selvi;382.777;269.225;991
51291;Selvi;382.777;269.224;991
51292;Çınar;382.744;269.220;991
51293;Çınar;382.743;269.218;991
51294;Akasya;38.272.537;26.920.707;991
51295;Akasya;38.272.682;26.920.713;991
51297;Gödence Meydan;382.699;269.183;991
51298;Beyler Yol ayrımı;38.270.973;26.919.748;991
51299;Beyler Yol ayrımı;38.271.173;26.919.759;991
51316;Göller;38.321.718;26.578.130;737
51317;Göller;3.832.195.288.534.360;2.657.810.585.955.220;737
51332;Beyler Üç Yol;3.815.300.103.624.640;2.689.431.313.307.910;990
51333;Beyler Üç Yol;3.815.290.593.429.640;2.689.452.213.268.330;990
51334;Dere Çeşme;3.822.800.039.885.910;2.692.440.063.641.180;990
51335;Manolya;38.181.754;26.837.354;990
51336;Beyler İlkokulu;3.822.589.416.272.360;2.692.614.380.908.220;990
51337;Bahçeköy;38.178.955;26.839.180;990
51338;İbrahim Alanı;3.821.488.312.434.660;2.691.785.390.240.160;990
51339;Kavakdere Üçyol;381.431;268.947;990
51340;Orhanlı Yol Ayrımı;3.818.855.161.278.810;2.692.171.822.129.760;990
51341;Samyeli;3.816.050.548.556.470;2.689.339.290.147.960;990
51342;Borlu;381.825;269.140;990
51343;Kavak Çayı;381.681;268.965;990
51344;Vakıf Kuyu;3.817.137.946.902.820;2.689.805.304.600.810;990
51345;Vakıf Kuyu;3.817.141.846.869.070;2.689.817.404.621.440;990
51346;Kavak Çayı;381.683;268.965;990
51347;Borlu;381.825;269.141;990
51348;Samyeli;3.816.047.248.583.510;2.689.330.290.123.080;990
51349;Orhanlı Yol Ayrımı;3.818.864.202.537.570;26.921.938.820.076;990
51350;Kavakdere Üçyol;381.430;268.946;990
51351;İbrahim Alanı;3.821.487.399.313.460;2.691.799.627.760.820;990
51352;Bahçeköy;38.178.901;26.839.433;990
51353;Beyler İlkokulu;382.257;269.260;990
51354;Manolya;38.181.780;26.837.496;990
51355;Dere Çeşme;3.822.810.039.867.290;2.692.450.063.704.980;990
51357;Beyler Son Durak;382.298;269.242;990
51393;Çamtepe;3.828.449.023.023.080;2.694.172.701.936.080;991
51394;Söğüt;3.805.977.885.138.290;2.701.434.205.475.690;776-778
51395;Söğüt;3.806.013.985.342.860;2.701.417.006.171.190;778
51396;Ladin;38.058.410;27.017.780;778
51397;Ladin;38.058.120;27.018.910;778
51398;Mavi Deniz;38.057.160;27.021.850;778
51399;Mavi Deniz;38.057.280;27.021.830;778
51400;Şahin;38.056.630;270.252;778
51401;Şahin;38.056.740;27.025.230;778
51402;Orhan Veli Parkı;38.056.310;27.030.060;778
51403;Orhan Veli Parkı;380.564;27.029.960;778
51404;Azmak;38.055.970;27.034.910;778
51405;Azmak;380.561;27.034.390;778
51406;Denizatı;38.055.650;27.038.910;778
51407;Denizatı;38.055.770;27.038.840;778
51408;Yakamoz;3.805.528.866.518.470;2.704.381.901.621.670;778
51409;Yakamoz;38.055.110;27.043.580;778
51418;Orta Mahalle Plaj;380.495;270.524;775
51419;Orta Mahalle Plaj;380.496;270.524;775
51435;Cumhuriyet Mahallesi Meydan;3.801.595.890.863.640;2.712.772.450.633.220;778
51456;Kocabuk;38.402.421;26.615.799;761-978-981
51457;Kocabuk;3.840.309.562.219.970;2.661.592.382.421.060;761-978-981
51464;Göçmen Konutları Giriş;383.141;267.043;961-981
51465;Göçmen Konutları Giriş;383.140;267.042;961-981
51466;Soydaşlar;383.119;267.047;961-981
51467;Soydaşlar;383.118;267.046;961-981
51468;Site;3.830.864.320.650.510;2.670.283.472.988.320;961-981
51469;Site;383.087;267.028;961-981
51470;Bahçe;383.072;266.997;961-981
51471;Bahçe;383.071;266.994;961-981
51472;Göçmen Konutları Çıkış;383.045;266.947;981
51473;Göçmen Konutları Çıkış;3.830.472.931.752.710;2.669.482.284.644.780;981
51474;İzsu Siteler;38.307.778;26.693.217;981
51475;İzsu Siteler;38.307.770;266.931;981
51485;Seferihisar Saha;381.895;268.355;640-641-642-675-732-975-979-985-986-989-990-991
51486;Seferihisar Saha;381.896;268.356;640-641-642-675-732-975-979-985-986-989-990-991
51487;Seferihisar Semt Garajı;38.190.235;26.837.440;640-641-642-675-732-975-979-985-986-989-990-991
51488;Seferihisar Semt Garajı;3.819.007.132.592.510;2.683.767.082.943.780;640-641-642-675-732-975-979-985-986-989-990-991
51489;Kocaçay;381.902;268.397;640-641-642-675-732-975-979-985-986-989-990-991
51490;Kocaçay;381.904;268.399;640-641-642-675-732-975-979-985-986-989-990-991
51491;Seferihisar Bahçe;38.191.531;26.843.116;640-641-642-675-732-975-979-985-986-989-990-991
51492;Seferihisar Bahçe;381.917;268.431;640-641-642-675-732-975-979-985-986-989-990-991
51493;Seferihisar İtfaiye;381.935;268.449;640-641-642-675-732-975-979-985-986-989-990-991
51494;Seferihisar İtfaiye;381.935;268.448;640-641-642-675-732-975-979-985-986-989-990-991
51496;Seferihisar Mezarlık;3.819.537.557.545.190;2.684.402.555.781.580;640-641-642-675-732-975-979-985-986-989-990-991
51497;Seferihisar Pazaryeri;381.958;268.418;640-641-642-675-732-975-979-985-986-989-990-991
51505;Rektörlük;383.184;266.435;882-883-982
51507;Yabancı Diller;383.162;266.382;882-883-982
51509;Kütüphane;38.320.425;26.639.176;882-883-982
51510;Yabancı Diller;383.163;266.381;882-883-982
51511;Şenlik Alanı;383.234;266.399;882-883-982
51512;Kütüphane;38.320.549;26.639.065;882-883-982
51513;Yurtlar;3.832.463.433.756.970;26.635.313.111.491;882-883-982
51514;Şenlik Alanı;383.232;266.397;882-883-982
51515;İYTE Kız Öğrenci Yurdu;3.832.507.162.965.780;2.663.340.522.828.020;882-883-982
51516;İYTE Sera;383.245;266.353;882-883-982
51518;İYTE Son Durak;38.324.254;26.630.990;882-883-982
51535;Siteler Sahil;383.731;268.603;Eyl.82
51536;Siteler Son Durak;383.724;268.575;Eyl.82
51545;Kaynarpınar Huzur;38.558.095;26.569.551;761
51546;Kaynarpınar Huzur;38.558.282;26.569.083;761
51547;Mordoğan Kayacık;3.848.485.968.208.890;2.661.687.052.103.990;761
51548;Mordoğan Kayacık;3.848.405.668.524.660;2.661.701.552.209.570;761
51549;Mordoğan Çakıl;3.849.323.764.996.910;2.661.579.750.451.490;761
51550;Mordoğan Çakıl;384.928;266.155;761
51551;Çatalkaya;3.849.603.464.030.950;2.661.604.149.330.360;761
51552;Çatalkaya;384.959;266.159;761
51553;Kütlücek;3.850.117.062.230.460;2.661.628.947.339.620;761
51554;Kütlücek;3.850.103.562.249.990;2.661.612.147.525.360;761
51555;Mordoğan Stad;3.850.708.060.166.790;2.661.655.644.911.690;761
51556;Mordoğan Stad;3.850.611.060.480.640;2.661.637.345.434.580;761
51557;Mordoğan İğdealtı;3.851.062.658.950.630;2.661.681.043.301.490;761
51558;Mordoğan İğdealtı;3.851.003.759.120.080;2.661.658.243.723.860;761
51559;Mordoğan Zeytin;38.514.295;26.617.012;761
51560;Mordoğan Zeytin;38.514.246;26.616.806;761
51561;Mordoğan Orkide;38.515.162;26.620.104;761-976
51562;Mordoğan Meydan;38.518.769;26.626.065;761-976
51563;Mordoğan Beyaz;385.174;266.226;761-976
51564;Mordoğan Beyaz;385.171;266.223;761-976
51566;Mordoğan Orkide;385.153;266.203;761-976
51567;Mordoğan Frezya;385.193;266.159;761-976
51568;Mordoğan Frezya;385.195;266.157;761-976
51569;Eski Mordoğan;3.852.489.453.359.330;2.661.363.339.636.810;761-976
51570;Eski Mordoğan;38.524.780.533.680;2.661.345.639.833.340;761-976
51571;Mordoğan Ardıç;385.269;266.119;761-976
51572;Mordoğan Ardıç;385.271;266.116;761-976
51573;Balıkçı Kulesi;38.531.863;26.601.737;761-976
51574;Balıkçı Kulesi;385.316;266.024;761-976
51575;Mordoğan Kayalık;38.540.599.444.914;2.659.480.346.876.240;761-976
51576;Mordoğan Kayalık;385.405;265.947;761-976
51577;Eğlenhoca;3.855.142.138.097.680;26.580.327.523.845;761-976
51578;Eğlenhoca;38.551.387.380.849;26.580.194.525.133;761-976
51579;İnecik Yol Ayrımı;38.559.958;26.566.857;761
51580;İnecik Yol Ayrımı;38.559.869;26.566.771;761
51581;Kaynarpınar;385.623;265.663;761
51582;Kaynarpınar;38.562.297;26.566.144;761
51583;Akburun;3.856.645.930.157.890;2.656.513.255.051.480;761
51584;Akburun;3.856.655.430.039.830;2.656.466.955.362.460;761
51585;Köseder Yol Ayrımı;3.857.212.227.455.340;2.656.082.854.603.610;761
51586;Köseder Yol Ayrımı;3.857.169.327.583.290;2.656.074.454.975.230;761
51587;Çevirlik Koyu;3.858.633.720.989.490;2.655.131.451.723.940;761-976
51588;Çevirlik Koyu;3.858.655.320.872.660;2.655.106.451.756.930;761-976
51589;Karaburun Esendere;386.021;265.398;761-976
51590;Karaburun Esendere;386.019;265.399;761-976
51591;Ambarseki;386.115;26.53;761-976
51592;Ambarseki;3.861.149.009.047.520;2.652.987.647.761.750;761-976
51593;Ambarseki  Filiz;3.861.770.806.201.960;2.652.468.846.177.210;761-976
51594;Ambarseki  Filiz;3.861.754.406.243.480;2.652.464.246.364.960;761-976
51595;Saip Köy;386.208;265.210;761-976
51596;Saip Köy;386.213;265.208;761-976
51597;Karaburun Stad;38.631.627;26.520.278;761-976
51598;Karaburun Stad;386.314;26.52;761-976
51599;Karaburun Mimoza;3.863.805.398.172.660;2.651.339.635.189.060;761-976
51600;Karaburun Mimoza;38.638.065;26.513.181;761-976
51601;Karaburun Güneş;38.637.349;26.512.278;761-976
51602;Karaburun Güneş;386.374;265.125;761-976
51604;Karaburun Son Durak;3.863.589.898.234.480;2.651.020.339.818.410;761-976
51614;Mordoğan Günbatımı;38.463.955;26.586.202;761
51615;Mordoğan Günbatımı;38.463.727;26.586.368;761
51616;Mordoğan Körfez;3.847.059.968.718.080;26.588.503.793.949;761
51617;Mordoğan Körfez;3.847.049.968.755.760;2.658.850.379.416.890;761
51618;Mordoğan Sümbül;38.471.762;26.598.230;761
51619;Mordoğan Sümbül;38.471.791;26.597.865;761
51620;Mordoğan Yarımada;384.722;266.060;761
51621;Mordoğan Yarımada;384.721;266.057;761
51622;Manal;38.475.237;26.612.232;761
51623;Manal;38.475.119;26.612.328;761
51625;Aşağı Boyabağ;3.857.047.156.690.780;2.656.264.508.594.170;761
51626;Aşağı Boyabağ;3.857.034.856.748.050;26.562.577.088.765;761
51627;Mordoğan Nergis;38.468.297;26.585.423;761
51628;Mordoğan Nergis;38.468.470;26.585.228;761
51629;Arko Sitesi;38.459.244;26.584.250;761
51630;Arko Sitesi;38.458.876;26.584.409;761
51631;Karaburun Nergis;38.633.040;26.522.270;761-976
51632;Karaburun Nergis;38.633.169;26.522.147;761-976
51633;Karaburun Devlet Hastanesi;38.635.259;26.522.589;761-976
51634;Karaburun Devlet Hastanesi;38.635.273;26.522.464;761-976
51635;Karaburun Azmak;38.636.795;26.518.753;761-976
51636;Karaburun Azmak;38.636.696;26.518.978;761-976
51637;Karaburun Liman;38.637.194;26.514.807;761-976
51638;Karaburun Liman;38.637.126;26.515.103;761-976
51639;Mordoğan Saklı Köy;38.470.986;26.593.498;761
51640;Mordoğan Saklı Köy;38.471.015;26.593.283;761
51641; Karaburun Mordoğan Fatma Emin Karaağaç Çok Programlı Anadolu Lisesi;3.851.664.956.778.990;2.661.657.840.973.010;761-976
51642; Karaburun Mordoğan Fatma Emin Karaağaç Çok Programlı Anadolu Lisesi;3.851.678.656.766.180;2.661.678.140.749.530;761-976
51740;İYTE Yaşam Merkezi;3.831.371.566.040.960;2.663.751.140.224.570;737-760-906
51741;İYTE Yaşam Merkezi;3.831.413.836.501.640;2.663.774.139.487.360;737-760-906
51742;Tepe Kahve;3.830.809.849.571.980;2.659.115.672.822.170;737-760-906
51743;Tepe Kahve;3.830.808.335.654.130;26.590.498.379.234;737-760-906
51745;Çeşme Tedaş;38.288.757.283.939;2.645.651.548.587.470;760
51746;Çeşme Tedaş;38.288.828;26.457.079;760
51747;Barbaros Yol ayrımı;3.830.674.735.531.490;2.658.197.744.233.910;737-760-906
51748;Barbaros Yol ayrımı;38.306.391;26.581.511;737-760-906
51749;Kocagöl;3.829.270.040.997.860;2.657.050.342.742.390;737-760-906
51750;Kocagöl;382.924;26.57;737-760-906
51751;Zeytinler Köyü;382.905;265.599;760-906
51752;Zeytinler Köyü;382.903;265.596;760-906
51753;Uzunkuyu;3.828.889.945.308.870;2.655.267.320.794.680;760-906
51754;Uzunkuyu;38.288.803;26.552.752;760-906
51755;Zeytineli;38.286.689;26.542.093;760-906
51756;Zeytineli;382.865;265.418;760-906
51757;Nohutalan;38.289.820;26.522.762;760-906
51758;Nohutalan;38.289.142;265.233;760-906
51759;Nohutalan Zeytin;38.298.097;26.513.199;760-906
51760;Nohutalan Zeytin;382.978;265.134;760-906
51761;Germiyan;38.301.188;26.480.844;760
51762;Germiyan;38.301.115;26.481.061;760-906
51763;Karaköy;38.279.630;26.440.196;760
51764;Karaköy;38.279.543;26.440.456;760
51765;Çeşme Su Arıtma;382.792;264.045;760
51766;Çeşme Su Arıtma;382.794;264.039;760
51767;Alaçatı Atatürk;38.289.013;26.382.316;760-906
51768;Alaçatı Atatürk;38.288.843;26.382.393;760-906
51769;Süren;38.288.211;26.375.489;760-906
51770;Süren;382.880;263.756;760-906
51771;Alaçatı Stadı;38.286.911;26.370.003;760-906
51772;Alaçatı Stadı;382.867;26.370.146;760-906
51773;Alaçatı Çamlı;382.912;263.679;760-906
51774;Alaçatı Çamlı;382.914;263.677;760-906
51775;Alaçatı Güneş;382.945;263.672;760-906
51776;Alaçatı Güneş;38.294.086;26.367.160;760-906
51777;Alaçatı Dostluk;38.298.848;26.366.259;760-906
51778;Alaçatı Dostluk;3.829.853.202.760.720;2.636.586.857.841.860;760-906
51779;Rıza Ertan;3.830.137.801.177.690;2.636.601.359.964.210;760-906
51780;Rıza Ertan;383.020;263.658;760-906
51781;Ilıca Köprü;383.042;263.656;760-906
51782;Ilıca Köprü;383.040;263.654;760-906
51783;Çeşme Üstgeçit;38.328.211;26.318.936;760-906
51784;Ilıca Terminal;38.305.299;26.362.487;760-906
51785;Çeşme Emniyet Müdürlüğü;383.040;263.623;760-906
51786;Ilıca Hastane;3.830.651.075.212.340;2.635.632.159.760.640;760-906
51787;Ilıca Hastane;383.066;263.569;760-906
51788;Çeşme Yunus;38.310.545;26.348.890;760-906
51789;Çeşme Yunus;383.106;263.494;760-906
51790;Çeşme Mavi;38.316.545;26.337.539;760-906
51791;Çeşme Mavi;38.317.257;26.336.853;760-906
51792;Çeşme Devlet Hastanesi;3.832.050.830.150.030;2.632.997.208.386.560;760-906
51793;Çeşme Devlet Hastanesi;3.832.101.379.559.740;2.632.980.117.460.140;760-906
51794;Çeşme Sanayi Sitesi;38.326.536;26.321.904;760-906
51795;Çeşme Yakamoz;383.262;263.228;760-906
51796;Çeşme Üstgeçit;383.279;263.188;760-906
51797;Çeşme Kültür Merkezi;38.328.445;26.315.182;760-906
51798;Çeşme Kültür Merkezi;38.328.254;26.315.470;760-906
51799;Çeşme Uğur Mumcu Parkı;38.327.260;26.312.020;760-906
51800;Çeşme Uğur Mumcu Parkı;38.326.911;26.311.916;760-906
51801;Çeşme Adliye;383.262;263.094;760-906
51802;Çeşme Adliye;38.326.116;26.309.936;760-906
51803;Çeşme Lale;38.324.980;26.313.196;760-906
51804;Çeşme Lale;3.832.534.971.929.740;2.631.356.640.147.680;760-906
51805;Çeşme Anfi Tiyatro;383.217;263.113;760-906
51806;Çeşme Anfi Tiyatro;38.321.761;26.311.825;760-906
51807;Mustafa Yücel Özbilgin Parkı;38.319.067;26.309.380;760-906
51808;Mustafa Yücel Özbilgin Parkı;383.198;263.096;760-906
51809;Çeşme Terminal;383.164;263.055;760-906
51810;Çeşme Terminal;38.316.113;26.304.785;760-906
51811;Çeşme Terminal İçi;38.315.221;26.305.023;760-906
51812;Çeşme Emniyet Müdürlüğü;38.303.670;26.362.619;760-906
51813;Alaçatı Sanayi;382.913;263.832;760-906
51814;Alaçatı Sanayi;382.916;263.830;760-906
51815;Alaçatı Çiçek;382.944;263.837;760-906
51816;Alaçatı Çiçek;38.294.576;26.383.529;760-906
51817;Alaçatı Mavi;382.988;263.834;760-906
51818;Alaçatı Mavi;38.298.683;26.383.183;760-906
51821;Fen Fakültesi;38.322.723.325.596;2.663.208.813.685.480;882-883-982
51822;Fen Fakültesi;38.322.972.324.797;2.663.239.313.600.410;882-883-982
51823;Sığacık Yol Ayrımı 2;3.819.424.328.613.210;2.683.410.333.709.060;641-732-979-989-991
51824;Yüksek Teknoloji Giriş;38.320.255.718.032;2.664.603.721.237.670;882-883-982
51825;Yüksek Teknoloji Giriş;3.832.036.118.057.880;2.664.586.406.767.490;882-883-982
51826;Fahrettin Altay Meydan 3;3.839.766.727.000.550;2.706.956.438.889.690;8-10-17-671-690-873-969
51827;Tatil Köyü;3.818.488.373.162.450;2.677.304.172.632.440;640
51828;Tatil Köyü;3.818.479.173.206.890;2.677.292.272.553.460;640
51829;Saray;38.313.796.386.538;2.685.946.357.130.670;321
51830;Saray;3.831.386.938.639.530;2.685.958.357.106.530;321
51831;Çamlı Son Durak;38.311.070.390.774;2.685.938.055.679.590;321
51832;Karaburun Hisarcık;3.864.369.496.625.190;2.651.378.529.116.470;761-976
51833;Karaburun Hisarcık;3.864.346.196.697.910;2.651.382.229.329.230;761-976
51834;Karaburun Zambak;3.864.386.196.003.420;2.651.045.231.470.240;761-976
51835;Karaburun Zambak;38.643.750.960.140;2.651.033.131.677.340;761-976
51837;Meşelik;3.821.315.841.389.280;2.691.747.050.635.970;990
51838;Meşelik;3.821.320.541.369.230;26.917.567.506.555;990
51839;Narlıdere Huzur;3.839.429.235.563.140;2.699.123.510.731.990;5
51845;İzli Kuyu;3.821.911.640.575.780;2.692.121.455.743.780;990
51846;İzli Kuyu;3.821.919.240.588.790;2.692.114.055.847.180;990
51847;İmamlar;3.822.353.839.816.630;2.692.504.659.000.950;990
51848;İmamlar;3.822.362.539.829.370;2.692.497.259.112.910;990
51849;Uysal;3.827.231.047.065.750;2.683.064.144.046.180;732
51850;Davulcu Deresi;3.827.036.347.168.250;2.683.381.640.800.580;732
51851;İncirliboğaz;3.827.382.446.408.610;26.835.787.426.249;732-983
51855;Çevirlik;3.859.706.916.607.090;2.654.637.847.090.610;761-976
51856;Çevirlik;3.859.720.116.590.030;2.654.651.546.873.140;761-976
51857;Ardıç;38.530.357.502.665;2.660.701.142.346.910;761-976
51858;Ardıç;3.853.045.050.224.470;2.660.695.842.343.480;761-976
51859;Urla Villalar;3.830.935.240.621.370;2.669.859.554.119.680;737-760-761-882-906-978-982
51860;Urla Villalar;38.309.500.405.632;2.669.829.254.439.980;737-760-761-882-906-978-982
51861;Çeşme;3.821.051.641.787.320;2.691.571.648.309.310;990
51862;Çeşme;3.821.061.241.749.650;2.691.589.348.358.310;990
51863;Bağ Bozumu;3.820.673.841.891.270;2.691.552.844.144.230;990
51864;Bağ Bozumu;3.820.687.741.895.270;26.915.498.443.109;990
51865;İncircik;3.820.221.341.852.760;2.691.601.938.805.730;990
51866;İncircik;38.202.252.418.361;2.691.609.338.828.150;990
51867;Kuzyaka;3.819.853.941.997.770;2.691.557.234.631.440;990
51868;Kuzyaka;3.819.845.941.987.240;2.691.562.334.521.080;990
51869;Han Deresi;3.819.021.142.343.840;2.691.446.824.837.450;990
51870;Han Deresi;3.819.023.842.322.450;2.691.455.624.845.480;990
51871;Kara Pınar;3.818.984.741.538.260;2.691.781.923.420.050;990
51872;Kara Pınar;38.189.915.446.574;2.691.789.886.237.520;990
51873;Yonca;38.186.780.416.952;2.691.721.319.749.940;990
51874;Yonca;3.818.677.041.667.740;2.691.732.419.706.140;990
51875;Baraj Yolu;3.817.471.846.227.320;2.690.021.708.631.210;990
51876;Baraj Yolu;3.817.457.676.783.950;2.690.034.906.257.170;990
51877;Zeybek;3.816.418.848.173.890;2.689.428.895.342.010;990
51878;Zeybek;3.816.433.748.134.470;2.689.441.095.526.240;990
51879;Kavakdere Okul;3.815.762.148.937.640;2.689.242.686.075.270;990
51880;Kavakdere Okul;3.815.769.948.893.350;2.689.256.886.155.430;990
51881;Güzel Ova;3.832.363.126.842.960;2.657.096.165.872.860;737
51882;Güzel Ova;3.832.374.326.781.120;2.657.085.566.039.780;737
51883;Açelya;38.325.464.255.144;26.566.365.711.378;737
51884;Açelya;3.832.561.725.445.680;2.656.637.171.230.680;737
51885;Rezene;3.833.875.618.177.740;2.655.535.988.973.170;737
51886;Rezene;38.338.870.181.197;2.655.530.989.081.580;737
51887;Kadıovacık Giriş;3.834.164.316.757.040;2.655.447.891.343.520;737
51888;Kadıovacık Giriş;3.834.168.016.755.740;2.655.459.891.254.480;737
51889;Kadıovacık ;3.834.302.058.058.130;2.655.359.756.074.890;737
51890;Payamlı Yolu;3.808.936.533.012.950;2.693.142.361.186.870;989
51891;Payamlı Yolu;3.808.939.032.949.540;2.693.156.761.225.580;989
51892;Petunya;3.809.148.332.586.270;2.693.274.765.210.340;989
51893;Petunya;3.809.149.232.518.990;2.693.289.865.216.770;989
51894;Reyhan;3.809.598.531.674.910;2.693.563.873.610.110;989
51895;Reyhan;3.809.589.731.604.090;26.935.781.734.324;989
51896;Payamlı Giriş;3.810.151.929.478.380;2.694.181.183.450.040;989
51897;Payamlı Giriş;3.810.158.438.177.180;2.694.206.496.659.670;989
51898;Payamlı;3.810.408.728.665.240;2.694.428.487.939.460;989
51899;Nohutalan Taş Ocağı;3.830.268.427.268.690;2.649.479.121.716.180;760-906
51900;Nohutalan Taş Ocağı;38.302.839.271.575;2.649.457.922.050.590;760-906
51908;Özbek Çamlı;3.838.658.112.256.150;2.667.867.504.963.730;734
51909;Özbek Çamlı;3.838.666.412.192.690;26.678.329.052.501;734
51914;Fahrettin Altay Aktarma Merkezi;3.839.857.343.568.110;2.706.646.175.019.250;969
51915;Fahrettin Altay Aktarma Merkezi;3.839.853.343.557.180;2.706.640.075.051.410;
51916;Fahrettin Altay Aktarma Merkezi;38.398.479.435.437;2.706.632.875.090.180;167
51917;Fahrettin Altay Aktarma Merkezi;3.839.843.343.531.290;2.706.625.975.126.610;17
51918;Fahrettin Altay Aktarma Merkezi;38.398.306.434.986;2.706.608.175.221.550;971
51920;Fahrettin Altay Aktarma Merkezi;3.839.817.743.466.620;2.706.591.075.313.490;305
51921;Fahrettin Altay Aktarma Merkezi;3.839.849.043.571.280;2.706.655.074.989.550;671
51922;Fahrettin Altay Aktarma Merkezi;3.839.845.043.561.070;27.066.495.750.190;
51923;Fahrettin Altay Aktarma Merkezi;3.839.839.643.547.810;2.706.642.575.056.850;690
51924;Fahrettin Altay Aktarma Merkezi;3.839.835.043.535.520;2.706.635.775.092.820;
51925;Fahrettin Altay Aktarma Merkezi;3.839.821.543.499.710;27.066.159.751.976;873
51928;Fahrettin Altay Aktarma Merkezi;3.839.805.543.459.230;2.706.594.075.314.620;
51929;Fahrettin Altay Aktarma Merkezi;3.839.842.043.577.620;2.706.665.674.950.660;8
51930;Fahrettin Altay Aktarma Merkezi;3.839.836.943.564.030;2.706.658.174.990.370;
51931;Fahrettin Altay Aktarma Merkezi;38.398.310.435.490;2.706.650.075.033.710;82
51932;Fahrettin Altay Aktarma Merkezi;38.398.265.435.368;2.706.643.275.069.540;321
51933;Fahrettin Altay Aktarma Merkezi;3.839.813.043.502.760;2.706.624.975.167.550;975-985
51934;Fahrettin Altay Aktarma Merkezi;3.839.807.943.489.940;2.706.618.075.204.490;675
51935;Fahrettin Altay Aktarma Merkezi;38.398.019.434.743;2.706.609.475.250.070;987
51936;Fahrettin Altay Aktarma Merkezi;3.839.797.143.461.640;2.706.602.475.287.060;
51937;Fahrettin Altay Aktarma Merkezi;3.839.828.243.571.070;2.706.670.674.945.030;984
51938;Fahrettin Altay Aktarma Merkezi;3.839.820.743.551.360;2.706.659.875.002.340;684
51939;Fahrettin Altay Aktarma Merkezi;3.839.802.743.504.520;2.706.634.275.138.310;981-982
51940;Fahrettin Altay Aktarma Merkezi;3.839.794.843.484.280;2.706.623.275.196.860;883
51941;Mermerci;38.326.143;26.862.997;321-675-762-975-983-985-987
51942;Mermerci;3.832.631.436.656.680;2.686.272.461.684.390;321-675-762-975-983-985-987
51943;Ulama;3.824.524.951.801.090;26.831.273.191.331;732-987
51944;Ulama;3.824.238.352.389.370;2.683.048.916.627.990;675-732-975-985-987-991
51945;İva;3.817.227.664.646.460;2.682.707.629.777.730;979-986-987-989
51946;İva;3.817.230.964.552.540;2.682.745.829.678.360;979-986-987-989
51947;Makine;3.831.583.335.818.630;2.663.961.903.080.160;883-982
51948;Makine;3.831.586.135.832.470;2.664.004.602.761.030;883-982
51951;Fahrettin Altay Aktarma Merkezi;3.839.791.943.472.270;27.066.153.752.356;909-983
51952;Doğan;3.818.344.861.123.880;2.683.508.243.004.460;979-986-987-989
51953;Alp;3.816.687.365.731.810;2.682.613.921.855.270;979-986-987-989
51954;Güzelbahçe Vali Kazım Paşa Ortaokulu;38.358.611.322.516;2.688.794.659.790.530;9-28-82-321
51957;Güneş;3.828.523.829.351.390;2.645.107.551.033.660;760
51958;Güneş;3.828.538.629.352.830;2.645.153.750.686.550;760
51959;Karacasarı;3.829.666.726.695.180;2.647.137.340.226.020;760
51960;Karacasarı;3.829.637.226.801.890;2.647.107.640.277.550;760
51961;Müjde;3.830.259.325.752.640;2.648.465.931.714.250;760-906
51962;Müjde;3.830.253.125.820.210;2.648.488.331.439.820;760-906
51964;Düzce Köprü;3.824.471.453.293.490;2.681.899.824.649.110;732
51965;Düzce Köprü;3.824.461.653.321.830;2.681.891.224.592.690;732
51968;Spor Salonu;3.839.145.579.919.340;2.703.813.876.932.580;480-481-510-551-650
51972;İçmeler Stad;3.831.818.837.705.730;2.670.334.656.650.920;961
51973;Dostlar Sitesi;38.324.827;26.702.841;961
51974;Lodos;3.832.616.935.129.290;2.670.727.158.756.110;961
51975;Yıldız;3.832.366.636.042.040;2.670.943.855.720.970;961
51976;Torosan;38.319.361;26.708.357;961
51977;Beylik Bağı;3.853.864.545.667.210;26.597.537.457.230;761-976
51978;Beylik Bağı;3.853.868.645.677.010;2.659.767.045.593.050;761-976
51979;Ekoköy;3.823.252.954.278.080;2.682.903.906.971.180;675-732-975-985-987-991
51980;İçmeler Son Durak;3.830.886.540.327.640;2.668.091.366.610.870;961
51981;Piri Reis;3.830.677.141.107.020;2.668.147.464.689.690;961
51982;Piri Reis;3.830.664.441.146.370;2.668.122.864.778.150;961
51983;Halikarnas Balıkçısı;3.830.530.341.701.880;26.683.771.619.323;961
51984;Halikarnas Balıkçısı;3.830.519.741.733.190;2.668.349.362.057.650;961
51985;Gizem;3.830.441.842.057.860;26.685.228.602.156;961
51986;Gizem;3.830.436.642.070.310;2.668.496.460.369.580;961
51987;Seralar;3.830.116.543.285.730;2.668.789.655.837.770;961
51988;Seralar;3.830.101.843.335.020;2.668.771.755.855.510;961
51989;Konutlar;3.830.257.642.742.840;2.668.614.658.173.340;961
51990;Konutlar;3.830.232.942.824.880;26.685.823.582.222;961
51991;Sarmaşık;38.304.841.418.490;2.668.297.162.177.140;961
51992;Fidan;3.830.352.742.482.080;2.668.992.756.144.680;961
51993;Fidan;3.830.334.842.552.450;2.669.025.155.777.560;961
51994;Tarla;3.830.446.742.237.760;2.669.433.353.667.340;961
51995;İçmeler Stad;3.831.819.537.709.440;2.670.355.556.506.150;961
51996;Dostlar Sitesi;3.832.423.835.627.920;2.670.288.360.747.390;961
51997;Lodos;3.832.578.135.221.170;2.670.617.559.310.230;961
51998;Yıldız;3.832.395.535.937.740;2.670.920.256.062.710;961
51999;Hayriye Öz Parkı;3.832.148.636.796.380;26.710.282.537.931;961
52000;Hayriye Öz Parkı;3.832.163.136.739.010;2.670.998.054.096.250;961
52001;Torasan;38.319.178.375.116;2.670.827.753.772.470;961
52002;Tarla;3.830.441.242.259.980;2.669.448.253.520.060;961
52003;Garahayıt;38.364.819.315.874;2.689.271.458.726.470;82
52004;Garahayıt;3.836.476.631.589.940;2.689.260.158.776.120;82
52005;Sahil;3.832.190.436.445.880;2.670.355.158.843.290;961
52006;Sahil;3.832.194.517.977.110;2.670.377.650.921.390;961
52007;Torosan Orman;38.326.589.162.231;2.670.898.139.570.390;961
52008;Torosan Orman;3.832.623.935.162.330;2.670.888.057.649.860;961
52009;Ulamış Ortaokulu;3.824.820.351.035.890;2.683.354.220.941.950;675-975
52010;Ulamış Ortaokulu;38.248.208.510.170;2.683.370.320.868.580;675-975
52011;Ağalar Deresi;3.824.613.051.440.440;2.683.308.919.127.250;675-975
52012;Ağalar Deresi;3.824.605.451.439.910;2.683.320.618.995.490;675-975
52013;Şehit Abdullah Tayyip Olçok Anadolu İmam Hatip Lisesi;38.339.571.346.222;2.686.970.663.539.680;321-762-962
52014;Şehit Abdullah Tayyip Olçok Anadolu İmam Hatip Lisesi;3.833.946.834.638.230;2.686.975.863.471.590;321-762-962
52015;Payamlı Giriş;3.832.094.036.311.950;2.692.347.528.625.160;28
52016;Payamlı Giriş;3.832.083.736.316.090;2.692.359.828.523.260;28
52017;Manzara;3.832.302.336.155.140;2.692.433.829.097.260;28
52018;Manzara;3.832.294.336.157.920;2.692.447.229.000.810;28
52019;Kayapınarı;3.831.600.836.631.660;26.923.571.264.039;28
52020;Kayapınarı;3.831.599.236.628.880;2.692.370.026.336.790;28
52021;Payamlı Vadi;3.831.592.336.565.120;2.692.599.925.242.180;28
52022;Payamlı Vadi;3.831.577.236.575.770;2.692.594.625.198.280;28
52023;Oruç Reis;3.829.943.144.081.830;2.669.991.845.915.940;961
52024;Oruç Reis;3.829.940.544.092.470;2.670.006.145.794.970;961
52025;Çiftlik;3.830.112.243.439.790;2.669.595.050.018.740;961
52026;Çiftlik;3.830.114.343.430.270;2.669.580.850.135.910;961
52027;Demaş Kooperatifi;3.829.190.436.274.340;2.652.074.787.466.290;760
52028;Demaş Kooperatifi;38.292.074.361.943;2.652.079.287.573.980;760
52029;Sarmaşık;3.836.250.831.217.780;2.687.454.768.239.640;8-9-762-962
52030;Sarmaşık;38.362.328.312.489;2.687.463.368.144.590;8-9-762-962
52031;Vadi;3.836.134.031.453.470;2.687.606.967.080.510;8-9-762-962
52032;Vadi;3.836.120.231.478.550;26.876.181.669.814;8-9-762-962
52033;Güzeltepe;3.835.970.931.748.710;2.687.745.065.873.440;8-9-962
52034;Güzeltepe;38.359.535.317.781;2.687.754.765.772.210;8-9-962
52035;Ata;3.835.843.531.860.860;2.687.500.766.884.470;8-9-962
52036;Ata;3.835.825.731.890.930;2.687.509.766.784.370;8-9-962
52037;Uğur Koleji;3.835.627.932.102.110;2.687.207.467.903.930;8-9-962
52038;Uğur Koleji;3.835.634.032.104.680;2.687.247.867.696.120;8-9-962
52039;Değirmen;3.834.912.633.291.940;2.687.637.663.300.380;9-762
52040;Değirmen;3.834.893.333.323.960;2.687.655.963.136.830;9-762
52041;Göksu;3.834.774.933.509.380;2.687.721.662.385.380;9-762
52042;Göksu;3.834.787.533.493.040;2.687.732.262.369.590;9-762
52043;Yamaç;3.834.621.033.714.430;2.687.612.762.458.060;9-762
52044;Yamaç;3.834.616.233.724.020;2.687.628.462.355.970;9-762
52045;Taşev;38.344.522.339.494;2.687.537.162.281.990;9-762
52046;Taşev;3.834.423.133.991.040;26.875.307.622.138;9-762
52047;Güzel Konak;3.834.289.734.170.070;2.687.403.662.426.450;9-762
52048;Güzel Konak;3.834.297.134.161.490;2.687.422.362.351.560;9-762
52049;İncirliboğaz;3.827.352.346.481.290;2.683.552.042.518.750;732-983
52050;Bademler Dere;3.827.159.946.804.910;2.683.567.840.869.150;732-983
52051;Bademler Dere;3.827.183.546.757.580;2.683.575.841.021.880;732-983
52052;Davulcu Deresi;3.827.039.647.139.570;2.683.410.440.680.560;732
52053;Uysal;3.827.178.647.119.130;2.683.118.743.331.850;732
52054;Güzelbahçe Kolej;38.333.758.354.910;2.686.450.764.024.560;321-762-962-983
52055;Güzelbahçe Kolej;3.833.336.735.552.030;2.686.456.063.830.040;321-762-962
52056;Alp;3.816.750.765.699.820;2.682.584.922.951.010;979-986-987-989
52057;Dere;3.830.404.242.439.010;2.669.716.051.332.280;961
52058;Dere;3.830.368.442.564.840;2.669.721.751.027.860;961
52059;Mimkent;38.387.197;27.079.246;946
52060;Mimkent;3.838.728.143.794.420;2.707.904.870.750.080;946
52061;General Kazım Özalp Muhtarlık;3.838.973.744.125.150;2.707.935.270.379.850;946
52062;General Kazım Özalp Muhtarlık;3.838.958.844.102.920;2.707.931.370.411.840;946
52063;Işık;3.839.006.543.987.460;2.707.775.471.028.980;946
52064;Işık;3.839.004.243.937.190;2.707.732.371.215.910;946
52065;Siteler;3.853.118.249.457.360;2.660.410.544.287.990;761-976
52066;Siteler;3.853.103.049.557.560;2.660.436.744.151.980;761-976
52067;Çamtepe;3.831.946.338.245.980;2.682.479.779.328.960;762
52068;Çamtepe;3.831.938.838.264.330;2.682.448.879.465.610;762
52069;Yaka;3.831.299.938.925.840;2.685.358.859.824.830;762
52070;Yaka;38.312.930.389.392;2.685.350.259.832.830;762
52071;Dadaşkent;3.832.683.011.294.990;2.681.999.705.810.790;762
52072;Vadi;38.321.856.378.625;2.680.031.495.043.630;762
52073;Vadi;3.832.198.537.831.680;2.680.095.294.729.770;762
52074;Manzara;3.832.182.737.871.680;2.679.645.497.364.550;762
52075;Manzara;3.832.172.837.895.170;2.679.685.697.065.630;762
52076;Ada;3.832.376.537.396.180;2.679.187.501.227.360;762
52077;Ada;3.832.376.537.395.370;2.679.164.201.370.540;762
52078;Begonya;3.832.461.737.150.870;2.678.504.605.916.340;762
52079;Begonya;3.832.460.137.153.020;2.678.475.106.091.360;762
52080;Çınar;3.828.743.021.971.020;2.682.239.062.338.830;732
52081;Çınar;3.828.742.544.741.250;2.682.210.360.374.250;732
52082;Dr. Güngör Özbek A. L.;3.836.550.230.781.230;2.687.527.068.583.960;8
52083;Dr. Güngör Özbek A. L.;3.836.544.430.784.650;26.875.134.686.466;8
52084;Güzelbahçe Halk E.M.;3.835.872.531.991.020;26.880.362.639.893;762
52085;Güzelbahçe Halk E.M.;3.835.876.631.989.910;2.688.051.263.917.520;762
52086;Çelik;3.835.645.932.376.140;2.688.223.662.325.460;762
52087;Çelik;3.835.655.932.365.370;2.688.235.462.288.950;762
52088;Dört Mevsim;3.831.863.738.472.510;2.681.918.382.113.530;762
52089;Uğur Mumcu;3.838.325.637.878.080;2.701.890.297.521.210;971
52090;Uğur Mumcu;38.383.279.378.967;2.701.912.297.419.730;971
52091;Seyir;3.838.458.038.110.340;27.021.192.964.635;971
52092;Seyir;3.838.459.438.131.220;2.702.143.596.351.270;971
52093;Tarla;3.832.236.127.844.560;26.575.066.614.204;737
52094;Tarla;3.832.232.027.853.710;2.657.497.661.472.280;737
52095;Spor Salonu;3.839.150.879.898.390;2.703.800.477.049.410;480-510-551-650
52096;Uzunkuyu İnönü;3.828.629.384.709.280;2.655.145.407.944.120;737
52097;Uzunkuyu İnönü;3.828.666.384.396.570;2.655.169.908.181.590;737
52098;Uzunkuyu Ortaokulu;3.828.481.643.347.960;2.655.448.249.875.940;737
52099;Uzunkuyu Ortaokulu;3.828.489.543.288.750;2.655.424.950.158.760;737
52100;Turna;3.828.471.587.153.720;2.655.650.295.943.170;737
52101;Turna;3.828.485.687.032.930;2.655.658.796.053.170;737
52102;Zeytinler;3.828.446.444.127.070;2.656.146.943.307.030;737
52103;Zeytinler;3.828.457.644.060.070;2.656.131.043.552.480;737
52104;Gölet;3.828.619.086.505.230;2.656.088.990.839.680;737
52105;Gölet;3.828.637.186.299.480;2.656.069.991.510.020;737
52106;Urla Egiad Ortaokulu;3.832.570.973.506.430;2.677.227.129.136.840;762
52107;Urla Egiad Ortaokulu;3.832.568.573.516.730;2.677.216.029.252.130;762
52108;Kütük Minare Cami;38.322.698.751.304;2.677.323.224.554.010;762
52109;Kütük Minare Cami;3.832.268.786.618.870;2.677.354.801.464.930;762
52110;Kuşçular Santral;3.826.694.654.510.460;2.672.751.499.222.970;733
52111;Kuşçular Santral;38.266.960.544.724;2.672.836.798.685.170;733
52112;Site;3.819.062.866.190.010;2.680.385.466.420.780;640
52113;Site;3.819.042.566.113.540;2.680.447.765.852.340;640
52114;Tepe;38.385.215.381.402;2.702.129.496.412.520;971
52115;Tepe;3.838.510.038.155.960;27.021.525.963.066;971
52116;Birgi;38.303.437.345.361;2.655.538.165.138.560;737
52117;Birgi;3.830.350.534.512.530;2.655.546.465.117.910;737
52120;Çiçek;3.829.515.938.361.610;2.655.430.959.266.090;737
52121;Çiçek;3.829.506.438.415.610;2.655.439.759.105.480;737
52122;Birgi Dörtyol;3.829.902.136.596.140;26.555.062.618.388;737
52123;Birgi Dörtyol;38.299.071.365.796;2.655.513.461.815.330;737
52124;Birgi Kocagöl;3.830.967.832.676.320;2.656.576.760.674.770;737
52125;Birgi Kocagöl;3.830.965.132.701.110;2.656.589.060.545.250;737
52126;Bademler Tarla;3.827.069.447.856.360;2.682.416.246.080.950;732
52127;Bademler Tarla;3.827.072.647.862.820;2.682.399.646.194.930;732
52128;Gökkuşağı;3.838.267.637.696.140;2.701.686.298.460.220;971
52129;Birgi Çiftlik;3.831.795.373.948.210;2.657.615.407.514.950;737
52130;Birgi Çiftlik;3.831.800.129.945.890;26.576.463.572.444;737
52131;Urla Adliye;3.832.830.435.899.850;2.676.226.222.435.520;732-733-734-737-760-761-882-906-961-978
52132;Urla Adliye;3.832.820.735.923.650;2.676.207.622.504.170;732-733-734-737-760-761-882-906-961-978
52133;Sığacık Siteler;3.818.697.072.629.570;2.677.309.175.711.850;640
52134;Sığacık Siteler;3.818.691.972.629.170;2.677.316.675.599.260;640
52135;Çeşme Boyalık;3.832.392.776.564.850;2.632.541.624.628.710;760-906
52136;Çeşme Boyalık;3.832.444.975.936.290;2.632.434.726.256.480;760-906
52137;Üçkuyular İskele;3.840.502.888.679.810;2.706.807.846.826.460;486
52139;İYTE Öğrenci Yurdu;3.832.386.032.474.050;2.663.758.510.007.180;882-883-982
52140;İYTE Öğrenci Yurdu;3.832.372.032.534.570;2.663.765.209.864.670;882-883-982
52141;Yağcılar Orman;3.825.328.960.657.710;2.668.669.712.562.660;733
52142;Yağcılar Orman;38.253.194.606.940;2.668.665.312.489.780;733
52143;Karaburun Market;3.864.163.097.127.440;2.651.328.531.622.920;761-976
52144;Karaburun Market;3.864.173.297.138.450;2.651.351.731.341.780;761-976
52145;Yelki Yeldeğirmeni;3.834.090.634.417.510;26.869.513.641.551;983
52146;Yelki Yeldeğirmeni;38.340.970.344.069;2.686.942.964.225.250;983
52147;Çiftlik;3.831.238.440.285.240;2.677.651.704.059.430;732
52148;Çiftlik;3.831.223.040.324.960;2.677.659.403.914.960;732
52149;Tırazlı Kümeevler;3.832.039.133.366.940;27.067.561.709.584;24
52150;Tırazlı Kümeevler;3.832.046.933.380.110;2.706.758.270.969.020;24
52151;Ilıca Benzinlik;3.831.330.988.180.240;2.634.397.795.138.230;760-906
52152;Ilıca Benzinlik;3.831.317.788.184.630;2.634.374.395.329.450;760-906
52153;Hisar;3.818.546.121.330.510;2.683.582.191.102.290;640-641-642-675-975-979-985-990-991
52154;Hisar;3.818.563.221.390.870;2.683.556.191.788.990;640-641-642-675-975-979-985-990-991
52155;Uzunkuyu Yolayrımı;3.828.902.741.149.670;2.655.269.455.339.040;737
52156;Uzunkuyu Yolayrımı;3.828.913.141.112.390;2.655.283.055.309.950;737
52157;Tarla;3.830.499.842.112.070;2.669.750.651.785.520;961-981
52158;Tarla;3.830.485.842.158.220;2.669.736.351.785.430;961-981
52159;Karaburun Müftülük;38.642.356.967.117;2.651.207.931.792.460;761-976
52160;Karaburun Müftülük;3.864.238.996.704.720;2.651.209.331.747.790;761-976
52161;İlke;3.831.435.539.784.110;267.698.510.947;732
52162;İlke;3.831.431.539.794.980;2.676.971.909.528.650;732
52165;İYTE Kız Öğrenci Yurdu;3.832.494.231.757.920;2.663.347.013.988.180;882-883-982
52166;Zeytinler Mezarlık;3.828.955.841.557.360;26.559.882.493.685;737
52167;Zeytinler Mezarlık;38.289.821.414.376;2.655.994.449.548.210;737
52168;Yol;3.829.703.537.483.910;2.655.448.760.698.340;737
52169;Yol;3.829.702.837.507.080;2.655.468.760.512.230;737
52170;Barbaros Tarla;38.315.122.307.812;2.657.176.359.352.250;737
52171;Barbaros Tarla;3.831.491.930.853.870;2.657.156.659.381.160;737
52172;Özbek Konak;3.834.300.930.527.220;2.672.938.152.094.180;734
52173;Özbek Konak;38.342.693.306.449;2.672.980.851.646.270;734
52174;Elektrik;3.828.234.745.213.520;2.683.089.351.852.150;732
52175;Elektrik;3.828.193.545.272.770;2.683.116.051.397.640;732
52176;Germiyan Restoran;3.829.267.627.431.930;2.646.315.845.203.080;760
52177;Germiyan Restoran;38.292.649.274.046;26.462.915.454.304;760
52178;Güzelbahçe Sanayi;3.836.226.430.818.220;2.686.288.874.792.870;9
52179;Güzelbahçe Sanayi;3.836.223.830.817.680;2.686.275.774.860.910;9
52180;Küçükkaya Manzara;3.835.030.633.373.310;2.688.826.157.226.540;28
52181;Küçükkaya Manzara;3.835.052.033.346.720;26.888.338.572.513;28
52182;Balıklıova Ortaokulu;3.842.755.683.620.040;2.657.767.793.358.330;978
52183;Balıklıova Ortaokulu;3.842.758.266.547.580;2.657.753.798.421.320;978
52184;Balıklıova Yolu;3.842.908.183.687.590;2.658.193.589.659.660;761-978
52185;Balıklıova Yolu;3.842.893.683.713.710;2.658.173.689.832.220;761-978
52186;Balıklıova Depo;38.423.623.842.183;2.657.153.598.664.470;978
52187;Balıklıova Depo;3.842.383.084.185.080;2.657.184.998.394.320;978
52188;Karaburun TEİAŞ;3.844.222.965.030.170;26.506.316.573.680;978
52189;İltur;3.843.492.569.975.150;2.651.635.948.535.430;978
52190;İltur;3.843.488.870.032.590;2.651.658.248.329.570;978
52191;Karaburun TEİAŞ;3.844.207.665.034.070;2.650.601.457.666.950;978
52192;Karareis Market;3.848.741.629.294.740;2.642.485.224.411.930;978
52193;Karareis Market;3.848.748.629.217.680;2.642.464.024.591.970;978
52194;Cumhuriyet Sitesi;3.849.020.136.785.470;2.642.347.517.242.060;978
52195;Cumhuriyet Sitesi;3.849.029.227.800.780;2.642.313.624.885.520;978
52196;Karareis Tatil Sitesi;3.848.508.430.856.870;2.642.769.722.555.580;978
52197;Karareis Tatil Sitesi;3.848.497.330.883.960;2.642.763.322.662.930;978
52198;Mercankoyu Sitesi Giriş;3.848.690.227.881.670;2.641.816.431.244.350;978
52199;Mercankoyu Sitesi Giriş;3.848.678.127.985.760;2.641.840.531.055.570;978
52200;Çağlar;3.848.621.627.813.310;2.641.681.332.872.970;978
52201;Çağlar;3.848.608.527.852.680;2.641.677.132.969.130;978
52202;Eski Küçükbahçe;3.856.335.791.463.810;2.637.410.624.458.720;978
52203;Eski Küçükbahçe;3.856.344.291.463.190;2.637.420.624.290.220;978
52204;Heykel;3.855.703.594.042.250;2.637.709.327.045.010;978
52205;Küçükbahçe;3.855.681.294.498.740;2.637.870.725.701.170;978
52206;Küçükbahçe;3.855.691.294.480.940;2.637.875.725.570.290;978
52207;Küçükbahçe Plajı;3.856.086.491.190.840;2.636.998.630.524.140;978
52208;Tarla;3.842.566.884.024.160;2.657.547.195.260.250;978
52209;Tarla;3.842.552.784.055.220;2.657.531.195.397.590;978
52211;Çayırpınar;3.862.520.603.251.420;2.652.082.842.128.890;761-976
52212;Çayırpınar;3.862.527.703.237.040;2.652.086.642.031.350;761-976
52213;Payamlı Manzara;3.832.058.336.197.170;2.692.957.625.626.020;28
52214;Payamlı Manzara;38.320.456.362.045;2.692.957.425.573.260;28
52216;Ovacık Çıkış;3.829.815.043.234.410;2.680.394.178.224.980;732
52217;Ovacık Çıkış;38.298.239.432.180;2.680.382.978.351.030;732
52218;Ovacık Giriş;3.829.641.343.443.930;2.680.909.474.065.790;732
52219;Ovacık Giriş;3.829.650.843.427.530;2.680.897.574.199.630;732
52220;Birgi Cami;3.830.229.834.982.350;26.554.482.650.372;737
52221;Birgi Cami;3.830.233.834.957.110;2.655.442.165.124.430;737
52222;Kavakdere Mezarlık;3.814.239.480.730.930;2.688.970.288.191.580;990
52223;Kavakdere Mezarlık;3.814.229.850.474.260;26.889.161.628.123;990
52224;Eski Küçükbahçe;3.856.159.594.259.210;2.638.365.417.003.640;978
52225;Eski Küçükbahçe;3.856.146.094.344.230;2.638.384.416.940.450;978
52226;Eğri Liman Çiftlik;3.853.596.803.017.960;2.638.706.033.882.530;978
52227;Eğri Liman Çiftlik;38.536.057.029.607;26.386.944.339.309;978
52228;Küçükbahçe Yol Ayrımı;3.855.475.497.949.170;2.639.053.516.220.230;978
52229;Küçükbahçe Yol Ayrımı;3.855.549.197.592.160;2.638.997.816.146.570;978
52230;Maden;3.851.237.513.369.950;2.639.682.839.653.110;978
52231;Maden;3.851.250.913.334.550;2.639.687.439.529.910;978
52234;Eğri Liman;3.853.393.403.798.740;2.638.755.334.852.750;978
52235;Eğri Liman;3.853.408.803.695.950;2.638.733.934.951.420;978
52236;Küçükbahçe Çiftlik;3.850.989.914.914.810;2.639.955.438.380.120;978
52237;Küçükbahçe Çiftlik;3.850.999.014.914.650;2.639.968.338.201.490;978
52238;Gerence;3.850.184.419.152.730;2.640.506.537.273.480;978
52239;Gerence;3.850.171.819.260.650;2.640.531.837.087.630;978
52240;Doğanata Çiftlik;3.852.369.908.309.460;2.639.209.437.354.420;978
52241;Doğanata Çiftlik;3.852.387.308.213.230;2.639.194.237.390.440;978
52242;Güzelkent Yolu;3.848.978.137.499.610;2.646.472.384.908.990;978
52243;Güzelkent Yolu;3.848.973.537.450.180;2.646.441.785.217.120;978
52244;İris Gölü;3.849.125.131.466.320;2.644.030.407.705.950;978
52245;İris Gölü;3.849.115.431.483.090;2.644.021.807.830.160;978
52246;Güneş Tarlası;38.486.795.315.406;2.643.335.916.307.470;978
52247;Güneş Tarlası;3.848.686.131.488.130;2.643.324.216.395.350;978
52248;Maden;3.849.701.921.914.420;2.640.914.735.633.960;978
52249;Tuzla Koyu Burun;3.849.964.320.255.520;2.640.630.037.166.230;978
52250;Tuzla Koyu Burun;3.849.972.820.171.630;2.640.608.537.336.840;978
52251;Maden;38.497.159.218.660;2.640.915.935.554.360;978
52252;Eğlenhoca Balık Çiftliği;3.846.149.750.907.210;2.647.559.483.354.890;978
52253;Eğlenhoca Balık Çiftliği;3.846.156.850.925.170;2.647.581.283.129.790;978
52254;Balıkçı;3.844.690.061.374.890;26.497.542.650.911;978
52255;Balıkçı;3.844.684.361.371.970;2.649.741.165.222.470;978
52256;Ağaçlı Yol;3.843.433.173.692.430;2.653.520.331.177.530;978
52257;Ağaçlı Yol;3.843.438.673.653.360;26.535.111.312.592;978
52258;Eğlenhoca;3.845.683.054.350.030;2.648.299.177.276.190;978
52259;Eğlenhoca;3.845.688.154.287.370;2.648.279.077.457.880;978
52260;Karareis Barajı;3.849.469.625.686.070;2.642.117.124.857.390;978
52261;Karareis Barajı;3.849.487.725.628.930;2.642.121.324.733.030;978
52262;Kıyı Yolu;3.844.842.560.257.360;2.649.509.267.200.070;978
52263;Kıyı Yolu;3.844.827.260.333.080;2.649.515.767.160.190;978
52264;Parlak Muhtarlık;3.860.981.184.121.130;2.639.782.958.102.040;978
52265;Parlak Giriş;3.860.981.983.852.920;2.639.654.959.195.930;978
52266;Parlak Giriş;3.860.970.883.864.610;26.396.469.593.824;978
52267;Badembükü Yol Ayrımı;3.860.408.583.968.860;2.639.012.670.796.870;978
52268;Badembükü Yol Ayrımı;38.604.202.839.780;2.639.031.070.514.030;978
52269;Eski Salman Giriş;3.859.466.785.566.530;2.638.616.283.945.290;978
52270;Eski Salman Giriş;3.859.487.985.585.190;2.638.650.283.429.360;978
52271;Eski Salman Cami;3.859.423.385.421.890;2.638.498.485.431.310;978
52272;Eski Salman Cami;3.859.424.085.444.510;2.638.509.585.325.320;978
52273;Eski Salman;3.859.282.685.513.530;2.638.371.587.976.640;978
52274;Eski Salman;3.859.267.885.534.770;2.638.363.488.197.250;978
52275;Eski Salman Çıkış;3.859.185.385.560.480;2.638.276.589.800.050;978
52276;Eski Salman Çıkış;3.859.169.185.612.390;2.638.280.589.925.850;978
52277;Eski Salman Bahçe;3.858.306.286.548.040;2.637.670.503.917.150;978
52278;Eski Salman Bahçe;3.858.316.186.568.470;2.637.691.103.633.480;978
52279;Salman Giriş;3.857.181.887.371.480;2.636.705.923.466.760;978
52280;Salman Giriş;3.857.165.198.654.320;2.636.741.301.665.980;978
52281;Salman Cami;3.857.076.587.950.810;2.636.825.423.318.740;978
52282;Salman Cami;3.857.075.887.913.740;2.636.809.123.477.810;978
52283;Salman Market;3.856.846.789.073.140;26.370.243.235.486;978
52284;Salman Market;3.856.842.789.104.350;2.637.032.623.506.890;978
52285;Salman Köprü;3.856.817.289.816.730;2.637.300.321.227.380;978
52286;Salman Köprü;3.856.808.989.875.180;2.637.314.921.165.220;978
52287;Küçükbahçe Giriş;3.856.648.191.028.990;2.637.606.019.873.630;978
52288;Küçükbahçe Giriş;3.856.647.990.998.620;2.637.593.019.997.180;978
52289;Tepe;3.835.346.132.950.350;2.688.808.258.274.460;28
52299;Turgut Çiftlik;3.824.728.053.815.120;2.680.942.532.119.160;732
52300;Turgut Çiftlik;3.824.718.953.818.580;2.680.957.231.951.320;732
52301;Turgut Restoran;3.825.009.306.584.540;2.680.885.370.458.670;732
52302;Turgut Restoran;3.825.028.453.280.350;2.680.857.235.565.610;732
52303;Turgut Tarla;3.825.194.552.985.260;2.680.805.137.474.350;732
52304;Turgut Tarla;3.825.206.252.947.620;2.680.818.837.517.150;732
52305;Ulamış Kümesi;38.250.479.506.584;2.683.344.223.191.380;675-732-975-985-991
52306;Ulamış Kümesi;3.825.036.550.687.470;2.683.335.423.124.980;675-732-975-985-991
52309;Reisdere Siteler;3.831.141.406.828.940;26.411.026.161.763;906
52310;Reisdere Siteler;3.831.156.106.713.750;2.641.087.216.454.480;906
52311;Şehit Öğretmen Necmettin Yılmaz İlkokulu;3.831.451.505.056.080;2.641.062.818.851.890;906
52312;Şehit Öğretmen Necmettin Yılmaz İlkokulu;3.831.455.804.997.780;2.641.047.619.050.710;906
52313;Reisdere Market;38.314.640.056.375;2.641.346.015.810.170;906
52314;Reisdere Market;3.831.473.805.626.980;2.641.364.615.674.420;906
52315;Reisdere Taşevler;38.319.133.037.441;2.641.574.516.405.390;906
52316;Reisdere Taşevler;3.831.902.503.758.430;2.641.555.416.542.210;906
52317;Reisdere Özkanlar Sitesi;3.832.121.203.515.910;26.419.641.135.278;906
52318;Reisdere Özkanlar Sitesi;3.832.141.303.403.080;2.641.961.413.690.150;906
52319;Yalı Villalar;3.832.378.502.478.150;2.642.109.313.622.360;906
52320;Yalı Villalar;3.832.378.802.434.450;2.642.090.513.829.150;906
52321;Yalı Manzara;3.832.620.801.233.230;2.642.123.815.001.240;906
52322;Yalı Manzara;3.832.604.801.309.550;2.642.120.314.939.190;906
52323;Yalı Siteler;3.832.862.600.264.780;2.642.257.615.037.680;906
52324;Yalı Siteler;3.832.866.200.230.450;26.422.507.151.345;906
52325;Germiyan Yalı;3.833.076.799.527.650;2.642.427.914.477.230;906
52326;Germiyan Yalı;3.833.055.599.524.950;2.642.377.314.899.520;906
52327;Yalı Market;3.833.339.898.753.420;2.642.693.613.142.140;906
52328;Yalı Market;3.833.379.898.571.790;2.642.705.013.248.550;906
52329;Yalı Çiçekevler;38.334.968.982.847;2.642.848.112.371.950;906
52330;Yalı Çiçekevler;3.833.506.498.205.350;2.642.834.612.571.280;906
52331;Yalı Tatil Sitesi;3.833.751.797.957.550;2.643.295.408.991.730;906
52332;Yalı Tatil Sitesi;3.833.747.997.852.330;2.643.238.309.581.410;906
52333;Martı Sitesi;3.834.357.697.152.250;26.443.526.009.729;906
52334;Martı Sitesi;3.834.359.497.094.810;2.644.329.701.223.060;906
52335;Çınar Sitesi;3.834.620.896.142.310;2.644.499.600.738.790;906
52336;Burcu Sitesi;3.834.524.497.086.140;2.644.719.597.957.610;906
52337;Burcu Sitesi;3.834.531.397.028.860;2.644.708.698.105.970;906
52338;Germiyan Köyiçi;3.832.139.512.708.290;26.465.142.654.249;906
52339;Germiyan Köyiçi;3.832.120.012.836.160;2.646.529.365.138.890;906
52340;Germiyan Cami;3.831.735.914.774.850;2.646.508.662.718.110;906
52341;Germiyan Cami;3.831.688.514.975.450;26.464.844.626.346;906
52342;Germiyan Meydan;3.831.504.016.155.080;2.646.608.560.049.540;906
52343;Germiyan Meydan;3.831.497.616.268.710;2.646.653.159.545.710;906
52344;Germiyan Restoran;3.831.377.717.429.130;2.646.955.455.583.750;906
52345;Germiyan Restoran;3.831.357.317.518.140;2.646.946.155.530.550;906
52346;Mordoğan Market;3.852.111.754.981.340;2.661.530.540.027.930;761-976
52347;Mordoğan Market;3.852.099.254.979.170;2.661.504.340.296.260;761-976
52348;Söğüt;3.819.588.659.651.970;2.683.301.460.957.180;641
52349;Söğüt;3.819.593.759.621.790;2.683.312.860.977.610;641
52350;Çam;3.819.851.659.248.840;2.683.297.064.456.380;641
52351;Çam;3.819.850.259.274.680;2.683.284.664.490.160;641
52352;Park;3.819.999.559.252.030;2.683.171.666.923.710;641
52353;Park;3.819.996.859.275.290;2.683.161.566.931.360;641
52354;Basketbol Sahası;3.820.242.059.073.950;2.683.057.470.558.580;641
52355;Basketbol Sahası;3.820.248.659.083.010;2.683.046.670.690.130;641
52356;İncir;3.820.453.659.022.790;2.682.894.373.980.040;641
52357;İncir;3.820.441.359.043.640;2.682.894.073.824.180;641
52358;Defne;3.820.656.559.298.430;26.825.441.780.996;641
52359;Defne;3.820.662.559.332.070;2.682.518.878.287.790;641
52360;Sanayi;3.820.948.959.216.050;26.822.947.828.960;641
52361;Sanayi;3.820.947.259.236.670;2.682.284.282.922.050;641
52362;Dörtyol;3.821.315.558.777.310;2.682.165.488.024.320;641
52363;Dörtyol;3.821.313.258.803.540;2.682.151.788.058.760;641
52364;Trafo;3.821.605.658.172.710;2.682.218.791.308.470;641
52365;Trafo;3.821.627.358.109.710;2.682.234.191.499.060;641
52366;Çınar Sitesi;3.834.621.396.179.650;2.644.518.500.542.880;906
52369;Ildır;3.838.115.872.310.590;2.647.841.459.329.970;906
52370;Ildır Tatil Sitesi;38.373.487.900.945;2.648.036.075.512.410;906
52371;Ildır Tatil Sitesi;38.373.375.901.284;2.648.026.575.571.790;906
52372;Dolaplı Kuyu Mezarlık;3.837.180.690.424.920;26.478.008.773.215;906
52373;Dolaplı Kuyu Mezarlık;3.837.171.990.470.350;2.647.803.277.269.280;906
52374;Germiyan İştur Sitesi;3.836.733.191.678.630;2.647.362.980.195.950;906
52375;Germiyan İştur Sitesi;38.367.163.917.529;2.647.360.280.163.740;906
52376;Germiyan Atatürk Parkı;3.836.472.492.855.470;2.647.332.179.563.430;906
52377;Germiyan Atatürk Parkı;38.364.694.928.916;2.647.343.379.439.540;906
52378;Germiyan May Sitesi;3.836.355.792.793.120;26.470.168.823.093;906
52379;Germiyan May Sitesi;3.836.346.192.804.280;2.646.999.282.451.090;906
52380;Germiyan Manzara;3.836.216.392.185.860;2.646.376.888.278.570;906
52381;Germiyan Manzara;3.836.214.392.160.410;2.646.359.488.448.370;906
52382;Egem Sahil Evleri;3.835.651.193.821.370;2.645.833.891.562.860;906
52383;Egem Sahil Evleri;3.835.660.593.761.320;2.645.826.891.674.460;906
52384;Yeni Dostlar Sitesi;3.835.410.495.135.490;2.645.902.589.821.390;906
52385;Yeni Dostlar Sitesi;3.835.385.095.223.470;2.645.884.689.893.990;906
52386;Germiyan Deniz Sitesi;3.835.288.795.341.710;26.457.104.912.619;906
52387;Germiyan Deniz Sitesi;3.835.279.495.398.320;2.645.715.891.164.680;906
52388;Germiyan 8 Evler Sitesi;3.834.717.597.176.210;2.645.228.193.598.760;906
52389;Germiyan 8 Evler Sitesi;38.347.251.971.799;26.452.483.934.256;906
52390;Germiyan Burcu Sitesi;3.834.665.396.968.650;2.645.001.495.705.360;906
52391;Germiyan Burcu Sitesi;3.834.656.296.979.630;26.449.848.958.341;906
52392;Akarca Tuzla;3.818.296.167.179.280;2.680.663.154.160.560;642
52393;Akarca Tuzla;3.818.274.267.223.180;2.680.662.753.841.540;642
52394;Seferihisar Su Arıtma Tesisi;3.818.037.067.120.340;2.680.936.949.159.220;642
52395;Seferihisar Su Arıtma Tesisi;3.818.020.667.140.090;2.680.942.548.892.480;642
52396;Sazlı Göl;3.817.760.767.446.060;2.681.032.244.638.810;642
52397;Sazlı Göl;3.817.745.267.457.260;2.681.040.744.370.430;642
52398;Akarca Elitkent Sitesi;3.817.399.868.492.150;2.680.866.239.882.430;642
52399;Akarca Elitkent Sitesi;38.174.348.684.118;2.680.872.340.390.750;642
52400;Akarca Adakent Sitesi;3.816.824.969.587.710;2.680.867.230.974.460;642
52401;Akarca Adakent Sitesi;3.816.827.769.345.230;2.680.971.030.589.790;642
52402;Akarca İşcan Sitesi;3.816.749.568.871.930;2.681.239.828.261.880;642
52403;Akarca İşcan Sitesi;3.816.740.868.938.450;26.812.180.282.139;642
52404;Akarca Balıkçı Barınağı;3.816.461.068.736.420;2.681.519.822.579.350;642
52405;Akarca Balıkçı Barınağı;3.816.453.305.028.120;2.681.554.051.070.380;642
52406;Akarca Kervansaray;3.816.556.667.821.720;2.681.832.922.850.910;642
52407;Akarca Kervansaray;3.816.565.167.766.690;2.681.849.822.918.160;642
52408;Akarca Otel;3.816.636.067.029.860;26.821.078.230.179;642
52409;Akarca Otel;3.816.632.867.105.690;2.682.078.323.083.310;642
52410;Akarca Giriş;3.816.501.366.422.650;2.682.452.319.569.780;642
52411;Akarca Giriş;3.816.503.766.467.840;2.682.432.119.685.080;642
52412;Akarca Siteler;3.816.272.167.015.770;2.682.362.516.292.390;642
52413;Akarca Siteler;3.816.256.467.012.280;2.682.374.315.997.770;642
52414;Akarca Sahil;3.816.040.767.421.390;2.682.351.212.637.560;642
52415;Akarca Sahil;3.816.023.467.467.640;26.823.440.123.867;642
52416;Akarca Manzara;3.815.804.967.505.710;26.824.685.083.892;642
52417;Akarca Manzara;3.815.793.567.544.940;2.682.460.308.234.730;642
52418;Akarca Elmastaş Sitesi;3.815.534.967.820.440;2.682.513.503.814.440;642
52419;Akarca Elmastaş Sitesi;3.815.524.167.885.290;2.682.495.203.704.350;642
52420;Akarca Seyir;3.815.163.568.920.870;2.682.321.298.360.980;642
52421;Akarca Seyir;3.815.163.768.963.360;2.682.305.198.423.150;642
52422;Akarca Halk Plajı;3.814.956.468.924.470;2.682.443.494.437.230;642
52423;Akarca Halk Plajı;3.814.955.868.968.140;26.824.276.944.840;642
52424;Seçkin Evler Sitesi;3.814.740.768.783.750;2.682.618.990.156.070;642
52425;Seçkin Evler Sitesi;3.814.728.868.827.540;2.682.609.789.986.090;642
52426;Zümrüt Evler Sitesi;3.814.474.268.885.770;2.682.729.485.209.830;642
52427;Zümrüt Evler Sitesi;3.814.473.368.934.320;2.682.712.685.252.770;642
52428;Güneşlikent Sitesi;3.814.161.668.737.770;2.682.946.279.056.980;642
52429;Güneşlikent Sitesi;3.814.198.268.814.380;2.682.900.779.848.150;642
52430;Akarca Balköy;3.813.880.268.427.190;2.683.192.873.309.270;642
52431;Akarca Balköy;3.813.843.368.486.740;2.683.190.472.667.920;642
52432;Akarca Esenevler;3.813.677.355.722.680;2.683.311.338.678.250;642
52433;Akarca Esenevler;3.813.669.168.317.890;2.683.329.669.135.160;642
52436;Akarca Son Durak;38.134.919;26.834.412;642
52437;Germiyan Evleri;38.329.429.079.989;2.646.189.773.915.910;906
52438;Germiyan Evleri;3.832.954.607.948.820;2.646.194.673.936.970;906
52439;Florya ;3.835.222.432.630.150;2.686.806.668.901.490;9-321-675-962-975-983-985-987
52440;Florya ;3.835.202.632.652.130;2.686.768.269.052.870;9-321-675-962-975-983-985-987
52441;Akarca İltur Sitesi;3.817.573.867.932.730;2.680.970.842.085.340;642
52442;Akarca İltur Sitesi;3.817.567.767.999.470;2.680.945.342.100.940;642
52443;Altyüz Köprüsü;3.841.693.589.354.080;2.658.732.684.551.270;761-978-981
52444;Altyüz Köprüsü;3.841.705.389.300.470;2.658.728.384.596.790;761-978-981
52445;Akarca Dörtyol;3.817.129.369.231.860;2.680.766.436.141.950;642
52446;Akarca Dörtyol;3.817.126.669.261.980;2.680.755.236.147.140;642
52447;Ildır İskele;3.837.857.988.046.720;2.648.199.875.399.380;906
52448;Ildır İskele;3.837.846.988.117.710;2.648.210.275.265.260;906
52449;Ildır Sahil;3.837.607.689.473.940;2.648.339.173.293.710;906
52450;Ildır Sahil;3.837.609.989.489.380;2.648.352.773.165.790;906
52451;Seferihisar TOKİ Son Durak;3.821.338.160.927.820;2.680.775.594.799.950;641
52452;Camikebir Sitesi;3.821.559.960.850.380;2.680.529.698.726.440;641
52453;Camikebir Sitesi;3.821.554.460.844.460;2.680.541.198.603.090;641
52454;Camikebir Çiftlik;38.215.177;26.808.064;641
52455;Camikebir Çiftlik;38.215.197;26.807.910;641
52456;Seferihisar Çiftlik;3.821.613.459.197.860;2.681.549.694.515.590;641
52457;Seferihisar Çiftlik;3.821.605.159.234.220;2.681.536.294.477.770;641
52458;Sığacık Konakları;3.821.728.058.449.280;2.681.897.394.271.610;641
52459;Sığacık Konakları;3.821.714.716.896.360;2.681.914.188.065.560;641
52460;Turgut Dörtyol;3.826.659.549.274.260;2.681.617.846.775.630;732
52461;Turgut Dörtyol;3.826.649.349.299.290;2.681.612.046.717.070;732
52462;Germiyan Fidanlık;3.832.418.011.232.330;2.646.487.067.543.280;906
52463;Germiyan Fidanlık;3.832.406.411.272.810;26.464.769.675.716;906
52464;Germiyan Ören;3.832.660.509.772.080;2.646.367.670.326.390;906
52465;Germiyan Ören;3.832.664.309.714.920;2.646.347.570.557.240;906
52466;Ovacık Samyeli;3.830.562.341.716.820;2.679.612.887.809.660;732
52467;Ovacık Samyeli;3.830.561.441.720.550;2.679.604.787.851.910;732
52468;Ortadoğulular Sitesi;3.847.053.769.035.320;2.659.023.877.934.860;761
52469;Ortadoğulular Sitesi;38.470.584.690.486;2.659.042.177.769.270;761
52472;Eğlenhoca Son Durak;38.542.839.389.911;2.656.907.266.689.630;976
52473;Eğlenhoca Fabrika;3.854.272.938.364.270;2.656.549.169.717.890;976
52474;Eğlenhoca Fabrika;3.854.279.038.348.410;2.656.552.069.658.550;976
52475;Eğlenhoca Tarla;3.854.226.737.881.360;2.656.203.572.855.230;976
52476;Eğlenhoca Tarla;3.854.220.137.891.510;2.656.196.672.950.830;976
52477;Eğlenhoca Çıkış;3.854.316.937.306.740;2.656.064.273.489.610;976
52478;Eğlenhoca Çıkış;3.854.324.737.278.260;2.656.063.573.449.880;976
52479;Kösedere Çıkış;3.854.452.036.090.240;26.556.657.760.136;976
52480;Kösedere Çıkış;3.854.469.636.066.750;2.655.685.875.741.650;976
52481;Kösedere Mezarlık;3.854.627.735.334.560;2.655.588.275.610.290;976
52482;Kösedere Mezarlık;3.854.634.735.320.040;2.655.593.475.524.890;976
52483;Kösedere;3.854.620.034.874.970;26.553.295.778.136;976
52484;İnecik Yolayrımı;3.854.390.437.071.350;2.656.075.272.967.760;976
52485;İnecik Yolayrımı;38.543.949.370.598;2.656.077.472.923.040;976
52486;İnecik Giriş;3.854.646.936.474.130;2.656.232.670.142.230;976
52487;İnecik Giriş;3.854.649.836.448.770;2.656.224.470.192.840;976
52488;İnecik Tarla;3.854.916.035.762.110;26.563.503.675.463;976
52489;İnecik Tarla;3.854.915.135.737.810;2.656.335.667.673.180;976
52490;İnecik Merkez;3.855.064.135.592.880;2.656.533.965.127.460;976
52502;Tepecik Giriş;3.818.205.860.941.490;2.683.685.240.330.730;975
52503;Tepecik Ortaokulu;3.818.014.761.504.470;2.683.557.538.088.180;975
52504;Nohutalan Merkez;3.829.730.633.944.890;26.523.800.892.501;906
52505;Nohutalan Merkez;3.829.741.133.914.050;2.652.397.489.174.450;906
52508;İnciraltı 2;3.841.199.640.139.740;2.703.260.189.132.290;311-480-481-486
52509;Seferihisar TOKİ Sitesi;3.821.352.261.298.320;2.680.515.496.222.610;641
52510;Seferihisar TOKİ Sitesi;3.821.330.561.368.250;2.680.498.896.031.990;641
52511;Bademler Küçükevler;3.827.211.947.460.050;2.682.584.946.385.760;732
52512;Bademler Küçükevler;3.827.225.647.418.470;2.682.606.246.387.670;732
52513;Bademler Bozyer;3.826.926.348.265.390;2.682.239.445.798.850;732
52514;Bademler Bozyer;3.826.944.648.229.930;2.682.239.745.952.930;732
52515;Sığacık Sazlıgöl;3.818.510.266.789.410;2.680.647.157.348.480;642
52516;Sığacık Sazlıgöl;3.818.519.266.735.080;26.806.655.573.976;642
52517;Hürriyet;3.824.384.452.400.330;26.828.230.192.043;732
52518;Hürriyet;3.824.395.352.390.460;2.682.814.919.353.820;732
52519;Ağız ve Diş Sağlığı Fakültesi;3.834.701.838.362.410;2.708.806.267.791.470;977
52520;Ağız ve Diş Sağlığı Fakültesi;3.834.680.738.304.450;2.708.757.067.952.380;977
52521;Kösedere Muhtarlık;3.854.769.734.262.150;2.655.279.577.322.880;976
52522;Kösedere Muhtarlık;3.854.760.934.302.770;2.655.284.977.331.510;976
52523;Kösedere Çıkış;3.854.960.733.495.620;2.655.223.076.620.150;976
52524;Kösedere Çıkış;3.854.951.233.544.980;2.655.231.876.605.640;976
52525;Kösedere Restoran;3.855.173.632.951.280;26.553.236.744.568;976
52526;Kösedere Restoran;3.855.171.332.935.310;2.655.310.974.576.710;976
52527;Kösedere Manzara;3.855.344.331.859.790;2.655.055.475.605.190;976
52528;Kösedere Manzara;3.855.390.431.649.090;2.655.027.575.542.730;976
52529;Kösedere Zeytinlik;3.855.905.530.475.650;2.655.339.269.618.260;976
52530;Kösedere Zeytinlik;3.855.902.630.472.010;2.655.332.069.696.750;976
52531;Kösedere Tarla;3.856.794.228.060.720;2.655.655.261.010.050;976
52532;Kösedere Tarla;38.568.045.280.526;2.655.669.460.822.720;976
52535;Kösedere Yol Ayrımı;3.857.134.127.816.020;26.561.362.547.233;976
52536;Kösedere Yol Ayrımı;3.857.144.427.764.610;2.656.127.154.724.350;976
52537;Bahçe;3.840.634.240.454.850;2.703.654.887.933.860;481
52538;Bahçe;3.840.576.140.588.160;2.703.783.387.388.240;481
52539;Yıldız;3.840.568.840.825.910;2.703.982.286.451.640;481
52540;Yıldız;3.840.575.540.864.580;2.704.011.786.303.850;481
52541;Sera;3.840.575.941.182.850;2.704.272.585.068.690;481
52542;Sera;3.840.568.241.188.060;2.704.279.785.043.950;481
52543;Bahçelerarası;3.840.441.741.600.860;2.704.670.183.359.990;481
52544;Bahçelerarası;3.840.450.641.593.710;2.704.660.383.395.180;481
52545;Bahçelerarası Merkez;3.840.213.841.762.020;2.704.911.482.502.190;481
52546;Bahçelerarası Merkez;3.840.223.241.750.940;2.704.897.482.556.410;481
52547;Bahçelerarası Muhtarlık;3.840.023.541.768.390;2.705.016.182.228.830;481
52548;Bahçelerarası Muhtarlık;3.840.004.841.750.260;27.050.107.822.737;481
52549;Körfez;38.399.205.420.110;2.705.283.081.113.890;481
52550;Körfez;3.839.922.142.034.240;2.705.302.181.024.810;481
52551;Çiçekçiler;38.398.837.423.446;2.705.592.579.741.740;481
52552;Çiçekçiler;3.839.889.942.336.680;2.705.581.879.783.660;481
52553;Sarmaşık;3.839.208.441.421.820;2.705.209.282.099.490;481
52554;Sarmaşık;3.839.297.341.498.250;2.705.219.481.984.210;481
52555;Kültür Merkezi;3.839.038.441.050.660;2.704.969.583.295.330;481
52556;Kültür Merkezi;38.390.470.409.853;2.704.898.883.606.790;481
52557;Çağdaş;3.839.316.340.730.540;2.704.476.085.334.270;481
52558;Ağaçlıyol;3.838.862.040.536.250;2.704.575.385.168.440;481
52559;Kösedere Ağaçlıyol;3.856.486.357.365.850;26.554.335.298.899;976
52560;Kösedere Ağaçlıyol;3.856.474.357.421.050;2.655.426.630.166.940;976
52561;İncir;38.543.951.390.392;26.571.421.641.076;976
52562;İncir;38.543.890.390.332;2.657.127.464.264.150;976
52563;Badem;3.854.520.938.963.620;2.657.337.661.766.060;976
52564;Badem;3.854.538.538.960.730;2.657.369.161.404.290;976
52565;Ceviz;3.854.577.039.264.690;2.657.606.159.233.470;976
52566;Ceviz;38.545.787.392.206;26.575.854.593.933;976
52567;Çınar;38.546.863;26.576.747;976
52568;Çınar;38.547.047;26.576.796;976
52569;Eğlenhoca Son Durak;3.854.294.439.007.750;2.656.935.966.391.870;976
52570;Kösedere;3.854.651.534.790.940;2.655.342.977.511.660;976
52571;Eski Mordoğan Meydan;3.851.878.652.954.480;2.659.920.254.194.850;976
52572;Eski Mordoğan Mezarlık;3.851.987.453.222.620;2.660.288.050.691.090;976
52573;Eski Mordoğan Mezarlık;3.851.988.853.188.880;26.602.718.508.172;976
52574;Eski Mordoğan İZSU;38.519.848.535.273;26.604.544.493.434;976
52575;Eski Mordoğan İZSU;3.851.989.253.481.370;2.660.437.349.463.120;976
52576;Eski Mordoğan;3.852.183.353.991.540;2.661.112.443.087.070;976
52577;Eski Mordoğan;3.852.183.554.034.670;2.661.137.242.885.090;976
52578;Deniz Hudut Kapısı;3.819.431.056.501.210;2.677.865.216.015.870;640
52579;Balçova Fırın;3.838.976.040.661.640;2.704.624.684.882.990;481
52580;Sığacık Zeytinlik;3.818.693.566.615.640;2.680.550.760.419.670;642
52581;Sığacık Zeytinlik;3.818.688.766.593.550;2.680.566.960.278.610;642
52582;Eğlenhoca Giriş;3.855.131.175.647.390;2.657.863.707.656.730;976
52583;Eğlenhoca Giriş;3.855.119.937.806.340;2.657.833.054.145.050;976
52584;Derebağ;3.856.886.528.555.620;26.560.872.568.537;976
52585;Derebağ;3.856.889.828.526.660;2.656.077.656.908.710;976
52586;Karpusça Yolu;3.855.729.630.527.060;2.655.047.773.181.580;976
52587;Karpusça Yolu;3.855.707.330.567.180;2.655.028.673.485.480;976
52588;İçmekıyısı;3.857.746.624.701.750;2.655.558.954.981.960;761-976
52589;İçmekıyısı;3.857.751.424.651.070;2.655.540.255.097.720;761-976
52590;Camikebir Bahçe;3.821.454.060.301.940;26.810.320.950.125;641
52591;Camikebir Bahçe;38.214.618.602.976;2.681.024.895.142.820;641
52592;Serçe;3.840.311.683.310.970;27.047.748.660.498;481
52593;Serçe;38.403.234.416.573;2.704.770.783.030.030;481
52594;Üçyol Ayrımı;3.853.823.502.539.770;2.638.808.931.250.460;978
52595;Üçyol Ayrımı;3.853.838.502.522.620;2.638.821.631.018.820;978
52596;Barbaros Son Durak;3.832.358.927.811.260;2.658.013.557.792.480;737
52597;Tepe;3.835.342.332.951.410;26.887.923.583.493;28
52598;Küçükkaya Yol Ayrımı;3.834.552.134.092.720;2.689.469.652.276.340;28
52599;Küçükkaya Yol Ayrımı;3.834.591.234.045.990;2.689.473.652.383.290;28
52600;Küçükkaya Pansiyon;3.833.766.035.032.390;2.689.583.748.939.610;28
52601;Küçükkaya Pansiyon;3.833.784.735.011.540;2.689.603.148.908.220;28
52602;Panaroma Evleri;3.833.517.135.318.330;2.689.590.647.968.730;28
52603;Panaroma Evleri;38.335.541.352.763;2.689.625.647.929.780;28
52604;Kavacık Mezarlık;3.831.275.835.421.960;2.696.361.007.313.540;24
52605;Kavacık Mezarlık;3.831.274.235.426.240;2.696.349.007.357.060;24
52606;Kavacık Manzara;3.831.470.435.160.630;26.971.610.047.830;24
52607;Kavacık Manzara;3.831.479.335.164.760;2.697.151.604.857.360;24
52608;Kavacık Tarla;3.831.618.635.018.490;26.976.897.031.865;24
52609;Kavacık Tarla;3.831.606.035.022.820;2.697.667.203.230.350;24
52610;Kavacık Çardak;38.315.626.348.720;2.698.127.501.188.230;24
52611;Kavacık Çardak;3.831.568.634.875.140;2.698.122.601.230.910;24
52612;Kavacık Bahçe;3.831.674.334.750.930;2.698.649.999.499.410;24
52613;Kavacık Bahçe;3.831.677.734.755.140;2.698.639.499.554.060;24
52614;Kavacık Üzüm;3.832.271.934.818.970;2.699.327.698.847.250;24
52615;Kavacık Üzüm;3.832.259.134.814.890;2.699.321.098.831.970;24
52616;Kavacık Küme;3.832.276.934.713.320;2.699.918.596.496.820;24
52617;Kavacık Küme;3.832.268.334.704.820;2.699.941.196.379.590;24
52618;Manzara;3.826.999.645.075.570;2.685.952.627.750.770;991
52619;Manzara;3.827.000.964.279.820;2.685.970.257.307.010;991
52620;Eğlenhoca Zeytinyağı;3.854.334.638.455.160;26.567.136.679.978;976
52621;Eğlenhoca Zeytinyağı;3.854.326.638.452.910;2.656.697.468.178.290;976
52622;Çamtepe Tepe;3.827.540.138.746.460;2.692.360.103.283.360;991
52623;Çamtepe Tepe;3.827.532.738.754.680;2.692.354.503.255.550;991
52624;Uzunkuyu Meydan;3.828.459.043.208.480;26.551.749.521.260;737
52625;Uzunkuyu Meydan;3.828.451.743.231.870;2.655.161.852.176.110;737
52626;Ahmet Hakkı Balcıoğlu Mesleki Anadolu Lisesi;3.838.768.939.873.160;2.703.942.688.062.250;480-551-969
52627;Ahmet Hakkı Balcıoğlu Mesleki Anadolu Lises;3.838.773.039.892.940;2.703.961.187.976.920;480-551-969
52628;Bademler Üçyol;3.827.091.647.206.370;2.683.208.342.149.690;732
52630;Payamlı Kısıklar;3.832.209.936.030.380;2.693.340.124.487.980;28
52631;Payamlı Kısıklar;38.322.052.360.370;2.693.320.224.560.560;28
52632;Payamlı Bağ;3.832.401.735.826.210;2.693.911.022.632.310;28
52634;Kavacık Bağ;38.326.565.355.415;2.695.097.118.213.550;28
52635;Kavacık Bağ;3.832.635.035.546.020;2.695.108.318.084.950;28
52636;Kavacık Restoran;38.325.099.354.863;2.695.686.515.053.780;28
52637;Kavacık Restoran;3.832.477.635.489.580;2.695.702.414.865.840;28
52638;Kavacık Giriş;3.831.395.335.723.410;2.695.471.911.588.910;28
52639;Kavacık Giriş;3.831.364.335.720.350;2.695.493.711.363.130;28
52640;Birgi Yolu;3.829.226.439.716.830;2.655.399.457.042.580;737
52641;Birgi Yolu;3.829.192.239.877.720;2.655.396.156.772.130;737
52642;Yağcılar Tarla;3.824.418.863.872.870;2.668.966.800.342.310;733
52643;Yağcılar Tarla;3.824.385.763.995.060;2.668.963.599.983.080;733
52646;Sığacık Tarla;3.818.853.465.585.470;2.680.917.961.073.640;640-642
52647;Sığacık Tarla;3.818.871.865.476.310;2.680.955.761.167.630;640-642
52648;Birgi Bahçe;3.830.736.933.501.330;2.656.332.561.094.330;737
52649;Birgi Bahçe;3.830.731.933.499.890;26.563.079.612.752;737
52650;Özbek Bahçe;3.838.038.714.415.020;2.667.827.303.674.310;734
52651;Özbek Tarla;3.837.990.915.566.890;2.668.255.529.867.040;734
52652;Özbek Akkum;3.837.747.173.829.250;26.683.374.543.544;734
52653;Kampüs;3.834.585.038.267.970;2.709.108.666.641.650;977
52654;Kampüs;3.834.594.838.256.810;2.709.033.766.912.240;977
52655;Payamlı Çam;3.833.445.235.381.050;2.691.069.340.208.750;28
52656;Payamlı Çam;3.833.443.335.382.070;2.691.112.039.988.870;28
52657;Payamlı Zeytinlik;3.832.956.935.814.710;2.691.230.737.543.360;28
52658;Payamlı Zeytinlik;3.832.993.735.784.750;2.691.200.537.836.750;28
52659;Payamlı Restoran;3.832.847.035.888.340;2.691.449.636.035.840;28
52660;Payamlı Restoran;3.832.858.735.880.470;2.691.430.336.176.590;28
52661;Payamlı Orman;3.832.859.235.750.010;2.692.660.830.244.630;28
52662;Payamlı Orman;3.832.892.135.731.530;2.692.627.130.530.940;28
52663;Payamlı;3.831.823.068.606.980;2.692.416.081.127.850;28
52664;Gödence Yolu;3.827.153.746.611.210;2.683.827.639.494.540;991
52665;Gödence Yolu;3.827.171.646.566.210;2.683.846.039.547.510;991
820001;Teknofest Alanı;3.849.931.436.316.850;2.702.211.569.305.290;
820009;Kale;3.866.277.615.449.980;2.702.844.859.659.820;
